name,family,symbol,dataset,window_start,lag,cost_mult,start,end,years,sharpe,is_sharpe,oos_sharpe,gross_sharpe,cagr,ann_vol,max_dd,t_stat,turnover_py,cost_py,time_in_mkt,sr_1990-1999,sr_2000-2009,sr_2010-2019,sr_2020-2029
wf_seasonal_N5_sign,B_wf_seasonal,XTIUSD,fut,1995-10-31,1,1.0,1995-10-31,2024-03-28,28.4,-0.22913117374395228,0.33347517586266984,-0.6553600913590389,-0.1227550596635603,-0.04647385870750287,0.15508457282496196,-0.8752117237791243,-1.2209242744611646,5.7757728267839505,0.01649688366114176,0.9998602375960867,0.54,0.15,-0.58,-1.09
wf_seasonal_N5_sign,B_wf_seasonal,XBRUSD,fut,1995-10-31,1,1.0,1995-10-31,2024-03-28,28.9,-0.27801045718990147,0.0024336805311218237,-0.48573826182952085,-0.1867440181199877,-0.053158944398421504,0.1538222218948108,-0.8535283414319015,-1.4941586770298725,4.617124887942389,0.014039483474526207,1.0,0.3,-0.12,-0.51,-0.66
wf_seasonal_N5_sign,B_wf_seasonal,XNGUSD,fut,1995-10-31,1,1.0,1995-10-31,2024-03-28,28.3,-0.17267240485064375,-0.1948919362992797,-0.1550198374406719,-0.08450978801129859,-0.03728806919218486,0.1526203530269221,-0.7535619330059995,-0.9189259491723664,4.399157142495622,0.013455840106438983,1.0,-0.52,-0.01,-0.26,-0.01
wf_seasonal_N5_sign,B_wf_seasonal,PORT,fut,1995-10-31,1,1.0,1995-10-31,2024-03-28,29.1,-0.30359336139767756,0.07732249529189818,-0.6065002227162918,,-0.03910223989932915,0.11105073734388272,-0.7667211961448259,-1.6374709728679349,,,,0.13,0.02,-0.66,-0.77
wf_seasonal_N5_sign,B_wf_seasonal,XTIUSD,fut,2006-01-01,1,1.0,2006-01-03,2024-03-28,18.3,-0.5240446503534407,0.618975844445323,-0.6553600913590389,-0.4213570021071319,-0.08752417512369515,0.15250399378077786,-0.8752117237791236,-2.2426106186800276,5.288584027576914,0.015660420071388778,1.0,,0.23,-0.58,-1.09
wf_seasonal_N5_sign,B_wf_seasonal,XBRUSD,fut,2006-01-01,1,1.0,2006-01-03,2024-03-28,18.7,-0.4242939812932278,0.1201445341146487,-0.48573826182952085,-0.33230096874113546,-0.07331374624427556,0.15208592679753893,-0.8203001359887581,-1.8337439753503828,4.352893491090968,0.013994689990065144,1.0,,0.07,-0.51,-0.66
wf_seasonal_N5_sign,B_wf_seasonal,XNGUSD,fut,2006-01-01,1,1.0,2006-01-03,2024-03-28,18.2,-0.22667298717376036,-0.8163435782843873,-0.1550198374406719,-0.1339040437548993,-0.04329628440221478,0.1473422057215488,-0.6966397201960397,-0.9680315400402731,4.56303570819515,0.013670969409853042,1.0,,-0.39,-0.26,-0.01
wf_seasonal_N5_sign,B_wf_seasonal,PORT,fut,2006-01-01,1,1.0,2006-01-03,2024-03-28,18.7,-0.5470592112875342,-0.004773840207116649,-0.6065002227162918,,-0.06205974699590355,0.10668591329325311,-0.7667211961448265,-2.3665787622565015,,,,,-0.05,-0.66,-0.77
wf_seasonal_N5_sign,B_wf_seasonal,XTIUSD,spot,2002-01-31,1,1.0,2002-01-31,2026-09-22,23.2,-0.23537449587017487,0.14799879874576377,-0.3317542615490754,-0.1538447136450846,-0.04516073031794954,0.14905391971489057,-0.8013282359652082,-1.1347409936522188,4.066961000486797,0.012153982382836562,1.0,,0.08,-0.48,-0.23
wf_seasonal_N5_sign,B_wf_seasonal,XBRUSD,spot,2002-01-31,1,1.0,2002-01-31,2026-09-22,24.0,-0.13153972482693146,-0.2718997047075038,-0.09536129197550698,-0.04386851036888695,-0.03007878397478614,0.14845320310610727,-0.701278261951007,-0.6449429401342377,4.5682418173745525,0.013015549764317952,1.0,,-0.27,-0.33,0.26
wf_seasonal_N5_sign,B_wf_seasonal,XNGUSD,spot,2002-01-31,1,1.0,2002-01-31,2026-09-22,20.6,0.05872099544273446,-0.564848844652879,0.12357453981679277,0.11482934789355444,-0.0027384531001889423,0.15291379103170488,-0.3535826201611343,0.26671844314893534,2.9194760376090145,0.008580382417869514,0.9882669744181574,,-0.02,0.14,0.0
wf_seasonal_N5_sign,B_wf_seasonal,PORT,spot,2002-01-31,1,1.0,2002-01-31,2026-09-22,24.9,-0.10298080788097884,0.05543055901673266,-0.1590772130451575,,-0.016243808745588062,0.105232111071457,-0.5811284219056998,-0.5139223339563218,,,,,0.06,-0.34,-0.01
wf_seasonal_N5_sign,B_wf_seasonal,XTIUSD,spot,2006-01-01,1,1.0,2006-01-03,2026-09-22,20.3,-0.3008271196893287,0.03854512692442285,-0.3317542615490754,-0.2202440658031989,-0.054315586733205135,0.14878922397055325,-0.8013282359652077,-1.3554452595201096,3.973626834811546,0.011991178258411325,1.0,,-0.01,-0.48,-0.23
wf_seasonal_N5_sign,B_wf_seasonal,XBRUSD,spot,2006-01-01,1,1.0,2006-01-03,2026-09-22,20.7,-0.08026428831575823,0.08715379816257651,-0.09536129197550698,0.006367336534685896,-0.022895435118618135,0.14949215551558745,-0.6389768295128092,-0.36499139479805154,4.251806774591079,0.012950692961989953,1.0,,-0.12,-0.33,0.26
wf_seasonal_N5_sign,B_wf_seasonal,XNGUSD,spot,2006-01-01,1,1.0,2006-01-03,2026-09-22,19.7,0.08663899890400122,-0.7718047534826382,0.12357453981679277,0.14042596377850516,0.001613131042132343,0.15168309789232517,-0.3535826201611333,0.38421897043837033,2.758898285501065,0.00815878633652011,0.9891041162227603,,0.16,0.14,0.0
wf_seasonal_N5_sign,B_wf_seasonal,PORT,spot,2006-01-01,1,1.0,2006-01-03,2026-09-22,21.0,-0.15135539601595965,-0.07941772976850063,-0.1590772130451575,,-0.02043569757703645,0.10201348798548544,-0.5725987659058719,-0.6935975590831527,,,,,0.01,-0.34,-0.01
wf_seasonal_N5_tstat,B_wf_seasonal,XTIUSD,fut,1995-10-31,1,1.0,1995-10-31,2024-03-28,28.4,-0.03015338513969641,0.46185859168761983,-0.4837719263039923,0.061697821500071345,-0.006296267979216008,0.08616853996183145,-0.55894627462618,-0.1606721567942197,3.7694140624222396,0.007915471289444798,0.9998602375960867,1.0,0.25,-0.6,-0.84
wf_seasonal_N5_tstat,B_wf_seasonal,XBRUSD,fut,1995-10-31,1,1.0,1995-10-31,2024-03-28,28.9,-0.13883408583978793,0.2837197273628538,-0.4852763456343392,-0.05719163326065282,-0.014795738869962105,0.08271197646192516,-0.5664853458147039,-0.7461595370253734,3.1839244393736488,0.006752769100287103,1.0,0.71,0.15,-0.71,-0.43
wf_seasonal_N5_tstat,B_wf_seasonal,XNGUSD,fut,1995-10-31,1,1.0,1995-10-31,2024-03-28,28.3,-0.20052271350909417,-0.4294068755404437,-0.04432278118063902,-0.11678511031625706,-0.018431604777723543,0.07771019573053835,-0.5125846675054218,-1.0671393903464006,2.6143301859805907,0.0065078206527333085,1.0,-0.69,-0.3,-0.12,0.26
wf_seasonal_N5_tstat,B_wf_seasonal,PORT,fut,1995-10-31,1,1.0,1995-10-31,2024-03-28,29.1,-0.14985089048030703,0.22629479586488682,-0.4827916769791254,,-0.01103773021926513,0.06145847414574005,-0.44233412972006136,-0.8082406093804387,,,,0.52,0.1,-0.68,-0.4
wf_seasonal_N5_tstat,B_wf_seasonal,XTIUSD,fut,2006-01-01,1,1.0,2006-01-03,2024-03-28,18.3,-0.3845027116595005,0.2660551336208309,-0.4837719263039923,-0.2967648162661777,-0.03326914602242925,0.07971949921840005,-0.5589462746261793,-1.6454511337865796,3.2854278824744667,0.006995503537755327,1.0,,0.35,-0.6,-0.84
wf_seasonal_N5_tstat,B_wf_seasonal,XBRUSD,fut,2006-01-01,1,1.0,2006-01-03,2024-03-28,18.7,-0.45417508296718384,-0.23116750008815481,-0.4852763456343392,-0.36980472379411355,-0.03874044019472023,0.07994623505787685,-0.5664853458147037,-1.9628862507237894,3.041078432826351,0.0067493019947813745,1.0,,0.12,-0.71,-0.43
wf_seasonal_N5_tstat,B_wf_seasonal,XNGUSD,fut,2006-01-01,1,1.0,2006-01-03,2024-03-28,18.2,-0.10036549499007026,-0.7712957522336952,-0.04432278118063902,-0.012182716596362195,-0.01082330957848654,0.07806763243730247,-0.32573067302939285,-0.42862171577447195,2.7982869507697576,0.006884298114293751,1.0,,-0.55,-0.12,0.26
wf_seasonal_N5_tstat,B_wf_seasonal,PORT,fut,2006-01-01,1,1.0,2006-01-03,2024-03-28,18.7,-0.43948487575453543,-0.12556515836163418,-0.4827916769791254,,-0.02657928761874273,0.057527543818660085,-0.44233412972006214,-1.9012120659585374,,,,,0.04,-0.68,-0.4
wf_seasonal_N5_tstat,B_wf_seasonal,XTIUSD,spot,2002-01-31,1,1.0,2002-01-31,2026-09-22,23.2,-0.1434804985563466,0.23469654173774784,-0.24717301800291328,-0.06891190481949591,-0.013503888044056223,0.07510022613754384,-0.5122926081460966,-0.691719818239556,2.696429883347819,0.005599825976420155,1.0,,0.33,-0.58,-0.01
wf_seasonal_N5_tstat,B_wf_seasonal,XBRUSD,spot,2002-01-31,1,1.0,2002-01-31,2026-09-22,24.0,-0.21052985079421993,-0.4086637857643865,-0.1612558774378007,-0.13106578490282159,-0.0199627353374483,0.08041461075760759,-0.49541029273314974,-1.0322337311857217,2.996131751107198,0.006390210207337158,1.0,,-0.09,-0.46,0.06
wf_seasonal_N5_tstat,B_wf_seasonal,XNGUSD,spot,2002-01-31,1,1.0,2002-01-31,2026-09-22,20.6,-0.047080126019453036,0.05150832169408331,-0.0566432359557907,0.002290226542529458,-0.00770596927873568,0.08573542831562193,-0.29162959452927306,-0.21384409137631352,1.7809603672972165,0.004232774490055606,0.9882669744181574,,0.05,0.07,-0.22
wf_seasonal_N5_tstat,B_wf_seasonal,PORT,spot,2002-01-31,1,1.0,2002-01-31,2026-09-22,24.9,-0.13885063187776794,0.08231868477749567,-0.2177736080734561,,-0.009453976977076839,0.056792227137779386,-0.4003569121255457,-0.6929295105977983,,,,,0.21,-0.46,-0.11
wf_seasonal_N5_tstat,B_wf_seasonal,XTIUSD,spot,2006-01-01,1,1.0,2006-01-03,2026-09-22,20.3,-0.2283951987252633,-0.06876971145168662,-0.24717301800291328,-0.1541830099966292,-0.01985946624275059,0.07538353400413474,-0.5122926081460975,-1.0290867051116244,2.6546873925429164,0.005594322393634478,1.0,,0.25,-0.58,-0.01
wf_seasonal_N5_tstat,B_wf_seasonal,XBRUSD,spot,2006-01-01,1,1.0,2006-01-03,2026-09-22,20.7,-0.1817507328665572,-0.3890713902380996,-0.1612558774378007,-0.10262456836191662,-0.018126392186876505,0.08209771003436059,-0.49541029273315207,-0.8264877803882402,2.9067587512938435,0.006495945508633422,1.0,,0.16,-0.46,0.06
wf_seasonal_N5_tstat,B_wf_seasonal,XNGUSD,spot,2006-01-01,1,1.0,2006-01-03,2026-09-22,19.7,-0.05647493342796454,-0.05389286104045891,-0.0566432359557907,-0.008791050797962623,-0.008479431109971403,0.0855424823321951,-0.29162959452927295,-0.250450040417837,1.71511445243955,0.0040790757955120795,0.9891041162227603,,0.0,0.07,-0.22
wf_seasonal_N5_tstat,B_wf_seasonal,PORT,spot,2006-01-01,1,1.0,2006-01-03,2026-09-22,21.0,-0.24010241115763117,-0.4207793534635119,-0.2177736080734561,,-0.01487852994345007,0.05591702453016622,-0.40035691212554503,-1.1002874736712545,,,,,0.05,-0.46,-0.11
wf_seasonal_N10_sign,B_wf_seasonal,XTIUSD,fut,2000-10-31,1,1.0,2000-10-31,2024-03-28,23.4,0.014802893883415984,0.5454044862982785,-0.21813991381222025,0.116261510366018,-0.009454634704481824,0.15327280478483693,-0.6400555822496141,0.07163841327198892,4.237561981661066,0.015552600157089,0.9998305659098611,,0.58,-0.18,-0.72
wf_seasonal_N10_sign,B_wf_seasonal,XBRUSD,fut,2000-10-31,1,1.0,2000-10-31,2024-03-28,23.9,0.14193485056101834,0.37315050449987597,0.042503333578144877,0.2315322807585366,0.010040239972224807,0.1525699939214417,-0.4865470493714429,0.6934363286301067,3.810744128100852,0.013668842767323861,1.0,,0.45,0.17,-0.51
wf_seasonal_N10_sign,B_wf_seasonal,XNGUSD,fut,2000-10-31,1,1.0,2000-10-31,2024-03-28,23.3,-0.20521664873370146,-0.13806013181780144,-0.23598286314271152,-0.11903949418547069,-0.041446215761851146,0.1507982972492285,-0.6918701755976594,-0.9916277068107565,4.103398753604124,0.012998964402240533,1.0,,-0.07,-0.1,-0.69
wf_seasonal_N10_sign,B_wf_seasonal,PORT,fut,2000-10-31,1,1.0,2000-10-31,2024-03-28,24.0,-0.019899114124254307,0.37553176580519176,-0.20400769291413845,,-0.008385026251409577,0.1113122489058778,-0.500399836620278,-0.09746923193312038,,,,,0.4,-0.05,-0.85
wf_seasonal_N10_sign,B_wf_seasonal,XTIUSD,fut,2006-01-01,1,1.0,2006-01-03,2024-03-28,18.3,-0.19978082871552036,-0.040813164752855714,-0.21813991381222025,-0.09852611316227813,-0.04104744045252573,0.15191871081028896,-0.6400555822496143,-0.8549473934786825,4.252140309272529,0.015381445860076266,1.0,,0.34,-0.18,-0.72
wf_seasonal_N10_sign,B_wf_seasonal,XBRUSD,fut,2006-01-01,1,1.0,2006-01-03,2024-03-28,18.7,0.03576500095574137,-0.024533025378045345,0.042503333578144877,0.12673250129346286,-0.006081696912904833,0.15159800900467701,-0.4865470493714429,0.15457173073983976,3.749920120371586,0.013789192450366267,1.0,,0.36,0.17,-0.51
wf_seasonal_N10_sign,B_wf_seasonal,XNGUSD,fut,2006-01-01,1,1.0,2006-01-03,2024-03-28,18.2,-0.30447760608544083,-0.8788936910770184,-0.23598286314271152,-0.21503358897777614,-0.054597193547461065,0.14823048047440743,-0.6855739431248955,-1.3003045912159068,4.139203679541814,0.013264474650808605,1.0,,-0.35,-0.1,-0.69
wf_seasonal_N10_sign,B_wf_seasonal,PORT,fut,2006-01-01,1,1.0,2006-01-03,2024-03-28,18.7,-0.2229460898657709,-0.3877429155472524,-0.20400769291413845,,-0.029652914864911617,0.10853555221500279,-0.5003998366202809,-0.9644650350785269,,,,,0.08,-0.05,-0.85
wf_seasonal_N10_sign,B_wf_seasonal,XTIUSD,spot,2007-01-24,1,1.0,2007-01-24,2026-09-22,19.3,0.0742418875017937,,0.03754788544717552,0.15279666785905377,-9.043422091681297e-05,0.14959594079354605,-0.536435414142227,0.3265397412957592,3.2563818384651753,0.011752388658203168,1.0,,0.77,0.26,-0.44
wf_seasonal_N10_sign,B_wf_seasonal,XBRUSD,spot,2007-01-24,1,1.0,2007-01-24,2026-09-22,19.7,-0.1385958857984046,,-0.17990249692606977,-0.05360740082902919,-0.031952188890664535,0.15142939876446812,-0.7656487951153684,-0.6153144980986331,4.042819934195011,0.012869182193038077,1.0,,0.76,0.11,-0.81
wf_seasonal_N10_sign,B_wf_seasonal,XNGUSD,spot,2007-01-24,1,1.0,2007-01-24,2026-09-22,19.4,0.044523692089629634,,0.05160852730972663,0.09606686594665584,-0.004700686862334158,0.15094218058873676,-0.47311976903102293,0.19627091732889415,2.531304430095527,0.007779685201144042,0.9687563814580356,,0.59,-0.02,-0.04
wf_seasonal_N10_sign,B_wf_seasonal,PORT,spot,2007-01-24,1,1.0,2007-01-24,2026-09-22,19.9,-0.0033049643219871727,,-0.03275127708351562,,-0.005549251493737528,0.1021500659594081,-0.5059070752533166,-0.01475530171047779,,,,,1.04,0.21,-0.61
wf_seasonal_N10_sign,B_wf_seasonal,XTIUSD,spot,2006-01-01,1,1.0,2006-01-03,2026-09-22,20.3,0.04817210845406141,0.16466065924138668,0.03754788544717552,0.12735442402812697,-0.003929330880464432,0.14907451381101985,-0.5364354141422276,0.21705043119974518,3.2075347754483032,0.01180512562419325,1.0,,0.46,0.26,-0.44
wf_seasonal_N10_sign,B_wf_seasonal,XBRUSD,spot,2006-01-01,1,1.0,2006-01-03,2026-09-22,20.7,-0.14329591827237195,0.26873829814696465,-0.17990249692606977,-0.057942431166007544,-0.032482946866820406,0.15087764128397227,-0.7656487951153688,-0.6516195206683502,3.985422950812928,0.012877042712177503,1.0,,0.52,0.11,-0.81
wf_seasonal_N10_sign,B_wf_seasonal,XNGUSD,spot,2006-01-01,1,1.0,2006-01-03,2026-09-22,19.7,0.04425792836114912,-0.18375655721229123,0.05160852730972663,0.09549342256904034,-0.004644856471734515,0.1500408498007809,-0.47311976903102293,0.19627114675571977,2.501169853546771,0.007687069901130422,0.9572235673930589,,0.57,-0.02,-0.04
wf_seasonal_N10_sign,B_wf_seasonal,PORT,spot,2006-01-01,1,1.0,2006-01-03,2026-09-22,21.0,-0.027886025092222315,0.01930107232315073,-0.03275127708351562,,-0.008113002568807759,0.10269159963908263,-0.5059070752533159,-0.12778982081654666,,,,,0.58,0.21,-0.61
wf_seasonal_N10_tstat,B_wf_seasonal,XTIUSD,fut,2000-10-31,1,1.0,2000-10-31,2024-03-28,23.4,-0.030233374217440812,0.26170625814100734,-0.185429576942012,0.057658430820976735,-0.006740077151887625,0.08984640612183717,-0.38722859053514347,-0.14631402304533125,3.089238786406144,0.007897178582723147,0.9998305659098611,,0.35,-0.07,-1.14
wf_seasonal_N10_tstat,B_wf_seasonal,XBRUSD,fut,2000-10-31,1,1.0,2000-10-31,2024-03-28,23.9,-0.009247611753026781,0.1873090919889887,-0.10897341597225367,0.07110729028864841,-0.0044027984397386755,0.0851012823959592,-0.3505996716082542,-0.04518009436913242,2.8964985800346033,0.006838437900685401,1.0,,0.28,0.01,-0.81
wf_seasonal_N10_tstat,B_wf_seasonal,XNGUSD,fut,2000-10-31,1,1.0,2000-10-31,2024-03-28,23.3,-0.14360076289491425,-0.3801915692751021,-0.05060471992372175,-0.0661217278388252,-0.014017298566199488,0.07741991571921336,-0.3851986174389397,-0.6938934832258264,2.3348145366513786,0.005997887098912758,1.0,,-0.31,-0.25,0.29
wf_seasonal_N10_tstat,B_wf_seasonal,PORT,fut,2000-10-31,1,1.0,2000-10-31,2024-03-28,24.0,-0.08566087468952314,0.09032493448781294,-0.17883309209219725,,-0.0074645596677812565,0.06373357545253507,-0.3333829337161125,-0.41958147536479695,,,,,0.15,-0.14,-0.6
wf_seasonal_N10_tstat,B_wf_seasonal,XTIUSD,fut,2006-01-01,1,1.0,2006-01-03,2024-03-28,18.3,-0.2064713773836463,-0.3526894694649868,-0.185429576942012,-0.11811237420998265,-0.021188111052507397,0.08584748547639891,-0.3872285905351386,-0.883579105447911,2.9269507030677597,0.007585085225034356,1.0,,0.16,-0.07,-1.14
wf_seasonal_N10_tstat,B_wf_seasonal,XBRUSD,fut,2006-01-01,1,1.0,2006-01-03,2024-03-28,18.7,-0.1863982525689371,-0.7322909980330577,-0.10897341597225367,-0.10375509726110699,-0.018556957383210282,0.08230347268917411,-0.35059967160825656,-0.8055892558794188,2.8641885133702214,0.006802669702940179,1.0,,-0.07,0.01,-0.81
wf_seasonal_N10_tstat,B_wf_seasonal,XNGUSD,fut,2006-01-01,1,1.0,2006-01-03,2024-03-28,18.2,-0.16079586610904203,-1.2385787882585269,-0.05060471992372175,-0.08220040252931242,-0.015568067908821481,0.07842872263320474,-0.3517368612778802,-0.6866961601486504,2.3839840763594,0.006163224422307806,1.0,,-0.64,-0.25,0.29
wf_seasonal_N10_tstat,B_wf_seasonal,PORT,fut,2006-01-01,1,1.0,2006-01-03,2024-03-28,18.7,-0.2636654536280325,-0.8897693096907596,-0.17883309209219725,,-0.01765730397987675,0.060596398713544435,-0.3333829337161146,-1.1406170484329197,,,,,-0.24,-0.14,-0.6
wf_seasonal_N10_tstat,B_wf_seasonal,XTIUSD,spot,2007-01-24,1,1.0,2007-01-24,2026-09-22,19.3,-0.15869008807965362,,-0.17981935477885375,-0.09144312498870086,-0.01582326411349777,0.08021768592930631,-0.40458522068016645,-0.697970135881572,2.397974485588233,0.005393870200763236,1.0,,0.6,-0.03,-0.67
wf_seasonal_N10_tstat,B_wf_seasonal,XBRUSD,spot,2007-01-24,1,1.0,2007-01-24,2026-09-22,19.7,0.005267703178394107,,0.015780480676315094,0.07911056765197642,-0.0028692120444855362,0.0812776154925646,-0.36048745016526285,0.02338665479623823,2.7098897006377998,0.006001955789719463,1.0,,0.81,0.11,-0.5
wf_seasonal_N10_tstat,B_wf_seasonal,XNGUSD,spot,2007-01-24,1,1.0,2007-01-24,2026-09-22,19.4,0.06464803239424206,,0.04824622890425836,0.11252656866571005,0.001892779948729828,0.08370846499313692,-0.28358766922566014,0.28498374743907057,1.6020932590204282,0.004006770402506968,0.964468041658158,,0.4,0.14,-0.08
wf_seasonal_N10_tstat,B_wf_seasonal,PORT,spot,2007-01-24,1,1.0,2007-01-24,2026-09-22,19.9,0.006787417344170564,,-0.0012680696468007375,,-0.0011321723457975441,0.05486928025978685,-0.23379351810717908,0.030303017216218905,,,,,0.89,0.15,-0.49
wf_seasonal_N10_tstat,B_wf_seasonal,XTIUSD,spot,2006-01-01,1,1.0,2006-01-03,2026-09-22,20.3,-0.20557219491277667,-0.4655921242576865,-0.17981935477885375,-0.13759064825570197,-0.01957383046578476,0.08041690412126336,-0.40458522068016867,-0.9262524514791992,2.3986230278997565,0.005465989108740047,1.0,,0.16,-0.03,-0.67
wf_seasonal_N10_tstat,B_wf_seasonal,XBRUSD,spot,2006-01-01,1,1.0,2006-01-03,2026-09-22,20.7,-0.025582051279922434,-0.4919193804423487,0.015780480676315094,0.048502433621942294,-0.005346013770239022,0.08108273951819839,-0.36048745016525907,-0.11633104552950975,2.696404439221695,0.006007163466724503,1.0,,0.45,0.11,-0.5
wf_seasonal_N10_tstat,B_wf_seasonal,XNGUSD,spot,2006-01-01,1,1.0,2006-01-03,2026-09-22,19.7,0.06426214232466086,0.6523965663484768,0.04824622890425836,0.11185486477908388,0.0018702257963174596,0.08320861555076292,-0.28358766922566014,0.2849840657727745,1.583020720222566,0.003959070754858076,0.9529862792574657,,0.39,0.14,-0.08
wf_seasonal_N10_tstat,B_wf_seasonal,PORT,spot,2006-01-01,1,1.0,2006-01-03,2026-09-22,21.0,-0.05569671262252966,-0.5734144707549459,-0.0012680696468007375,,-0.004607523944722747,0.05538014633405715,-0.23379351810718296,-0.2552344015529446,,,,,0.26,0.15,-0.49
wf_seasonal_N15_sign,B_wf_seasonal,XTIUSD,fut,2005-10-31,1,1.0,2005-10-31,2024-03-28,18.5,-0.2822120810968792,-0.15935854862708068,-0.29754307000621905,-0.18281465252252582,-0.05330839705601842,0.15269788506401996,-0.7388360360649091,-1.2131889609377975,3.3492613787897096,0.015179395842021793,0.999785269486794,,0.34,-0.43,-0.53
wf_seasonal_N15_sign,B_wf_seasonal,XBRUSD,fut,2005-10-31,1,1.0,2005-10-31,2024-03-28,18.9,-0.004279221499800781,-0.004763736342526909,-0.0042234036632949265,0.08456411223704628,-0.01218428745145217,0.15214587600323892,-0.5631340223653762,-0.01858048353093691,2.891770723670744,0.013516256346852856,1.0,,0.44,0.11,-0.62
wf_seasonal_N15_sign,B_wf_seasonal,XNGUSD,fut,2005-10-31,1,1.0,2005-10-31,2024-03-28,18.4,-0.044861397850277436,-0.9062621041549793,0.06933528733074319,0.048183095505166015,-0.017571291957061308,0.14860108732471672,-0.5564123293095932,-0.19245885758257147,4.724388934558774,0.0138263928365362,1.0,,-0.01,-0.1,0.03
wf_seasonal_N15_sign,B_wf_seasonal,PORT,fut,2005-10-31,1,1.0,2005-10-31,2024-03-28,18.9,-0.15631109286568382,-0.4262518684158667,-0.12254110439223657,,-0.022506555142783546,0.10815516756667914,-0.49311736057784583,-0.6793491017132137,,,,,0.27,-0.19,-0.49
wf_seasonal_N15_sign,B_wf_seasonal,XTIUSD,fut,2006-01-01,1,1.0,2006-01-03,2024-03-28,18.3,-0.27094033556676056,-0.04124149700882937,-0.29754307000621905,-0.17171485103858464,-0.05174682065098779,0.15287086022499718,-0.73883603606491,-1.1594692802625568,3.335290767830022,0.01517027090895458,1.0,,0.41,-0.43,-0.53
wf_seasonal_N15_sign,B_wf_seasonal,XBRUSD,fut,2006-01-01,1,1.0,2006-01-03,2024-03-28,18.7,-0.006249201613534874,-0.024533025378045345,-0.0042234036632949265,0.08252847442246967,-0.012513673315176166,0.15235755842451185,-0.5631340223653771,-0.027008245025398787,2.915851173240842,0.01352508150464996,1.0,,0.44,0.11,-0.62
wf_seasonal_N15_sign,B_wf_seasonal,XNGUSD,fut,2006-01-01,1,1.0,2006-01-03,2024-03-28,18.2,-0.031475506467286286,-0.8698819746992698,0.06933528733074319,0.061705855070462286,-0.015566440508348989,0.148328294598307,-0.5510611812428778,-0.13441955911454914,4.701882205062462,0.013821074074480135,1.0,,0.05,-0.1,0.03
wf_seasonal_N15_sign,B_wf_seasonal,PORT,fut,2006-01-01,1,1.0,2006-01-03,2024-03-28,18.7,-0.14981373540765486,-0.3846439692031667,-0.12254110439223657,,-0.021852233593793402,0.10828529606490686,-0.49311736057784694,-0.6480943875812404,,,,,0.32,-0.19,-0.49
wf_seasonal_N15_sign,B_wf_seasonal,XTIUSD,spot,2012-01-31,1,1.0,2012-01-31,2026-09-22,14.5,-0.2110835303804244,,-0.21108353038042443,-0.13253526479823124,-0.042902526596768076,0.15252879194292795,-0.5843077994831758,-0.804002080006463,3.0646658316239095,0.011978955700570214,1.0,,,0.08,-0.51
wf_seasonal_N15_sign,B_wf_seasonal,XBRUSD,spot,2012-01-31,1,1.0,2012-01-31,2026-09-22,14.7,-0.07174637314025084,,-0.07174637314025085,0.011971206734844336,-0.02283977252434599,0.15473927634543458,-0.5400347764846203,-0.2753246898514507,3.519904545012779,0.012954383851118707,1.0,,,0.25,-0.4
wf_seasonal_N15_sign,B_wf_seasonal,XNGUSD,spot,2012-01-31,1,1.0,2012-01-31,2026-09-22,14.7,0.10461388682183982,,0.10461388682183982,0.15206634725806847,0.004004054329472817,0.15888310823683782,-0.3906204102270997,0.4004238287678744,2.346289977275436,0.00754339508460292,0.9528710725893824,,,0.13,0.09
wf_seasonal_N15_sign,B_wf_seasonal,PORT,spot,2012-01-31,1,1.0,2012-01-31,2026-09-22,14.9,-0.05756112439419228,,-0.05756112439419229,,-0.011585120820915451,0.105509638732499,-0.37030650691072087,-0.22231315458768558,,,,,,0.3,-0.4
wf_seasonal_N15_sign,B_wf_seasonal,XTIUSD,spot,2006-01-01,1,1.0,2006-01-03,2026-09-22,20.3,-0.06550338579825628,0.5445063959754015,-0.12076428664470809,0.012889379925846243,-0.020752006187944927,0.14947950595719395,-0.5949049931978466,-0.295140457597224,2.7811377529329118,0.011718334870244458,1.0,,0.71,-0.03,-0.51
wf_seasonal_N15_sign,B_wf_seasonal,XBRUSD,spot,2006-01-01,1,1.0,2006-01-03,2026-09-22,20.7,0.062055340286638526,0.26873829814696465,0.043744100483830435,0.145833820524325,-0.002019275957965916,0.15067780103288286,-0.540034776484619,0.2821885757808572,3.249163950976166,0.012625021323193293,1.0,,0.61,0.21,-0.4
wf_seasonal_N15_sign,B_wf_seasonal,XNGUSD,spot,2006-01-01,1,1.0,2006-01-03,2026-09-22,19.7,0.09029571344607554,,0.09268237515581404,0.13125269579728596,0.002981322221648819,0.13712932124389904,-0.3906204102270997,0.4004354447088034,1.747881879762088,0.0056194944819116174,0.7098466505246166,,,0.11,0.09
wf_seasonal_N15_sign,B_wf_seasonal,PORT,spot,2006-01-01,1,1.0,2006-01-03,2026-09-22,21.0,0.056891765939891516,0.29501003495614386,0.03243704173340946,,0.0006393106222195577,0.10094230833749314,-0.37030650691072164,0.26071082383926336,,,,,0.64,0.22,-0.4
wf_seasonal_N15_tstat,B_wf_seasonal,XTIUSD,fut,2005-10-31,1,1.0,2005-10-31,2024-03-28,18.5,-0.1350635466816465,-0.42348434112789207,-0.09043021750926707,-0.04620859712008249,-0.016772651918112502,0.09302938594934587,-0.3597192357792286,-0.5806186723913869,2.905642983655907,0.008266529620975738,0.999785269486794,,0.08,-0.09,-0.49
wf_seasonal_N15_tstat,B_wf_seasonal,XBRUSD,fut,2005-10-31,1,1.0,2005-10-31,2024-03-28,18.9,-0.0945160595456706,-0.3954052677517315,-0.04964077136995725,-0.011209228660274372,-0.01240061267821213,0.08945144027780412,-0.349871245748119,-0.41039102273138767,2.6591121894093948,0.007452045420426942,1.0,,0.11,-0.01,-0.46
wf_seasonal_N15_tstat,B_wf_seasonal,XNGUSD,fut,2005-10-31,1,1.0,2005-10-31,2024-03-28,18.4,-0.2714047458949512,-1.343999729496141,-0.15147804705728923,-0.19755570539158673,-0.021084412772990002,0.0695703878533765,-0.4553488259010604,-1.1643472972411488,2.0039868487413464,0.005137817307895356,1.0,,-0.37,-0.53,0.19
wf_seasonal_N15_tstat,B_wf_seasonal,PORT,fut,2005-10-31,1,1.0,2005-10-31,2024-03-28,18.9,-0.2044863509943956,-0.7059201473867541,-0.12911692051616638,,-0.014970370790989507,0.06378159231466375,-0.3436803216384541,-0.8887252741558513,,,,,-0.1,-0.23,-0.27
wf_seasonal_N15_tstat,B_wf_seasonal,XTIUSD,fut,2006-01-01,1,1.0,2006-01-03,2024-03-28,18.3,-0.12956697501745182,-0.4005527558466807,-0.09043021750926707,-0.041107587234695674,-0.01627618725847646,0.09305823317796671,-0.35971923577922693,-0.5544723599571414,2.8733924995397264,0.00823226285641143,1.0,,0.11,-0.09,-0.49
wf_seasonal_N15_tstat,B_wf_seasonal,XBRUSD,fut,2006-01-01,1,1.0,2006-01-03,2024-03-28,18.7,-0.10477001176915526,-0.4998929610771369,-0.04964077136995725,-0.02162260693931022,-0.01332521733018821,0.08955022869600172,-0.34987124574811657,-0.4528025056907486,2.6711111178394185,0.0074461250374947855,1.0,,0.07,-0.01,-0.46
wf_seasonal_N15_tstat,B_wf_seasonal,XNGUSD,fut,2006-01-01,1,1.0,2006-01-03,2024-03-28,18.2,-0.26540191517018863,-1.348511688899741,-0.15147804705728923,-0.19157327456899573,-0.020736837783311035,0.06975719808190178,-0.4553488259010555,-1.133427621328742,2.005137525140821,0.005150283896911289,1.0,,-0.34,-0.53,0.19
wf_seasonal_N15_tstat,B_wf_seasonal,PORT,fut,2006-01-01,1,1.0,2006-01-03,2024-03-28,18.7,-0.20966754651330405,-0.7833290051449614,-0.12911692051616638,,-0.015310681147130634,0.0638364779318637,-0.34368032163845275,-0.9070220416268847,,,,,-0.12,-0.23,-0.27
wf_seasonal_N15_tstat,B_wf_seasonal,XTIUSD,spot,2012-01-31,1,1.0,2012-01-31,2026-09-22,14.5,-0.13091650243546282,,-0.13091650243546285,-0.0654690615698578,-0.014593437639015994,0.08472241788874352,-0.30985430528897373,-0.49865160050897406,2.3225258761852317,0.005544942308105026,1.0,,,0.16,-0.4
wf_seasonal_N15_tstat,B_wf_seasonal,XBRUSD,spot,2012-01-31,1,1.0,2012-01-31,2026-09-22,14.7,-0.1926668529107225,,-0.19266685291072252,-0.11758742503846642,-0.019910941727644627,0.08541202185858807,-0.3544419228883916,-0.739353631417783,2.6081490188862726,0.00641415188295477,1.0,,,0.12,-0.5
wf_seasonal_N15_tstat,B_wf_seasonal,XNGUSD,spot,2012-01-31,1,1.0,2012-01-31,2026-09-22,14.7,0.05416474118387899,,0.054164741183878984,0.098818500541393,0.0007488648652476115,0.09156635256363796,-0.23304245809289936,0.20732288712306884,1.5775400089430989,0.004088975906283596,0.9528710725893824,,,0.13,0.01
wf_seasonal_N15_tstat,B_wf_seasonal,PORT,spot,2012-01-31,1,1.0,2012-01-31,2026-09-22,14.9,-0.04912025595758136,,-0.04912025595758137,,-0.004631759057266205,0.058998068382056984,-0.22126721004378358,-0.18971274746652217,,,,,,0.26,-0.32
wf_seasonal_N15_tstat,B_wf_seasonal,XTIUSD,spot,2006-01-01,1,1.0,2006-01-03,2026-09-22,20.3,-0.09897824877682124,-0.1714969536812894,-0.09152970292955412,-0.031749554113937574,-0.011610138612432652,0.08302520006344861,-0.3098543052889735,-0.44596909427146814,2.2331472445071228,0.005581679791607693,1.0,,0.24,0.01,-0.4
wf_seasonal_N15_tstat,B_wf_seasonal,XBRUSD,spot,2006-01-01,1,1.0,2006-01-03,2026-09-22,20.7,-0.04316985495584769,-0.2245554945831595,-0.027183382408845012,0.03236446967716254,-0.006966097449491726,0.0826636139354252,-0.3544419228883938,-0.19630929151926385,2.4980300792421817,0.0062439328509663,1.0,,0.46,0.13,-0.5
wf_seasonal_N15_tstat,B_wf_seasonal,XNGUSD,spot,2006-01-01,1,1.0,2006-01-03,2026-09-22,19.7,0.04675157312049625,,0.04798726234779694,0.08529357434247424,0.000557817823749529,0.07902904848878559,-0.23304245809289936,0.20732974200953846,1.1751972786557547,0.0030461055379336225,0.7098466505246166,,,0.11,0.01
wf_seasonal_N15_tstat,B_wf_seasonal,PORT,spot,2006-01-01,1,1.0,2006-01-03,2026-09-22,21.0,-0.007116520792539553,-0.3862540076087075,0.033486847365988635,,-0.0019931143192941647,0.056402988719833166,-0.2212672100437838,-0.03261199521653963,,,,,0.23,0.19,-0.32
wf_seasonal_Nexp_sign,B_wf_seasonal,XTIUSD,fut,1995-10-31,1,1.0,1995-10-31,2024-03-28,28.4,0.24960655647837068,0.4476228680370214,0.10005580854014451,0.35235879851879276,0.02707131731286938,0.1556161595518048,-0.4817976087953859,1.3300272454836497,3.795912603120195,0.015988475958635243,0.9998602375960867,0.79,0.38,-0.07,0.13
wf_seasonal_Nexp_sign,B_wf_seasonal,XBRUSD,fut,1995-10-31,1,1.0,1995-10-31,2024-03-28,28.9,0.366468197909498,0.43800154885110193,0.3136472427512777,0.45409682075883845,0.04569896616122926,0.15460124960586744,-0.45321295917204907,1.9695720919877209,3.0156188443494396,0.013543583883297683,1.0,1.02,0.28,0.22,0.27
wf_seasonal_Nexp_sign,B_wf_seasonal,XNGUSD,fut,1995-10-31,1,1.0,1995-10-31,2024-03-28,28.3,0.02514107923447622,-0.12058376320294381,0.14024974384362496,0.10824010209495182,-0.00793183885337645,0.15378562729347145,-0.5523908251728549,0.13379549626787166,3.689082088727085,0.012779064775523461,1.0,-0.56,0.12,-0.04,0.51
wf_seasonal_Nexp_sign,B_wf_seasonal,PORT,fut,1995-10-31,1,1.0,1995-10-31,2024-03-28,29.1,0.29733837681936215,0.37481849560479,0.2386691237828019,,0.027868753650737155,0.11451837339270185,-0.2866423248526301,1.6037338857472727,,,,0.58,0.33,0.04,0.49
wf_seasonal_Nexp_sign,B_wf_seasonal,XTIUSD,fut,2006-01-01,1,1.0,2006-01-03,2024-03-28,18.3,0.0855888529612947,-0.040813164752855714,0.10005580854014451,0.18393652502093463,0.0013524121959691549,0.15317273057008282,-0.4817976087953849,0.36627121441309984,2.907834475825693,0.015062336386452975,1.0,,0.41,-0.07,0.13
wf_seasonal_Nexp_sign,B_wf_seasonal,XBRUSD,fut,2006-01-01,1,1.0,2006-01-03,2024-03-28,18.7,0.279869690310325,-0.024533025378045397,0.3136472427512777,0.36773556461581325,0.03155527408178971,0.15284908261721747,-0.4532129591720494,1.2095607788861351,2.5589016681208925,0.01342391551193989,1.0,,0.44,0.22,0.27
wf_seasonal_Nexp_sign,B_wf_seasonal,XNGUSD,fut,2006-01-01,1,1.0,2006-01-03,2024-03-28,18.2,0.023167620135891426,-0.9658347306044585,0.14024974384362496,0.10876831085093247,-0.007656130341624268,0.14920370093019386,-0.47573153294087833,0.09893983080579072,3.6060518099656256,0.012771562854199855,1.0,,-0.42,-0.04,0.51
wf_seasonal_Nexp_sign,B_wf_seasonal,PORT,fut,2006-01-01,1,1.0,2006-01-03,2024-03-28,18.7,0.17213520985080422,-0.42283730581486223,0.2386691237828019,,0.013125377172377828,0.11267819526775567,-0.2866423248526314,0.7446571110843887,,,,,0.12,0.04,0.49
wf_seasonal_Nexp_sign,B_wf_seasonal,XTIUSD,spot,2002-01-31,1,1.0,2002-01-31,2026-09-22,23.2,0.21296783092042715,0.3834247425374956,0.1703993987077969,0.2943053646028779,0.020847056905576755,0.1492203579807316,-0.44264647003332525,1.026718409661075,3.940147173273793,0.012136403486936887,1.0,,0.4,-0.05,0.37
wf_seasonal_Nexp_sign,B_wf_seasonal,XBRUSD,spot,2002-01-31,1,1.0,2002-01-31,2026-09-22,24.0,0.2562617283325963,-0.08452669169655802,0.34250083146538124,0.33966357148089993,0.027665107656673626,0.15101759177353066,-0.48430799979393924,1.2564584024495973,3.166408018113397,0.012596250318081684,1.0,,0.11,0.34,0.28
wf_seasonal_Nexp_sign,B_wf_seasonal,XNGUSD,spot,2002-01-31,1,1.0,2002-01-31,2026-09-22,20.6,0.1708490229111252,0.1389313968386629,0.17413559360555422,0.2258551405871819,0.014539265218140196,0.15377650122335138,-0.4134304590461857,0.7760186124366918,2.7198313544879467,0.008464721074067282,0.9998076553183305,,0.34,0.14,0.12
wf_seasonal_Nexp_sign,B_wf_seasonal,PORT,spot,2002-01-31,1,1.0,2002-01-31,2026-09-22,24.9,0.29984586183065337,0.0020236331827909247,0.4022979398633751,,0.026855904152457866,0.10776097546128403,-0.37656943353763817,1.4963709093956028,,,,,0.18,0.27,0.47
wf_seasonal_Nexp_sign,B_wf_seasonal,XTIUSD,spot,2006-01-01,1,1.0,2006-01-03,2026-09-22,20.3,0.16060494290377347,0.052621512617781745,0.1703993987077969,0.240563903146719,0.012906445270259193,0.1490205581266786,-0.4426464700333249,0.7236422325860532,3.6240862787149104,0.011915707860338005,1.0,,0.27,-0.05,0.37
wf_seasonal_Nexp_sign,B_wf_seasonal,XBRUSD,spot,2006-01-01,1,1.0,2006-01-03,2026-09-22,20.7,0.30799839938302814,-0.0906510828678064,0.34250083146538124,0.3901946978816818,0.035922633920580926,0.15223350308863728,-0.4843079997939388,1.400582597133775,2.799038939094195,0.012512180423340102,1.0,,0.28,0.34,0.28
wf_seasonal_Nexp_sign,B_wf_seasonal,XNGUSD,spot,2006-01-01,1,1.0,2006-01-03,2026-09-22,19.7,0.1326696955488227,-0.8349881312611233,0.17413559360555422,0.18540870051220276,0.008628086532102008,0.1526033560285607,-0.41343045904618414,0.5883518332041413,2.5758371057847804,0.00805141473168097,1.0,,0.12,0.14,0.12
wf_seasonal_Nexp_sign,B_wf_seasonal,PORT,spot,2006-01-01,1,1.0,2006-01-03,2026-09-22,21.0,0.3266174023842153,-0.42186277888761203,0.4022979398633751,,0.029131966798447984,0.10470921078193855,-0.2991122910216856,1.4967489697155167,,,,,0.18,0.27,0.47
wf_seasonal_Nexp_tstat,B_wf_seasonal,XTIUSD,fut,1995-10-31,1,1.0,1995-10-31,2024-03-28,28.4,0.22236453280339694,0.3781062399751468,0.09767761383903602,0.3153008887961124,0.017796808005627218,0.10350905727675086,-0.32496129580746114,1.184868263199603,3.573033216627251,0.009621189239890209,0.9998602375960867,0.99,0.19,0.04,-0.07
wf_seasonal_Nexp_tstat,B_wf_seasonal,XBRUSD,fut,1995-10-31,1,1.0,1995-10-31,2024-03-28,28.9,0.23313332209435553,0.3903125100515926,0.12124735106115925,0.3162132465063603,0.01852146777863517,0.10040563642008149,-0.3628265540132566,1.2529678906075858,2.918285066825921,0.008340513646602805,1.0,0.99,0.17,0.19,-0.13
wf_seasonal_Nexp_tstat,B_wf_seasonal,XNGUSD,fut,1995-10-31,1,1.0,1995-10-31,2024-03-28,28.3,-0.18124953116475787,-0.27310065676365264,-0.10451984895206082,-0.09867758767125899,-0.014914623443371022,0.0695586335606245,-0.41551921521477275,-0.9645715979150595,2.244901302350258,0.005743454972245473,1.0,-0.5,-0.07,-0.29,0.12
wf_seasonal_Nexp_tstat,B_wf_seasonal,PORT,fut,1995-10-31,1,1.0,1995-10-31,2024-03-28,29.1,0.16585240796357625,0.29262727347404693,0.06392544994400924,,0.009436784721504443,0.07249884772429231,-0.26846115022265293,0.8945469116001703,,,,0.73,0.14,0.0,0.03
wf_seasonal_Nexp_tstat,B_wf_seasonal,XTIUSD,fut,2006-01-01,1,1.0,2006-01-03,2024-03-28,18.3,0.06020712385775458,-0.2455011224702329,0.09767761383903602,0.1488805331033632,0.0010049531842044601,0.09984509381373127,-0.3249612958074579,0.2576519676186358,2.8655604298566675,0.008851937802222397,1.0,,0.26,0.04,-0.07
wf_seasonal_Nexp_tstat,B_wf_seasonal,XBRUSD,fut,2006-01-01,1,1.0,2006-01-03,2024-03-28,18.7,0.06774400055622246,-0.3884884417514408,0.12124735106115925,0.15257409278576595,0.0017113351385267261,0.10131935465547581,-0.3628265540132575,0.2927808509266937,2.689717689223789,0.00859244871700816,1.0,,0.02,0.19,-0.13
wf_seasonal_Nexp_tstat,B_wf_seasonal,XNGUSD,fut,2006-01-01,1,1.0,2006-01-03,2024-03-28,18.2,-0.2268534203157888,-1.2742650858496367,-0.10451984895206082,-0.13984402372902505,-0.016835074600333733,0.06540709370477618,-0.3460617683662939,-0.9688020993139206,2.2492817233196467,0.005691176896408906,1.0,,-0.49,-0.29,0.12
wf_seasonal_Nexp_tstat,B_wf_seasonal,PORT,fut,2006-01-01,1,1.0,2006-01-03,2024-03-28,18.7,-0.013088546275811191,-0.6559380246211944,0.06392544994400924,,-0.003351996420192571,0.06983975403558385,-0.2684611502226574,-0.05662106588470494,,,,,-0.09,0.0,0.03
wf_seasonal_Nexp_tstat,B_wf_seasonal,XTIUSD,spot,2002-01-31,1,1.0,2002-01-31,2026-09-22,23.2,0.04035255429390449,0.03442626314947589,0.041874544059135356,0.10996580169101437,-0.00032075068867531975,0.08781106937462814,-0.2778293132487458,0.19453975838200602,2.4905684153642977,0.0061120248544106115,1.0,,0.13,0.08,-0.08
wf_seasonal_Nexp_tstat,B_wf_seasonal,XBRUSD,spot,2002-01-31,1,1.0,2002-01-31,2026-09-22,24.0,0.1093094806030366,-0.05148999507835291,0.14833130467318936,0.18721329503950546,0.005624311580082919,0.08241854127843598,-0.3157443453797979,0.535947432590607,2.657908565574816,0.006420711774259008,1.0,,0.07,0.31,-0.09
wf_seasonal_Nexp_tstat,B_wf_seasonal,XNGUSD,spot,2002-01-31,1,1.0,2002-01-31,2026-09-22,20.6,0.0745136815821062,0.054238617935798025,0.07667514260567466,0.12556597022784294,0.002726584106276242,0.08364686858596719,-0.23719853362792187,0.33845088958439806,1.6240706184765032,0.004271776861509672,0.9998076553183305,,0.15,0.06,0.06
wf_seasonal_Nexp_tstat,B_wf_seasonal,PORT,spot,2002-01-31,1,1.0,2002-01-31,2026-09-22,24.9,0.12850600060289427,-0.06312358700957285,0.1962103991284686,,0.005969781218948311,0.06064730578288904,-0.22993424421148545,0.6413049685292893,,,,,0.06,0.27,0.05
wf_seasonal_Nexp_tstat,B_wf_seasonal,XTIUSD,spot,2006-01-01,1,1.0,2006-01-03,2026-09-22,20.3,0.02454565276583046,-0.15249378870195612,0.041874544059135356,0.09236673640035402,-0.0017057947777191496,0.0877848558405929,-0.2778293132487468,0.11059604173197744,2.3257109170462757,0.005953368154072964,1.0,,0.11,0.08,-0.08
wf_seasonal_Nexp_tstat,B_wf_seasonal,XBRUSD,spot,2006-01-01,1,1.0,2006-01-03,2026-09-22,20.7,0.12725996562352224,-0.11832592979692552,0.14833130467318936,0.20500221753164044,0.007170347288271373,0.08371276209452347,-0.3157443453797971,0.5786981150590008,2.5942963936226158,0.006507016443433794,1.0,,0.15,0.31,-0.09
wf_seasonal_Nexp_tstat,B_wf_seasonal,XNGUSD,spot,2006-01-01,1,1.0,2006-01-03,2026-09-22,19.7,0.05700621993006781,-0.3886753740277373,0.07667514260567466,0.10637894299804974,0.001281113976911552,0.08282714792218616,-0.2371985336279211,0.25280614281315794,1.5410601642942774,0.00409000173831473,1.0,,0.04,0.06,0.06
wf_seasonal_Nexp_tstat,B_wf_seasonal,PORT,spot,2006-01-01,1,1.0,2006-01-03,2026-09-22,21.0,0.14310728286653035,-0.36486495966522475,0.1962103991284686,,0.006695144120633545,0.058674551982289755,-0.21565336468336627,0.6557999562353323,,,,,0.05,0.27,0.05
crude_long_FebMay,C_fixed_month_rule,XTIUSD,fut,,1,1.0,1991-10-29,2024-03-28,32.4,0.43511773834697043,0.6269106434762963,0.2611730551105774,0.5000952891968123,0.035722437862584444,0.0900146028919713,-0.3254095298463259,2.4760054564949123,1.8014803971992752,0.005863631708603443,0.33002450980392156,0.43,0.96,0.03,0.19
crude_long_FebMay,C_fixed_month_rule,XBRUSD,fut,,1,1.0,1990-08-23,2024-03-28,34.1,0.46647960787068843,0.6130331213684685,0.330964038243742,0.5198117568978622,0.03762207591391631,0.08738503653617086,-0.3382624734283146,2.723668527331809,1.3876509599901756,0.004669102426039986,0.3255732743568851,0.55,0.84,0.18,0.2
crude_long_FebMay,C_fixed_month_rule,PORT,fut,,1,1.0,1990-08-23,2024-03-28,34.4,0.4648006178325396,0.6274684146310803,0.31387481302117803,,0.036692671676283206,0.08540846293096874,-0.3297877241143119,2.7247419130460204,,,,0.49,0.91,0.12,0.23
crude_long_FebMay,C_fixed_month_rule,XTIUSD,spot,,1,1.0,1987-02-24,2026-09-22,36.7,0.3065937260397167,0.337193683782247,0.2791487658049671,0.3515463529018383,0.02360036106141017,0.0890472768284075,-0.34631423206209777,1.8570194429213394,1.191346565544117,0.004007123891668469,0.3292590589507842,0.2,0.64,0.15,0.12
crude_long_FebMay,C_fixed_month_rule,XBRUSD,spot,,1,1.0,1988-06-01,2026-09-22,35.0,0.30476396487098506,0.30178799359808667,0.30804115516897457,0.35322379594812503,0.023383386819074037,0.08879845201901149,-0.34647817545808535,1.8041319055278455,1.2730028309187618,0.004307949013621298,0.321594383422036,-0.01,0.87,0.32,-0.0
crude_long_FebMay,C_fixed_month_rule,PORT,spot,,1,1.0,1987-02-24,2026-09-22,39.4,0.367601695449967,0.4075739877811347,0.3319103913865735,,0.026864315946431905,0.08107060610957809,-0.34718788591132965,2.306972901060712,,,,0.17,0.81,0.28,0.08
crude_long_MarMay,C_fixed_month_rule,XTIUSD,fut,,1,1.0,1991-10-29,2024-03-28,32.4,0.35364002417437856,0.6016407441359604,0.13083889227512532,0.4103581453682593,0.025341146753156796,0.07981778083675366,-0.3303418254362893,2.012362522422664,1.7429865527756188,0.0045398626432907,0.25183823529411764,0.65,0.74,-0.14,0.12
crude_long_MarMay,C_fixed_month_rule,XBRUSD,fut,,1,1.0,1990-08-23,2024-03-28,34.1,0.36732568461958587,0.6406837985461954,0.11455343829503406,0.4143379243402249,0.02577318229530512,0.07748329583312283,-0.3304417759432542,2.1447312799926608,1.3701118756543758,0.0036539451479291386,0.24572226748923293,0.82,0.65,-0.08,-0.01
crude_long_MarMay,C_fixed_month_rule,PORT,fut,,1,1.0,1990-08-23,2024-03-28,34.4,0.3837011847409133,0.6582713205927567,0.12946620229240113,,0.02655318813817642,0.07583119037620287,-0.3249811020711406,2.2493229570655457,,,,0.78,0.72,-0.11,0.06
crude_long_MarMay,C_fixed_month_rule,XTIUSD,spot,,1,1.0,1987-02-24,2026-09-22,36.7,0.2590192069387911,0.37782300493099674,0.1494355799911599,0.29825664800275975,0.017639165801157874,0.0798662964421928,-0.29404094926248037,1.5688634910718653,1.1775770905711886,0.0031380838444150087,0.2528934559221201,0.39,0.44,-0.02,0.05
crude_long_MarMay,C_fixed_month_rule,XBRUSD,spot,,1,1.0,1988-06-01,2026-09-22,35.0,0.1824445500297293,0.2992342934999689,0.09142183767600284,0.22453582699657246,0.011426540132532192,0.07972471922753271,-0.319402261765941,1.0800293723624637,1.256680815469009,0.0033588152629024474,0.24402672404031253,0.24,0.62,0.0,-0.12
crude_long_MarMay,C_fixed_month_rule,PORT,spot,,1,1.0,1987-02-24,2026-09-22,39.4,0.28188822919916284,0.45914304578759746,0.11408027008784676,,0.018001728115035975,0.07268477189504557,-0.3008129300806577,1.7690574171439608,,,,0.49,0.5,-0.03,-0.05
crude_long_FebApr,C_fixed_month_rule,XTIUSD,fut,,1,1.0,1991-10-29,2024-03-28,32.4,0.5113429353565526,0.6275542755261255,0.4044508111499295,0.5693221714599822,0.037308441158741434,0.07754026770722093,-0.25082757621568996,2.9097593283437897,1.7282613892362957,0.0045123885383161625,0.24669117647058825,0.47,0.77,0.56,0.05
crude_long_FebApr,C_fixed_month_rule,XBRUSD,fut,,1,1.0,1990-08-23,2024-03-28,34.1,0.5308437667445713,0.613636075324766,0.4526405256826753,0.5771746237156875,0.03864514177721712,0.07703951536603286,-0.28144914090280027,3.099476238655335,1.3242475072507542,0.0035802108255327653,0.2440926551041788,0.62,0.62,0.69,0.07
crude_long_FebApr,C_fixed_month_rule,PORT,fut,,1,1.0,1990-08-23,2024-03-28,34.4,0.5304856362733151,0.6172381084058414,0.4488779206941662,,0.03731648010714794,0.07428891715221021,-0.2638159178704179,3.109798894337004,,,,0.54,0.7,0.65,0.09
crude_long_FebApr,C_fixed_month_rule,XTIUSD,spot,,1,1.0,1987-02-24,2026-09-22,36.7,0.4014775773654357,0.3583458531505846,0.44170288228376525,0.4401152471034998,0.029105915800457183,0.07932326697545296,-0.27328171422034464,2.431725125934215,1.1385610303201406,0.0030714630033603744,0.24629529475392103,0.29,0.42,0.66,0.15
crude_long_FebApr,C_fixed_month_rule,XBRUSD,spot,,1,1.0,1988-06-01,2026-09-22,35.0,0.3973156338827297,0.37315474783516905,0.41707008684838287,0.4394361839188819,0.028570759203642826,0.07870920991018307,-0.31384222617049984,2.3520162954839434,1.2086269917351715,0.003323440285652872,0.23983693805910997,0.12,0.63,0.69,0.06
crude_long_FebApr,C_fixed_month_rule,PORT,spot,,1,1.0,1987-02-24,2026-09-22,39.4,0.4614610809838685,0.4448291783358889,0.47900554896545083,,0.03116090029376295,0.07214546394008815,-0.2943929118285302,2.896010061707844,,,,0.33,0.52,0.77,0.12
crude_short_OctDec,C_fixed_month_rule,XTIUSD,fut,,1,1.0,1991-10-29,2024-03-28,32.4,0.17222630661533503,0.1941366033480163,0.15007583622277437,0.23263471504863756,0.010048348719425393,0.07384547540268653,-0.3137301115073211,0.9800411184144602,1.6574679038050324,0.004464038190367537,0.2531862745098039,0.63,-0.08,0.23,-0.21
crude_short_OctDec,C_fixed_month_rule,XBRUSD,fut,,1,1.0,1990-08-23,2024-03-28,34.1,0.3170092810835804,0.3587853644898466,0.2712871448162715,0.36513701442039337,0.0221132929800143,0.07876176198061614,-0.2622890913982564,1.8509452228805243,1.3744159771265823,0.0037953704297416027,0.2544523338377372,0.58,0.26,0.31,-0.1
crude_short_OctDec,C_fixed_month_rule,PORT,fut,,1,1.0,1990-08-23,2024-03-28,34.4,0.24774801041203887,0.2769756908517224,0.21627858013892476,,0.015616734395132115,0.0733971561116941,-0.2648681365161686,1.4523418471157323,,,,0.6,0.08,0.28,-0.13
crude_short_OctDec,C_fixed_month_rule,XTIUSD,spot,,1,1.0,1987-02-24,2026-09-22,36.7,0.21239447569724937,0.23110640071693395,0.1926856677466495,0.25580230483451727,0.013015668287205795,0.07360686982726926,-0.26848287357780454,1.2864603461839335,1.131954020772839,0.0031974371275577075,0.24759329367225527,0.61,0.13,0.23,0.01
crude_short_OctDec,C_fixed_month_rule,XBRUSD,spot,,1,1.0,1988-06-01,2026-09-22,35.0,0.25927261442035754,0.1510948486299579,0.3643875535938827,0.3049584724178484,0.017018750725905196,0.07631324608667023,-0.23679426932986236,1.5348336739988353,1.2314021186599093,0.003487735484912175,0.24889593477522365,0.65,0.27,0.42,0.05
crude_short_OctDec,C_fixed_month_rule,PORT,spot,,1,1.0,1987-02-24,2026-09-22,39.4,0.24235377459454074,0.16992988890264435,0.3230841384922853,,0.014282315562984316,0.06805104486469164,-0.23230233819724877,1.5209494335302354,,,,0.63,0.16,0.36,0.1
crude_short_SepNov,C_fixed_month_rule,XTIUSD,fut,,1,1.0,1991-10-29,2024-03-28,32.4,0.06850360991509347,-0.09892562276446618,0.23864573415827817,0.12266927523189612,0.002294534810857396,0.07951569338200834,-0.30414283172639456,0.38981474895449153,1.675577496371551,0.004307604590838372,0.2482843137254902,-0.01,0.01,0.25,-0.03
crude_short_SepNov,C_fixed_month_rule,XBRUSD,fut,,1,1.0,1990-08-23,2024-03-28,34.1,0.14393058223767152,-0.01510614795214802,0.31274031478935443,0.19238261352269614,0.008352087938053643,0.07999102041470192,-0.30047507449617217,0.8403779936934762,1.4105189827391578,0.003876107097909442,0.2572459550692585,-0.13,0.3,0.27,0.06
crude_short_SepNov,C_fixed_month_rule,PORT,fut,,1,1.0,1990-08-23,2024-03-28,34.4,0.0858586160329592,-0.10745223254345207,0.2931889555423144,,0.0036611117925819947,0.07740981518250553,-0.30165657362073817,0.5033181125964312,,,,-0.16,0.14,0.28,0.02
crude_short_SepNov,C_fixed_month_rule,XTIUSD,spot,,1,1.0,1987-02-24,2026-09-22,36.7,0.13980068554467615,0.043533289654796366,0.23548909390165057,0.1823823220331362,0.0077432582110903425,0.07556312933186622,-0.20728383626487235,0.8467642001146664,1.1396549513867476,0.0032188611154767535,0.24716062736614386,0.02,0.21,0.25,0.12
crude_short_SepNov,C_fixed_month_rule,XBRUSD,spot,,1,1.0,1988-06-01,2026-09-22,35.0,0.10985268614042744,-0.07852896356349418,0.28721732002595163,0.1552551108435993,0.005562790849039656,0.07853251410396772,-0.3157883898450584,0.6503023940437985,1.2597673713225992,0.003565578530293475,0.2539916204280376,-0.23,0.38,0.29,0.01
crude_short_SepNov,C_fixed_month_rule,PORT,spot,,1,1.0,1987-02-24,2026-09-22,39.4,0.12149708480820244,-0.06325384362303271,0.31963185572957875,,0.00609003280966447,0.07024282040936233,-0.33345180603164704,0.762484193298688,,,,-0.25,0.34,0.33,0.14
crude_short_NovDec,C_fixed_month_rule,XTIUSD,fut,,1,1.0,1991-10-29,2024-03-28,32.4,0.09315468956115361,0.14371320214493444,0.04358797551711261,0.14709889693589326,0.003800333135722145,0.059949153567132284,-0.2645292684488164,0.530089902856547,1.6342456162871972,0.003234817356576892,0.16691176470588234,0.44,-0.07,0.13,-0.23
crude_short_NovDec,C_fixed_month_rule,XBRUSD,fut,,1,1.0,1990-08-23,2024-03-28,34.1,0.23119701867761772,0.2595713810691022,0.20066372300517743,0.2721171349778455,0.012893715544169959,0.06435002554941631,-0.2270756536381784,1.349906904311518,1.3020196075586754,0.002634025164116428,0.16691886858340124,0.46,0.12,0.28,-0.1
crude_short_NovDec,C_fixed_month_rule,PORT,fut,,1,1.0,1990-08-23,2024-03-28,34.4,0.17033099000544988,0.20178717254065429,0.13743758686765362,,0.008438496057405764,0.05980800794730939,-0.22637255444679982,0.9985098335770348,,,,0.45,0.03,0.21,-0.14
crude_short_NovDec,C_fixed_month_rule,XTIUSD,spot,,1,1.0,1987-02-24,2026-09-22,36.7,0.1497853052044028,0.16535062170525833,0.13339868491682927,0.18647503200334226,0.0072685359353124035,0.060555331651613066,-0.22454038603084303,0.9072404305900582,1.0899880275782048,0.002222211962290812,0.16214169821525148,0.52,0.06,0.13,0.03
crude_short_NovDec,C_fixed_month_rule,XBRUSD,spot,,1,1.0,1988-06-01,2026-09-22,35.0,0.13262376699954656,-0.004429316313265574,0.2642311665650209,0.1718874543052385,0.006327763449800239,0.062098551134716705,-0.2056877069314682,0.7851019052612168,1.1845277245205033,0.0024364419065978707,0.16272222851319215,0.41,0.1,0.33,-0.0
crude_short_NovDec,C_fixed_month_rule,PORT,spot,,1,1.0,1987-02-24,2026-09-22,39.4,0.1451003415853734,0.05296439308934574,0.2452021205672821,,0.006525743995422717,0.055367419848261906,-0.25666687485256057,0.9106121111937846,,,,0.5,0.0,0.25,0.11
crude_FebMay_long_OctDec_short,C_fixed_month_rule,XTIUSD,fut,,1,1.0,1991-10-29,2024-03-28,32.4,0.449485311098168,0.6028077036380038,0.3048359026412877,0.53690561704811,0.046495098955095626,0.11613901647283452,-0.36233910243177536,2.5577630714882718,3.1549484041448146,0.01016484897839439,0.5832107843137255,0.75,0.68,0.17,0.05
crude_FebMay_long_OctDec_short,C_fixed_month_rule,XBRUSD,fut,,1,1.0,1990-08-23,2024-03-28,34.1,0.5569239783371555,0.6864170610879946,0.42824882889559507,0.6276879973462451,0.06039819945076497,0.11777806405906362,-0.39999095473597357,3.2517526732568807,2.519596543042463,0.008341731814469365,0.5800256081946222,0.8,0.78,0.35,0.1
crude_FebMay_long_OctDec_short,C_fixed_month_rule,PORT,fut,,1,1.0,1990-08-23,2024-03-28,34.4,0.5159314939756972,0.6503235333381729,0.3838646883217008,,0.053066976740776095,0.1125142633208956,-0.3794547837818081,3.0244799855290063,,,,0.78,0.73,0.27,0.12
crude_FebMay_long_OctDec_short,C_fixed_month_rule,XTIUSD,spot,,1,1.0,1987-02-24,2026-09-22,36.7,0.3794404843429319,0.41572293318837017,0.3444426270183487,0.4408026786415741,0.03796139579384694,0.11590896446963406,-0.3943586554219748,2.2982478016038588,2.1517895479087996,0.007116649518110199,0.5768523526230395,0.57,0.57,0.27,0.13
crude_FebMay_long_OctDec_short,C_fixed_month_rule,XBRUSD,spot,,1,1.0,1988-06-01,2026-09-22,35.0,0.4018937000626036,0.3139609298803677,0.47526575439948693,0.4673499782031466,0.041132087231853465,0.11748764223547296,-0.39785284208684324,2.379117384237087,2.308402227879238,0.007693400848867551,0.5704903181972597,0.44,0.81,0.53,0.04
crude_FebMay_long_OctDec_short,C_fixed_month_rule,PORT,spot,,1,1.0,1987-02-24,2026-09-22,39.4,0.4420575601838331,0.416994420601826,0.46766925433988876,,0.042153499936090855,0.10615713164141607,-0.3975147532304837,2.7742385975799206,,,,0.55,0.7,0.45,0.14
ng_long_AugOct,C_fixed_month_rule,XNGUSD,fut,,1,1.0,1991-08-09,2024-03-28,32.5,0.02678759610729123,0.2954230434947148,-0.27792377332035123,0.07405839931420302,-0.0009020719160653945,0.07709766010694749,-0.5319942052994879,0.15278736069341145,1.0329881545030555,0.0036455137186427672,0.25750182971456453,0.3,0.04,-0.48,0.43
ng_long_AugOct,C_fixed_month_rule,PORT,fut,,1,1.0,1991-08-09,2024-03-28,32.5,0.02678759610729123,0.2954230434947148,-0.27792377332035123,,-0.0009020719160653945,0.07709766010694749,-0.5319942052994879,0.15278736069341145,,,,0.3,0.04,-0.48,0.43
ng_long_AugOct,C_fixed_month_rule,XNGUSD,spot,,1,1.0,1999-07-27,2026-09-22,21.6,0.21656157009697505,0.9333806592766691,0.0748616188759546,0.24851129632128466,0.013862819932853876,0.0773213341783747,-0.27347159856791237,1.0053586582527911,0.6826688892027574,0.0024767870168666494,0.25870005523844597,,0.37,-0.15,0.47
ng_long_AugOct,C_fixed_month_rule,PORT,spot,,1,1.0,1999-07-27,2026-09-22,21.6,0.21656157009697505,0.9333806592766691,0.0748616188759546,,0.013862819932853876,0.0773213341783747,-0.27347159856791237,1.0053586582527911,,,,,0.37,-0.15,0.47
ng_long_SepOct,C_fixed_month_rule,XNGUSD,fut,,1,1.0,1991-08-09,2024-03-28,32.5,-0.055861981021599984,0.22250513370282676,-0.354848517872664,-0.011498001870757123,-0.005432380270625425,0.06254052568666274,-0.4059540576705729,-0.31861778896511683,1.0104211811577375,0.0027746920359307476,0.16955354964625519,0.16,0.13,-0.5,-0.02
ng_long_SepOct,C_fixed_month_rule,PORT,fut,,1,1.0,1991-08-09,2024-03-28,32.5,-0.055861981021599984,0.22250513370282676,-0.354848517872664,,-0.005432380270625425,0.06254052568666274,-0.4059540576705729,-0.31861778896511683,,,,0.16,0.13,-0.5,-0.02
ng_long_SepOct,C_fixed_month_rule,XNGUSD,spot,,1,1.0,1999-07-27,2026-09-22,21.6,0.2602829009475399,1.0670065413156236,0.10666295616695425,0.287314222445925,0.015460237935183363,0.06770581357463638,-0.16733764023943554,1.208329196844967,0.6788388826503821,0.0018372390437718094,0.16995028539863746,,0.7,-0.05,0.28
ng_long_SepOct,C_fixed_month_rule,PORT,spot,,1,1.0,1999-07-27,2026-09-22,21.6,0.2602829009475399,1.0670065413156236,0.10666295616695425,,0.015460237935183363,0.06770581357463638,-0.16733764023943554,1.208329196844967,,,,,0.7,-0.05,0.28
ng_long_SepNov,C_fixed_month_rule,XNGUSD,fut,,1,1.0,1991-08-09,2024-03-28,32.5,-0.2120221764881412,-0.017600519074555655,-0.4053463047139926,-0.16719918203607861,-0.019949863870588502,0.07997871814807181,-0.5135675958258603,-1.2093025676640865,1.0149094313659217,0.003588507120252088,0.250914857282264,-0.25,0.05,-0.29,-0.54
ng_long_SepNov,C_fixed_month_rule,PORT,fut,,1,1.0,1991-08-09,2024-03-28,32.5,-0.2120221764881412,-0.017600519074555655,-0.4053463047139926,,-0.019949863870588502,0.07997871814807181,-0.5135675958258603,-1.2093025676640865,,,,-0.25,0.05,-0.29,-0.54
ng_long_SepNov,C_fixed_month_rule,XNGUSD,spot,,1,1.0,1999-07-27,2026-09-22,21.6,0.39285002204066827,0.7367410960044292,0.32811727067512814,0.41943655965669124,0.030783105013784562,0.08668801122386256,-0.19449379625812413,1.823754652667724,0.6861265869082971,0.002317833998115549,0.25096667280427176,,0.65,0.31,0.38
ng_long_SepNov,C_fixed_month_rule,PORT,spot,,1,1.0,1999-07-27,2026-09-22,21.6,0.39285002204066827,0.7367410960044292,0.32811727067512814,,0.030783105013784562,0.08668801122386256,-0.19449379625812413,1.823754652667724,,,,,0.65,0.31,0.38
ng_long_AugNov,C_fixed_month_rule,XNGUSD,fut,,1,1.0,1991-08-09,2024-03-28,32.5,-0.12477024312401672,0.09006514561825105,-0.3506452496856921,-0.07638174028778236,-0.015565989268405578,0.09192680356350201,-0.5944464792228481,-0.7116471393565995,1.0243175444229253,0.004448073194820394,0.33886313735057333,-0.07,-0.02,-0.31,-0.09
ng_long_AugNov,C_fixed_month_rule,PORT,fut,,1,1.0,1991-08-09,2024-03-28,32.5,-0.12477024312401672,0.09006514561825105,-0.3506452496856921,,-0.015565989268405578,0.09192680356350201,-0.5944464792228481,-0.7116471393565995,,,,-0.07,-0.02,-0.31,-0.09
ng_long_AugNov,C_fixed_month_rule,XNGUSD,spot,,1,1.0,1999-07-27,2026-09-22,21.6,0.35464947307862754,0.6827597257734037,0.2916209818687773,0.3857447346675479,0.02952605659928964,0.09460536009241116,-0.20923467808695828,1.6464136192064331,0.6862792802525682,0.002954298560405834,0.3397164426440803,,0.39,0.21,0.54
ng_long_AugNov,C_fixed_month_rule,PORT,spot,,1,1.0,1999-07-27,2026-09-22,21.6,0.35464947307862754,0.6827597257734037,0.2916209818687773,,0.02952605659928964,0.09460536009241116,-0.20923467808695828,1.6464136192064331,,,,,0.39,0.21,0.54
ng_short_JanApr,C_fixed_month_rule,XNGUSD,fut,,1,1.0,1991-08-09,2024-03-28,32.5,-0.25501902281038474,-0.6139394133785988,0.11316295755595299,-0.207157186167296,-0.0249046147601516,0.08476950281587618,-0.687537709329892,-1.454541992710058,0.9991525279728438,0.004059317774351022,0.3283727738472798,-0.72,-0.41,0.19,0.02
ng_short_JanApr,C_fixed_month_rule,PORT,fut,,1,1.0,1991-08-09,2024-03-28,32.5,-0.25501902281038474,-0.6139394133785988,0.11316295755595299,,-0.0249046147601516,0.08476950281587618,-0.687537709329892,-1.454541992710058,,,,-0.72,-0.41,0.19,0.02
ng_short_JanApr,C_fixed_month_rule,XNGUSD,spot,,1,1.0,1999-07-27,2026-09-22,21.6,-0.2938085857324595,-0.48243347151046,-0.27020558984958604,-0.2681847045563409,-0.030042842428055883,0.0898705882579296,-0.554070025817623,-1.3639677870956735,0.6198557387478397,0.00230902554710098,0.32075124286503404,,-0.32,-0.12,-0.5
ng_short_JanApr,C_fixed_month_rule,PORT,spot,,1,1.0,1999-07-27,2026-09-22,21.6,-0.2938085857324595,-0.48243347151046,-0.27020558984958604,,-0.030042842428055883,0.0898705882579296,-0.554070025817623,-1.3639677870956735,,,,,-0.32,-0.12,-0.5
ng_short_FebApr,C_fixed_month_rule,XNGUSD,fut,,1,1.0,1991-08-09,2024-03-28,32.5,-0.3754607745224424,-0.7318054109129599,-0.024699591870138073,-0.3286549537482854,-0.028490082226605873,0.07036267529732228,-0.6732583063679057,-2.1415008854629503,0.9625698532746592,0.00330013727467084,0.24566967553061722,-0.9,-0.49,0.11,-0.18
ng_short_FebApr,C_fixed_month_rule,PORT,fut,,1,1.0,1991-08-09,2024-03-28,32.5,-0.3754607745224424,-0.7318054109129599,-0.024699591870138073,,-0.028490082226605873,0.07036267529732228,-0.6732583063679057,-2.1415008854629503,,,,-0.9,-0.49,0.11,-0.18
ng_short_FebApr,C_fixed_month_rule,XNGUSD,spot,,1,1.0,1999-07-27,2026-09-22,21.6,-0.2538804276311918,-0.36923775289081456,-0.23791524729118038,-0.22776262118062235,-0.020113848871351703,0.07018970983758863,-0.437078921842454,-1.178606555011789,0.5671723716618876,0.0018354103346048234,0.23899834284662125,,-0.25,-0.19,-0.34
ng_short_FebApr,C_fixed_month_rule,PORT,spot,,1,1.0,1999-07-27,2026-09-22,21.6,-0.2538804276311918,-0.36923775289081456,-0.23791524729118038,,-0.020113848871351703,0.07018970983758863,-0.437078921842454,-1.178606555011789,,,,,-0.25,-0.19,-0.34
ng_short_JanFeb,C_fixed_month_rule,XNGUSD,fut,,1,1.0,1991-08-09,2024-03-28,32.5,0.07314882254437963,-0.1915581551048443,0.3620906740026447,0.10943154673473275,0.002622700532281863,0.0630382484958351,-0.35230357672176504,0.41721606857229193,0.8704803624628623,0.00228788519202548,0.1604049768236155,-0.07,-0.28,0.4,0.47
ng_short_JanFeb,C_fixed_month_rule,PORT,fut,,1,1.0,1991-08-09,2024-03-28,32.5,0.07314882254437963,-0.1915581551048443,0.3620906740026447,,0.002622700532281863,0.0630382484958351,-0.35230357672176504,0.41721606857229193,,,,-0.07,-0.28,0.4,0.47
ng_short_JanFeb,C_fixed_month_rule,XNGUSD,spot,,1,1.0,1999-07-27,2026-09-22,21.6,-0.15761097863346438,-0.36267748597201865,-0.12882227868575366,-0.13981884776111367,-0.014444571217777091,0.0744298252489721,-0.37464657601552576,-0.7316882766129447,0.5175049454288588,0.0013265653857394638,0.15595654575584608,,-0.25,0.16,-0.46
ng_short_JanFeb,C_fixed_month_rule,PORT,spot,,1,1.0,1999-07-27,2026-09-22,21.6,-0.15761097863346438,-0.36267748597201865,-0.12882227868575366,,-0.014444571217777091,0.0744298252489721,-0.37464657601552576,-0.7316882766129447,,,,,-0.25,0.16,-0.46
ng_AugOct_long_JanApr_short,C_fixed_month_rule,XNGUSD,fut,,1,1.0,1991-08-09,2024-03-28,32.5,-0.1676437104254143,-0.2346347533616215,-0.09570324779965224,-0.10186055437739591,-0.025229200919411943,0.11378515920138468,-0.7072592732519312,-0.956182852323126,1.8694976315138414,0.007484721426236682,0.5858746035618444,-0.31,-0.27,-0.17,0.31
ng_AugOct_long_JanApr_short,C_fixed_month_rule,PORT,fut,,1,1.0,1991-08-09,2024-03-28,32.5,-0.1676437104254143,-0.2346347533616215,-0.09570324779965224,,-0.025229200919411943,0.11378515920138468,-0.7072592732519312,-0.956182852323126,,,,-0.31,-0.27,-0.17,0.31
ng_AugOct_long_JanApr_short,C_fixed_month_rule,XNGUSD,spot,,1,1.0,1999-07-27,2026-09-22,21.6,-0.06434182083410533,0.4458154037830296,-0.1451418332583725,-0.02530571890201075,-0.014755435497783576,0.11944889252962704,-0.45889261808507853,-0.29869845621432894,1.2109869788865153,0.004662769862097769,0.5794512981034801,,0.12,-0.18,-0.07
ng_AugOct_long_JanApr_short,C_fixed_month_rule,PORT,spot,,1,1.0,1999-07-27,2026-09-22,21.6,-0.06434182083410533,0.4458154037830296,-0.1451418332583725,,-0.014755435497783576,0.11944889252962704,-0.45889261808507853,-0.29869845621432894,,,,,0.12,-0.18,-0.07
ng_SepOct_long_FebApr_short,C_fixed_month_rule,XNGUSD,fut,,1,1.0,1991-08-09,2024-03-28,32.5,-0.31772872168907806,-0.3837359550189764,-0.2502713016862434,-0.25444496541412637,-0.03352404893890637,0.09352965878404101,-0.7324786077804187,-1.812216841292169,1.8565736579348555,0.005923903979484986,0.41522322517687243,-0.54,-0.28,-0.25,-0.15
ng_SepOct_long_FebApr_short,C_fixed_month_rule,PORT,fut,,1,1.0,1991-08-09,2024-03-28,32.5,-0.31772872168907806,-0.3837359550189764,-0.2502713016862434,,-0.03352404893890637,0.09352965878404101,-0.7324786077804187,-1.812216841292169,,,,-0.54,-0.28,-0.25,-0.15
ng_SepOct_long_FebApr_short,C_fixed_month_rule,XNGUSD,spot,,1,1.0,1999-07-27,2026-09-22,21.6,0.00978931727529333,0.6203856690156903,-0.09114518263847833,0.046464871792744104,-0.0038410186202189056,0.097807949966862,-0.4041121171742377,0.04544562027645385,1.1772551950735368,0.0035876084218997854,0.4089486282452587,,0.42,-0.18,-0.05
ng_SepOct_long_FebApr_short,C_fixed_month_rule,PORT,spot,,1,1.0,1999-07-27,2026-09-22,21.6,0.00978931727529333,0.6203856690156903,-0.09114518263847833,,-0.0038410186202189056,0.097807949966862,-0.4041121171742377,0.04544562027645385,,,,,0.42,-0.18,-0.05
carry_sign,C_carry,XTIUSD,fut,,1,1.0,1991-10-29,2024-03-28,32.4,0.5511656094252284,0.5118222052448038,0.5899555717854985,0.6825263811183231,0.07412249592411913,0.1502146579633435,-0.4212392428395664,3.136367323367963,14.805804960377627,0.019749089783619167,0.9849264705882353,0.45,0.58,0.57,0.64
carry_sign,C_carry,XBRUSD,fut,,1,1.0,1990-08-23,2024-03-28,34.1,0.5298779579488639,0.6124081047398585,0.4323095273701933,0.6474300771075808,0.06495316132633477,0.13635858965676498,-0.3863854381434645,3.09383710036096,14.846206600274277,0.01604611827169904,0.8322663252240717,0.72,0.57,0.48,0.03
carry_sign,C_carry,XNGUSD,fut,,1,1.0,1991-08-09,2024-03-28,32.5,-0.14631123629241433,-0.13384252276783687,-0.15836207925161958,-0.014992015680607434,-0.02907612580138097,0.13723072679615556,-0.7055205704088783,-0.8345096567595127,10.115285670809586,0.01802126583045242,0.8356916321053915,-0.44,0.09,0.2,-0.82
carry_sign,C_carry,PORT,fut,,1,1.0,1990-08-23,2024-03-28,34.4,0.49043930195084906,0.5171690739755704,0.4605354714598601,,0.04227309445126459,0.09330733570759582,-0.2998193850847789,2.8753723019636874,,,,0.45,0.59,0.65,-0.05
carry_deseason_sign,C_carry,XTIUSD,fut,,1,1.0,1991-10-29,2024-03-28,32.4,0.18702923264782764,0.31923427008513233,0.06081969627173452,0.3120794462847752,0.016844817040707172,0.1475503245275851,-0.5598815228742112,1.0642760792041195,14.119154964841863,0.018456782384456392,0.9406862745098039,0.49,0.03,0.19,0.06
carry_deseason_sign,C_carry,XBRUSD,fut,,1,1.0,1990-08-23,2024-03-28,34.1,0.4906671907610949,0.4358256106166997,0.5557012018779255,0.6012195430109811,0.0580200811626439,0.13301732258856364,-0.3866429741597591,2.8648943326173675,12.510173700935947,0.014715404357313716,0.7818647421720405,0.51,0.51,0.84,-0.5
carry_deseason_sign,C_carry,XNGUSD,fut,,1,1.0,1991-08-09,2024-03-28,32.5,0.12337106621255389,0.5599502329222285,-0.26966899227803326,0.27890076827681526,0.007590862345491001,0.1333217506318473,-0.6889823397555427,0.7036667089144899,13.393851479529367,0.020757684835767783,0.794949987801903,0.43,0.44,-0.38,0.02
carry_deseason_sign,C_carry,PORT,fut,,1,1.0,1990-08-23,2024-03-28,34.4,0.3912764121560996,0.5640280643228978,0.19646529811601685,,0.03270895567935339,0.09341493759815979,-0.31440038261690395,2.2939951048990945,,,,0.66,0.42,0.34,-0.11
ng_AugOct_long_carry_filtered,C_carry,XNGUSD,fut,,1,1.0,1991-08-09,2024-03-28,32.5,0.07537889136073882,0.25436850239862924,-0.09816555243031415,0.1387590760706682,0.002630259259133627,0.05462964576567741,-0.3035131750156128,0.42993562456572654,2.166529218851128,0.003467834302779536,0.12734813369114417,0.06,0.27,-0.2,0.26
ng_AugOct_long_carry_filtered,C_carry,PORT,fut,,1,1.0,1991-08-09,2024-03-28,32.5,0.07537889136073882,0.25436850239862924,-0.09816555243031415,,0.002630259259133627,0.05462964576567741,-0.3035131750156128,0.42993562456572654,,,,0.06,0.27,-0.2,0.26
ng_JanApr_short_carry_filtered,C_carry,XNGUSD,fut,,1,1.0,1991-08-09,2024-03-28,32.5,-0.008844062843162472,-0.3146657357094306,0.2475883135681159,0.06285556252377665,-0.002058515065744726,0.05592191896541936,-0.3586604382968095,-0.05044353417161114,2.6623040633972797,0.0040118456152535556,0.15223225176872407,-0.27,-0.37,0.36,0.37
ng_JanApr_short_carry_filtered,C_carry,PORT,fut,,1,1.0,1991-08-09,2024-03-28,32.5,-0.008844062843162472,-0.3146657357094306,0.2475883135681159,,-0.002058515065744726,0.05592191896541936,-0.3586604382968095,-0.05044353417161114,,,,-0.27,-0.37,0.36,0.37
ng_AugOct_JanApr_carry_filtered,C_carry,XNGUSD,fut,,1,1.0,1991-08-09,2024-03-28,32.5,0.04521583723069224,-0.030855240654290045,0.11386515024756638,0.13985523433907887,0.0004949053732643538,0.077656723688332,-0.33651466292531096,0.2578957964107866,4.724308745528778,0.007356566114434634,0.27958038545986824,-0.13,-0.1,0.1,0.44
ng_AugOct_JanApr_carry_filtered,C_carry,PORT,fut,,1,1.0,1991-08-09,2024-03-28,32.5,0.04521583723069224,-0.030855240654290045,0.11386515024756638,,0.0004949053732643538,0.077656723688332,-0.33651466292531096,0.2578957964107866,,,,-0.13,-0.1,0.1,0.44
tom_fixed_long,E_daily_fixed,XTIUSD,fut,,1,1.0,1991-10-29,2024-03-28,32.2,0.2069361593607468,0.5102021595552148,-0.07041820710982247,0.31930022651321743,0.012086748795142599,0.06984374317377905,-0.37244547117381277,1.1741588398731526,15.567834509962488,0.007852654174794388,0.1890792555158388,-0.02,0.8,-0.29,0.35
tom_fixed_long,E_daily_fixed,XBRUSD,fut,,1,1.0,1990-08-30,2024-03-28,33.3,0.09730860410630775,0.29066100119272475,-0.0919179205805143,0.19725077724924223,0.004419895530157092,0.07181983591885858,-0.4077330436400173,0.561610804949907,12.950292331446207,0.007176665428237378,0.18942101501072195,-0.1,0.51,-0.32,0.43
tom_fixed_long,E_daily_fixed,XNGUSD,fut,,1,1.0,1991-08-09,2024-03-28,32.4,-0.2862511132056687,-0.09545070006587697,-0.4772442113723718,-0.11764821754428051,-0.021490262519862968,0.0678509971185044,-0.5519701739576088,-1.6284915988575062,9.497551760571826,0.011441830363589324,0.18881804806277588,-0.26,0.01,-0.87,0.19
tom_fixed_long,E_daily_fixed,PORT,fut,,1,1.0,1990-08-30,2024-03-28,33.6,0.010548637893563658,0.3061268303454915,-0.27786388838886394,,-0.0009750536340052962,0.05595936137005948,-0.4210084965505757,0.061105260680673165,,,,-0.14,0.54,-0.62,0.41
pre_hol_fixed_long,E_daily_fixed,XTIUSD,fut,,1,1.0,1991-10-29,2024-03-28,32.2,0.44369806476473805,0.5735888971398596,0.3323076985854705,0.5901254693836522,0.011085666927150406,0.02558507664915999,-0.08159926580992904,2.517549405514625,11.311249360465123,0.0038051822850164053,0.03488228768642919,0.07,0.94,0.26,0.4
pre_hol_fixed_long,E_daily_fixed,XBRUSD,fut,,1,1.0,1990-08-30,2024-03-28,33.3,0.2969768659564198,0.2323322245408559,0.35496533544072056,0.45065408639436266,0.006665985399497032,0.02328590481798948,-0.11717528367654328,1.7139842696651548,9.309812050049603,0.0036098548894418327,0.03538241601143674,-0.22,0.72,0.27,0.46
pre_hol_fixed_long,E_daily_fixed,XNGUSD,fut,,1,1.0,1991-08-09,2024-03-28,32.4,-0.09212905262310783,0.04932073805081483,-0.23466009881725086,0.17480624418912505,-0.0027117395978853986,0.025851324091925355,-0.14601613132098468,-0.5241250820905492,6.665506247520546,0.006908466221516868,0.03482099068170672,0.11,-0.08,-0.25,-0.18
pre_hol_fixed_long,E_daily_fixed,PORT,fut,,1,1.0,1990-08-30,2024-03-28,33.6,0.2923360422216847,0.40085203881434345,0.19547349515162663,,0.005402360607184242,0.01905098222893713,-0.05871867170678913,1.6934195909039351,,,,0.03,0.68,0.11,0.31
post_hol_fixed_long,E_daily_fixed,XTIUSD,fut,,1,1.0,1991-10-29,2024-03-28,32.2,-0.17784994845135213,0.09939940566767269,-0.44903634398487313,-0.06567822703777354,-0.008010346651061151,0.04056327396444134,-0.34736449966160177,-1.0091232474315985,10.68911214240193,0.004550602294788214,0.032910144212991495,-0.04,0.09,-0.26,-0.8
post_hol_fixed_long,E_daily_fixed,XBRUSD,fut,,1,1.0,1990-08-30,2024-03-28,33.3,-0.21517837441282658,0.05765279058624092,-0.4693727020931024,-0.11325073544782178,-0.009045568453206587,0.03871980800197519,-0.34701633530835485,-1.2418891543216217,8.41939696827967,0.003950359179983926,0.03168930188229688,-0.03,-0.01,-0.3,-0.8
post_hol_fixed_long,E_daily_fixed,XNGUSD,fut,,1,1.0,1991-08-09,2024-03-28,32.4,-0.474419528144855,-0.15210100364704676,-0.7831864154146998,-0.290542169784541,-0.018782949546626404,0.03840641169001889,-0.479332418432484,-2.6989876380419218,6.320149323630267,0.007109220397244866,0.03285924472780775,-0.21,-0.19,-0.78,-0.89
post_hol_fixed_long,E_daily_fixed,PORT,fut,,1,1.0,1990-08-30,2024-03-28,33.6,-0.3358624573048257,-0.007091652640002098,-0.6821479246470473,,-0.011715411044934676,0.0334170151171348,-0.36960474469379634,-1.9455557403278672,,,,-0.08,-0.07,-0.54,-1.05
exp_week_fixed_short,E_daily_fixed,XTIUSD,fut,,1,1.0,1991-10-29,2024-03-28,32.2,-0.06769058901642228,-0.20936337405793473,0.08837122379505567,0.04537790304182679,-0.00783774620339539,0.07485178552572998,-0.34478418386439347,-0.3840774068455482,15.593298084372993,0.008462914342958256,0.23961543202267965,-0.3,-0.12,0.12,0.13
exp_week_fixed_short,E_daily_fixed,XBRUSD,fut,,1,1.0,1990-08-30,2024-03-28,33.3,-0.274746296868683,-0.568683923947469,0.05317489702299259,-0.17025569576186497,-0.02232016201501763,0.07257299630931129,-0.6263852850128974,-1.5856818660440029,12.880190531515987,0.00758655252463837,0.24029068382177746,-0.3,-0.64,0.05,-0.06
exp_week_fixed_short,E_daily_fixed,XNGUSD,fut,,1,1.0,1991-08-09,2024-03-28,32.4,0.012637491657126911,0.08544098062037514,-0.07082606342518073,0.17047265792189256,-0.0018954702925890743,0.07540986304539532,-0.4041028998751873,0.07189508807071933,9.56835604750815,0.011899009978850475,0.23761647866601276,-0.18,0.36,0.19,-0.73
exp_week_fixed_short,E_daily_fixed,PORT,fut,,1,1.0,1990-08-30,2024-03-28,33.6,-0.181759508008778,-0.3700014064671451,0.0453431264132577,,-0.00926054410930377,0.04549099942223403,-0.3350573763143776,-1.0528811615425706,,,,-0.4,-0.23,0.21,-0.4
ltd_fixed_short,E_daily_fixed,XTIUSD,fut,,1,1.0,1991-10-29,2024-03-28,32.2,0.06650914675150725,0.19031508623340418,-0.0662577989527973,0.23205431054135378,0.0016481230759690657,0.032857332401701994,-0.13553522879207325,0.37737388589766274,15.346811023951654,0.00544268466205421,0.047824479230864046,0.07,0.34,-0.29,0.11
ltd_fixed_short,E_daily_fixed,XBRUSD,fut,,1,1.0,1990-08-30,2024-03-28,33.3,-0.16850003377716458,-0.4273583498322503,0.10644574942803824,-0.01942335322172133,-0.0062573152981415525,0.033848023804261274,-0.3228900858486905,-0.9724878953180432,12.794493653188457,0.005046524538223592,0.048129616392661424,-0.39,-0.16,-0.17,0.33
ltd_fixed_short,E_daily_fixed,XNGUSD,fut,,1,1.0,1991-08-09,2024-03-28,32.4,-0.1969146201421585,-0.025523657957302024,-0.36929959747323704,0.1095139783123296,-0.006717139212474077,0.03167816475437299,-0.30521445736490627,-1.1202534760566016,9.287151227930439,0.009703657225685792,0.04720451201569397,-0.38,0.21,-0.41,-0.45
ltd_fixed_short,E_daily_fixed,PORT,fut,,1,1.0,1990-08-30,2024-03-28,33.6,-0.1833293208812205,-0.18483806222714325,-0.1816835957172066,,-0.003623927415039363,0.018835472353258872,-0.1383492439896864,-1.0619746412655788,,,,-0.4,0.19,-0.49,-0.03
opt_exp_fixed_short,E_daily_fixed,XTIUSD,fut,,1,1.0,1991-10-29,2024-03-28,32.2,-0.42261689990637363,-0.6346500165799234,-0.17619818103961848,-0.2504510463961274,-0.013340020751333781,0.03066236283808353,-0.3711723337928633,-2.397934563189649,15.37050883235812,0.005299536270996334,0.0479477381979539,-0.67,-0.5,-0.18,-0.22
opt_exp_fixed_short,E_daily_fixed,XBRUSD,fut,,1,1.0,1990-08-30,2024-03-28,33.3,-0.28276200872990637,-0.14897246021697216,-0.42194368710932423,-0.11613682955801917,-0.008953687285866763,0.03019411556018557,-0.3160932083016066,-1.6319440689804476,12.694728226614329,0.005033846874920202,0.04789135096497498,0.09,-0.44,-0.25,-0.84
opt_exp_fixed_short,E_daily_fixed,XNGUSD,fut,,1,1.0,1991-08-09,2024-03-28,32.4,-0.2848782880824604,-0.126654522324068,-0.4553167973475952,0.025334639687176395,-0.00950788626914556,0.031759246073838454,-0.32074286341137925,-1.6206815534927606,9.329781920444361,0.009850831531045918,0.047449730259931336,-0.15,-0.27,-0.47,-0.25
opt_exp_fixed_short,E_daily_fixed,PORT,fut,,1,1.0,1990-08-30,2024-03-28,33.6,-0.5496285231774816,-0.5036853253676284,-0.6026355520808042,,-0.010054989494099775,0.018088544647519474,-0.3062228418676005,-3.1838417931461764,,,,-0.37,-0.7,-0.51,-0.66
roll_win_fixed_short,E_daily_fixed,XTIUSD,fut,,1,1.0,1991-10-29,2024-03-28,32.2,-0.28461898434944866,-0.3264421732444722,-0.24144067404748082,-0.17318063103959885,-0.0238698154265361,0.07503321658958723,-0.6649799028138775,-1.6149323419453336,15.54396189461577,0.00835756550794915,0.23899913718723037,0.27,-0.82,0.01,-0.56
roll_win_fixed_short,E_daily_fixed,XBRUSD,fut,,1,1.0,1990-08-30,2024-03-28,33.3,-0.16841477784491,-0.23306156791231367,-0.09979505416658281,-0.06611110762066451,-0.015012068644752574,0.07373229782790602,-0.5539310378531201,-0.9719958457898439,12.820980269351864,0.007541237394798072,0.23933762211103168,0.16,-0.59,0.15,-0.42
roll_win_fixed_short,E_daily_fixed,XNGUSD,fut,,1,1.0,1991-08-09,2024-03-28,32.4,-0.45693536832663467,-0.5456874515347346,-0.3620524112235863,-0.28951684914017,-0.03413605252288965,0.07055368567414065,-0.7469135669059812,-2.5995197021509746,9.550632459934645,0.011827059830681571,0.23859735164296222,-0.26,-0.7,-0.51,-0.18
roll_win_fixed_short,E_daily_fixed,PORT,fut,,1,1.0,1990-08-30,2024-03-28,33.6,-0.3803139127231267,-0.4442539813818113,-0.30816086029924533,,-0.0234114542591356,0.05788654360182533,-0.6230527604671128,-2.2030503854543175,,,,0.05,-0.81,-0.18,-0.5
tom_wf_sign,E_daily_wf,XTIUSD,fut,,1,1.0,1991-10-29,2024-03-28,32.2,0.0834563076377982,0.25136921833453263,-0.07041820710982247,0.19745598417440202,0.0033928105540634856,0.06988410304780183,-0.37244547117381277,0.4735323283219381,15.93740985794208,0.007963379594258392,0.1890792555158388,-0.43,0.71,-0.29,0.35
tom_wf_sign,E_daily_wf,XBRUSD,fut,,1,1.0,1990-08-30,2024-03-28,33.3,0.07620237097714354,0.24783428502252222,-0.0919179205805143,0.17674911264819732,0.0028983244553550946,0.07184599164083533,-0.40773304364001817,0.4397974392563595,13.081351439403791,0.007222681566970804,0.18942101501072195,-0.18,0.51,-0.32,0.43
tom_wf_sign,E_daily_wf,XNGUSD,fut,,1,1.0,1991-08-09,2024-03-28,32.4,-0.21686520560257314,-0.3522376322278713,-0.081064882576627,-0.037357889894066826,-0.01686482109841636,0.06781652229321315,-0.5069299905314903,-1.233752985109098,10.230311855713628,0.012174130434604682,0.18881804806277588,-0.49,-0.22,0.14,-0.44
tom_wf_sign,E_daily_wf,PORT,fut,,1,1.0,1990-08-30,2024-03-28,33.6,-0.028407260340652846,0.0983876637766594,-0.14829114664113316,,-0.002577021120221845,0.048850636546516626,-0.2870143438960895,-0.16455518388762533,,,,-0.64,0.41,-0.28,0.17
eia_wf_sign,E_daily_wf,XTIUSD,fut,,1,1.0,1991-10-29,2024-03-28,32.2,-0.05359385626989346,0.09181928270988558,-0.19794543658875138,0.2599966300837114,-0.006205053016699935,0.07014969066664013,-0.4046676142215344,-0.30409233599665997,65.66012231237896,0.021997934849740813,0.2079378774805867,0.02,0.26,-0.31,-0.39
eia_wf_sign,E_daily_wf,XBRUSD,fut,,1,1.0,1990-08-30,2024-03-28,33.3,-0.20065947232158052,-0.28515292610725484,-0.11429528633828222,0.10621427173104955,-0.015935860575227223,0.06838778994579348,-0.42164179530049617,-1.15809417683386,54.51143224260974,0.020984177958226023,0.20836311651179415,-0.46,0.02,-0.22,-0.2
eia_wf_sign,E_daily_wf,XNGUSD,fut,,1,1.0,1991-08-09,2024-03-28,32.4,0.01259241774055864,-0.21213432054522216,0.2201288420138704,0.5377306940703016,-0.0015505174929799637,0.06967592505491658,-0.2966083718912761,0.07163866113970406,35.36747681553048,0.036608188955220625,0.1893084845512506,-0.76,0.14,0.23,0.23
eia_wf_sign,E_daily_wf,PORT,fut,,1,1.0,1990-08-30,2024-03-28,33.6,-0.10550069853678871,-0.19220275586029412,-0.019665904175482918,,-0.006390803724507066,0.04926118985768656,-0.27318507963938354,-0.6111355561856062,,,,-0.54,0.23,-0.14,-0.16
pre_hol_wf_sign,E_daily_wf,XTIUSD,fut,,1,1.0,1991-10-29,2024-03-28,32.2,0.4836931575649501,0.6891679367619682,0.3323076985854705,0.6204289907565883,0.011545087017168054,0.02434467203639923,-0.04833266002680925,2.7444821557308443,10.096704150512638,0.003399224707991191,0.032047331443362505,0.18,0.94,0.26,0.4
pre_hol_wf_sign,E_daily_wf,XBRUSD,fut,,1,1.0,1990-08-30,2024-03-28,33.3,0.21827161650526186,0.04896487188476441,0.35496533544072056,0.36522807454072814,0.004681233103235094,0.02256482554092648,-0.11521565448644078,1.2597416165719246,8.600684806543496,0.0033350799978211676,0.03276149630688587,-0.62,0.72,0.27,0.46
pre_hol_wf_sign,E_daily_wf,XNGUSD,fut,,1,1.0,1991-08-09,2024-03-28,32.4,-0.12148407008219483,0.0014157404333199604,-0.23466009881725086,0.12523997951677357,-0.003304974297902552,0.024734601501640308,-0.14601613132098323,-0.6911267009876313,5.889390683283687,0.006105771357134911,0.03200098087297695,0.03,-0.08,-0.25,-0.18
pre_hol_wf_sign,E_daily_wf,PORT,fut,,1,1.0,1990-08-30,2024-03-28,33.6,0.2485257464067601,0.3195229432683099,0.19547349515162663,,0.004356717939081323,0.01815519427346805,-0.04456182532049047,1.439639001098896,,,,-0.25,0.68,0.11,0.31
post_hol_wf_sign,E_daily_wf,XTIUSD,fut,,1,1.0,1991-10-29,2024-03-28,32.2,-0.07678827301642724,0.06979733123513777,-0.20359131302609715,0.029286604717931392,-0.0036596803917299248,0.03823961720483975,-0.30456404454120267,-0.43569780090319804,9.533906341973703,0.004056589689258563,0.030198446937014668,-0.16,0.09,-0.33,0.12
post_hol_wf_sign,E_daily_wf,XBRUSD,fut,,1,1.0,1990-08-30,2024-03-28,33.3,-0.010469474214559436,0.09235847112710995,-0.09455014971010371,0.0867570640141889,-0.0010536969886005831,0.03661416270034484,-0.2567202200236893,-0.06042394601218909,7.584240001034932,0.0035610495637022157,0.028830116750059566,0.02,-0.01,-0.31,0.61
post_hol_wf_sign,E_daily_wf,XNGUSD,fut,,1,1.0,1991-08-09,2024-03-28,32.4,-0.09029744880908508,-0.6777010925554434,0.4113948626737668,0.08360844649410722,-0.0038992512574840266,0.03606480395248057,-0.3648950857534041,-0.5137050303039615,5.574138859439242,0.006270717235297999,0.030161844041196664,-0.77,-0.45,0.36,0.6
post_hol_wf_sign,E_daily_wf,PORT,fut,,1,1.0,1990-08-30,2024-03-28,33.6,-0.10881025151807819,-0.25620115822874867,0.04236644838358626,,-0.003010054561410125,0.02486369611600498,-0.24039920674037196,-0.6303068558072934,,,,-0.31,-0.27,-0.17,0.63
exp_week_wf_sign,E_daily_wf,XTIUSD,fut,,1,1.0,1991-10-29,2024-03-28,32.2,-0.12409729819098277,-0.2736185318619909,0.0405028619244695,-0.009434474381235333,-0.012012269814180132,0.07482420188084052,-0.42786743344608946,-0.7041299119759171,15.985443588597581,0.008579637147985611,0.23961543202267965,-0.3,-0.29,0.12,0.13
exp_week_wf_sign,E_daily_wf,XBRUSD,fut,,1,1.0,1990-08-30,2024-03-28,33.3,0.06567527003668736,0.3586297927061726,-0.26159308622129646,0.1702337362296183,0.0021333874678506337,0.07256098529244245,-0.4221687269784291,0.3790409040326127,12.881656774290857,0.00758744915946337,0.24029068382177746,0.06,0.46,-0.28,-0.12
exp_week_wf_sign,E_daily_wf,XNGUSD,fut,,1,1.0,1991-08-09,2024-03-28,32.4,-0.011148055756286081,0.04084593894719802,-0.07082606342518073,0.15095682926576354,-0.0036848115300244233,0.07540161035737145,-0.4041028998751873,-0.06342164031922244,9.890973084315167,0.012220818254737887,0.23761647866601276,-0.26,0.36,0.19,-0.73
exp_week_wf_sign,E_daily_wf,PORT,fut,,1,1.0,1990-08-30,2024-03-28,33.6,-0.05849974943472149,0.055156959623905884,-0.18483319442093932,,-0.0031530404409051416,0.04017824892478296,-0.21640310610312152,-0.3388724188877332,,,,-0.32,0.3,-0.01,-0.45
ltd_wf_sign,E_daily_wf,XTIUSD,fut,,1,1.0,1991-10-29,2024-03-28,32.2,0.05160946929856675,0.16371577664430548,-0.0662577989527973,0.2090048839025099,0.001151188989586771,0.03250662734568853,-0.1355352287920727,0.2928328948660717,14.421248951533329,0.005118149519881793,0.0457290767903365,0.01,0.34,-0.29,0.11
ltd_wf_sign,E_daily_wf,XBRUSD,fut,,1,1.0,1990-08-30,2024-03-28,33.3,-0.24566142227646587,0.06963356141528805,-0.5712578815653233,-0.09993970986716519,-0.00873639454738051,0.033441833099725635,-0.34893356350712046,-1.41782024700611,12.357907162545985,0.004875058022957338,0.046104360257326664,-0.07,-0.09,-0.23,-1.13
ltd_wf_sign,E_daily_wf,XNGUSD,fut,,1,1.0,1991-08-09,2024-03-28,32.4,-0.17273568163825886,0.025057991338670347,-0.36929959747323704,0.11761482868044205,-0.0059179092528467425,0.03148863059899784,-0.3052144573649057,-0.9826987333625459,8.744912441923486,0.009140856909506742,0.04512015693967631,-0.28,0.21,-0.41,-0.45
ltd_wf_sign,E_daily_wf,PORT,fut,,1,1.0,1990-08-30,2024-03-28,33.6,-0.22115949618696007,0.12491248612193344,-0.5903625539060069,,-0.004288755529308297,0.018647543228624597,-0.23278418605779938,-1.281114092915847,,,,-0.17,0.23,-0.53,-0.81
opt_exp_wf_sign,E_daily_wf,XTIUSD,fut,,1,1.0,1991-10-29,2024-03-28,32.2,-0.1880643287786338,-0.21286805031032324,-0.16062003377132822,-0.023072468307156285,-0.006114827390914401,0.03018785808676168,-0.2116723201659254,-1.0670797930259168,14.440512072746904,0.004981271702455885,0.04585233575742635,-0.57,0.04,-0.2,-0.12
opt_exp_wf_sign,E_daily_wf,XBRUSD,fut,,1,1.0,1990-08-30,2024-03-28,33.3,-0.3094228166139202,-0.5831419506167042,-0.03210575351471349,-0.1466950043641482,-0.009607238540606522,0.02976501147254359,-0.40015210717576943,-1.7858153315873813,12.229677908149108,0.004850382555336086,0.045746962115797,0.04,-1.13,-0.09,0.53
opt_exp_wf_sign,E_daily_wf,XNGUSD,fut,,1,1.0,1991-08-09,2024-03-28,32.4,-0.32754501443273276,-0.1715920530728547,-0.4864184015722614,-0.02844365632973034,-0.010538364603053574,0.030883650072752712,-0.3249868042297881,-1.8634139035404205,8.754505217641858,0.009239361738013917,0.045242766061794996,-0.25,-0.27,-0.47,-0.34
opt_exp_wf_sign,E_daily_wf,PORT,fut,,1,1.0,1990-08-30,2024-03-28,33.6,-0.4756151990013815,-0.5370840656945278,-0.40582322912544655,,-0.008373286407662106,0.01736195508296264,-0.2691031696339352,-2.75510364578942,,,,-0.41,-0.73,-0.42,-0.05
roll_win_wf_sign,E_daily_wf,XTIUSD,fut,,1,1.0,1991-10-29,2024-03-28,32.2,-0.040362030480666264,-0.11896276842860364,0.04083322618915172,0.0746220850853956,-0.005836875388720131,0.07504187823341132,-0.4100789242820967,-0.22901476006176177,16.44608355829368,0.008626241133620281,0.23899913718723037,-0.43,0.21,-0.25,0.41
roll_win_wf_sign,E_daily_wf,XBRUSD,fut,,1,1.0,1990-08-30,2024-03-28,33.3,-0.17758308651515609,-0.16896923669421351,-0.18670292864767205,-0.07395356743243013,-0.015716684051644503,0.07378766995201776,-0.5744862267555788,-1.0249101924667412,13.1320704741823,0.007650346614689495,0.23933762211103168,-0.47,0.17,-0.39,-0.01
roll_win_wf_sign,E_daily_wf,XNGUSD,fut,,1,1.0,1991-08-09,2024-03-28,32.4,-0.06570824912524081,-0.15265793290785748,0.027743317956659436,0.10857429916547093,-0.007099005013628368,0.07056882572246016,-0.4788905379817723,-0.3738162988355208,10.015407237825954,0.012291538261674626,0.23859735164296222,-0.73,0.32,0.12,-0.09
roll_win_wf_sign,E_daily_wf,PORT,fut,,1,1.0,1990-08-30,2024-03-28,33.6,-0.1132422723229478,-0.18204715159638973,-0.04162628450340574,,-0.007570083703193009,0.0541422416137306,-0.39123818206588834,-0.6559802924496648,,,,-0.83,0.27,-0.2,0.16
dow0_long_only,E_dow_fixed,XTIUSD,fut,,1,1.0,1991-10-29,2024-03-28,32.2,-0.31176616424780057,-0.3374527422817633,-0.2845046878713036,0.032681747045769635,-0.023931220743333315,0.06983732181060419,-0.656405039710033,-1.7689658436481925,59.3780698751988,0.024054848743520575,0.18796992481203006,-0.34,-0.44,-0.45,0.24
dow0_long_only,E_dow_fixed,XBRUSD,fut,,1,1.0,1990-08-30,2024-03-28,33.3,-0.5250604283213974,-0.3529914867159582,-0.7075090170959271,-0.2195935204450172,-0.039242416749806774,0.07136888411970312,-0.7982178893551033,-3.030354946565391,48.084617807465506,0.021813840899880588,0.18334524660471765,-0.26,-0.58,-0.88,-0.3
dow0_long_only,E_dow_fixed,XNGUSD,fut,,1,1.0,1991-08-09,2024-03-28,32.4,-0.46569785679919457,-0.48234943381638445,-0.4484939041866317,0.048686534397670664,-0.03903516048176214,0.07883128197842665,-0.7907524258014428,-2.6493697750567065,36.695399152995385,0.040546947223213343,0.18722412947523295,-0.66,-0.2,-1.12,0.49
dow0_long_only,E_dow_fixed,PORT,fut,,1,1.0,1990-08-30,2024-03-28,33.6,-0.5124995272789865,-0.4160193149457948,-0.6314731797234239,,-0.030742005343010748,0.05767387844132732,-0.7247966499890257,-2.9687640744794375,,,,-0.47,-0.41,-1.11,0.2
dow1_long_only,E_dow_fixed,XTIUSD,fut,,1,1.0,1991-10-29,2024-03-28,32.2,-0.47272326139599985,-0.5001530572174494,-0.44582962058876774,-0.13395015378649686,-0.03289976569971831,0.06612661799058336,-0.666308040467067,-2.6822388020363865,65.0552426209429,0.022407105302216252,0.2057192160729693,-0.81,-0.38,-0.49,-0.06
dow1_long_only,E_dow_fixed,XBRUSD,fut,,1,1.0,1990-08-30,2024-03-28,33.3,-0.328157070262629,-0.35765066339731627,-0.297107305122154,0.00047399918472076913,-0.023185306453988752,0.06503732692143255,-0.5863778836988394,-1.8939389591783469,53.85023256482371,0.021373281232778495,0.2058613295210865,-0.63,-0.29,-0.3,0.09
dow1_long_only,E_dow_fixed,XNGUSD,fut,,1,1.0,1991-08-09,2024-03-28,32.4,-0.6588217641034521,-0.38586961172802664,-0.9459829520703115,-0.028574698185486982,-0.044568068084830714,0.06589607560741283,-0.772056165559718,-3.748057766385332,39.7845972737803,0.04153342758140793,0.20537027954879844,-0.58,-0.48,-0.72,-1.07
dow1_long_only,E_dow_fixed,PORT,fut,,1,1.0,1990-08-30,2024-03-28,33.6,-0.598685117252769,-0.49340826130321364,-0.7076713278608694,,-0.03188793449333349,0.051877715759860346,-0.6666941222359216,-3.468012697420502,,,,-0.82,-0.46,-0.65,-0.44
dow2_long_only,E_dow_fixed,XTIUSD,fut,,1,1.0,1991-10-29,2024-03-28,32.2,-0.07339279811893999,0.05301403263434828,-0.19734905301142383,0.23367777245766966,-0.007694379964937603,0.0709176646243373,-0.411601300597798,-0.4164318259340681,64.96304583511325,0.02177643861426066,0.20584247504005918,0.17,0.07,-0.21,-0.51
dow2_long_only,E_dow_fixed,XBRUSD,fut,,1,1.0,1990-08-30,2024-03-28,33.3,-0.09162849925609151,-0.11082930629394148,-0.072527166070067,0.20876402266945565,-0.00871954994308588,0.0693315193577265,-0.36884864661458516,-0.5288284185779395,54.063800513011486,0.020826890947000354,0.2065761258041458,0.18,-0.2,-0.03,-0.48
dow2_long_only,E_dow_fixed,XNGUSD,fut,,1,1.0,1991-08-09,2024-03-28,32.4,-0.4114694378514617,-0.33190656134460755,-0.4964138888742118,0.21636760674857705,-0.0288173931053729,0.06581464788562258,-0.6650101633481306,-2.340862591672382,39.897074104483764,0.04131899874058059,0.20610593428151056,-0.37,-0.28,-0.65,-0.32
dow2_long_only,E_dow_fixed,PORT,fut,,1,1.0,1990-08-30,2024-03-28,33.6,-0.21822399170855747,-0.1513317373005195,-0.28955300641939513,,-0.013367208891277405,0.05478679829023087,-0.4063053529600881,-1.2641095499414863,,,,-0.02,-0.12,-0.37,-0.55
dow3_long_only,E_dow_fixed,XTIUSD,fut,,1,1.0,1991-10-29,2024-03-28,32.2,-0.09508033291714829,-0.0016290883688211749,-0.19030813343519126,0.22689968691143308,-0.008495247969898978,0.06645581860302366,-0.37424555272050075,-0.5394872202983804,63.90204647876535,0.021393055070088804,0.20239122396154322,-0.59,0.73,-0.49,-0.21
dow3_long_only,E_dow_fixed,XBRUSD,fut,,1,1.0,1990-08-30,2024-03-28,33.3,0.06556663806196146,0.2836172252034418,-0.17043280688396018,0.38020953179931216,0.0021482754041948215,0.0647847220673026,-0.3283585706480461,0.37841394106947684,53.01944853208659,0.020389858474707374,0.20276387896116274,-0.2,0.8,-0.45,0.02
dow3_long_only,E_dow_fixed,XNGUSD,fut,,1,1.0,1991-08-09,2024-03-28,32.4,-1.0095273852895603,-0.7826798774376111,-1.242966723192482,-0.4522726694220917,-0.07368095596145885,0.07314920912216105,-0.9198020119112584,-5.743233091217467,39.46227837847793,0.040837598558583925,0.20267287886218735,-0.88,-0.81,-1.29,-1.15
dow3_long_only,E_dow_fixed,PORT,fut,,1,1.0,1990-08-30,2024-03-28,33.6,-0.46242401176538217,-0.22465147075992048,-0.7255642440873226,,-0.025658280816877488,0.05314955182220223,-0.6042841486706688,-2.6786908479593676,,,,-0.7,0.24,-0.98,-0.66
dow4_long_only,E_dow_fixed,XTIUSD,fut,,1,1.0,1991-10-29,2024-03-28,32.2,0.1808343603400982,0.5872169571820081,-0.1964754455026769,0.4978859062104443,0.009799841465338188,0.06598586682030053,-0.44298626223895177,1.0260568447875107,62.54686072614499,0.020942473841250208,0.19807716011339824,-0.17,0.99,-0.42,0.29
dow4_long_only,E_dow_fixed,XBRUSD,fut,,1,1.0,1990-08-30,2024-03-28,33.3,0.0909724974549777,0.23801403910096483,-0.054156741863020996,0.4116051363498468,0.0037600950005520772,0.06336910304810248,-0.36741679924218595,0.5250423433078675,52.76166571712436,0.02033004383117607,0.2014534191088873,-0.18,0.48,-0.27,0.55
dow4_long_only,E_dow_fixed,XNGUSD,fut,,1,1.0,1991-08-09,2024-03-28,32.4,-0.5662430663687371,-0.15043545713263243,-0.986439372605448,0.13182218194717854,-0.03343817236794466,0.05717111585569173,-0.6817443178274013,-3.2213746390927245,38.55833437151533,0.0399026585799446,0.19862677783227073,-0.22,-0.38,-0.88,-0.99
dow4_long_only,E_dow_fixed,PORT,fut,,1,1.0,1990-08-30,2024-03-28,33.6,-0.1178834121788259,0.24678484503530398,-0.49134256519880937,,-0.00696451841580048,0.0490653855334596,-0.4391004675682043,-0.6828650963087426,,,,-0.26,0.43,-0.65,0.0
dow_wf_sign_all_days,E_dow_wf,XTIUSD,fut,,1,1.0,1991-10-29,2024-03-28,32.2,-0.21717110140668097,-0.14326817798699337,-0.2916485341111189,0.15152341859930107,-0.03981400109866351,0.1411575297003629,-0.7892222741590861,-1.2322320529643132,126.05703461349418,0.05203544823918204,0.9704178478984347,-0.57,0.34,-0.5,-0.34
dow_wf_sign_all_days,E_dow_wf,XBRUSD,fut,,1,1.0,1990-08-30,2024-03-28,33.3,-0.03667950705146748,-0.03340563464269234,-0.04011755787318435,0.2913230689272707,-0.014758318663456782,0.139581807971643,-0.6168526226600062,-0.2116935873197377,96.13980792956417,0.04576483310794022,0.9714081486776269,-0.49,0.44,-0.16,-0.07
dow_wf_sign_all_days,E_dow_wf,XNGUSD,fut,,1,1.0,1991-08-09,2024-03-28,32.4,-0.9476194654490576,-0.8784315420123724,-1.0201366514075143,-0.05518060505914574,-0.13164368911545776,0.1387536682589753,-0.9898953141241431,-5.391036985378861,115.22053617833916,0.12382879934973548,0.9705738106915155,-1.12,-0.79,-0.94,-1.01
dow_wf_sign_all_days,E_dow_wf,PORT,fut,,1,1.0,1990-08-30,2024-03-28,33.6,-0.5398392434042303,-0.4742539589881286,-0.6071656888179765,,-0.057069650908371905,0.09964237926576591,-0.8659687719428288,-3.1271352781955075,,,,-1.04,0.03,-0.73,-0.65
trend_only,G_overlay,XTIUSD,fut,,1,1.0,1991-10-29,2024-03-28,32.2,0.37032822696546874,0.5541511583623945,0.15872059313138537,0.4592420358925708,0.053278488498845755,0.18815193247482548,-0.4688193460658887,2.10124785677518,7.170348126771888,0.016747917063942748,0.966720078885739,0.27,0.8,-0.07,0.35
trend_only,G_overlay,XBRUSD,fut,,1,1.0,1990-08-30,2024-03-28,33.3,0.47660244073953856,0.5306829544319449,0.4194473001351646,0.5534112221762142,0.07508273499565554,0.18974216819423062,-0.4257411314929983,2.7506825613529897,6.023076463740844,0.014607206265420513,0.9678341672623302,0.72,0.37,0.36,0.41
trend_only,G_overlay,XNGUSD,fut,,1,1.0,1991-08-09,2024-03-28,32.4,0.386045486727285,0.3227079162049515,0.4485384234622649,0.45650750039564997,0.057391951301740685,0.19267084279512167,-0.44976294141665496,2.1962249329683683,4.375532802784948,0.013577437901399531,0.9668955370279548,0.27,0.45,0.14,0.83
trend_only,G_overlay,PORT,fut,,1,1.0,1990-08-30,2024-03-28,33.6,0.5483262473087431,0.6287468431548074,0.45981260232388016,,0.06980182754276565,0.14129488299157697,-0.33742565788466783,3.1762980792335047,,,,0.58,0.69,0.24,0.75
trend+0.5xseasonal_wf_exp_tstat,G_overlay,XTIUSD,fut,,1,1.0,1991-10-29,2024-03-28,32.2,0.41161823555535565,0.5992961559040118,0.19564271863370344,0.5017816224724987,0.06481045835572274,0.20270124938002013,-0.4978773884880532,2.335527978403118,8.059051097789302,0.018299444270852963,0.966720078885739,0.41,0.76,-0.03,0.35
trend+0.5xseasonal_wf_exp_tstat,G_overlay,XBRUSD,fut,,1,1.0,1990-08-30,2024-03-28,33.3,0.52711311999794,0.5942155310956623,0.4558438424417883,0.6053235939812396,0.08926565391430707,0.2003219731359397,-0.46824003950273263,3.0422019341505546,6.758406744625921,0.015708528829239322,0.9678341672623302,0.84,0.39,0.41,0.43
trend+0.5xseasonal_wf_exp_tstat,G_overlay,XNGUSD,fut,,1,1.0,1991-08-09,2024-03-28,32.4,0.3603676174430213,0.2846576836143739,0.43440842820213293,0.43314132319320087,0.05271899965461735,0.19577829463270968,-0.4578686024603198,2.050142725854155,4.9202632144604,0.0142511781276901,0.9668955370279548,0.21,0.44,0.1,0.83
trend+0.5xseasonal_wf_exp_tstat,G_overlay,PORT,fut,,1,1.0,1990-08-30,2024-03-28,33.6,0.5736251524552171,0.6606536928785064,0.4771244285895154,,0.0772770860597658,0.14920911850683544,-0.3296380315617836,3.322847445086148,,,,0.68,0.67,0.25,0.76
trend+0.5xseasonal_wf_exp_tstat,G_overlay_robust,XTIUSD,fut,,2,1.0,1991-10-29,2024-03-28,32.2,0.4002982977359266,0.5977322935560786,0.17393518429827304,0.48955068492944737,0.06275070520811021,0.20455767343813042,-0.5274417203896005,2.271298483187995,8.057413775381136,0.018276465382134427,0.9665968199186491,0.41,0.75,-0.08,0.4
trend+0.5xseasonal_wf_exp_tstat,G_overlay_robust,XBRUSD,fut,,2,1.0,1990-08-30,2024-03-28,33.3,0.49643416223780773,0.5674013354330522,0.42137646537438117,0.5738486454408783,0.08323479881928142,0.2023325705854628,-0.48819827007873273,2.8651401591828547,6.757487921904444,0.015699064705194107,0.9677150345484871,0.83,0.34,0.37,0.42
trend+0.5xseasonal_wf_exp_tstat,G_overlay_robust,XNGUSD,fut,,2,1.0,1991-08-09,2024-03-28,32.4,0.34102505175437964,0.2685748178598618,0.4124027366963591,0.4129864616948063,0.048993842478291416,0.19754805247152274,-0.4809245742658226,1.9401022604336047,4.920013252768224,0.014223279846724194,0.9667729279058362,0.19,0.44,0.1,0.76
trend+0.5xseasonal_wf_exp_tstat,G_overlay_robust,PORT,fut,,2,1.0,1990-08-30,2024-03-28,33.6,0.5471497471136278,0.640673014357118,0.4436693123144925,,0.07372518947042273,0.15084121698112432,-0.3559951754061357,3.1694829480441737,,,,0.67,0.64,0.21,0.74
trend+0.5xseasonal_wf_exp_tstat,G_overlay_robust,XTIUSD,fut,,1,2.0,1991-10-29,2024-03-28,32.2,0.39970094162239633,0.5875160475509797,0.18348348729061262,0.5017816224724987,0.06224064651219763,0.20269608311774262,-0.5052187403835218,2.267909075732959,8.059051097789302,0.020717159600189758,0.966720078885739,0.39,0.75,-0.05,0.34
trend+0.5xseasonal_wf_exp_tstat,G_overlay_robust,XBRUSD,fut,,1,2.0,1990-08-30,2024-03-28,33.3,0.515320578670467,0.5826566796291084,0.44380503645375363,0.6053235939812396,0.08669405356028315,0.20031588524862753,-0.47673147710976804,2.974141985206144,6.758406744625921,0.018073971189858394,0.9678341672623302,0.83,0.38,0.4,0.42
trend+0.5xseasonal_wf_exp_tstat,G_overlay_robust,XNGUSD,fut,,1,2.0,1991-08-09,2024-03-28,32.4,0.33522047782283537,0.2588543401398058,0.4098980078724186,0.43314132319320087,0.04755082346459649,0.19578724663734182,-0.4804331937827979,1.9070798565148626,4.9202632144604,0.0191714413421505,0.9668955370279548,0.18,0.42,0.07,0.81
trend+0.5xseasonal_wf_exp_tstat,G_overlay_robust,PORT,fut,,1,2.0,1990-08-30,2024-03-28,33.6,0.5524366135122305,0.6399682433333278,0.45537385210280423,,0.07387576728199985,0.14920527118348206,-0.3343276316215291,3.2001082622060735,,,,0.65,0.66,0.23,0.74
trend+1.0xseasonal_wf_exp_tstat,G_overlay,XTIUSD,fut,,1,1.0,1991-10-29,2024-03-28,32.2,0.4213487869608822,0.6136552931633287,0.20365572623409534,0.5121680993306843,0.07214195261902656,0.22658003937060722,-0.5441352374300622,2.390739271513675,9.369362022740885,0.020606394331710486,0.966720078885739,0.53,0.71,-0.01,0.31
trend+1.0xseasonal_wf_exp_tstat,G_overlay,XBRUSD,fut,,1,1.0,1990-08-30,2024-03-28,33.3,0.5390757808795629,0.6216543214490681,0.45245492523885905,0.6190471937930556,0.0990155291435133,0.220106997403841,-0.5119554049170554,3.1112437179555235,7.8436155131839165,0.017649149703889505,0.9678341672623302,0.93,0.38,0.43,0.37
trend+1.0xseasonal_wf_exp_tstat,G_overlay,XNGUSD,fut,,1,1.0,1991-08-09,2024-03-28,32.4,0.3241282285089308,0.24082967296850638,0.4052208382198203,0.40007040820930134,0.04633454231580458,0.20391211501042406,-0.48098664777881506,1.8439757008040412,5.7682811800234735,0.01548946203912088,0.9668955370279548,0.15,0.43,0.05,0.81
trend+1.0xseasonal_wf_exp_tstat,G_overlay,PORT,fut,,1,1.0,1990-08-30,2024-03-28,33.6,0.5641042519650245,0.6605488688476033,0.45756731139009243,,0.0820030957675244,0.16343773431105288,-0.3536336707650841,3.2676955750306833,,,,0.75,0.63,0.24,0.7
trend+1.0xseasonal_wf_exp_tstat,G_overlay_robust,XTIUSD,fut,,2,1.0,1991-10-29,2024-03-28,32.2,0.3964132621700102,0.5906402731067038,0.17717030975786907,0.486416194538532,0.0664346224110488,0.22850132852971639,-0.582865432911835,2.2492547337193964,9.367588928667749,0.02058327820223996,0.9665968199186491,0.5,0.68,-0.08,0.38
trend+1.0xseasonal_wf_exp_tstat,G_overlay_robust,XBRUSD,fut,,2,1.0,1990-08-30,2024-03-28,33.3,0.5036551613817163,0.5856013887787228,0.4181928318564388,0.582905950157268,0.09109234488832652,0.2221037280609799,-0.5449405289063498,2.9068157250693267,7.842670247422003,0.01763860852604879,0.9677150345484871,0.92,0.32,0.37,0.42
trend+1.0xseasonal_wf_exp_tstat,G_overlay_robust,XNGUSD,fut,,2,1.0,1991-08-09,2024-03-28,32.4,0.3102126260922163,0.24288684629926863,0.3762278858035598,0.3853333103560884,0.043555351258837804,0.2057305426563441,-0.5027182153340427,1.7648094003663595,5.768095254081456,0.015462086885774417,0.9667729279058362,0.14,0.44,0.05,0.7
trend+1.0xseasonal_wf_exp_tstat,G_overlay_robust,PORT,fut,,2,1.0,1990-08-30,2024-03-28,33.6,0.5313803153804398,0.6342378372228018,0.41808205415273425,,0.07689165331820758,0.1651107429112243,-0.3908891072970363,3.0781351127534697,,,,0.73,0.6,0.18,0.7
trend+1.0xseasonal_wf_exp_tstat,G_overlay_robust,XTIUSD,fut,,1,2.0,1991-10-29,2024-03-28,32.2,0.4089638770399761,0.6012008941847,0.19129127838819404,0.5121680993306843,0.06913567616073535,0.22656870529050344,-0.5515071946753909,2.3204671087868403,9.369362022740885,0.02341720293853275,0.966720078885739,0.52,0.7,-0.03,0.3
trend+1.0xseasonal_wf_exp_tstat,G_overlay_robust,XBRUSD,fut,,1,2.0,1990-08-30,2024-03-28,33.3,0.526632988446118,0.6093005349068942,0.4399227911866434,0.6190471937930556,0.09600624893766319,0.22009461734426886,-0.5207094521834059,3.0394308835350716,7.8436155131839165,0.020394415133503877,0.9678341672623302,0.92,0.37,0.42,0.36
trend+1.0xseasonal_wf_exp_tstat,G_overlay_robust,XNGUSD,fut,,1,2.0,1991-08-09,2024-03-28,32.4,0.2958203315567543,0.21250191520917971,0.3769283607407326,0.40007040820930134,0.040313917377408304,0.20392577857090582,-0.5068762988008351,1.6829311834511196,5.7682811800234735,0.021257743219144355,0.9668955370279548,0.12,0.4,0.01,0.79
trend+1.0xseasonal_wf_exp_tstat,G_overlay_robust,PORT,fut,,1,2.0,1990-08-30,2024-03-28,33.6,0.5415265093882783,0.6386451881162217,0.4342439174980221,,0.0780144888290113,0.16342733775846024,-0.36343185604281547,3.1369091304059236,,,,0.72,0.62,0.21,0.68
trend+0.5xseasonal_wf_N10_sign,G_overlay,XTIUSD,fut,,1,1.0,1991-10-29,2024-03-28,32.2,0.36622016266674023,0.6051341157200383,0.08655975627126146,0.45704673782162764,0.05550887384234171,0.205298571785055,-0.5233303805513171,2.077938638966075,8.262636211625116,0.018672062426333236,0.966720078885739,0.27,0.87,-0.11,0.12
trend+0.5xseasonal_wf_N10_sign,G_overlay,XBRUSD,fut,,1,1.0,1990-08-30,2024-03-28,33.3,0.4798003308126622,0.5363644123239278,0.4202635416805011,0.5584583690070747,0.0805308786007588,0.20548441617108726,-0.4756999778389832,2.7691389931824526,7.077686461460648,0.016206253080328414,0.9678341672623302,0.73,0.43,0.38,0.27
trend+0.5xseasonal_wf_N10_sign,G_overlay,XNGUSD,fut,,1,1.0,1991-08-09,2024-03-28,32.4,0.3110791658338575,0.29298850369027907,0.32840425070893536,0.3850781465468045,0.04417763088664084,0.20968603490723187,-0.5163119638196627,1.7697391722492897,5.54811919748719,0.015521339971274174,0.9668955370279548,0.27,0.42,0.1,0.53
trend+0.5xseasonal_wf_N10_sign,G_overlay,PORT,fut,,1,1.0,1990-08-30,2024-03-28,33.6,0.5126369657934388,0.6380366248153321,0.3738716110138038,,0.06931471065597727,0.15386141327266953,-0.4091267915714436,2.9695602167243327,,,,0.59,0.73,0.2,0.47
trend+0.5xseasonal_wf_N10_sign,G_overlay_robust,XTIUSD,fut,,2,1.0,1991-10-29,2024-03-28,32.2,0.35502283630914383,0.608634722826011,0.06002368709771677,0.4451391387785043,0.053317953699332454,0.20686798817353194,-0.5536917127515464,2.014404843005375,8.261300978330523,0.018662796953268838,0.9665968199186491,0.31,0.83,-0.16,0.18
trend+0.5xseasonal_wf_N10_sign,G_overlay_robust,XBRUSD,fut,,2,1.0,1990-08-30,2024-03-28,33.3,0.4700493584563709,0.5166000555279421,0.4214583212261691,0.5477414931550114,0.07908719073196124,0.2080094235603104,-0.47616877146811976,2.712861837792593,7.076888584080853,0.016196906628005003,0.9677150345484871,0.73,0.38,0.38,0.32
trend+0.5xseasonal_wf_N10_sign,G_overlay_robust,XNGUSD,fut,,2,1.0,1991-08-09,2024-03-28,32.4,0.3104655450372901,0.2804859049210153,0.3390825360426072,0.38375796182412136,0.04421279758649033,0.2114042598013912,-0.5228250027270362,1.7662482642108774,5.547883699405438,0.015503184212127631,0.9667729279058362,0.23,0.44,0.11,0.52
trend+0.5xseasonal_wf_N10_sign,G_overlay_robust,PORT,fut,,2,1.0,1990-08-30,2024-03-28,33.6,0.503795920137748,0.6257045153566987,0.36946391579311444,,0.06854633206899186,0.1556986259377471,-0.41604740275894725,2.9183465524643863,,,,0.59,0.69,0.19,0.51
trend+0.5xseasonal_wf_N10_sign,G_overlay_robust,XTIUSD,fut,,1,2.0,1991-10-29,2024-03-28,32.2,0.35415476383405753,0.5941185327703637,0.07314497294001905,0.45704673782162764,0.052897095287309126,0.20529354089093002,-0.5305448309370178,2.0094793868964875,8.262636211625116,0.021150853289820776,0.966720078885739,0.26,0.86,-0.13,0.1
trend+0.5xseasonal_wf_N10_sign,G_overlay_robust,XBRUSD,fut,,1,2.0,1990-08-30,2024-03-28,33.3,0.46775923791590995,0.5250593033716201,0.4074503600230588,0.5584583690070747,0.07785939623161875,0.20547814517241422,-0.484197297584521,2.699644543679983,7.077686461460648,0.01868344334183964,0.9678341672623302,0.72,0.42,0.37,0.25
trend+0.5xseasonal_wf_N10_sign,G_overlay_robust,XNGUSD,fut,,1,2.0,1991-08-09,2024-03-28,32.4,0.2846090873333547,0.26673440990899866,0.30168961368273295,0.3850781465468045,0.03839904499946467,0.20969406910946992,-0.5388178353334051,1.6191500619522898,5.54811919748719,0.021069459168761368,0.9668955370279548,0.24,0.4,0.06,0.51
trend+0.5xseasonal_wf_N10_sign,G_overlay_robust,PORT,fut,,1,2.0,1990-08-30,2024-03-28,33.6,0.4903342323882137,0.6175295231135544,0.3495836281083876,,0.06565107146581539,0.15385786513881347,-0.4195677534752842,2.8403668220539777,,,,0.57,0.71,0.17,0.45
trend+1.0xseasonal_wf_N10_sign,G_overlay,XTIUSD,fut,,1,1.0,1991-10-29,2024-03-28,32.2,0.3272984577391144,0.6169074587157893,0.009882296584148577,0.41944855025704236,0.050836366541349154,0.23966781344090127,-0.6646048071996327,1.8570963074717606,9.407892403419282,0.02211475261740846,0.966720078885739,0.27,0.86,-0.14,-0.16
trend+1.0xseasonal_wf_N10_sign,G_overlay,XBRUSD,fut,,1,1.0,1990-08-30,2024-03-28,33.3,0.43977939237349395,0.512569086395894,0.367433657026978,0.5201004347323231,0.07948816443274143,0.23885232325253647,-0.565626214116224,2.5381605338972166,8.179209078177632,0.019230574240887026,0.9678341672623302,0.74,0.44,0.36,0.04
trend+1.0xseasonal_wf_N10_sign,G_overlay,XNGUSD,fut,,1,1.0,1991-08-09,2024-03-28,32.4,0.22615620788907542,0.2513470258422759,0.20579617119068197,0.3017839730839287,0.02572193313183435,0.2435147198465565,-0.6455879599667809,1.2866097897485402,6.834047972724891,0.01842052504478039,0.9668955370279548,0.27,0.36,0.05,0.25
trend+1.0xseasonal_wf_N10_sign,G_overlay,PORT,fut,,1,1.0,1990-08-30,2024-03-28,33.6,0.4406926554746968,0.6140380440342683,0.2580507584224633,,0.06468534068942278,0.17839469350977558,-0.5194094202393198,2.552807278489498,,,,0.59,0.7,0.15,0.11
trend+1.0xseasonal_wf_N10_sign,G_overlay_robust,XTIUSD,fut,,2,1.0,1991-10-29,2024-03-28,32.2,0.30559720980593197,0.6064285268754953,-0.02186297399290247,0.3972402900180533,0.04545835115534458,0.24113198237892952,-0.7209773380011036,1.7339631045760537,9.406725599262973,0.022118513103356958,0.9665968199186491,0.31,0.8,-0.19,-0.08
trend+1.0xseasonal_wf_N10_sign,G_overlay_robust,XBRUSD,fut,,2,1.0,1990-08-30,2024-03-28,33.3,0.44085817238851344,0.4873946052624658,0.395294155845218,0.5202049623723696,0.08041685915112251,0.24185990348325764,-0.5750420164585621,2.5443866484136377,8.178505703099079,0.019227172961796955,0.9677150345484871,0.75,0.38,0.38,0.2
trend+1.0xseasonal_wf_N10_sign,G_overlay_robust,XNGUSD,fut,,2,1.0,1991-08-09,2024-03-28,32.4,0.24403353474633724,0.25530163521955684,0.23533780167081259,0.31905905280463903,0.030191116103661875,0.24524477402084066,-0.6391156507005034,1.3883144653078736,6.833890974003722,0.018407459190330207,0.9667729279058362,0.23,0.41,0.08,0.25
trend+1.0xseasonal_wf_N10_sign,G_overlay_robust,PORT,fut,,2,1.0,1990-08-30,2024-03-28,33.6,0.43977449011421044,0.6000226710787208,0.27178031354039683,,0.06510381600209425,0.18052719938890768,-0.5073174555660684,2.5474886075609304,,,,0.6,0.67,0.15,0.21
trend+1.0xseasonal_wf_N10_sign,G_overlay_robust,XTIUSD,fut,,1,2.0,1991-10-29,2024-03-28,32.2,0.31553420968799695,0.6063246494766612,-0.0032206211567864062,0.41944855025704236,0.04787699465250417,0.23965876176361753,-0.6760054958792696,1.790345789406911,9.407892403419282,0.02493712033843424,0.966720078885739,0.26,0.86,-0.15,-0.18
trend+1.0xseasonal_wf_N10_sign,G_overlay_robust,XBRUSD,fut,,1,2.0,1990-08-30,2024-03-28,33.3,0.4278068785005131,0.5014450750976539,0.3546107563472642,0.5201004347323231,0.0764044224692273,0.2388451695021382,-0.5684157526822702,2.4690618841402743,8.179209078177632,0.022093297418249197,0.9678341672623302,0.73,0.43,0.35,0.02
trend+1.0xseasonal_wf_N10_sign,G_overlay_robust,XNGUSD,fut,,1,2.0,1991-08-09,2024-03-28,32.4,0.19807667160615872,0.22426096074926738,0.17669648711902783,0.3017839730839287,0.018730820308074714,0.2435335632499747,-0.6720474402135213,1.1268644234355374,6.834047972724891,0.025254573017505284,0.9668955370279548,0.24,0.33,0.02,0.23
trend+1.0xseasonal_wf_N10_sign,G_overlay_robust,PORT,fut,,1,2.0,1990-08-30,2024-03-28,33.6,0.4177148243329218,0.593591151452353,0.23243294434859463,,0.060329828614186454,0.17839151521455224,-0.5297129691017934,2.4197032345397713,,,,0.57,0.68,0.12,0.08
trend+0.5xcrude_FebMay_OctDec__ng_none,G_overlay,XTIUSD,fut,,1,1.0,1991-10-29,2024-03-28,32.2,0.4757480203579551,0.6748956784144585,0.2562583345053724,0.5667103589393302,0.07896688734196244,0.2034447028241925,-0.5256848559526255,2.69940132928458,8.013471291980093,0.018538086478120976,0.966720078885739,0.44,0.91,0.0,0.4
trend+0.5xcrude_FebMay_OctDec__ng_none,G_overlay,XBRUSD,fut,,1,1.0,1990-08-30,2024-03-28,33.3,0.6125294602808048,0.6976936301535116,0.5256357278588805,0.6892117303485753,0.11055718612572485,0.2058021478647324,-0.48242069559577094,3.535177247718179,6.767007934972022,0.015836372597521714,0.9678341672623302,0.91,0.57,0.43,0.47
trend+0.5xcrude_FebMay_OctDec__ng_none,G_overlay,XNGUSD,fut,,1,1.0,1991-08-09,2024-03-28,32.4,0.386045486727285,0.3227079162049515,0.4485384234622649,0.45650750039564997,0.057391951301740685,0.19267084279512167,-0.44976294141665496,2.1962249329683683,4.375532802784948,0.013577437901399531,0.9668955370279548,0.27,0.45,0.14,0.83
trend+0.5xcrude_FebMay_OctDec__ng_none,G_overlay,PORT,fut,,1,1.0,1990-08-30,2024-03-28,33.6,0.6530312002991178,0.7602275265174001,0.5378522301597073,,0.09068324760530388,0.15024460332984005,-0.34403093168277754,3.7828241076734685,,,,0.75,0.81,0.3,0.79
trend+0.5xcrude_FebMay_OctDec__ng_none,G_overlay_robust,XTIUSD,fut,,2,1.0,1991-10-29,2024-03-28,32.2,0.4738947993558285,0.6922200148186416,0.23313496852913757,0.5638679295015434,0.0791724560512379,0.20556564951781098,-0.5558080711541276,2.6888861258101975,8.011799200408932,0.018527544825214667,0.9665968199186491,0.47,0.9,-0.06,0.47
trend+0.5xcrude_FebMay_OctDec__ng_none,G_overlay_robust,XBRUSD,fut,,2,1.0,1990-08-30,2024-03-28,33.3,0.5886057918293068,0.6808737885558218,0.49416360936352194,0.664286545949598,0.10624588197305762,0.20850603628278333,-0.5100215952372504,3.3971032220983877,6.766021052989741,0.01583279502992914,0.9677150345484871,0.9,0.55,0.38,0.49
trend+0.5xcrude_FebMay_OctDec__ng_none,G_overlay_robust,XNGUSD,fut,,2,1.0,1991-08-09,2024-03-28,32.4,0.3630120851663482,0.28948953220290813,0.43608044443133925,0.4326788255243263,0.05300480504736882,0.1944225628092923,-0.4687109224527235,2.065187186022921,4.375218805342611,0.013552728317446337,0.9667729279058362,0.23,0.43,0.12,0.82
trend+0.5xcrude_FebMay_OctDec__ng_none,G_overlay_robust,PORT,fut,,2,1.0,1990-08-30,2024-03-28,33.6,0.6335476884023367,0.7478382922947645,0.5105186478069941,,0.08849504750689396,0.15214958684076738,-0.36461525802571326,3.6699616617879927,,,,0.74,0.79,0.24,0.82
trend+0.5xcrude_FebMay_OctDec__ng_none,G_overlay_robust,XTIUSD,fut,,1,2.0,1991-10-29,2024-03-28,32.2,0.4639380689798766,0.6631790763411191,0.24430569050353748,0.5667103589393302,0.07637730478045901,0.20344175126836161,-0.5327007109658843,2.6323914898641556,8.013471291980093,0.020942127865715005,0.966720078885739,0.42,0.9,-0.01,0.39
trend+0.5xcrude_FebMay_OctDec__ng_none,G_overlay_robust,XBRUSD,fut,,1,2.0,1990-08-30,2024-03-28,33.3,0.6010273649068393,0.6863024146658727,0.5140196136424564,0.6892117303485753,0.10793130686844865,0.20579999015210762,-0.4907073580130291,3.468793590271749,6.767007934972022,0.01820482537476192,0.9678341672623302,0.9,0.56,0.42,0.46
trend+0.5xcrude_FebMay_OctDec__ng_none,G_overlay_robust,XNGUSD,fut,,1,2.0,1991-08-09,2024-03-28,32.4,0.36331803312916094,0.29898154992667797,0.4267946178838218,0.45650750039564997,0.05277416055293216,0.19268015925135004,-0.46650808857339077,2.0669277336195697,4.375532802784948,0.017952970704184477,0.9668955370279548,0.24,0.43,0.11,0.81
trend+0.5xcrude_FebMay_OctDec__ng_none,G_overlay_robust,PORT,fut,,1,2.0,1990-08-30,2024-03-28,33.6,0.6331783504022304,0.740462944633735,0.5179107806092993,,0.08743575138137283,0.15024458795941678,-0.3483188093248234,3.667822191744231,,,,0.73,0.8,0.27,0.77
trend+1.0xcrude_FebMay_OctDec__ng_none,G_overlay,XTIUSD,fut,,1,1.0,1991-10-29,2024-03-28,32.2,0.5288024321275898,0.7429227134833057,0.30416018294733976,0.6213067685415437,0.1002783079374856,0.23174749912451142,-0.5914835640736551,3.0004328491795187,9.125862759791483,0.02148316942902143,0.966720078885739,0.57,0.95,0.05,0.37
trend+1.0xcrude_FebMay_OctDec__ng_none,G_overlay,XBRUSD,fut,,1,1.0,1990-08-30,2024-03-28,33.3,0.6775535880906265,0.7924947086362031,0.5639078500433043,0.7547210628719042,0.14072606258887776,0.23513499236183477,-0.5493753975243596,3.9104601232236598,7.672429524984813,0.018217964503293355,0.9678341672623302,1.03,0.68,0.46,0.45
trend+1.0xcrude_FebMay_OctDec__ng_none,G_overlay,XNGUSD,fut,,1,1.0,1991-08-09,2024-03-28,32.4,0.386045486727285,0.3227079162049515,0.4485384234622649,0.45650750039564997,0.057391951301740685,0.19267084279512167,-0.44976294141665496,2.1962249329683683,4.375532802784948,0.013577437901399531,0.9668955370279548,0.27,0.45,0.14,0.83
trend+1.0xcrude_FebMay_OctDec__ng_none,G_overlay,PORT,fut,,1,1.0,1990-08-30,2024-03-28,33.6,0.7040921605843343,0.8394372725742894,0.5631212519875102,,0.10911491140620577,0.16691183754805825,-0.3827262469840277,4.078605735625397,,,,0.87,0.88,0.32,0.74
trend+1.0xcrude_FebMay_OctDec__ng_none,G_overlay_robust,XTIUSD,fut,,2,1.0,1991-10-29,2024-03-28,32.2,0.521358674189788,0.749841712724624,0.2804747449247872,0.6129067222826906,0.09921089481858081,0.23437126417334042,-0.6265777828150483,2.958196856148888,9.124017806111855,0.021499592499996324,0.9665968199186491,0.58,0.95,-0.04,0.49
trend+1.0xcrude_FebMay_OctDec__ng_none,G_overlay_robust,XBRUSD,fut,,2,1.0,1990-08-30,2024-03-28,33.3,0.6513095239974286,0.7677888977746021,0.5351126522852362,0.7274329505931783,0.13535559807311515,0.2386335564391533,-0.586999421764966,3.7589940725501156,7.671343349185966,0.018234985942871863,0.9677150345484871,0.99,0.67,0.38,0.52
trend+1.0xcrude_FebMay_OctDec__ng_none,G_overlay_robust,XNGUSD,fut,,2,1.0,1991-08-09,2024-03-28,32.4,0.3630120851663482,0.28948953220290813,0.43608044443133925,0.4326788255243263,0.05300480504736882,0.1944225628092923,-0.4687109224527235,2.065187186022921,4.375218805342611,0.013552728317446337,0.9667729279058362,0.23,0.43,0.12,0.82
trend+1.0xcrude_FebMay_OctDec__ng_none,G_overlay_robust,PORT,fut,,2,1.0,1990-08-30,2024-03-28,33.6,0.6822476916716915,0.8211979934353428,0.5366305414051151,,0.10636255214923906,0.1691687970539127,-0.4042048628659385,3.9520669368907897,,,,0.85,0.87,0.24,0.82
trend+1.0xcrude_FebMay_OctDec__ng_none,G_overlay_robust,XTIUSD,fut,,1,2.0,1991-10-29,2024-03-28,32.2,0.5170001000098325,0.7308797797067521,0.29260329202892715,0.6213067685415437,0.09727210967073341,0.23174247422062796,-0.5972873503834386,2.9334662415552533,9.125862759791483,0.024220928256958877,0.966720078885739,0.56,0.95,0.03,0.36
trend+1.0xcrude_FebMay_OctDec__ng_none,G_overlay_robust,XBRUSD,fut,,1,2.0,1990-08-30,2024-03-28,33.3,0.6661452157648069,0.781042944309832,0.5525350558147982,0.7547210628719042,0.137669165962246,0.23513072483279635,-0.5574310781473668,3.844617382759803,7.672429524984813,0.02090331483703804,0.9678341672623302,1.02,0.67,0.45,0.44
trend+1.0xcrude_FebMay_OctDec__ng_none,G_overlay_robust,XNGUSD,fut,,1,2.0,1991-08-09,2024-03-28,32.4,0.36331803312916094,0.29898154992667797,0.4267946178838218,0.45650750039564997,0.05277416055293216,0.19268015925135004,-0.46650808857339077,2.0669277336195697,4.375532802784948,0.017952970704184477,0.9668955370279548,0.24,0.43,0.11,0.81
trend+1.0xcrude_FebMay_OctDec__ng_none,G_overlay_robust,PORT,fut,,1,2.0,1990-08-30,2024-03-28,33.6,0.6849462295870756,0.8200713984791,0.5442077791307806,,0.10557643032806419,0.16691015984186405,-0.3870365247944936,3.967698799927518,,,,0.85,0.87,0.3,0.73
trend+0.5xpre_holiday_long__crude_only,G_overlay,XTIUSD,fut,,1,1.0,1991-10-29,2024-03-28,32.2,0.3970143128223157,0.5795954248553856,0.1857295320793589,0.49135838715251673,0.05887053694722999,0.1894943914180854,-0.44776853979988696,2.2526651040422827,10.524767484893323,0.0179020653735738,0.966720078885739,0.27,0.83,-0.04,0.38
trend+0.5xpre_holiday_long__crude_only,G_overlay,XBRUSD,fut,,1,1.0,1990-08-30,2024-03-28,33.3,0.5003681974143838,0.5539006270354083,0.4430060489306632,0.5825793813176996,0.08009075509829988,0.19019744988005152,-0.4030910512022714,2.887845208571955,8.783803969999367,0.01567904325575652,0.9678341672623302,0.73,0.41,0.39,0.44
trend+0.5xpre_holiday_long__crude_only,G_overlay,XNGUSD,fut,,1,1.0,1991-08-09,2024-03-28,32.4,0.386045486727285,0.3227079162049515,0.4485384234622649,0.45650750039564997,0.057391951301740685,0.19267084279512167,-0.44976294141665496,2.1962249329683683,4.375532802784948,0.013577437901399531,0.9668955370279548,0.27,0.45,0.14,0.83
trend+0.5xpre_holiday_long__crude_only,G_overlay,PORT,fut,,1,1.0,1990-08-30,2024-03-28,33.6,0.5709958930812741,0.6514421317616605,0.4817798413704628,,0.07342343027176534,0.14171151557858877,-0.3221753673985024,3.307616892946338,,,,0.59,0.72,0.26,0.77
trend+0.5xpre_holiday_long__crude_only,G_overlay_robust,XTIUSD,fut,,2,1.0,1991-10-29,2024-03-28,32.2,0.37135860526516673,0.5806918475391215,0.1295629977144993,0.4652050369559743,0.05418757786200712,0.19190296379539798,-0.45694542442638286,2.107094238542104,10.51138192030153,0.018033685952082427,0.9665968199186491,0.31,0.78,-0.1,0.35
trend+0.5xpre_holiday_long__crude_only,G_overlay_robust,XBRUSD,fut,,2,1.0,1990-08-30,2024-03-28,33.3,0.46242525043601274,0.5483941022103875,0.37011145514621874,0.5438737110122507,0.0731487300522069,0.19302284369082137,-0.41264165893842353,2.6688597530677862,8.772727633969039,0.015763364221354943,0.9677150345484871,0.75,0.36,0.33,0.35
trend+0.5xpre_holiday_long__crude_only,G_overlay_robust,XNGUSD,fut,,2,1.0,1991-08-09,2024-03-28,32.4,0.3630120851663482,0.28948953220290813,0.43608044443133925,0.4326788255243263,0.05300480504736882,0.1944225628092923,-0.4687109224527235,2.065187186022921,4.375218805342611,0.013552728317446337,0.9667729279058362,0.23,0.43,0.12,0.82
trend+0.5xpre_holiday_long__crude_only,G_overlay_robust,PORT,fut,,2,1.0,1990-08-30,2024-03-28,33.6,0.5330195586241936,0.6329682966382792,0.422075644711968,,0.0684782422225787,0.14367158679210967,-0.34654999351936544,3.087630782880674,,,,0.6,0.66,0.2,0.7
trend+0.5xpre_holiday_long__crude_only,G_overlay_robust,XTIUSD,fut,,1,2.0,1991-10-29,2024-03-28,32.2,0.380369886139922,0.5636938301810271,0.16809224679683493,0.49135838715251673,0.05553474121664581,0.18948544028680786,-0.45856917319432877,2.1582243799845604,10.524767484893323,0.021059495619041798,0.966720078885739,0.25,0.82,-0.06,0.37
trend+0.5xpre_holiday_long__crude_only,G_overlay_robust,XBRUSD,fut,,1,2.0,1990-08-30,2024-03-28,33.3,0.48423495335174366,0.5381979494910154,0.4264138599258157,0.5825793813176996,0.07677846275551148,0.19018541128091118,-0.4153087755810966,2.7947331526783765,8.783803969999367,0.0187533746452563,0.9678341672623302,0.71,0.39,0.37,0.43
trend+0.5xpre_holiday_long__crude_only,G_overlay_robust,XNGUSD,fut,,1,2.0,1991-08-09,2024-03-28,32.4,0.36331803312916094,0.29898154992667797,0.4267946178838218,0.45650750039564997,0.05277416055293216,0.19268015925135004,-0.46650808857339077,2.0669277336195697,4.375532802784948,0.017952970704184477,0.9668955370279548,0.24,0.43,0.11,0.81
trend+0.5xpre_holiday_long__crude_only,G_overlay_robust,PORT,fut,,1,2.0,1990-08-30,2024-03-28,33.6,0.5464229682056797,0.6272793753368433,0.4567495757657235,,0.06969087667126272,0.14170700618463583,-0.3259595359936176,3.165272924430179,,,,0.56,0.7,0.23,0.75
trend+1.0xpre_holiday_long__crude_only,G_overlay,XTIUSD,fut,,1,1.0,1991-10-29,2024-03-28,32.2,0.4206564997142738,0.6015524438325373,0.21126740801145014,0.5233833674184432,0.06395484929435757,0.19085436113549994,-0.4317271538090808,2.386811223400442,15.923626825769324,0.019640968181319086,0.966720078885739,0.26,0.88,-0.01,0.4
trend+1.0xpre_holiday_long__crude_only,G_overlay,XBRUSD,fut,,1,1.0,1990-08-30,2024-03-28,33.3,0.5147288775299882,0.5604445410257713,0.4656005753166998,0.6053872470939758,0.08328898192174106,0.1909039887045149,-0.3833336294696711,2.970727017363927,13.31366503265767,0.01736346517330988,0.9678341672623302,0.71,0.45,0.41,0.46
trend+1.0xpre_holiday_long__crude_only,G_overlay,XNGUSD,fut,,1,1.0,1991-08-09,2024-03-28,32.4,0.386045486727285,0.3227079162049515,0.4485384234622649,0.45650750039564997,0.057391951301740685,0.19267084279512167,-0.44976294141665496,2.1962249329683683,4.375532802784948,0.013577437901399531,0.9668955370279548,0.27,0.45,0.14,0.83
trend+1.0xpre_holiday_long__crude_only,G_overlay,PORT,fut,,1,1.0,1990-08-30,2024-03-28,33.6,0.5882920987172332,0.6656220227264306,0.5023834600292463,,0.07629705210108995,0.14221342440789098,-0.31261360279404105,3.4078088954433317,,,,0.57,0.76,0.28,0.79
trend+1.0xpre_holiday_long__crude_only,G_overlay_robust,XTIUSD,fut,,2,1.0,1991-10-29,2024-03-28,32.2,0.34296287062771447,0.5753384953961308,0.07388892200027415,0.44562171640198567,0.04896806274320453,0.1952926894699746,-0.47501626533957075,1.9459764187166468,15.898359359018611,0.020077437604379512,0.9665968199186491,0.3,0.76,-0.13,0.24
trend+1.0xpre_holiday_long__crude_only,G_overlay_robust,XBRUSD,fut,,2,1.0,1990-08-30,2024-03-28,33.3,0.44228185631705014,0.5603512841498293,0.3143649395520962,0.5322538003345083,0.06973963652001047,0.19588735353125267,-0.4299446745943303,2.552603355296271,13.292404740278053,0.017680518334852947,0.9677150345484871,0.76,0.35,0.29,0.26
trend+1.0xpre_holiday_long__crude_only,G_overlay_robust,XNGUSD,fut,,2,1.0,1991-08-09,2024-03-28,32.4,0.3630120851663482,0.28948953220290813,0.43608044443133925,0.4326788255243263,0.05300480504736882,0.1944225628092923,-0.4687109224527235,2.065187186022921,4.375218805342611,0.013552728317446337,0.9667729279058362,0.23,0.43,0.12,0.82
trend+1.0xpre_holiday_long__crude_only,G_overlay_robust,PORT,fut,,2,1.0,1990-08-30,2024-03-28,33.6,0.5098005162844649,0.6334969893931581,0.3718249292373091,,0.06553681344741613,0.14526737662364128,-0.3607528067322535,2.953129471029747,,,,0.61,0.65,0.17,0.61
trend+1.0xpre_holiday_long__crude_only,G_overlay_robust,XTIUSD,fut,,1,2.0,1991-10-29,2024-03-28,32.2,0.39567503824670913,0.5776998101393707,0.18477873329547734,0.5233833674184432,0.05888962400599751,0.19083093994838468,-0.44796136719103086,2.245066040220747,15.923626825769324,0.02441805622904988,0.966720078885739,0.24,0.86,-0.05,0.38
trend+1.0xpre_holiday_long__crude_only,G_overlay_robust,XBRUSD,fut,,1,2.0,1990-08-30,2024-03-28,33.3,0.490395753615857,0.536754561772215,0.44057935230562634,0.6053872470939758,0.07825982353741945,0.190874436351187,-0.40201147203490206,2.830289843962164,13.31366503265767,0.022023247934740066,0.9678341672623302,0.68,0.43,0.38,0.44
trend+1.0xpre_holiday_long__crude_only,G_overlay_robust,XNGUSD,fut,,1,2.0,1991-08-09,2024-03-28,32.4,0.36331803312916094,0.29898154992667797,0.4267946178838218,0.45650750039564997,0.05277416055293216,0.19268015925135004,-0.46650808857339077,2.0669277336195697,4.375532802784948,0.017952970704184477,0.9668955370279548,0.24,0.43,0.11,0.81
trend+1.0xpre_holiday_long__crude_only,G_overlay_robust,PORT,fut,,1,2.0,1990-08-30,2024-03-28,33.6,0.5561018712750914,0.6337622880521453,0.4698216165663957,,0.07137620761392371,0.14219981474097126,-0.3174387816066192,3.2213400585120335,,,,0.54,0.73,0.24,0.76
trend+0.5xeia_day_wf__ng_only,G_overlay,XTIUSD,fut,,1,1.0,1991-10-29,2024-03-28,32.2,0.37032822696546874,0.5541511583623945,0.15872059313138537,0.4592420358925708,0.053278488498845755,0.18815193247482548,-0.4688193460658887,2.10124785677518,7.170348126771888,0.016747917063942748,0.966720078885739,0.27,0.8,-0.07,0.35
trend+0.5xeia_day_wf__ng_only,G_overlay,XBRUSD,fut,,1,1.0,1990-08-30,2024-03-28,33.3,0.47660244073953856,0.5306829544319449,0.4194473001351646,0.5534112221762142,0.07508273499565554,0.18974216819423062,-0.4257411314929983,2.7506825613529897,6.023076463740844,0.014607206265420513,0.9678341672623302,0.72,0.37,0.36,0.41
trend+0.5xeia_day_wf__ng_only,G_overlay,XNGUSD,fut,,1,1.0,1991-08-09,2024-03-28,32.4,0.4037497650456404,0.29291451382424555,0.5105674592312336,0.520432552871057,0.06364055782831501,0.20486757212449486,-0.4565635206532821,2.2969451299394867,14.14166352365398,0.023909508553951117,0.9668955370279548,0.2,0.46,0.23,0.91
trend+0.5xeia_day_wf__ng_only,G_overlay,PORT,fut,,1,1.0,1990-08-30,2024-03-28,33.6,0.5603302263951355,0.616947625915181,0.4985027847083515,,0.07237576239489796,0.14298834699789215,-0.3472171378289568,3.2458337177377814,,,,0.55,0.7,0.28,0.8
trend+0.5xeia_day_wf__ng_only,G_overlay_robust,XTIUSD,fut,,2,1.0,1991-10-29,2024-03-28,32.2,0.37702703448158925,0.5769869336482922,0.14840836078014089,0.464990225944131,0.05498153262295391,0.19003545568299235,-0.48655728175467916,2.139256990055507,7.168844464339011,0.01673663556789308,0.9665968199186491,0.31,0.79,-0.1,0.39
trend+0.5xeia_day_wf__ng_only,G_overlay_robust,XBRUSD,fut,,2,1.0,1990-08-30,2024-03-28,33.3,0.4575098665824854,0.5202104105772875,0.39159542224508126,0.533418581415256,0.0717938657689523,0.19182212943316995,-0.43428128173348624,2.640490908318956,6.022184084059806,0.01459292282268812,0.9677150345484871,0.73,0.34,0.34,0.38
trend+0.5xeia_day_wf__ng_only,G_overlay_robust,XNGUSD,fut,,2,1.0,1991-08-09,2024-03-28,32.4,0.32589821095756705,0.23502852524388118,0.4153828880890689,0.4419976799136817,0.04693540574427302,0.20603284650548284,-0.513163911315777,1.8540451867021042,14.140648666495267,0.023928540127303357,0.9667729279058362,0.18,0.39,0.07,0.85
trend+0.5xeia_day_wf__ng_only,G_overlay_robust,PORT,fut,,2,1.0,1990-08-30,2024-03-28,33.6,0.5188263505082155,0.5958278209447614,0.4348549804055805,,0.06675973260968959,0.14481124365745032,-0.3644517797306618,3.005413562935048,,,,0.56,0.65,0.18,0.76
trend+0.5xeia_day_wf__ng_only,G_overlay_robust,XTIUSD,fut,,1,2.0,1991-10-29,2024-03-28,32.2,0.3588977305096003,0.5429483438643647,0.14694439381836838,0.4592420358925708,0.05101577987077577,0.1881507219887278,-0.4757308234082902,2.036391050215821,7.170348126771888,0.018899021501974318,0.966720078885739,0.26,0.79,-0.08,0.34
trend+0.5xeia_day_wf__ng_only,G_overlay_robust,XBRUSD,fut,,1,2.0,1990-08-30,2024-03-28,33.3,0.465495790760438,0.5197031684836566,0.40820832667285706,0.5534112221762142,0.07281957097425584,0.1897407140158819,-0.43383200995250415,2.6865811934179913,6.023076463740844,0.016715283027729805,0.9678341672623302,0.71,0.36,0.35,0.4
trend+0.5xeia_day_wf__ng_only,G_overlay_robust,XNGUSD,fut,,1,2.0,1991-08-09,2024-03-28,32.4,0.33470828039014555,0.2262345588339682,0.43920758995964343,0.520432552871057,0.04870474362969368,0.20487563231823927,-0.516297518218456,1.904165949188003,14.14166352365398,0.038051172077605104,0.9668955370279548,0.13,0.4,0.13,0.86
trend+0.5xeia_day_wf__ng_only,G_overlay_robust,PORT,fut,,1,2.0,1990-08-30,2024-03-28,33.6,0.5186628079424936,0.578333403142728,0.4535046652565713,,0.06600846056275667,0.1429920338901635,-0.3631640424896806,3.004466207341686,,,,0.51,0.66,0.22,0.76
trend+1.0xeia_day_wf__ng_only,G_overlay,XTIUSD,fut,,1,1.0,1991-10-29,2024-03-28,32.2,0.37032822696546874,0.5541511583623945,0.15872059313138537,0.4592420358925708,0.053278488498845755,0.18815193247482548,-0.4688193460658887,2.10124785677518,7.170348126771888,0.016747917063942748,0.966720078885739,0.27,0.8,-0.07,0.35
trend+1.0xeia_day_wf__ng_only,G_overlay,XBRUSD,fut,,1,1.0,1990-08-30,2024-03-28,33.3,0.47660244073953856,0.5306829544319449,0.4194473001351646,0.5534112221762142,0.07508273499565554,0.18974216819423062,-0.4257411314929983,2.7506825613529897,6.023076463740844,0.014607206265420513,0.9678341672623302,0.72,0.37,0.36,0.41
trend+1.0xeia_day_wf__ng_only,G_overlay,XNGUSD,fut,,1,1.0,1991-08-09,2024-03-28,32.4,0.37990669876391914,0.245581117071885,0.5073227427393557,0.5702327584792894,0.0610148514432598,0.2194034624146367,-0.5095913753962181,2.1613011748961117,31.55331170910972,0.041773839491679864,0.9668955370279548,0.09,0.45,0.25,0.9
trend+1.0xeia_day_wf__ng_only,G_overlay,PORT,fut,,1,1.0,1990-08-30,2024-03-28,33.6,0.5536077061228667,0.5957526151563916,0.5078602817347859,,0.07223646158394104,0.1450192332558354,-0.3651155613884559,3.2068920687957183,,,,0.51,0.7,0.29,0.8
trend+1.0xeia_day_wf__ng_only,G_overlay_robust,XTIUSD,fut,,2,1.0,1991-10-29,2024-03-28,32.2,0.37702703448158925,0.5769869336482922,0.14840836078014089,0.464990225944131,0.05498153262295391,0.19003545568299235,-0.48655728175467916,2.139256990055507,7.168844464339011,0.01673663556789308,0.9665968199186491,0.31,0.79,-0.1,0.39
trend+1.0xeia_day_wf__ng_only,G_overlay_robust,XBRUSD,fut,,2,1.0,1990-08-30,2024-03-28,33.3,0.4575098665824854,0.5202104105772875,0.39159542224508126,0.533418581415256,0.0717938657689523,0.19182212943316995,-0.43428128173348624,2.640490908318956,6.022184084059806,0.01459292282268812,0.9677150345484871,0.73,0.34,0.34,0.38
trend+1.0xeia_day_wf__ng_only,G_overlay_robust,XNGUSD,fut,,2,1.0,1991-08-09,2024-03-28,32.4,0.24403720385118885,0.1549868293741502,0.3321621147877634,0.4360005083495867,0.029786449613620647,0.21776848947722297,-0.5940288830286946,1.3883353389609374,31.54769670930014,0.041806672326991014,0.9667729279058362,0.08,0.36,-0.06,0.8
trend+1.0xeia_day_wf__ng_only,G_overlay_robust,PORT,fut,,2,1.0,1990-08-30,2024-03-28,33.6,0.48084091118719435,0.5579265090323706,0.3969679102525977,,0.06162523837392042,0.14682942120451684,-0.38671547396192885,2.785374710980794,,,,0.51,0.64,0.12,0.74
trend+1.0xeia_day_wf__ng_only,G_overlay_robust,XTIUSD,fut,,1,2.0,1991-10-29,2024-03-28,32.2,0.3588977305096003,0.5429483438643647,0.14694439381836838,0.4592420358925708,0.05101577987077577,0.1881507219887278,-0.4757308234082902,2.036391050215821,7.170348126771888,0.018899021501974318,0.966720078885739,0.26,0.79,-0.08,0.34
trend+1.0xeia_day_wf__ng_only,G_overlay_robust,XBRUSD,fut,,1,2.0,1990-08-30,2024-03-28,33.3,0.465495790760438,0.5197031684836566,0.40820832667285706,0.5534112221762142,0.07281957097425584,0.1897407140158819,-0.43383200995250415,2.6865811934179913,6.023076463740844,0.016715283027729805,0.9678341672623302,0.71,0.36,0.35,0.4
trend+1.0xeia_day_wf__ng_only,G_overlay_robust,XNGUSD,fut,,1,2.0,1991-08-09,2024-03-28,32.4,0.23607812721450144,0.10938034538540656,0.3561283030337032,0.5702327584792894,0.028056700741033724,0.21941691085656262,-0.6170225492768308,1.3430559012939267,31.55331170910972,0.0733271512007896,0.9668955370279548,-0.06,0.33,0.05,0.79
trend+1.0xeia_day_wf__ng_only,G_overlay_robust,PORT,fut,,1,2.0,1990-08-30,2024-03-28,33.6,0.47385700858351526,0.5241755097818391,0.4192522748546268,,0.05991198888899585,0.14502621023557233,-0.39386118338770004,2.7449189484954184,,,,0.44,0.63,0.18,0.74
trend_only,G_overlay_robust,XTIUSD,fut,,2,1.0,1991-10-29,2024-03-28,32.2,0.37702703448158925,0.5769869336482922,0.14840836078014089,0.464990225944131,0.05498153262295391,0.19003545568299235,-0.48655728175467916,2.139256990055507,7.168844464339011,0.01673663556789308,0.9665968199186491,0.31,0.79,-0.1,0.39
trend_only,G_overlay_robust,XBRUSD,fut,,2,1.0,1990-08-30,2024-03-28,33.3,0.4575098665824854,0.5202104105772875,0.39159542224508126,0.533418581415256,0.0717938657689523,0.19182212943316995,-0.43428128173348624,2.640490908318956,6.022184084059806,0.01459292282268812,0.9677150345484871,0.73,0.34,0.34,0.38
trend_only,G_overlay_robust,XNGUSD,fut,,2,1.0,1991-08-09,2024-03-28,32.4,0.3630120851663482,0.28948953220290813,0.43608044443133925,0.4326788255243263,0.05300480504736882,0.1944225628092923,-0.4687109224527235,2.065187186022921,4.375218805342611,0.013552728317446337,0.9667729279058362,0.23,0.43,0.12,0.82
trend_only,G_overlay_robust,PORT,fut,,2,1.0,1990-08-30,2024-03-28,33.6,0.5337727264899328,0.6197203526511836,0.4394851228996476,,0.06829119039569687,0.14293723812883974,-0.3527859065585217,3.0919936702256248,,,,0.59,0.66,0.21,0.74
trend_only,G_overlay_robust,XTIUSD,fut,,1,2.0,1991-10-29,2024-03-28,32.2,0.3588977305096003,0.5429483438643647,0.14694439381836838,0.4592420358925708,0.05101577987077577,0.1881507219887278,-0.4757308234082902,2.036391050215821,7.170348126771888,0.018899021501974318,0.966720078885739,0.26,0.79,-0.08,0.34
trend_only,G_overlay_robust,XBRUSD,fut,,1,2.0,1990-08-30,2024-03-28,33.3,0.465495790760438,0.5197031684836566,0.40820832667285706,0.5534112221762142,0.07281957097425584,0.1897407140158819,-0.43383200995250415,2.6865811934179913,6.023076463740844,0.016715283027729805,0.9678341672623302,0.71,0.36,0.35,0.4
trend_only,G_overlay_robust,XNGUSD,fut,,1,2.0,1991-08-09,2024-03-28,32.4,0.36331803312916094,0.29898154992667797,0.4267946178838218,0.45650750039564997,0.05277416055293216,0.19268015925135004,-0.46650808857339077,2.0669277336195697,4.375532802784948,0.017952970704184477,0.9668955370279548,0.24,0.43,0.11,0.81
trend_only,G_overlay_robust,PORT,fut,,1,2.0,1990-08-30,2024-03-28,33.6,0.5284084316862832,0.6090463137209168,0.4396564608624083,,0.06679649075430971,0.14129607756188764,-0.34581649781762225,3.0609198353236806,,,,0.56,0.67,0.21,0.73
wf_seasonal_Nexp_sign,robust,XTIUSD,fut,1995-10-31,1,1.0,1995-10-31,2024-03-28,28.4,0.24960655647837068,0.4476228680370214,0.10005580854014451,0.35235879851879276,0.02707131731286938,0.1556161595518048,-0.4817976087953859,1.3300272454836497,3.795912603120195,0.015988475958635243,0.9998602375960867,0.79,0.38,-0.07,0.13
wf_seasonal_Nexp_sign,robust,XBRUSD,fut,1995-10-31,1,1.0,1995-10-31,2024-03-28,28.9,0.366468197909498,0.43800154885110193,0.3136472427512777,0.45409682075883845,0.04569896616122926,0.15460124960586744,-0.45321295917204907,1.9695720919877209,3.0156188443494396,0.013543583883297683,1.0,1.02,0.28,0.22,0.27
wf_seasonal_Nexp_sign,robust,XNGUSD,fut,1995-10-31,1,1.0,1995-10-31,2024-03-28,28.3,0.02514107923447622,-0.12058376320294381,0.14024974384362496,0.10824010209495182,-0.00793183885337645,0.15378562729347145,-0.5523908251728549,0.13379549626787166,3.689082088727085,0.012779064775523461,1.0,-0.56,0.12,-0.04,0.51
wf_seasonal_Nexp_sign,robust,PORT,fut,1995-10-31,1,1.0,1995-10-31,2024-03-28,29.1,0.29733837681936215,0.37481849560479,0.2386691237828019,,0.027868753650737155,0.11451837339270185,-0.2866423248526301,1.6037338857472727,,,,0.58,0.33,0.04,0.49
wf_seasonal_Nexp_sign,robust,XTIUSD,fut,1995-10-31,2,1.0,1995-10-31,2024-03-28,28.4,0.19126703961595176,0.3612127507137286,0.06358109311414152,0.29358111110412527,0.017810346624627993,0.15634788898751656,-0.5187953022080529,1.019165431554921,3.7955205020958407,0.01599198688815231,0.9997204751921733,0.59,0.32,-0.11,0.17
wf_seasonal_Nexp_sign,robust,XBRUSD,fut,1995-10-31,2,1.0,1995-10-31,2024-03-28,28.9,0.333149283128783,0.3793057350798377,0.2993257651582193,0.42016267979708033,0.040528104217428806,0.15573492807192008,-0.471176859348132,1.7905006062168882,3.015451589018149,0.013547708047674151,1.0,0.95,0.19,0.21,0.34
wf_seasonal_Nexp_sign,robust,XNGUSD,fut,1995-10-31,2,1.0,1995-10-31,2024-03-28,28.3,0.03576956839508676,-0.07078946217457423,0.11981495588691911,0.11837177047667437,-0.006423170802541067,0.15481282767133342,-0.5596018883184684,0.19035806339392874,3.689219270949817,0.012787743796422153,1.0,-0.5,0.17,-0.03,0.39
wf_seasonal_Nexp_sign,robust,PORT,fut,1995-10-31,2,1.0,1995-10-31,2024-03-28,29.1,0.26270836500503475,0.3370823021176663,0.20645741194063844,,0.023929306325115585,0.11537339280859199,-0.3314242503731204,1.4169523340197436,,,,0.48,0.3,0.02,0.48
wf_seasonal_Nexp_sign,robust,XTIUSD,fut,1995-10-31,1,2.0,1995-10-31,2024-03-28,28.4,0.2422945265231004,0.4381281560165517,0.0943952068775232,0.35235879851879276,0.025903020495756657,0.15561242954278603,-0.4869601578161903,1.2910651316773771,3.795912603120195,0.0171272497395713,0.9998602375960867,0.77,0.37,-0.08,0.12
wf_seasonal_Nexp_sign,robust,XBRUSD,fut,1995-10-31,1,2.0,1995-10-31,2024-03-28,28.9,0.35964424808349915,0.4298405134413463,0.30781348231158273,0.45409682075883845,0.04459618124995757,0.15459992767404823,-0.45380237468115825,1.9328969829030005,3.0156188443494396,0.014599050478819986,1.0,1.01,0.27,0.21,0.27
wf_seasonal_Nexp_sign,robust,XNGUSD,fut,1995-10-31,1,2.0,1995-10-31,2024-03-28,28.3,0.0011523796046634513,-0.14456926216051302,0.11625635928847297,0.10824010209495182,-0.01158997242524673,0.15381611360040537,-0.5619532115269721,0.0061327200657117055,3.689082088727085,0.016468146864250546,1.0,-0.58,0.09,-0.06,0.49
wf_seasonal_Nexp_sign,robust,PORT,fut,1995-10-31,1,2.0,1995-10-31,2024-03-28,29.1,0.28028955161234465,0.35569220870867785,0.2232037351269514,,0.025863233346227865,0.11451362325332665,-0.2945044629122854,1.5117787907166478,,,,0.56,0.31,0.03,0.47
wf_seasonal_Nexp_tstat,robust,XTIUSD,fut,1995-10-31,1,1.0,1995-10-31,2024-03-28,28.4,0.22236453280339694,0.3781062399751468,0.09767761383903602,0.3153008887961124,0.017796808005627218,0.10350905727675086,-0.32496129580746114,1.184868263199603,3.573033216627251,0.009621189239890209,0.9998602375960867,0.99,0.19,0.04,-0.07
wf_seasonal_Nexp_tstat,robust,XBRUSD,fut,1995-10-31,1,1.0,1995-10-31,2024-03-28,28.9,0.23313332209435553,0.3903125100515926,0.12124735106115925,0.3162132465063603,0.01852146777863517,0.10040563642008149,-0.3628265540132566,1.2529678906075858,2.918285066825921,0.008340513646602805,1.0,0.99,0.17,0.19,-0.13
wf_seasonal_Nexp_tstat,robust,XNGUSD,fut,1995-10-31,1,1.0,1995-10-31,2024-03-28,28.3,-0.18124953116475787,-0.27310065676365264,-0.10451984895206082,-0.09867758767125899,-0.014914623443371022,0.0695586335606245,-0.41551921521477275,-0.9645715979150595,2.244901302350258,0.005743454972245473,1.0,-0.5,-0.07,-0.29,0.12
wf_seasonal_Nexp_tstat,robust,PORT,fut,1995-10-31,1,1.0,1995-10-31,2024-03-28,29.1,0.16585240796357625,0.29262727347404693,0.06392544994400924,,0.009436784721504443,0.07249884772429231,-0.26846115022265293,0.8945469116001703,,,,0.73,0.14,0.0,0.03
wf_seasonal_Nexp_tstat,robust,XTIUSD,fut,1995-10-31,2,1.0,1995-10-31,2024-03-28,28.4,0.15501750356939675,0.2649786038734682,0.06705687051115763,0.2471656477746656,0.010773406461143109,0.1045101794679561,-0.37797369968448924,0.8260099661766002,3.5727216097912167,0.009628295088809915,0.9997204751921733,0.71,0.18,-0.08,0.03
wf_seasonal_Nexp_tstat,robust,XBRUSD,fut,1995-10-31,2,1.0,1995-10-31,2024-03-28,28.9,0.1757394271762229,0.2783060307407007,0.10338573368593362,0.2580103217275324,0.012736407425500085,0.10136643124491164,-0.36844612974632496,0.9445061623428421,2.918285066825921,0.008336452163044484,1.0,0.8,0.11,0.09,0.01
wf_seasonal_Nexp_tstat,robust,XNGUSD,fut,1995-10-31,2,1.0,1995-10-31,2024-03-28,28.3,-0.16916335924461479,-0.18426029549504583,-0.157025966937209,-0.0874599566523488,-0.01427510014974287,0.07036185890247221,-0.39016874817331837,-0.9002515520270991,2.245050295711477,0.005748768269966739,1.0,-0.5,0.06,-0.24,-0.17
wf_seasonal_Nexp_tstat,robust,PORT,fut,1995-10-31,2,1.0,1995-10-31,2024-03-28,29.1,0.10777439931868485,0.2183507137182611,0.01961054342197995,,0.005223337322492139,0.07332184703387953,-0.3378885164436096,0.5812954858108903,,,,0.51,0.14,-0.09,0.05
wf_seasonal_Nexp_tstat,robust,XTIUSD,fut,1995-10-31,1,2.0,1995-10-31,2024-03-28,28.4,0.21201696721339366,0.36545582040702074,0.08918042547815415,0.3153008887961124,0.016706861297688613,0.1035050802098742,-0.3314442460283552,1.12973131346036,3.573033216627251,0.010693099204878386,0.9998602375960867,0.97,0.19,0.03,-0.08
wf_seasonal_Nexp_tstat,robust,XBRUSD,fut,1995-10-31,1,2.0,1995-10-31,2024-03-28,28.9,0.22296937486593282,0.3787400398908584,0.11210563038927446,0.3162132465063603,0.017482118053906204,0.1004016798974438,-0.36391642458227513,1.198342067903917,2.918285066825921,0.009361913419991876,1.0,0.97,0.16,0.18,-0.14
wf_seasonal_Nexp_tstat,robust,XNGUSD,fut,1995-10-31,1,2.0,1995-10-31,2024-03-28,28.3,-0.21349110301761984,-0.3025868490671113,-0.13917996939601,-0.09867758767125899,-0.017124452020778613,0.06956903971051591,-0.4493039665276103,-1.136154411297008,2.244901302350258,0.007988356274595732,1.0,-0.52,-0.1,-0.34,0.1
wf_seasonal_Nexp_tstat,robust,PORT,fut,1995-10-31,1,2.0,1995-10-31,2024-03-28,29.1,0.14591703259241706,0.2717180928214083,0.044766513006944536,,0.007978691463610632,0.07249559256298839,-0.2835520301897174,0.7870228262472643,,,,0.7,0.13,-0.02,0.01
wf_seasonal_N10_sign,robust,XTIUSD,fut,2000-10-31,1,1.0,2000-10-31,2024-03-28,23.4,0.014802893883415984,0.5454044862982785,-0.21813991381222025,0.116261510366018,-0.009454634704481824,0.15327280478483693,-0.6400555822496141,0.07163841327198892,4.237561981661066,0.015552600157089,0.9998305659098611,,0.58,-0.18,-0.72
wf_seasonal_N10_sign,robust,XBRUSD,fut,2000-10-31,1,1.0,2000-10-31,2024-03-28,23.9,0.14193485056101834,0.37315050449987597,0.042503333578144877,0.2315322807585366,0.010040239972224807,0.1525699939214417,-0.4865470493714429,0.6934363286301067,3.810744128100852,0.013668842767323861,1.0,,0.45,0.17,-0.51
wf_seasonal_N10_sign,robust,XNGUSD,fut,2000-10-31,1,1.0,2000-10-31,2024-03-28,23.3,-0.20521664873370146,-0.13806013181780144,-0.23598286314271152,-0.11903949418547069,-0.041446215761851146,0.1507982972492285,-0.6918701755976594,-0.9916277068107565,4.103398753604124,0.012998964402240533,1.0,,-0.07,-0.1,-0.69
wf_seasonal_N10_sign,robust,PORT,fut,2000-10-31,1,1.0,2000-10-31,2024-03-28,24.0,-0.019899114124254307,0.37553176580519176,-0.20400769291413845,,-0.008385026251409577,0.1113122489058778,-0.500399836620278,-0.09746923193312038,,,,,0.4,-0.05,-0.85
wf_seasonal_N10_sign,robust,XTIUSD,fut,2000-10-31,2,1.0,2000-10-31,2024-03-28,23.4,-0.035919329868026637,0.4520235873216661,-0.24897155805739232,0.06499039735398632,-0.017300451109416137,0.15416658282404497,-0.6698677173533161,-0.17383113179115642,4.23708663723049,0.01555682711073568,0.9996611318197222,,0.47,-0.22,-0.67
wf_seasonal_N10_sign,robust,XBRUSD,fut,2000-10-31,2,1.0,2000-10-31,2024-03-28,23.9,0.17806916133316436,0.2845204933180234,0.13271280557220871,0.26689492491303246,0.015649657830791197,0.15392734639708158,-0.4102318646206209,0.8699739703747199,3.8105417255145726,0.013670694866912124,1.0,,0.35,0.25,-0.3
wf_seasonal_N10_sign,robust,XNGUSD,fut,2000-10-31,2,1.0,2000-10-31,2024-03-28,23.3,-0.13173724710314053,-0.02608569995024088,-0.17995114301933485,-0.04610184201924779,-0.031038698063956427,0.15182358609156998,-0.6383311230178828,-0.6365677690018527,4.103180720834427,0.013002449806668849,1.0,,0.05,-0.06,-0.64
wf_seasonal_N10_sign,robust,PORT,fut,2000-10-31,2,1.0,2000-10-31,2024-03-28,24.0,0.008649926181550013,0.360749612959526,-0.1548806806323034,,-0.005346085127833189,0.11242988201747503,-0.454781179984982,0.04236880375324058,,,,,0.37,-0.03,-0.71
wf_seasonal_N10_sign,robust,XTIUSD,fut,2000-10-31,1,2.0,2000-10-31,2024-03-28,23.4,0.006508868305374881,0.537987277415978,-0.22681861588307548,0.116261510366018,-0.010712781029784457,0.1532697272613929,-0.6474608209287444,0.03149958388310717,4.237561981661066,0.01682386875158732,0.9998305659098611,,0.57,-0.19,-0.73
wf_seasonal_N10_sign,robust,XBRUSD,fut,2000-10-31,1,2.0,2000-10-31,2024-03-28,23.9,0.13318280592308768,0.3648866928522187,0.03356017587970937,0.2315322807585366,0.008692103819624597,0.15258154910954047,-0.491337654651002,0.6506773749429404,3.810744128100852,0.015002603212159158,1.0,,0.44,0.17,-0.53
wf_seasonal_N10_sign,robust,XNGUSD,fut,2000-10-31,1,2.0,2000-10-31,2024-03-28,23.3,-0.23234745420166192,-0.16371852911091545,-0.2637962721384949,-0.11903949418547069,-0.04537995256070482,0.15085045829432053,-0.7144538827330306,-1.122726516659434,4.103398753604124,0.01710236315584466,1.0,,-0.1,-0.13,-0.71
wf_seasonal_N10_sign,robust,PORT,fut,2000-10-31,1,2.0,2000-10-31,2024-03-28,24.0,-0.04001888046403489,0.35686646450819026,-0.2247620766997112,,-0.010606574438255523,0.11133274583597443,-0.5096289743880389,-0.196019255796846,,,,,0.38,-0.08,-0.88
crude_FebMay_long_OctDec_short,robust,XTIUSD,fut,,1,1.0,1991-10-29,2024-03-28,32.4,0.449485311098168,0.6028077036380038,0.3048359026412877,0.53690561704811,0.046495098955095626,0.11613901647283452,-0.36233910243177536,2.5577630714882718,3.1549484041448146,0.01016484897839439,0.5832107843137255,0.75,0.68,0.17,0.05
crude_FebMay_long_OctDec_short,robust,XBRUSD,fut,,1,1.0,1990-08-23,2024-03-28,34.1,0.5569239783371555,0.6864170610879946,0.42824882889559507,0.6276879973462451,0.06039819945076497,0.11777806405906362,-0.39999095473597357,3.2517526732568807,2.519596543042463,0.008341731814469365,0.5800256081946222,0.8,0.78,0.35,0.1
crude_FebMay_long_OctDec_short,robust,PORT,fut,,1,1.0,1990-08-23,2024-03-28,34.4,0.5159314939756972,0.6503235333381729,0.3838646883217008,,0.053066976740776095,0.1125142633208956,-0.3794547837818081,3.0244799855290063,,,,0.78,0.73,0.27,0.12
crude_FebMay_long_OctDec_short,robust,XTIUSD,fut,,2,1.0,1991-10-29,2024-03-28,32.4,0.4314547434635666,0.5867665918702143,0.28505508454426864,0.5188551151276083,0.04464028613989757,0.11716816604601799,-0.4003148217851763,2.4551614537822752,3.1569656695817505,0.010251564650062857,0.5832107843137255,0.7,0.7,0.06,0.19
crude_FebMay_long_OctDec_short,robust,XBRUSD,fut,,2,1.0,1990-08-23,2024-03-28,34.1,0.5325471418749627,0.6548405160223797,0.411564160246298,0.602801769167911,0.05810724173235382,0.11950288776275737,-0.3932238833392443,3.109421859331154,2.519454830604275,0.008400538494497048,0.5799092073099755,0.71,0.81,0.23,0.25
crude_FebMay_long_OctDec_short,robust,PORT,fut,,2,1.0,1990-08-23,2024-03-28,34.4,0.49456938617075014,0.6274163145341314,0.3645254347558626,,0.05104558825558936,0.11379067689757867,-0.37537752808866076,2.899251601026046,,,,0.7,0.76,0.15,0.26
crude_FebMay_long_OctDec_short,robust,XTIUSD,fut,,1,2.0,1991-10-29,2024-03-28,32.4,0.4413327944877884,0.5938087715071623,0.29748855514603795,0.53690561704811,0.045505120939487664,0.11613978854250338,-0.3630217735591835,2.5113717759089385,3.1549484041448146,0.011111333499637834,0.5832107843137255,0.74,0.67,0.16,0.04
crude_FebMay_long_OctDec_short,robust,XBRUSD,fut,,1,2.0,1990-08-23,2024-03-28,34.1,0.5494391029349996,0.6787351935570413,0.42096087991092235,0.6276879973462451,0.0594637357105019,0.11777750957454658,-0.4006346721330494,3.208050185045428,2.519596543042463,0.009223590604534227,0.5800256081946222,0.79,0.78,0.34,0.09
crude_FebMay_long_OctDec_short,robust,PORT,fut,,1,2.0,1990-08-23,2024-03-28,34.4,0.5078330613252585,0.6417442771937433,0.3762394299340262,,0.05210808673103107,0.11251440135035826,-0.3801899036943647,2.9770055674106968,,,,0.77,0.72,0.26,0.11
crude_long_FebMay,robust,XTIUSD,fut,,1,1.0,1991-10-29,2024-03-28,32.4,0.43511773834697043,0.6269106434762963,0.2611730551105774,0.5000952891968123,0.035722437862584444,0.0900146028919713,-0.3254095298463259,2.4760054564949123,1.8014803971992752,0.005863631708603443,0.33002450980392156,0.43,0.96,0.03,0.19
crude_long_FebMay,robust,XBRUSD,fut,,1,1.0,1990-08-23,2024-03-28,34.1,0.46647960787068843,0.6130331213684685,0.330964038243742,0.5198117568978622,0.03762207591391631,0.08738503653617086,-0.3382624734283146,2.723668527331809,1.3876509599901756,0.004669102426039986,0.3255732743568851,0.55,0.84,0.18,0.2
crude_long_FebMay,robust,PORT,fut,,1,1.0,1990-08-23,2024-03-28,34.4,0.4648006178325396,0.6274684146310803,0.31387481302117803,,0.036692671676283206,0.08540846293096874,-0.3297877241143119,2.7247419130460204,,,,0.49,0.91,0.12,0.23
crude_long_FebMay,robust,XTIUSD,fut,,2,1.0,1991-10-29,2024-03-28,32.4,0.43406198290889125,0.6451909445632156,0.2433908899334206,0.4984951717154239,0.035974729768582625,0.09101239640415999,-0.3799215059532338,2.469997757899725,1.8011365880290238,0.005877822643909748,0.3299019607843137,0.4,1.06,-0.12,0.32
crude_long_FebMay,robust,XBRUSD,fut,,2,1.0,1990-08-23,2024-03-28,34.1,0.46797939346678,0.63416373998628,0.3164717022287264,0.5206276791597981,0.03828588387868148,0.08874020565600042,-0.3321463469270506,2.7324254349369808,1.3875092475519888,0.004680161545651304,0.3254568734722384,0.52,0.94,0.03,0.33
crude_long_FebMay,robust,PORT,fut,,2,1.0,1990-08-23,2024-03-28,34.4,0.4646070515318497,0.6463045286260463,0.2975022026409322,,0.03712257533338881,0.08656069858717298,-0.3382499001409818,2.723607193787465,,,,0.47,1.01,-0.04,0.36
crude_long_FebMay,robust,XTIUSD,fut,,1,2.0,1991-10-29,2024-03-28,32.4,0.42911880618256043,0.6202251834243149,0.2557970055473893,0.5000952891968123,0.03516297359347709,0.09001354811973104,-0.32585756939323296,2.4418689746574893,1.8014803971992752,0.0064040758277632255,0.33002450980392156,0.43,0.96,0.02,0.19
crude_long_FebMay,robust,XBRUSD,fut,,1,2.0,1990-08-23,2024-03-28,34.1,0.4609206653563541,0.6072702067702967,0.32558106233489187,0.5198117568978622,0.03711826472767621,0.0873852330097244,-0.3386884689898064,2.6912111240154,1.3876509599901756,0.005154780262036548,0.3255732743568851,0.54,0.83,0.18,0.19
crude_long_FebMay,robust,PORT,fut,,1,2.0,1990-08-23,2024-03-28,34.4,0.4589532628219235,0.6211929965661059,0.30841372552410856,,0.03617493346748857,0.08540803599693582,-0.33022658719505305,2.6904637028487493,,,,0.49,0.9,0.11,0.23
ng_AugOct_long_JanApr_short,robust,XNGUSD,fut,,1,1.0,1991-08-09,2024-03-28,32.5,-0.1676437104254143,-0.2346347533616215,-0.09570324779965224,-0.10186055437739591,-0.025229200919411943,0.11378515920138468,-0.7072592732519312,-0.956182852323126,1.8694976315138414,0.007484721426236682,0.5858746035618444,-0.31,-0.27,-0.17,0.31
ng_AugOct_long_JanApr_short,robust,PORT,fut,,1,1.0,1991-08-09,2024-03-28,32.5,-0.1676437104254143,-0.2346347533616215,-0.09570324779965224,,-0.025229200919411943,0.11378515920138468,-0.7072592732519312,-0.956182852323126,,,,-0.31,-0.27,-0.17,0.31
ng_AugOct_long_JanApr_short,robust,XNGUSD,fut,,2,1.0,1991-08-09,2024-03-28,32.5,-0.21293849288096464,-0.24348770379090787,-0.18027879576020084,-0.146855022032303,-0.02990383182117262,0.11271895251498573,-0.74032719746225,-1.214528925514894,1.8697853117249559,0.007450410712063283,0.5858746035618444,-0.3,-0.32,-0.2,0.15
ng_AugOct_long_JanApr_short,robust,PORT,fut,,2,1.0,1991-08-09,2024-03-28,32.5,-0.21293849288096464,-0.24348770379090787,-0.18027879576020084,,-0.02990383182117262,0.11271895251498573,-0.74032719746225,-1.214528925514894,,,,-0.3,-0.32,-0.2,0.15
ng_AugOct_long_JanApr_short,robust,XNGUSD,fut,,1,2.0,1991-08-09,2024-03-28,32.5,-0.18407086311714588,-0.2510364416160932,-0.1121818348430234,-0.10186055437739591,-0.027050348575701322,0.11378695985171082,-0.7210266490181723,-1.0498777584813606,1.8694976315138414,0.009354219057750524,0.5858746035618444,-0.33,-0.29,-0.19,0.3
ng_AugOct_long_JanApr_short,robust,PORT,fut,,1,2.0,1991-08-09,2024-03-28,32.5,-0.18407086311714588,-0.2510364416160932,-0.1121818348430234,,-0.027050348575701322,0.11378695985171082,-0.7210266490181723,-1.0498777584813606,,,,-0.33,-0.29,-0.19,0.3
pre_hol_fixed_long,robust,XTIUSD,fut,,1,1.0,1991-10-29,2024-03-28,32.2,0.44369806476473805,0.5735888971398596,0.3323076985854705,0.5901254693836522,0.011085666927150406,0.02558507664915999,-0.08159926580992904,2.517549405514625,11.311249360465123,0.0038051822850164053,0.03488228768642919,0.07,0.94,0.26,0.4
pre_hol_fixed_long,robust,XBRUSD,fut,,1,1.0,1990-08-30,2024-03-28,33.3,0.2969768659564198,0.2323322245408559,0.35496533544072056,0.45065408639436266,0.006665985399497032,0.02328590481798948,-0.11717528367654328,1.7139842696651548,9.309812050049603,0.0036098548894418327,0.03538241601143674,-0.22,0.72,0.27,0.46
pre_hol_fixed_long,robust,XNGUSD,fut,,1,1.0,1991-08-09,2024-03-28,32.4,-0.09212905262310783,0.04932073805081483,-0.23466009881725086,0.17480624418912505,-0.0027117395978853986,0.025851324091925355,-0.14601613132098468,-0.5241250820905492,6.665506247520546,0.006908466221516868,0.03482099068170672,0.11,-0.08,-0.25,-0.18
pre_hol_fixed_long,robust,PORT,fut,,1,1.0,1990-08-30,2024-03-28,33.6,0.2923360422216847,0.40085203881434345,0.19547349515162663,,0.005402360607184242,0.01905098222893713,-0.05871867170678913,1.6934195909039351,,,,0.03,0.68,0.11,0.31
pre_hol_fixed_long,robust,XTIUSD,fut,,2,1.0,1991-10-29,2024-03-28,32.2,-0.2303577803346264,0.004666849203463872,-0.4675399449064897,-0.11300268690790596,-0.0102827224239469,0.0411643561232359,-0.3544788757795888,-1.3070534649381604,11.287553057071545,0.004833627575683422,0.03475902871933933,-0.11,0.01,-0.29,-0.8
pre_hol_fixed_long,robust,XBRUSD,fut,,2,1.0,1990-08-30,2024-03-28,33.3,-0.11266655712169119,0.22154975934703933,-0.4671164215324521,-0.0054806617173579954,-0.005457536558848397,0.04105855494182373,-0.3442813019121126,-0.6502483148039123,9.289502567549908,0.004400848000975291,0.03526328329759352,0.2,0.09,-0.3,-0.8
pre_hol_fixed_long,robust,XNGUSD,fut,,2,1.0,1991-08-09,2024-03-28,32.4,-0.44806220470546754,-0.10127816132455665,-0.7911731664692022,-0.2595122059544101,-0.01835238472599643,0.03958432711479133,-0.48306895077070056,-2.549039994838966,6.655753012577785,0.0075029556030938305,0.034698381559588036,-0.17,-0.14,-0.79,-0.9
pre_hol_fixed_long,robust,PORT,fut,,2,1.0,1990-08-30,2024-03-28,33.6,-0.3153516250611417,0.0420522381105132,-0.6963959407812526,,-0.011083848538832375,0.03355122510829825,-0.38211348690466074,-1.826742319706747,,,,0.01,-0.06,-0.57,-1.05
pre_hol_fixed_long,robust,XTIUSD,fut,,1,2.0,1991-10-29,2024-03-28,32.2,0.3117108134279716,0.4234871568441429,0.21578616923119248,0.5901254693836522,0.007661857805606465,0.025532236435516817,-0.09225435807433147,1.768651782274882,11.311249360465123,0.007198557093155942,0.03488228768642919,-0.1,0.83,0.13,0.29
pre_hol_fixed_long,robust,XBRUSD,fut,,1,2.0,1990-08-30,2024-03-28,33.3,0.1572417300887789,0.07455953497744933,0.22916358020692834,0.45065408639436266,0.0033918234995835572,0.023256808572533108,-0.13721945051427165,0.9075112670447893,9.309812050049603,0.006868289106959194,0.03538241601143674,-0.37,0.59,0.11,0.35
pre_hol_fixed_long,robust,XNGUSD,fut,,1,2.0,1991-08-09,2024-03-28,32.4,-0.3492314990055063,-0.20625864101481714,-0.49282305361418,0.17480624418912505,-0.00933887293604252,0.025905922778803832,-0.28006605163422504,-1.9867889973174018,6.665506247520546,0.013573972469037415,0.03482099068170672,-0.17,-0.3,-0.52,-0.42
pre_hol_fixed_long,robust,PORT,fut,,1,2.0,1990-08-30,2024-03-28,33.6,0.05716356227493374,0.13927757853802,-0.017019308206792483,,0.0009069817506568434,0.01902594301878683,-0.08310662814973513,0.3311322665058965,,,,-0.25,0.47,-0.13,0.12
pre_hol_wf_sign,robust,XTIUSD,fut,,1,1.0,1991-10-29,2024-03-28,32.2,0.4836931575649501,0.6891679367619682,0.3323076985854705,0.6204289907565883,0.011545087017168054,0.02434467203639923,-0.04833266002680925,2.7444821557308443,10.096704150512638,0.003399224707991191,0.032047331443362505,0.18,0.94,0.26,0.4
pre_hol_wf_sign,robust,XBRUSD,fut,,1,1.0,1990-08-30,2024-03-28,33.3,0.21827161650526186,0.04896487188476441,0.35496533544072056,0.36522807454072814,0.004681233103235094,0.02256482554092648,-0.11521565448644078,1.2597416165719246,8.600684806543496,0.0033350799978211676,0.03276149630688587,-0.62,0.72,0.27,0.46
pre_hol_wf_sign,robust,XNGUSD,fut,,1,1.0,1991-08-09,2024-03-28,32.4,-0.12148407008219483,0.0014157404333199604,-0.23466009881725086,0.12523997951677357,-0.003304974297902552,0.024734601501640308,-0.14601613132098323,-0.6911267009876313,5.889390683283687,0.006105771357134911,0.03200098087297695,0.03,-0.08,-0.25,-0.18
pre_hol_wf_sign,robust,PORT,fut,,1,1.0,1990-08-30,2024-03-28,33.6,0.2485257464067601,0.3195229432683099,0.19547349515162663,,0.004356717939081323,0.01815519427346805,-0.04456182532049047,1.439639001098896,,,,-0.25,0.68,0.11,0.31
pre_hol_wf_sign,robust,XTIUSD,fut,,2,1.0,1991-10-29,2024-03-28,32.2,-0.2052244877899035,0.09743272036809543,-0.4675399449064897,-0.09259464918651417,-0.00855665789754001,0.03827714405282023,-0.3544788757795886,-1.1644467899729627,10.073007847119058,0.0043121711238763676,0.03192407247627265,0.05,0.01,-0.29,-0.8
pre_hol_wf_sign,robust,XBRUSD,fut,,2,1.0,1990-08-30,2024-03-28,33.3,-0.12586099011037066,0.22046101476210375,-0.4671164215324521,-0.023135312396803616,-0.005751332090372041,0.03957407099673132,-0.3442813019121126,-0.7263991978597873,8.580375324043802,0.004065118660852406,0.03264236359304265,0.19,0.09,-0.3,-0.8
pre_hol_wf_sign,robust,XNGUSD,fut,,2,1.0,1991-08-09,2024-03-28,32.4,-0.5031932674507957,-0.17836912273808378,-0.7911731664692022,-0.32792928681285644,-0.019378635842173586,0.03748630246508109,-0.48308785945213006,-2.862682347217685,5.879637448340927,0.0066292304883013185,0.03187837175085827,-0.37,-0.14,-0.79,-0.9
pre_hol_wf_sign,robust,PORT,fut,,2,1.0,1990-08-30,2024-03-28,33.6,-0.34169744759834786,0.041051888775074194,-0.6963959407812526,,-0.011123756779451988,0.03129603595493287,-0.37776733508873317,-1.9793561803991315,,,,-0.01,-0.06,-0.57,-1.05
pre_hol_wf_sign,robust,XTIUSD,fut,,1,2.0,1991-10-29,2024-03-28,32.2,0.3602586587136841,0.5554531986766288,0.21578616923119248,0.6204289907565883,0.008487394941250948,0.024277945388583865,-0.05646458551025424,2.0441129770467525,10.096704150512638,0.006428235953144982,0.032047331443362505,0.04,0.83,0.13,0.29
pre_hol_wf_sign,robust,XBRUSD,fut,,1,2.0,1990-08-30,2024-03-28,33.3,0.08493111209279641,-0.09677100536847721,0.22916358020692834,0.36522807454072814,0.0016617834122953923,0.022547935821147037,-0.1349599366224803,0.4901748480084741,8.600684806543496,0.006345319680111391,0.03276149630688587,-0.74,0.59,0.11,0.35
pre_hol_wf_sign,robust,XNGUSD,fut,,1,2.0,1991-08-09,2024-03-28,32.4,-0.3587054712721636,-0.21322674218870427,-0.49282305361418,0.12523997951677357,-0.00915950647791619,0.024795414226664272,-0.273903568610111,-2.04068672393681,5.889390683283687,0.0119951620404186,0.03200098087297695,-0.17,-0.3,-0.52,-0.42
pre_hol_wf_sign,robust,PORT,fut,,1,2.0,1990-08-30,2024-03-28,33.6,0.028205714527544955,0.08492165068957659,-0.017019308206792483,,0.0003470588449936418,0.018128715687311187,-0.06527031313327103,0.1633876862852505,,,,-0.48,0.47,-0.13,0.12
eia_wf_sign,robust,XNGUSD,fut,,1,1.0,1991-08-09,2024-03-28,32.4,0.01259241774055864,-0.21213432054522216,0.2201288420138704,0.5377306940703016,-0.0015505174929799637,0.06967592505491658,-0.2966083718912761,0.07163866113970406,35.36747681553048,0.036608188955220625,0.1893084845512506,-0.76,0.14,0.23,0.23
eia_wf_sign,robust,PORT,fut,,1,1.0,1991-08-09,2024-03-28,32.4,0.01259241774055864,-0.21213432054522216,0.2201288420138704,,-0.0015505174929799637,0.06967592505491658,-0.2966083718912761,0.07163866113970406,,,,-0.76,0.14,0.23,0.23
eia_wf_sign,robust,XNGUSD,fut,,2,1.0,1991-08-09,2024-03-28,32.4,-0.48351247764599337,-0.47576698033307996,-0.49242521576802767,0.11390520525045393,-0.03106330901208798,0.06135921977387542,-0.6775613139989327,-2.750717714147513,35.3580584756824,0.03664915288304902,0.1893084845512506,-0.55,-0.17,-0.88,-0.18
eia_wf_sign,robust,PORT,fut,,2,1.0,1991-08-09,2024-03-28,32.4,-0.48351247764599337,-0.47576698033307996,-0.49242521576802767,,-0.03106330901208798,0.06135921977387542,-0.6775613139989327,-2.750717714147513,,,,-0.55,-0.17,-0.88,-0.18
eia_wf_sign,robust,XNGUSD,fut,,1,2.0,1991-08-09,2024-03-28,32.4,-0.4942881079863985,-0.6842897846042838,-0.3195522906686895,0.5377306940703016,-0.0362567814161755,0.06977729770049046,-0.7110649108889444,-2.8120206145457924,35.36747681553048,0.07197566577075108,0.1893084845512506,-1.33,-0.28,-0.39,-0.22
eia_wf_sign,robust,PORT,fut,,1,2.0,1991-08-09,2024-03-28,32.4,-0.4942881079863985,-0.6842897846042838,-0.3195522906686895,,-0.0362567814161755,0.06977729770049046,-0.7110649108889444,-2.8120206145457924,,,,-1.33,-0.28,-0.39,-0.22
