key,sym,family,kind,anchor,N,exit,stop,filter,is_days,is_sharpe,is_gross_sharpe,is_ann_ret,is_ann_vol,is_max_dd,is_t_stat,is_trades,is_trades_py,is_avg_bps,is_avg_gross_bps,is_hit,oos_days,oos_sharpe,oos_gross_sharpe,oos_ann_ret,oos_ann_vol,oos_max_dd,oos_t_stat,oos_trades,oos_trades_py,oos_avg_bps,oos_avg_gross_bps,oos_hit,full_days,full_sharpe,full_gross_sharpe,full_ann_ret,full_ann_vol,full_max_dd,full_t_stat,full_trades,full_trades_py,full_avg_bps,full_avg_gross_bps,full_hit,is_sharpe_0x,oos_sharpe_0x,full_sharpe_0x,is_sharpe_2x,oos_sharpe_2x,full_sharpe_2x
XTIUSD|orb|08:00|15|14:30|none|none,XTIUSD,A_orb,range,08:00,15.0,14:30,none,none,2008,-0.8726145482271237,-0.2784131811204759,-0.2590522587600129,0.2968690578060211,-0.9264580872924282,-2.46322471307775,2008,252.0,-10.27985153809575,-3.2798515380957456,0.47758964143426297,1840,-0.24594196120967776,0.33402562366722116,-0.07480445991924818,0.30415492968877184,-0.7166325679810748,-0.664570827145918,1840,252.0,-2.9684309491765153,4.031569050823483,0.4967391304347826,3848,-0.5690913597352901,0.018141635649274665,-0.17095040068646639,0.30039184001314495,-0.9779795721652192,-2.2238180618448227,3848,252.0,-6.783746058986761,0.21625394101324133,0.48674636174636177,-0.2784131811204759,0.33402562366722116,0.018141635649274665,-1.46681591533377,-0.8259095460865762,-1.156324355119854
XTIUSD|orb|08:00|15|14:30|none|narrow1.0,XTIUSD,A_orb,range,08:00,15.0,14:30,none,narrow1.0,2008,-1.111693614399548,-0.6543075183520898,-0.2524031537404956,0.22704380997710824,-0.923043795449178,-3.1380993932809806,1184,148.58964143426294,-16.986591481355745,-9.986591481355749,0.46199324324324326,1840,-0.11725477626915275,0.4039283523421427,-0.023743308933405947,0.20249332000689096,-0.4983666918738193,-0.3168394009250265,1101,150.7891304347826,-1.5746034787086407,5.425396521291356,0.5022706630336058,3848,-0.6631173903508604,-0.17769552087496018,-0.14306476641070223,0.21574576159887107,-0.9588186998310857,-2.59124023684277,2285,149.64137214137213,-9.560508859511343,-2.5605088595113443,0.4814004376367615,-0.6543075183520898,0.4039283523421427,-0.17769552087496018,-1.5671537217455653,-0.638183426790081,-1.1472685496600479
XTIUSD|orb|08:00|15|14:30|none|narrow0.75,XTIUSD,A_orb,range,08:00,15.0,14:30,none,narrow0.75,2008,-0.8605770168506165,-0.5019019984378441,-0.15117985460226038,0.17567266106585205,-0.760236320360477,-2.429245054096241,719,90.23306772908366,-16.75437380187092,-9.754373801870925,0.45897079276773295,1840,0.23965617212948986,0.6258638958366057,0.0377589802300123,0.15755479983887313,-0.3684857600731438,0.647585713960113,636,87.10434782608696,4.334913373716094,11.334913373716093,0.5078616352201258,3848,-0.36354402730491814,0.007658977394872172,-0.06083488160553954,0.1673384158076541,-0.8461509318871239,-1.4206080629523763,1355,88.73700623700623,-6.85563827148469,0.14436172851530668,0.4819188191881919,-0.5019019984378441,0.6258638958366057,0.007658977394872172,-1.216891657643302,-0.147359399531988,-0.7336520076179271
XTIUSD|orb|08:00|15|14:30|none|trend,XTIUSD,A_orb,range,08:00,15.0,14:30,none,trend,2008,-0.8677226494774173,-0.26629903420554557,-0.23117129063478223,0.2664114976991834,-0.8844419465929185,-2.4494158143851577,1824,228.90836653386455,-10.098857203656767,-3.0988572036567663,0.48081140350877194,1840,-0.13675712899332007,0.4281529386639655,-0.038386173894915575,0.2806886498530586,-0.7913925636319903,-0.3695375847462968,1654,226.52608695652174,-1.6945586449071197,5.3054413550928805,0.4727932285368803,3848,-0.5084341365938625,0.07481775481191835,-0.13898713917912872,0.27336311466071317,-0.9751291516702035,-1.9867899887670621,3478,227.76923076923075,-6.102103374970189,0.8978966250298113,0.4769982748706153,-0.26629903420554557,0.4281529386639655,0.07481775481191835,-1.4687692877260612,-0.7016087464413736,-1.0914669890049729
XTIUSD|orb|08:00|15|14:30|none|trend+narrow1.0,XTIUSD,A_orb,range,08:00,15.0,14:30,none,trend+narrow1.0,2008,-1.0458508634722032,-0.5753240324336533,-0.21602610557886998,0.20655536379409564,-0.854155341134962,-2.9522378446845607,1108,139.05179282868525,-15.535657698784128,-8.535657698784131,0.48104693140794225,1840,-0.21728111816638013,0.2882128514677348,-0.04161919276471519,0.19154537272238198,-0.6137844781473482,-0.5871250750087096,1010,138.32608695652175,-3.0087739543877117,3.9912260456122883,0.47128712871287126,3848,-0.6645825420711999,-0.17818507253405505,-0.13262986868228868,0.19956869205282166,-0.9418704425844453,-2.5969655580997113,2118,138.7047817047817,-9.56202569602663,-2.5620256960266317,0.4763928234183192,-0.5753240324336533,0.2882128514677348,-0.17818507253405505,-1.514140695465718,-0.7222322410090436,-1.1494536430350932
XTIUSD|orb|08:00|15|14:30|opp|none,XTIUSD,A_orb,range,08:00,15.0,14:30,opp,none,2008,-0.7589401284979927,0.4319107958739761,-0.1260070770788921,0.1660303261711446,-0.699892966788875,-2.142343471193288,2008,252.0,-5.000280836463972,2.8383645818627214,0.15338645418326693,1840,-1.160902682401461,0.024347205011882634,-0.19277377408391416,0.16605506818636978,-0.777317938477125,-3.136927314415087,1840,252.0,-7.649752939837863,0.16002966885779096,0.175,3848,-0.9512091663283752,0.2370191358898851,-0.1579329405116469,0.166033871520878,-0.926986337853675,-3.7170062213865362,3848,252.0,-6.267180179033607,1.5576638958104678,0.16372141372141372,0.4319107958739761,0.024347205011882634,0.2370191358898851,-1.9437006885917956,-2.3401522163294133,-2.1333951917859233
XTIUSD|orb|08:00|15|14:30|opp|narrow1.0,XTIUSD,A_orb,range,08:00,15.0,14:30,opp,narrow1.0,2008,-0.8194842473440467,0.22857584188438904,-0.0916118627581446,0.11179209735276696,-0.5754331960807177,-2.313247990349093,1184,148.58964143426294,-6.165427271636181,1.7137957013367922,0.11739864864864864,1840,-0.8496098798634496,0.38681080624442316,-0.0813586985474537,0.09576006644429533,-0.4987962255998962,-2.2957690417489394,1101,150.7891304347826,-5.395528067100427,2.445525520547165,0.15349682107175294,3848,-0.8303825675640434,0.297266810185963,-0.08670910232475808,0.10442066790867528,-0.7789089298743066,-3.2448564196246874,2285,149.64137214137213,-5.79446052144193,2.0663709884048975,0.13479212253829323,0.22857584188438904,0.38681080624442316,0.297266810185963,-1.8547955975618078,-2.0667436250574704,-1.942759912823549
XTIUSD|orb|08:00|15|14:30|opp|narrow0.75,XTIUSD,A_orb,range,08:00,15.0,14:30,opp,narrow0.75,2008,-0.2726321365128058,0.489494519163659,-0.02547650688761008,0.09344645577544898,-0.26304904069236124,-0.7695886088558982,719,90.23306772908366,-2.823411364456864,5.06115052705913,0.11126564673157163,1840,-0.5313520112356902,0.4361755833618689,-0.03769000619244651,0.07093227351261208,-0.31546362565106234,-1.4357901509596263,636,87.10434782608696,-4.326994820935756,3.5377850532780797,0.1320754716981132,3848,-0.37535304599228553,0.46336510508533124,-0.03131664169033851,0.08343249648487508,-0.45934181044462097,-1.4667537451884338,1355,88.73700623700623,-3.52915238166762,4.346124371099906,0.12103321033210332,0.489494519163659,0.4361755833618689,0.46336510508533124,-1.028095365337182,-1.4809286349727693,-1.2038915486270805
XTIUSD|orb|08:00|15|14:30|opp|trend,XTIUSD,A_orb,range,08:00,15.0,14:30,opp,trend,2008,-1.0453811931646244,0.2472503541542382,-0.14523788553693062,0.1389329428218046,-0.7288586580364531,-2.950912054837282,1824,228.90836653386455,-6.344804593039819,1.4956559332759698,0.1513157894736842,1840,-1.0229914573954362,0.13413484229101477,-0.15630689915955837,0.15279394371241373,-0.7802474188161501,-2.7642711949624856,1654,226.52608695652174,-6.900172128500109,0.9021253322012214,0.18198307134220074,3848,-1.03310757745296,0.19026905732510202,-0.15053076107373808,0.14570676312805592,-0.9359786576370718,-4.037037729121884,3478,227.76923076923075,-6.608915548661244,1.213396124714258,0.16589994249568718,0.2472503541542382,0.13413484229101477,0.19026905732510202,-2.3278751855909987,-2.1721138233749815,-2.2474893081548912
XTIUSD|orb|08:00|15|14:30|opp|trend+narrow1.0,XTIUSD,A_orb,range,08:00,15.0,14:30,opp,trend+narrow1.0,2008,-1.1495465226378876,0.06819332399869416,-0.10343327842853624,0.08997746188748047,-0.5864942635187516,-3.2449509455774406,1108,139.05179282868525,-7.438471401513551,0.4387849161759792,0.12003610108303249,1840,-0.8003328601515348,0.4211756596011752,-0.07113049206125596,0.08887613592148165,-0.5339247721736705,-2.1626153920497995,1010,138.32608695652175,-5.142232649407158,2.6934109149492778,0.1613861386138614,3848,-0.98368128461962,0.23598935740398608,-0.08798703962505501,0.08944669477886708,-0.8019848038214292,-3.8438963628851197,2118,138.7047817047817,-6.343475584881134,1.5139370685655122,0.1397544853635505,0.06819332399869416,0.4211756596011752,0.23598935740398608,-2.342662070117812,-2.0008366245362956,-2.1804200943910934
XTIUSD|orb|08:00|15|14:30|mid|none,XTIUSD,A_orb,range,08:00,15.0,14:30,mid,none,2008,-1.4793730397465086,0.10879777885762304,-0.18596211433362675,0.1257033279215981,-0.797635611547696,-4.175988400340177,2008,252.0,-7.379448981493124,0.5413677515746019,0.07868525896414343,1840,-1.6227968229194056,0.03709156384869124,-0.19477755851835976,0.12002584412752032,-0.7718270996564355,-4.385032231152591,1840,252.0,-7.729268195173007,0.1761665874356888,0.08967391304347826,3848,-1.5460872789700741,0.07533140398648233,-0.19017739949472567,0.1230056039406859,-0.9513775161200406,-6.041590260237714,3848,252.0,-7.546722202171654,0.36673933628988253,0.08393970893970894,0.10879777885762304,0.03709156384869124,0.07533140398648233,-3.0597018799386904,-3.2733314668238913,-3.158985737309848
XTIUSD|orb|08:00|15|14:30|mid|narrow1.0,XTIUSD,A_orb,range,08:00,15.0,14:30,mid,narrow1.0,2008,-1.228351772887918,0.09156051573980248,-0.10979370442976208,0.08938294945562007,-0.595493028320283,-3.4674031615421317,1184,148.58964143426294,-7.389055076112796,0.5484449238872048,0.0625,1840,-0.8122337276471028,0.7250913576549691,-0.06315350561634804,0.07775287268517224,-0.4285100369136705,-2.1947732609892148,1101,150.7891304347826,-4.188200133143043,3.724606406366492,0.08446866485013624,3848,-1.0412596325262016,0.3717293589586152,-0.08749173826118571,0.08402490169423152,-0.7688283256865955,-4.068893224734155,2285,149.64137214137213,-5.846761293964132,2.0788404565829137,0.07308533916849015,0.09156051573980248,0.7250913576549691,0.3717293589586152,-2.5251422461138016,-2.323444274963126,-2.429853553730262
XTIUSD|orb|08:00|15|14:30|mid|narrow0.75,XTIUSD,A_orb,range,08:00,15.0,14:30,mid,narrow0.75,2008,-0.4759121167048441,0.417449118737683,-0.03818279562075551,0.08023077009496712,-0.305898739031917,-1.343409285923794,719,90.23306772908366,-4.231574585870866,3.704447667258479,0.06397774687065369,1840,-0.14128012128287734,0.9463830292233301,-0.008958228804310818,0.06340756734186442,-0.17163610264478002,-0.38175936549595524,636,87.10434782608696,-1.0284479509790796,6.888218715687586,0.08176100628930817,3848,-0.3331266113449005,0.6356582306969939,-0.02420847053181107,0.07267047935341013,-0.40341121166893024,-1.3017470086604996,1355,88.73700623700623,-2.7281144089032088,5.198822860469484,0.07232472324723248,0.417449118737683,0.9463830292233301,0.6356582306969939,-1.3581098173248924,-1.2178409500580607,-1.2905752194479945
XTIUSD|orb|08:00|15|14:30|mid|trend,XTIUSD,A_orb,range,08:00,15.0,14:30,mid,trend,2008,-1.2600658302658965,0.3947660014046402,-0.13805995990708342,0.10956567235693575,-0.7002592084876182,-3.5569259067726753,1824,228.90836653386455,-6.031232584356368,1.883241099854157,0.08388157894736842,1840,-1.4400670576764243,0.23980714273105572,-0.15346044549923615,0.10656479132773687,-0.6928087495481234,-3.891269919774678,1654,226.52608695652174,-6.774515357636957,1.1239126955673941,0.09552599758162031,3848,-1.344922287493775,0.3217637896481561,-0.14542401746674063,0.10812819359082393,-0.9024698672641195,-5.255504979196129,3478,227.76923076923075,-6.38470863582448,1.5221343774015101,0.08941920644048304,0.3947660014046402,0.23980714273105572,0.3217637896481561,-2.900762984898425,-3.103551898185494,-2.996445746360165
XTIUSD|orb|08:00|15|14:30|mid|trend+narrow1.0,XTIUSD,A_orb,range,08:00,15.0,14:30,mid,trend+narrow1.0,2008,-1.3556413568497336,0.22036761045754377,-0.09496041139239404,0.07004832872100106,-0.5427016437496522,-3.8267174195603477,1108,139.05179282868525,-6.829139665202825,1.103170804111255,0.06768953068592058,1840,-0.6713095333040525,0.8363081507012242,-0.04877809600986181,0.07266111024788476,-0.39061784111180364,-1.8139756616743576,1010,138.32608695652175,-3.526312142784288,4.377648253255315,0.09306930693069307,3848,-1.0219062847386888,0.520812844607272,-0.07287739156290876,0.07131514176130564,-0.719511953221105,-3.993266836051933,2118,138.7047817047817,-5.254136927883314,2.6646543846757025,0.07979225684608121,0.22036761045754377,0.8363081507012242,0.520812844607272,-2.889381265169814,-2.152649575812464,-2.530405770826936
XTIUSD|orb|08:00|15|14:30|opp_rev|none,XTIUSD,A_orb,range,08:00,15.0,14:30,opp_rev,none,2008,-0.7308224786942538,0.9302474619163865,-0.15972493229480342,0.21855503484263492,-0.8046668477394594,-2.062972699744485,3664,459.8247011952191,-3.4736048733274116,4.359910410515384,0.15775109170305676,1840,-1.6243016077364956,0.043977657945770535,-0.3438458777642226,0.21168844266760306,-0.9306569058899392,-4.38909837783879,3302,452.2304347826087,-7.603333418492994,0.2028446554016157,0.17686250757116898,3848,-1.1505328890000621,0.5134659682569408,-0.24776613283111604,0.21534902235298264,-0.9844771769421536,-4.4958964418207845,6966,456.19334719334717,-5.431164973260911,2.3893920178387167,0.16681022107378696,0.9302474619163865,0.043977657945770535,0.5134659682569408,-2.3453659391260007,-3.2428796091289573,-2.7666921812240584
XTIUSD|orb|08:00|15|14:30|opp_rev|narrow1.0,XTIUSD,A_orb,range,08:00,15.0,14:30,opp_rev,narrow1.0,2008,-0.455741303045168,0.961484859226124,-0.07089182922807939,0.15555278565799285,-0.5667574365256236,-1.2864709197341115,2215,277.97808764940237,-2.550266815184768,5.316550340571438,0.13002257336343115,1840,-1.262425835647436,0.43762209594851365,-0.1614122424380876,0.1278587920812847,-0.7100254074692958,-3.4112575897177972,2013,275.6934782608696,-5.854771881304876,1.9847710893856365,0.15499254843517138,3848,-0.7984825872954759,0.7338640521054531,-0.11417601849689828,0.14299124403403904,-0.8675113790103532,-3.1202020015243477,4228,276.88565488565484,-4.123580130723976,3.730251468140734,0.14191106906338694,0.961484859226124,0.43762209594851365,0.7338640521054531,-1.8293135598693355,-2.8667773822920477,-2.2685509735113296
XTIUSD|orb|08:00|15|14:30|opp_rev|narrow0.75,XTIUSD,A_orb,range,08:00,15.0,14:30,opp_rev,narrow0.75,2008,0.055043388903412066,1.1543032492273495,0.006740088428391017,0.12245046249274831,-0.28472800766798245,0.15537700593451992,1352,169.67330677290838,0.3972391743040648,8.267801304481578,0.1257396449704142,1840,-0.9626054056930279,0.42264898909431553,-0.08892486286368521,0.0923793512250887,-0.4944049951521281,-2.601099330630916,1180,161.6086956521739,-5.502480080346408,2.358536868806133,0.13559322033898305,3848,-0.3573831246683937,0.8487704981520358,-0.03900406707509658,0.10913796534541864,-0.6179320146703958,-1.39653332288473,2532,165.8170478170478,-2.3522350438979727,5.513878700177856,0.13033175355450238,1.1543032492273495,0.42264898909431553,0.8487704981520358,-1.0189103974533533,-2.2522972307606923,-1.516528026742937
XTIUSD|orb|08:00|15|14:30|opp_rev|trend,XTIUSD,A_orb,range,08:00,15.0,14:30,opp_rev,trend,2008,-1.0453811931646244,0.2472503541542382,-0.14523788553693062,0.1389329428218046,-0.7288586580364531,-2.950912054837282,1824,228.90836653386455,-6.344804593039819,1.4956559332759698,0.1513157894736842,1840,-1.0229914573954362,0.13413484229101477,-0.15630689915955837,0.15279394371241373,-0.7802474188161501,-2.7642711949624856,1654,226.52608695652174,-6.900172128500109,0.9021253322012214,0.18198307134220074,3848,-1.03310757745296,0.19026905732510202,-0.15053076107373808,0.14570676312805592,-0.9359786576370718,-4.037037729121884,3478,227.76923076923075,-6.608915548661244,1.213396124714258,0.16589994249568718,0.2472503541542382,0.13413484229101477,0.19026905732510202,-2.3278751855909987,-2.1721138233749815,-2.2474893081548912
XTIUSD|orb|08:00|15|14:30|opp_rev|trend+narrow1.0,XTIUSD,A_orb,range,08:00,15.0,14:30,opp_rev,trend+narrow1.0,2008,-1.1495465226378876,0.06819332399869416,-0.10343327842853624,0.08997746188748047,-0.5864942635187516,-3.2449509455774406,1108,139.05179282868525,-7.438471401513551,0.4387849161759792,0.12003610108303249,1840,-0.8003328601515348,0.4211756596011752,-0.07113049206125596,0.08887613592148165,-0.5339247721736705,-2.1626153920497995,1010,138.32608695652175,-5.142232649407158,2.6934109149492778,0.1613861386138614,3848,-0.98368128461962,0.23598935740398608,-0.08798703962505501,0.08944669477886708,-0.8019848038214292,-3.8438963628851197,2118,138.7047817047817,-6.343475584881134,1.5139370685655122,0.1397544853635505,0.06819332399869416,0.4211756596011752,0.23598935740398608,-2.342662070117812,-2.0008366245362956,-2.1804200943910934
XTIUSD|orb|08:00|15|14:30|mid_rev|none,XTIUSD,A_orb,range,08:00,15.0,14:30,mid_rev,none,2008,-1.2996954954074547,0.8559888449235087,-0.22037220743565705,0.16955679866118978,-0.8637754161783492,-3.668792905490503,3664,459.8247011952191,-4.792526518537285,3.119591385392845,0.08679039301310043,1840,-2.0883675529066634,0.20171458463231626,-0.3262681138359729,0.15623117366569952,-0.915279087101101,-5.643071825537943,3302,452.2304347826087,-7.214642994844274,0.6869318083053314,0.09418534221683827,3848,-1.6592339508446274,0.5563365403910603,-0.27100850363539225,0.16333350911571953,-0.9874639798922857,-6.483729484894543,6966,456.19334719334717,-5.940650062144186,1.966470236448979,0.09029572207866782,0.8559888449235087,0.20171458463231626,0.5563365403910603,-3.4031690870118765,-4.309980239932784,-3.815774674769401
XTIUSD|orb|08:00|15|14:30|mid_rev|narrow1.0,XTIUSD,A_orb,range,08:00,15.0,14:30,mid_rev,narrow1.0,2008,-0.799139892498764,0.9554449526095821,-0.10086970488472896,0.1262228376177391,-0.5837761732005005,-2.255819750436824,2215,277.97808764940237,-3.6286926691844164,4.296363764224162,0.0744920993227991,1840,-1.2675823291105177,0.9079615514802283,-0.12816434794908632,0.10110928892407425,-0.6359019260675298,-3.4251911824608885,2013,275.6934782608696,-4.648798686047019,3.2612857650210363,0.08743169398907104,3848,-0.9915700981622383,0.9294094882737672,-0.11392119741030525,0.11488970635706458,-0.8482260690703206,-3.8747231989326054,4228,276.88565488565484,-4.1143770144882055,3.803551083903468,0.08065279091769158,0.9554449526095821,0.9079615514802283,0.9294094882737672,-2.497892353419695,-3.312691271857901,-2.8311519756190546
XTIUSD|orb|08:00|15|14:30|mid_rev|narrow0.75,XTIUSD,A_orb,range,08:00,15.0,14:30,mid_rev,narrow0.75,2008,-0.3473405690638794,0.9958444082405606,-0.03497165218587472,0.1006840412570496,-0.3010187107832536,-0.9804762885410288,1352,169.67330677290838,-2.0611169105509903,5.865658237378003,0.07322485207100592,1840,-0.7350398243010537,0.9198796422615731,-0.057484191113815114,0.0782055464388975,-0.39024911195024015,-1.9861841453093192,1180,161.6086956521739,-3.556998643039407,4.36334034001144,0.07796610169491526,3848,-0.5046786342841801,0.956395597173788,-0.04573648368987949,0.09062496524100064,-0.573102410863076,-1.9721147459880182,2532,165.8170478170478,-2.7582497874610747,5.165525883944929,0.07543443917851501,0.9958444082405606,0.9198796422615731,0.956395597173788,-1.64930085886421,-2.280051314773439,-1.9020623256287346
XTIUSD|orb|08:00|15|14:30|mid_rev|trend,XTIUSD,A_orb,range,08:00,15.0,14:30,mid_rev,trend,2008,-1.2600658302658965,0.3947660014046402,-0.13805995990708342,0.10956567235693575,-0.7002592084876182,-3.5569259067726753,1824,228.90836653386455,-6.031232584356368,1.883241099854157,0.08388157894736842,1840,-1.4400670576764243,0.23980714273105572,-0.15346044549923615,0.10656479132773687,-0.6928087495481234,-3.891269919774678,1654,226.52608695652174,-6.774515357636957,1.1239126955673941,0.09552599758162031,3848,-1.344922287493775,0.3217637896481561,-0.14542401746674063,0.10812819359082393,-0.9024698672641195,-5.255504979196129,3478,227.76923076923075,-6.38470863582448,1.5221343774015101,0.08941920644048304,0.3947660014046402,0.23980714273105572,0.3217637896481561,-2.900762984898425,-3.103551898185494,-2.996445746360165
XTIUSD|orb|08:00|15|14:30|mid_rev|trend+narrow1.0,XTIUSD,A_orb,range,08:00,15.0,14:30,mid_rev,trend+narrow1.0,2008,-1.3556413568497336,0.22036761045754377,-0.09496041139239404,0.07004832872100106,-0.5427016437496522,-3.8267174195603477,1108,139.05179282868525,-6.829139665202825,1.103170804111255,0.06768953068592058,1840,-0.6713095333040525,0.8363081507012242,-0.04877809600986181,0.07266111024788476,-0.39061784111180364,-1.8139756616743576,1010,138.32608695652175,-3.526312142784288,4.377648253255315,0.09306930693069307,3848,-1.0219062847386888,0.520812844607272,-0.07287739156290876,0.07131514176130564,-0.719511953221105,-3.993266836051933,2118,138.7047817047817,-5.254136927883314,2.6646543846757025,0.07979225684608121,0.22036761045754377,0.8363081507012242,0.520812844607272,-2.889381265169814,-2.152649575812464,-2.530405770826936
XTIUSD|orb|08:00|15|16:55|none|none,XTIUSD,A_orb,range,08:00,15.0,16:55,none,none,2008,-0.6172325354533225,-0.033903528730567345,-0.18665250313141826,0.3024022429315599,-0.8792193295829691,-1.7423299189008459,2008,252.0,-7.406845362357867,-0.4068453623578629,0.4845617529880478,1840,-0.40046020343443817,0.1891810996024449,-0.11980364930679925,0.2991649314447124,-0.7840269978455378,-1.0821015142208879,1840,252.0,-4.754113067730128,2.2458869322698702,0.4951086956521739,3848,-0.5142072067498689,0.07217654405684461,-0.15468735473295178,0.3008268898265325,-0.971966539646128,-2.0093492096471612,3848,252.0,-6.138387092577452,0.8616129074225499,0.4896049896049896,-0.033903528730567345,0.1891810996024449,0.07217654405684461,-1.2005615421760762,-0.9901015064713204,-1.1005909575565813
XTIUSD|orb|08:00|15|16:55|none|narrow1.0,XTIUSD,A_orb,range,08:00,15.0,16:55,none,narrow1.0,2008,-0.9780780039238173,-0.5262316251104792,-0.22490233821120623,0.2299431510666341,-0.9082257391154693,-2.760927966967417,1184,148.58964143426294,-15.13580193345473,-8.135801933454733,0.46959459459459457,1840,-0.030561227459227677,0.4707777678908932,-0.0064326128881817555,0.21048280527225646,-0.4788205438374866,-0.08258086627949636,1101,150.7891304347826,-0.4265965901941402,6.573403409805858,0.5022706630336058,3848,-0.5451336340237809,-0.0710351913143213,-0.1204365651877226,0.2209303511484831,-0.9489694021122901,-2.13019930934301,2285,149.64137214137213,-8.048346754929607,-1.0483467549296082,0.4853391684901532,-0.5262316251104792,0.4707777678908932,-0.0710351913143213,-1.4282710363711526,-0.5318388292436558,-1.0182354859477802
XTIUSD|orb|08:00|15|16:55|none|narrow0.75,XTIUSD,A_orb,range,08:00,15.0,16:55,none,narrow0.75,2008,-0.8493123554701643,-0.49162838568237444,-0.14962748493532638,0.1761748595456324,-0.763295827791555,-2.39744705994962,719,90.23306772908366,-16.58233380522636,-9.582333805226364,0.4617524339360223,1840,0.2914875737310086,0.671470251134655,0.046659191173397264,0.16007265962032208,-0.35077814852024647,0.7876416737688052,636,87.10434782608696,5.356700593931,12.356700593930999,0.5047169811320755,3848,-0.33046623170652306,0.037624251239147435,-0.05576899116192422,0.1687585169411529,-0.8405920757384686,-1.2913511377867266,1355,88.73700623700623,-6.28475013152593,0.7152498684740656,0.4819188191881919,-0.49162838568237444,0.671470251134655,0.037624251239147435,-1.204679772592322,-0.0894468460654722,-0.6975778208942411
XTIUSD|orb|08:00|15|16:55|none|trend,XTIUSD,A_orb,range,08:00,15.0,16:55,none,trend,2008,-1.2170608217866814,-0.6272607175066943,-0.3334794344806352,0.27400391871219515,-0.9495661914279024,-3.435530956519623,1840,230.91633466135457,-14.44156971267071,-7.441569712670708,0.4733695652173913,1840,-0.273449387203713,0.3015723587507419,-0.07618143580183966,0.2785942824040281,-0.7822815601119293,-0.7388998792344552,1671,228.85434782608695,-3.3288175001041322,3.6711824998958673,0.47516457211250746,3848,-0.7616861135127078,-0.1791626317523872,-0.2104471274200885,0.2762911436701379,-0.9887035983870949,-2.976413729904161,3511,229.93035343035342,-9.152646628877275,-2.1526466288772736,0.4742238678439191,-0.6272607175066943,0.3015723587507419,-0.1791626317523872,-1.806400636656251,-0.8483622328961771,-1.3439142722441557
XTIUSD|orb|08:00|15|16:55|none|trend+narrow1.0,XTIUSD,A_orb,range,08:00,15.0,16:55,none,trend+narrow1.0,2008,-1.3091452264154955,-0.8529179460924675,-0.2794879758136791,0.21348890113507962,-0.9130515951395421,-3.6954676967809243,1112,139.55378486055776,-20.027258744214194,-13.027258744214194,0.4784172661870504,1840,-0.18631262784313546,0.3002234847248729,-0.03733404577748523,0.20038387204177247,-0.624223395319675,-0.5034437254400894,1017,139.28478260869565,-2.6804109593487264,4.319589040651272,0.46214355948869223,3848,-0.7891334751530779,-0.3189118639766652,-0.16369711529741185,0.2074390714012703,-0.9663054706084258,-3.083668808586489,2129,139.4251559251559,-11.740859403111244,-4.740859403111244,0.470643494598403,-0.8529179460924675,0.3002234847248729,-0.3189118639766652,-1.762758478237466,-0.6724240281768188,-1.2576804107037727
XTIUSD|orb|08:00|15|16:55|opp|none,XTIUSD,A_orb,range,08:00,15.0,16:55,opp,none,2008,-0.6609472910431392,0.5266052694510414,-0.11013703105541114,0.16663511984683002,-0.6637152654302291,-1.8657283501025264,2008,252.0,-4.370517105373458,3.4731083926345105,0.1499003984063745,1840,-1.4181760234895477,-0.15009932724565414,-0.22022716085344918,0.15528901716414636,-0.8157498963443608,-3.8321171724147063,1840,252.0,-8.739173049740048,-0.9223252236530892,0.1701086956521739,3848,-1.009007647899385,0.21479240686797496,-0.162778881062789,0.16132571581758795,-0.9328116596991858,-3.9428632917251263,3848,252.0,-6.459479407253532,1.371341798567675,0.15956340956340956,0.5266052694510414,-0.15009932724565414,0.21479240686797496,-1.8423190068275097,-2.6790519306243157,-2.2261913499099775
XTIUSD|orb|08:00|15|16:55|opp|narrow1.0,XTIUSD,A_orb,range,08:00,15.0,16:55,opp,narrow1.0,2008,-0.8297632854541077,0.2549786535781579,-0.08968196246891832,0.10808138181220893,-0.567279816515661,-2.342263757678221,1184,148.58964143426294,-6.03554605847772,1.8478998874682264,0.11317567567567567,1840,-0.7758746710037381,0.4096584243276812,-0.07754053584153915,0.09993951180443365,-0.49034170775527897,-2.096525819890191,1101,150.7891304347826,-5.142316002351111,2.7041871765771357,0.14623069936421434,3848,-0.8045319279258916,0.32570023544307003,-0.08387629069283263,0.10425476948946992,-0.7730312527546261,-3.143840794709378,2285,149.64137214137213,-5.605153808239034,2.2604917059841605,0.12910284463894967,0.2549786535781579,0.4096584243276812,0.32570023544307003,-1.9005037481904052,-1.944699456706708,-1.9195919790428897
XTIUSD|orb|08:00|15|16:55|opp|narrow0.75,XTIUSD,A_orb,range,08:00,15.0,16:55,opp,narrow0.75,2008,-0.3300061032468713,0.4903313577346337,-0.028675474814527983,0.08689377115270018,-0.2516974040047554,-0.9315443922356027,719,90.23306772908366,-3.1779341583091694,4.712191015543403,0.1070931849791377,1840,-0.507938538135763,0.40935388778776854,-0.03801825443869808,0.07484813926155862,-0.33199457635871044,-1.372523552987303,636,87.10434782608696,-4.364679305630707,3.5048175497152045,0.12578616352201258,3848,-0.40742735190374063,0.45342364225157605,-0.0331429162148588,0.08134681203899437,-0.4836100231065946,-1.592089369402106,1355,88.73700623700623,-3.73495992487485,4.145482879553193,0.11586715867158671,0.4903313577346337,0.40935388778776854,0.45342364225157605,-1.1415647789308465,-1.4098126807491593,-1.256941439557608
XTIUSD|orb|08:00|15|16:55|opp|trend,XTIUSD,A_orb,range,08:00,15.0,16:55,opp,trend,2008,-1.191465757537309,0.11929094962996548,-0.16470897433589568,0.13824062780984966,-0.7656289057724861,-3.3632809637594097,1840,230.91633466135457,-7.13284205629914,0.7117231610921643,0.14565217391304347,1840,-1.1475725116567266,0.0842946574499956,-0.1664331485361575,0.1450306162317198,-0.7502951068214995,-3.100907260926647,1671,228.85434782608695,-7.272448617084387,0.532458624088564,0.17893476959904248,3848,-1.1697682751930547,0.10212019646123018,-0.16553342353768413,0.14150958531540364,-0.9375837191482362,-4.571061876176411,3511,229.93035343035342,-7.199285395254467,0.6264052911596618,0.16149245229279408,0.11929094962996548,0.0842946574499956,0.10212019646123018,-2.491798836362,-2.370004023549772,-2.4317297303812966
XTIUSD|orb|08:00|15|16:55|opp|trend+narrow1.0,XTIUSD,A_orb,range,08:00,15.0,16:55,opp,trend+narrow1.0,2008,-1.2131166711288768,0.018927181873036325,-0.10828186672819545,0.08925923557495322,-0.600482654086556,-3.4243973702275485,1112,139.55378486055776,-7.759149408695061,0.12034699418263609,0.11600719424460432,1840,-0.7446498055079787,0.43096380992384686,-0.06927369671715514,0.0930285567856942,-0.516847211669343,-2.0121517074452413,1017,139.28478260869565,-4.973529442320452,2.866195238112193,0.15240904621435594,3848,-0.9840997070622194,0.22033447874049528,-0.089629311421461,0.0910774698724651,-0.802414414469233,-3.845531417379299,2129,139.4251559251559,-6.428489236875907,1.432008649455703,0.13339596054485675,0.018927181873036325,0.43096380992384686,0.22033447874049528,-2.419207945600984,-1.9019865945990357,-2.16646904456693
XTIUSD|orb|08:00|15|16:55|mid|none,XTIUSD,A_orb,range,08:00,15.0,16:55,mid,none,2008,-1.511486769194565,0.1175167607889783,-0.18532144715034268,0.12260871277695408,-0.7945880271603016,-4.266639343722061,2008,252.0,-7.354025680569154,0.5702771082754651,0.07470119521912351,1840,-1.7809009457568115,-0.06245741458886256,-0.20656311092404944,0.11598798429312329,-0.7940454042943488,-4.8122524873969335,1840,252.0,-8.196948846192438,-0.2866227592359172,0.08804347826086957,3848,-1.6361454165716414,0.03395390694552826,-0.19547858367415258,0.11947506724906884,-0.95567476940449,-6.393507240856833,3848,252.0,-7.757086653736214,0.160532888883328,0.08108108108108109,0.1175167607889783,-0.06245741458886256,0.03395390694552826,-3.1319961055374317,-3.489191326703955,-3.2970159438087117
XTIUSD|orb|08:00|15|16:55|mid|narrow1.0,XTIUSD,A_orb,range,08:00,15.0,16:55,mid,narrow1.0,2008,-1.3284525204191535,0.0825896755844744,-0.11113057492679683,0.08365415641029678,-0.5984620162327672,-3.7499685114064554,1184,148.58964143426294,-7.479025714989813,0.46269725798316025,0.05827702702702703,1840,-0.6974226669931753,0.7514556762524116,-0.05755557339766917,0.08252610091640797,-0.4192799986990463,-1.884537133859891,1101,150.7891304347826,-3.8169577098637335,4.099481890499572,0.08174386920980926,3848,-1.0287479609598824,0.4003952389178806,-0.08551259082762976,0.0831229747933998,-0.7668188615443096,-4.020001810838867,2285,149.64137214137213,-5.714501919084425,2.215038562316013,0.06958424507658643,0.0825896755844744,0.7514556762524116,0.4003952389178806,-2.711079964060189,-2.1252771240792825,-2.432957905313914
XTIUSD|orb|08:00|15|16:55|mid|narrow0.75,XTIUSD,A_orb,range,08:00,15.0,16:55,mid,narrow0.75,2008,-0.5685484317994058,0.4206959764751048,-0.041224217067164136,0.07250783708380501,-0.29829857415848937,-1.6049039643393437,719,90.23306772908366,-4.568637430230786,3.3715572846509922,0.059805285118219746,1840,-0.1485725100844905,0.8819953446522987,-0.009945199214238618,0.06693835359302312,-0.19447434478905645,-0.40146445703023786,636,87.10434782608696,-1.1417569228685642,6.776482070842127,0.08176100628930817,3848,-0.37579795082405953,0.6319345892042245,-0.026267514143727824,0.06989797066782226,-0.43147733687493905,-1.4684922839727184,1355,88.73700623700623,-2.960153295409847,4.969736003483141,0.07011070110701106,0.4206959764751048,0.8819953446522987,0.6319345892042245,-1.5419164161435035,-1.1693721049680819,-1.3702118228454294
XTIUSD|orb|08:00|15|16:55|mid|trend,XTIUSD,A_orb,range,08:00,15.0,16:55,mid,trend,2008,-1.4477755225212072,0.2561582479260251,-0.15545362024670611,0.10737411831358616,-0.7376107247335001,-4.0867946257699606,1840,230.91633466135457,-6.732032208751421,1.1869895303790126,0.07989130434782608,1840,-1.4777058235013651,0.20625501352068024,-0.1587715840158597,0.10744464932787282,-0.7107521854883755,-3.992975320569246,1671,228.85434782608695,-6.9376695493902005,0.9647840711962737,0.09575104727707959,3848,-1.4622815212959044,0.2323204086127781,-0.1570401725687546,0.10739393904778495,-0.9198028012406732,-5.714105482241616,3511,229.93035343035342,-6.829901760505167,1.0812346678628186,0.08743947593278269,0.2561582479260251,0.20625501352068024,0.2323204086127781,-3.1366673210288645,-3.145763913077706,-3.141426984122049
XTIUSD|orb|08:00|15|16:55|mid|trend+narrow1.0,XTIUSD,A_orb,range,08:00,15.0,16:55,mid,trend+narrow1.0,2008,-1.5279140712242283,0.09297543648465223,-0.10445367657431003,0.06836358047976966,-0.5756108626943577,-4.313010489390981,1112,139.55378486055776,-7.484832939406136,0.45221742030609385,0.06294964028776978,1840,-0.6889662410160978,0.7693780939614409,-0.05214702799659113,0.07568879996164095,-0.39468155183428577,-1.8616866451566096,1017,139.28478260869565,-3.7439142324034123,4.166606908206221,0.08751229105211406,3848,-1.103842434104239,0.4335860138521231,-0.07944218141240701,0.07196876923550583,-0.74145396093688,-4.31344581216902,2129,139.4251559251559,-5.697837014078862,2.2265406280066244,0.07468294974166276,0.09297543648465223,0.7693780939614409,0.4335860138521231,-3.1004145648496646,-2.123060647995912,-2.6060897615502694
XTIUSD|orb|08:00|15|16:55|opp_rev|none,XTIUSD,A_orb,range,08:00,15.0,16:55,opp_rev,none,2008,-0.6851231363608203,0.9812602917593677,-0.15081449870769134,0.2201275810196327,-0.7887530254224223,-1.9339721580553562,3698,464.0916334661355,-3.249670707944279,4.587538594381302,0.15440778799351002,1840,-1.785970588351966,-0.040778373162369416,-0.36498672031423274,0.20436323122825348,-0.9400955056831823,-4.825951396506322,3336,456.88695652173914,-7.988556361793758,-0.17950360399999235,0.17386091127098321,3848,-1.1898869111064445,0.5112758872179755,-0.2532253323241248,0.21281462125560932,-0.9855831514841819,-4.649678754044118,7034,460.6465696465696,-5.49717178005714,2.3266837786576744,0.1636337787887404,0.9812602917593677,-0.040778373162369416,0.5112758872179755,-2.303612773696217,-3.4750516150766377,-2.8397671538732516
XTIUSD|orb|08:00|15|16:55|opp_rev|narrow1.0,XTIUSD,A_orb,range,08:00,15.0,16:55,opp_rev,narrow1.0,2008,-0.4606143610501338,0.9933848689017872,-0.07028384482419467,0.1525871765351773,-0.5537082585135211,-1.3002266345918116,2227,279.4840637450199,-2.514771106531365,5.355457901102222,0.1261787157611136,1840,-1.2614016601357816,0.4042111266982828,-0.16592347492436693,0.13153896983654387,-0.7235256741081812,-3.4084901190366046,2029,277.8847826086957,-5.970944985426301,1.8723275626269273,0.14687037949728932,3848,-0.8117359223730334,0.7323664699369672,-0.11601589248124168,0.14292319618193092,-0.8715585783380784,-3.171991587538908,4256,278.7193347193347,-4.1624630238898765,3.6949147956589954,0.13604323308270677,0.9933848689017872,0.4042111266982828,0.7323664699369672,-1.8674855377734,-2.8360393277371228,-2.291790556983512
XTIUSD|orb|08:00|15|16:55|opp_rev|narrow0.75,XTIUSD,A_orb,range,08:00,15.0,16:55,opp_rev,narrow0.75,2008,0.06115216371794256,1.200921861100848,0.007256256364115685,0.11865902893615256,-0.27301041796525716,0.17262091404990693,1357,170.300796812749,0.4260846983642834,8.301545273161627,0.12159174649963155,1840,-0.9495011519226599,0.3947211820466101,-0.09082991554459399,0.095660669142603,-0.5111300452123125,-2.565689737552658,1186,162.4304347826087,-5.591927132754253,2.2723224456605853,0.1281618887015177,3848,-0.36606146060491557,0.8554787973181276,-0.039645655359383754,0.10830327588670334,-0.6293855505342667,-1.4304453475047687,2543,166.53742203742203,-2.380585388818802,5.489646620618869,0.12465591820684231,1.200921861100848,0.3947211820466101,0.8554787973181276,-1.050951887190464,-2.205677642973199,-1.5389973322896964
XTIUSD|orb|08:00|15|16:55|opp_rev|trend,XTIUSD,A_orb,range,08:00,15.0,16:55,opp_rev,trend,2008,-1.191465757537309,0.11929094962996548,-0.16470897433589568,0.13824062780984966,-0.7656289057724861,-3.3632809637594097,1840,230.91633466135457,-7.13284205629914,0.7117231610921643,0.14565217391304347,1840,-1.1475725116567266,0.0842946574499956,-0.1664331485361575,0.1450306162317198,-0.7502951068214995,-3.100907260926647,1671,228.85434782608695,-7.272448617084387,0.532458624088564,0.17893476959904248,3848,-1.1697682751930547,0.10212019646123018,-0.16553342353768413,0.14150958531540364,-0.9375837191482362,-4.571061876176411,3511,229.93035343035342,-7.199285395254467,0.6264052911596618,0.16149245229279408,0.11929094962996548,0.0842946574499956,0.10212019646123018,-2.491798836362,-2.370004023549772,-2.4317297303812966
XTIUSD|orb|08:00|15|16:55|opp_rev|trend+narrow1.0,XTIUSD,A_orb,range,08:00,15.0,16:55,opp_rev,trend+narrow1.0,2008,-1.2131166711288768,0.018927181873036325,-0.10828186672819545,0.08925923557495322,-0.600482654086556,-3.4243973702275485,1112,139.55378486055776,-7.759149408695061,0.12034699418263609,0.11600719424460432,1840,-0.7446498055079787,0.43096380992384686,-0.06927369671715514,0.0930285567856942,-0.516847211669343,-2.0121517074452413,1017,139.28478260869565,-4.973529442320452,2.866195238112193,0.15240904621435594,3848,-0.9840997070622194,0.22033447874049528,-0.089629311421461,0.0910774698724651,-0.802414414469233,-3.845531417379299,2129,139.4251559251559,-6.428489236875907,1.432008649455703,0.13339596054485675,0.018927181873036325,0.43096380992384686,0.22033447874049528,-2.419207945600984,-1.9019865945990357,-2.16646904456693
XTIUSD|orb|08:00|15|16:55|mid_rev|none,XTIUSD,A_orb,range,08:00,15.0,16:55,mid_rev,none,2008,-1.3913980030931563,0.8215415815410135,-0.23204065989323316,0.16676799835661235,-0.8735748104507352,-3.9276516233992833,3698,464.0916334661355,-4.999888883154474,2.91547077071248,0.08328826392644673,1840,-2.2189473622009466,0.12777218356324946,-0.3417412797969553,0.15401053923964486,-0.9242799199550126,-5.995917397088355,3336,456.88695652173914,-7.4797775449449695,0.42429919366414204,0.09322541966426859,3848,-1.7691409429915201,0.5034846933375609,-0.28449625776819387,0.16081039721296958,-0.9897132557959645,-6.91320912832646,7034,460.6465696465696,-6.176020326960714,1.733988203036441,0.08800113733295423,0.8215415815410135,0.12777218356324946,0.5034846933375609,-3.547582969889006,-4.492869369887924,-3.9782717248931
XTIUSD|orb|08:00|15|16:55|mid_rev|narrow1.0,XTIUSD,A_orb,range,08:00,15.0,16:55,mid_rev,narrow1.0,2008,-0.9060344221153797,0.9413922130743163,-0.1092979510115308,0.12063333174069206,-0.6083904244590066,-2.557562653508314,2227,279.4840637450199,-3.910704229320423,4.0183483077249305,0.07049842837898518,1840,-1.2916913434341324,0.8356659310708099,-0.1346223624360678,0.10422177335194988,-0.6581552398045605,-3.490337233634554,2029,277.8847826086957,-4.844538847081694,3.0701974762302804,0.08329226219812716,3848,-1.0737203925738648,0.8923449707929968,-0.12140733693178757,0.11307165047015307,-0.8661303185589514,-4.195738982028348,4256,278.7193347193347,-4.355899351368736,3.566328092240286,0.07659774436090226,0.9413922130743163,0.8356659310708099,0.8923449707929968,-2.6869406750431963,-3.2937326808762504,-2.9505269526051863
XTIUSD|orb|08:00|15|16:55|mid_rev|narrow0.75,XTIUSD,A_orb,range,08:00,15.0,16:55,mid_rev,narrow0.75,2008,-0.36387526362268874,1.0570782122663267,-0.03478654355480022,0.0956001878458857,-0.28559626481274913,-1.027150582870867,1357,170.300796812749,-2.0426530119556108,5.886602699171877,0.0707442888725129,1840,-0.7642267280983259,0.8442308859968742,-0.06177071961224375,0.08082774043503003,-0.4202820711296721,-2.0650513898534286,1186,162.4304347826087,-3.8029030516919793,4.120368449151191,0.07504215851602024,3848,-0.536826589786986,0.96101818448714,-0.04768957992322437,0.08883609871513203,-0.5832850948638963,-2.0977381680898355,2543,166.53742203742203,-2.8635954213647072,5.062869383983306,0.07274872198191112,1.0570782122663267,0.8442308859968742,0.96101818448714,-1.7370908317226625,-2.2691684814266697,-1.965947346406733
XTIUSD|orb|08:00|15|16:55|mid_rev|trend,XTIUSD,A_orb,range,08:00,15.0,16:55,mid_rev,trend,2008,-1.4477755225212072,0.2561582479260251,-0.15545362024670611,0.10737411831358616,-0.7376107247335001,-4.0867946257699606,1840,230.91633466135457,-6.732032208751421,1.1869895303790126,0.07989130434782608,1840,-1.4777058235013651,0.20625501352068024,-0.1587715840158597,0.10744464932787282,-0.7107521854883755,-3.992975320569246,1671,228.85434782608695,-6.9376695493902005,0.9647840711962737,0.09575104727707959,3848,-1.4622815212959044,0.2323204086127781,-0.1570401725687546,0.10739393904778495,-0.9198028012406732,-5.714105482241616,3511,229.93035343035342,-6.829901760505167,1.0812346678628186,0.08743947593278269,0.2561582479260251,0.20625501352068024,0.2323204086127781,-3.1366673210288645,-3.145763913077706,-3.141426984122049
XTIUSD|orb|08:00|15|16:55|mid_rev|trend+narrow1.0,XTIUSD,A_orb,range,08:00,15.0,16:55,mid_rev,trend+narrow1.0,2008,-1.5279140712242283,0.09297543648465223,-0.10445367657431003,0.06836358047976966,-0.5756108626943577,-4.313010489390981,1112,139.55378486055776,-7.484832939406136,0.45221742030609385,0.06294964028776978,1840,-0.6889662410160978,0.7693780939614409,-0.05214702799659113,0.07568879996164095,-0.39468155183428577,-1.8616866451566096,1017,139.28478260869565,-3.7439142324034123,4.166606908206221,0.08751229105211406,3848,-1.103842434104239,0.4335860138521231,-0.07944218141240701,0.07196876923550583,-0.74145396093688,-4.31344581216902,2129,139.4251559251559,-5.697837014078862,2.2265406280066244,0.07468294974166276,0.09297543648465223,0.7693780939614409,0.4335860138521231,-3.1004145648496646,-2.123060647995912,-2.6060897615502694
XTIUSD|orb|08:00|30|14:30|none|none,XTIUSD,A_orb,range,08:00,30.0,14:30,none,none,2008,-0.8050675397910391,-0.20936466084585997,-0.23839722626589568,0.29612077805021597,-0.9022097154481712,-2.2725523700457972,2008,252.0,-9.460207391503797,-2.460207391503795,0.47410358565737054,1840,-0.22290608536616371,0.36740748585232913,-0.06657353517330192,0.2986618111566708,-0.6677393837401573,-0.6023245516911039,1839,251.86304347826086,-2.6432434967001477,4.356756503299853,0.4893964110929853,3848,-0.5254303649045248,0.06765769854895591,-0.15623620973513358,0.2973490307579066,-0.9628981501518503,-2.0532055455206737,3847,251.93451143451142,-6.201461199004729,0.7985388009952713,0.4814140889004419,-0.20936466084585997,0.36740748585232913,0.06765769854895591,-1.400770418736217,-0.8132191534756016,-1.1185178562676783
XTIUSD|orb|08:00|30|14:30|none|narrow1.0,XTIUSD,A_orb,range,08:00,30.0,14:30,none,narrow1.0,2008,-0.7013973554696301,-0.2380286346660897,-0.1575276172246334,0.22459111942211224,-0.7782061325111753,-1.979911179787582,1185,148.71513944223108,-10.592574354934829,-3.5925743549348303,0.46160337552742614,1840,-0.20857456323129606,0.31203496995938934,-0.04155638316096191,0.19923993854839578,-0.5120123738141209,-0.5635987016060545,1082,148.18695652173915,-2.8043212531236215,4.195678746876374,0.49815157116451014,3848,-0.47955671479581796,0.008695314626902966,-0.10207359677838715,0.21284989580814706,-0.8859238948019966,-1.873946714878888,2267,148.46257796257797,-6.875375477052286,0.12462452294771162,0.47904719894133213,-0.2380286346660897,0.31203496995938934,0.008695314626902966,-1.1635221520104013,-0.7287128351311999,-0.9668607559401378
XTIUSD|orb|08:00|30|14:30|none|narrow0.75,XTIUSD,A_orb,range,08:00,30.0,14:30,none,narrow0.75,2008,-0.29286127767854164,0.05754652398684019,-0.04941528284173658,0.1687327298215817,-0.43927639728652,-0.8266916224889111,673,84.4601593625498,-5.850721004399107,1.1492789956008915,0.46953937592867756,1840,-0.20847660927043773,0.1803919694781038,-0.03155820806650791,0.15137529422099494,-0.41775886422986763,-0.5633340158059184,614,84.0913043478261,-3.752850346567824,3.247149653432175,0.49022801302931596,3848,-0.25444902044763457,0.11282985759505482,-0.04087655685773949,0.16064733432979306,-0.6484066030437606,-0.9943013855514758,1287,84.28378378378378,-4.849872065853335,2.150127934146663,0.4794094794094794,0.05754652398684019,0.1803919694781038,0.11282985759505482,-0.6424211705112866,-0.5965968031720582,-0.620916184494993
XTIUSD|orb|08:00|30|14:30|none|trend,XTIUSD,A_orb,range,08:00,30.0,14:30,none,trend,2008,-0.8423902842303572,-0.24253917408524558,-0.2156316155313446,0.25597590519263247,-0.8650209126769535,-2.3779073708873426,1748,219.37051792828686,-9.829562220472829,-2.829562220472829,0.4759725400457666,1840,-0.1827947533145787,0.37624607199259785,-0.04943359404234536,0.27043223695415997,-0.7736584968601651,-0.4939379185670387,1577,215.9804347826087,-2.2887996355828184,4.711200364417179,0.46480659480025366,3848,-0.5177105370923757,0.06184418354238638,-0.13616062812496246,0.26300532511793784,-0.968801291134632,-2.023039049000722,3325,217.74948024948023,-6.2530862516392824,0.7469137483607177,0.4706766917293233,-0.24253917408524558,0.37624607199259785,0.06184418354238638,-1.4417046846469783,-0.7417221217950584,-1.0969397019389064
XTIUSD|orb|08:00|30|14:30|none|trend+narrow1.0,XTIUSD,A_orb,range,08:00,30.0,14:30,none,trend+narrow1.0,2008,-0.6601971965396067,-0.18048967306742084,-0.1302980413063971,0.19736230627659182,-0.7104617582293096,-1.8636109761462945,1078,135.28685258964143,-9.631241973055833,-2.6312419730558325,0.48794063079777367,1840,-0.2876925601209068,0.20681165722375944,-0.053768699278838636,0.18689638430775404,-0.5793392376036114,-0.7773869969276086,964,132.02608695652174,-4.072581451008659,2.9274185489913385,0.470954356846473,3848,-0.48697871974635637,-0.0004919115213414524,-0.09370396923500741,0.1924190225063906,-0.8760708684268302,-1.9029494195971361,2042,133.7276507276507,-7.007075105644728,-0.007075105644729479,0.47992164544564153,-0.18048967306742084,0.20681165722375944,-0.0004919115213414524,-1.1383466804416358,-0.7814364192903326,-0.9722539917085082
XTIUSD|orb|08:00|30|14:30|opp|none,XTIUSD,A_orb,range,08:00,30.0,14:30,opp,none,2008,-0.7761707465938095,0.2740293354156252,-0.14483694770175012,0.18660449177885224,-0.7472715005011645,-2.190982225155677,2008,252.0,-5.747497924672625,2.0239164179568596,0.20667330677290838,1840,-1.051662169746937,0.02903222853864195,-0.1896138096028527,0.18029916360733955,-0.7766724205592102,-2.841743615400962,1839,251.86304347826086,-7.5284490723316,0.20727686567818887,0.2338227297444263,3848,-0.9054991430808703,0.15897532219373806,-0.16624792116797382,0.18359809883677186,-0.939529754115945,-3.5383867896094836,3847,251.93451143451142,-6.598854607943968,1.1554994341667697,0.21965167663114116,0.2740293354156252,0.02903222853864195,0.15897532219373806,-1.8209350395014552,-2.1265902408954593,-1.9643888417733333
XTIUSD|orb|08:00|30|14:30|opp|narrow1.0,XTIUSD,A_orb,range,08:00,30.0,14:30,opp,narrow1.0,2008,-0.6823643761333812,0.19257034138180984,-0.0908326103698931,0.13311452582650377,-0.5592154417772294,-1.9261847032352521,1185,148.71513944223108,-6.107825384192128,1.7183349533606143,0.16118143459915613,1840,-1.23517525721593,-0.106040393979531,-0.12636198455750608,0.10230287873667777,-0.6456554334067006,-3.3376225769718797,1082,148.18695652173915,-8.52720020192659,-0.7277547305772358,0.18853974121996303,3848,-0.9032737067751713,0.06879327551506527,-0.10782170821428183,0.11936770372650637,-0.8421934571903759,-3.529690531324345,2267,148.46257796257797,-7.262551256617664,0.5508585360598848,0.17423908248786943,0.19257034138180984,-0.106040393979531,0.06879327551506527,-1.5486330406917002,-2.342915127193913,-1.862618036272318
XTIUSD|orb|08:00|30|14:30|opp|narrow0.75,XTIUSD,A_orb,range,08:00,30.0,14:30,opp,narrow0.75,2008,-0.15275467653132027,0.4818700671936811,-0.015966573437334434,0.10452428560549312,-0.30956075991218,-0.431197365474373,673,84.4601593625498,-1.8904266292935883,5.95504142419824,0.14413075780089152,1840,-1.1697254697931019,-0.24956265819079848,-0.0834008971273619,0.0712995478692224,-0.5116453604886309,-3.160767764762624,614,84.0913043478261,-9.91789790563737,-2.097051000099912,0.16449511400651465,3848,-0.5345496313290827,0.1982359598294844,-0.048211676241297664,0.0901912066077496,-0.6573121088217801,-2.0888405785233535,1287,84.28378378378378,-5.720160400602899,2.1135614331189347,0.15384615384615385,0.4818700671936811,-0.24956265819079848,0.1982359598294844,-0.7831248587795612,-2.060063014965461,-1.2567351831933904
XTIUSD|orb|08:00|30|14:30|opp|trend,XTIUSD,A_orb,range,08:00,30.0,14:30,opp,trend,2008,-1.0320653849490327,0.08407268108558397,-0.15750194041416982,0.15260849042228838,-0.7517746651819697,-2.9133240637387057,1748,219.37051792828686,-7.179722321012065,0.5828634913449173,0.20823798627002288,1840,-0.6632892595013476,0.30976681873781836,-0.11376815264494383,0.17152117423169685,-0.7503219336114209,-1.7923037193641302,1577,215.9804347826087,-5.267521234479185,2.4534679855588624,0.24223208623969564,3848,-0.8436027193942909,0.1983018647022058,-0.1365897342043528,0.16191239201128302,-0.9350778450558029,-3.29651633664418,3325,217.74948024948023,-6.272792662827897,1.4700644800292455,0.2243609022556391,0.08407268108558397,0.30976681873781836,0.1983018647022058,-2.139018901227279,-1.6301506382112492,-1.8779581175530393
XTIUSD|orb|08:00|30|14:30|opp|trend+narrow1.0,XTIUSD,A_orb,range,08:00,30.0,14:30,opp,trend+narrow1.0,2008,-0.8728266119446283,0.1423265476878668,-0.09086167557785248,0.104100487238142,-0.5456478733192172,-2.46382332857272,1078,135.28685258964143,-6.716223626952018,1.0898988220275732,0.17996289424860853,1840,-0.3978691208998249,0.5368997631576766,-0.04376059348068932,0.10998740837620148,-0.5438838936738943,-1.0751000336489605,964,132.02608695652174,-3.314541428096736,4.459317493065092,0.21161825726141079,3848,-0.6389709053761994,0.33647960925238396,-0.06833932862910502,0.10695217584104193,-0.7881614469760585,-2.4968838764831736,2042,133.7276507276507,-5.110336438070289,2.68055484498554,0.19490695396669933,0.1423265476878668,0.5368997631576766,0.33647960925238396,-1.8717308214405892,-1.3228944805501515,-1.6015271682987267
XTIUSD|orb|08:00|30|14:30|mid|none,XTIUSD,A_orb,range,08:00,30.0,14:30,mid,none,2008,-1.016647451926238,0.3647312307672518,-0.14620459423953638,0.14381051559468633,-0.7221299056719226,-2.869802174579874,2008,252.0,-5.801769612680015,2.075720427160621,0.1200199203187251,1840,-1.0737594239143835,0.28071523611373955,-0.15707026158699128,0.14628068270115163,-0.733407961058001,-2.9014535990389048,1839,251.86304347826086,-6.236336201525673,1.6260890295781867,0.13104948341489941,3848,-1.0442947205602804,0.32422701033589546,-0.15140023559071022,0.14497845542059398,-0.9217462190277518,-4.080753330276108,3847,251.93451143451142,-6.009507579118062,1.8607809574039025,0.12529243566415388,0.3647312307672518,0.28071523611373955,0.32422701033589546,-2.3904472591950845,-2.421098647719039,-2.4054543854529062
XTIUSD|orb|08:00|30|14:30|mid|narrow1.0,XTIUSD,A_orb,range,08:00,30.0,14:30,mid,narrow1.0,2008,-0.6488602397950051,0.4291852239802521,-0.0708297050321115,0.10916018687551082,-0.47155903914149366,-1.8316089059526082,1185,148.71513944223108,-4.762777031159331,3.1418643190516384,0.09535864978902954,1840,-1.2902667587931855,0.2087833312520814,-0.1006987061820982,0.07804487366339957,-0.5850481913524603,-3.486487799448875,1082,148.18695652173915,-6.795382572509048,1.0927874829438158,0.10813308687615526,3848,-0.8907897266467835,0.3375081641156707,-0.08511217959447523,0.09554688053584161,-0.7770192252124487,-3.4809073262759784,2267,148.46257796257797,-5.7329045987554474,2.1638752865555357,0.10145566828407587,0.4291852239802521,0.2087833312520814,0.3375081641156707,-1.7156837014609334,-2.754003771791069,-2.1011243199456398
XTIUSD|orb|08:00|30|14:30|mid|narrow0.75,XTIUSD,A_orb,range,08:00,30.0,14:30,mid,narrow0.75,2008,-0.041098679595262706,0.7035318597126843,-0.003684750693131277,0.08965618188755642,-0.2102533777309633,-0.11601374680217445,673,84.4601593625498,-0.4362708667543786,7.467146666678011,0.09658246656760773,1840,-1.4204684622429293,-0.20179750073335442,-0.07742014319732196,0.0545032468197675,-0.4996884982607821,-3.838311674202944,614,84.0913043478261,-9.206676456948477,-1.2929956751895204,0.08143322475570032,3848,-0.5195138820222954,0.3707836908831691,-0.03894283858494803,0.07496015011833075,-0.5792767245127639,-2.0300859158320113,1287,84.28378378378378,-4.6204426090847415,3.2878712992291654,0.08935508935508936,0.7035318597126843,-0.20179750073335442,0.3707836908831691,-0.7821190032105075,-2.582216657681622,-1.3958926421371762
XTIUSD|orb|08:00|30|14:30|mid|trend,XTIUSD,A_orb,range,08:00,30.0,14:30,mid,trend,2008,-1.082286157194552,0.3594219318778155,-0.12975014819360733,0.11988525154007255,-0.6787323952820714,-3.055087741133658,1748,219.37051792828686,-5.914657512730276,1.9571960341804786,0.12471395881006865,1840,-0.6714274667628595,0.5738987108532088,-0.09147859235013073,0.13624493616737895,-0.6573374562263843,-1.814294334973871,1577,215.9804347826087,-4.235503666904221,3.6104062887076998,0.14584654407102093,3848,-0.8709873961556927,0.46795417855862703,-0.11144982003560398,0.12795801699027326,-0.8839473496788021,-3.4035264638548868,3325,217.74948024948023,-5.1182588315670605,2.741290040613389,0.13473684210526315,0.3594219318778155,0.5738987108532088,0.46795417855862703,-2.5106442715450252,-1.9080271881124868,-2.1991369483853367
XTIUSD|orb|08:00|30|14:30|mid|trend+narrow1.0,XTIUSD,A_orb,range,08:00,30.0,14:30,mid,trend+narrow1.0,2008,-0.8825744672690102,0.4213158520795438,-0.07237266946660195,0.0820017711259515,-0.45653380988977676,-2.4913396680416264,1078,135.28685258964143,-5.3495715275545805,2.5418941496253806,0.10667903525046382,1840,-0.47733616090995085,0.7135440676443142,-0.04169596336504925,0.08735136111532764,-0.4390964783730589,-1.2898314940740594,964,132.02608695652174,-3.1581609609304233,4.708021611683683,0.12863070539419086,3848,-0.6821086789107078,0.5655466810206129,-0.057703974241327276,0.08459645218629609,-0.6906391710561185,-2.665451819560772,2042,133.7276507276507,-4.3150368624097775,3.5644930102640697,0.11704211557296768,0.4213158520795438,0.7135440676443142,0.5655466810206129,-2.162034604893316,-1.6533192470634641,-1.91030008038633
XTIUSD|orb|08:00|30|14:30|opp_rev|none,XTIUSD,A_orb,range,08:00,30.0,14:30,opp_rev,none,2008,-1.035411372269756,0.43174965930981657,-0.24278356984353888,0.23448030062807387,-0.9027638694954524,-2.9227691488278733,3515,441.12549800796813,-5.503730138926438,2.260138993363748,0.21081081081081082,1840,-1.4029293992267757,0.034215647617503384,-0.32494228570181116,0.23161699076297287,-0.9231090733266164,-3.7909185837409543,3145,430.72826086956525,-7.544020562890614,0.18125765650525508,0.23529411764705882,3848,-1.2100811360161567,0.2428537403523923,-0.28206944229136144,0.23309961117152345,-0.9912797718428709,-4.728591008343785,6660,436.15384615384613,-6.467200616909522,1.2784450287361266,0.22237237237237237,0.43174965930981657,0.034215647617503384,0.2428537403523923,-2.4577017126817857,-2.7966428013611444,-2.6188816810569175
XTIUSD|orb|08:00|30|14:30|opp_rev|narrow1.0,XTIUSD,A_orb,range,08:00,30.0,14:30,opp_rev,narrow1.0,2008,-0.7627740874232667,0.4937327543129608,-0.12853859857265337,0.1685146371540631,-0.705461284764177,-2.153166007206293,2148,269.56972111553785,-4.768287700886169,3.0389748689462337,0.1787709497206704,1840,-1.3411486893121027,0.08776173268883926,-0.19241921888222188,0.1434734421437767,-0.7908162778908299,-3.6239781507716784,1920,262.95652173913044,-7.317529818603017,0.4689285147303178,0.19791666666666666,3848,-1.0130676264739082,0.3152910494910116,-0.15908442533190653,0.15703238478325196,-0.9342086284315664,-3.958728325572991,4068,266.4074844074844,-5.971469821342498,1.8259736398177777,0.18780727630285152,0.4937327543129608,0.08776173268883926,0.3152910494910116,-1.9722880310590882,-2.6961167377634245,-2.2841361347529796
XTIUSD|orb|08:00|30|14:30|opp_rev|narrow0.75,XTIUSD,A_orb,range,08:00,30.0,14:30,opp_rev,narrow0.75,2008,-0.18983391905829525,0.7807728912567139,-0.023903493592821647,0.125917927161801,-0.44798982488988615,-0.5358650067831399,1232,154.61354581673308,-1.5460154843842073,6.2810949052261815,0.16396103896103897,1840,-1.143036422088849,-0.00878311751695059,-0.11860520661605956,0.10376327851330736,-0.6522316732938077,-3.0886500894325866,1101,150.7891304347826,-7.8656337014528495,-0.0590941919160642,0.17801998183469572,3848,-0.597070514238145,0.4407120313353017,-0.06918705699270675,0.11587753094957073,-0.8032872051705273,-2.3331512085781294,2333,152.7848232848233,-4.5283985349596785,3.2890039511097595,0.17059579939991426,0.7807728912567139,-0.00878311751695059,0.4407120313353017,-1.1285962162299379,-2.2054624964922933,-1.5885614212860508
XTIUSD|orb|08:00|30|14:30|opp_rev|trend,XTIUSD,A_orb,range,08:00,30.0,14:30,opp_rev,trend,2008,-1.0320653849490327,0.08407268108558397,-0.15750194041416982,0.15260849042228838,-0.7517746651819697,-2.9133240637387057,1748,219.37051792828686,-7.179722321012065,0.5828634913449173,0.20823798627002288,1840,-0.6632892595013476,0.30976681873781836,-0.11376815264494383,0.17152117423169685,-0.7503219336114209,-1.7923037193641302,1577,215.9804347826087,-5.267521234479185,2.4534679855588624,0.24223208623969564,3848,-0.8436027193942909,0.1983018647022058,-0.1365897342043528,0.16191239201128302,-0.9350778450558029,-3.29651633664418,3325,217.74948024948023,-6.272792662827897,1.4700644800292455,0.2243609022556391,0.08407268108558397,0.30976681873781836,0.1983018647022058,-2.139018901227279,-1.6301506382112492,-1.8779581175530393
XTIUSD|orb|08:00|30|14:30|opp_rev|trend+narrow1.0,XTIUSD,A_orb,range,08:00,30.0,14:30,opp_rev,trend+narrow1.0,2008,-0.8728266119446283,0.1423265476878668,-0.09086167557785248,0.104100487238142,-0.5456478733192172,-2.46382332857272,1078,135.28685258964143,-6.716223626952018,1.0898988220275732,0.17996289424860853,1840,-0.3978691208998249,0.5368997631576766,-0.04376059348068932,0.10998740837620148,-0.5438838936738943,-1.0751000336489605,964,132.02608695652174,-3.314541428096736,4.459317493065092,0.21161825726141079,3848,-0.6389709053761994,0.33647960925238396,-0.06833932862910502,0.10695217584104193,-0.7881614469760585,-2.4968838764831736,2042,133.7276507276507,-5.110336438070289,2.68055484498554,0.19490695396669933,0.1423265476878668,0.5368997631576766,0.33647960925238396,-1.8717308214405892,-1.3228944805501515,-1.6015271682987267
XTIUSD|orb|08:00|30|14:30|mid_rev|none,XTIUSD,A_orb,range,08:00,30.0,14:30,mid_rev,none,2008,-1.1997738176737494,0.7052209866227046,-0.21983780297041683,0.1832327058083848,-0.8660116528301635,-3.3867330355675107,3515,441.12549800796813,-4.983565991155784,2.8889802392851824,0.12432432432432433,1840,-1.4499510286190977,0.40242053561734,-0.2655634490820518,0.18315339197005073,-0.8721957558587147,-3.917977841889923,3145,430.72826086956525,-6.165452170375947,1.6882839186542582,0.13767885532591415,3848,-1.3195049047539538,0.5604803717068313,-0.24170245703627144,0.18317662644940405,-0.9812384265085893,-5.156182376849944,6660,436.15384615384613,-5.541678909120861,2.3219847545428016,0.13063063063063063,0.7052209866227046,0.40242053561734,0.5604803717068313,-3.0506355585792053,-3.250558340972169,-3.14654463290986
XTIUSD|orb|08:00|30|14:30|mid_rev|narrow1.0,XTIUSD,A_orb,range,08:00,30.0,14:30,mid_rev,narrow1.0,2008,-0.8155089764447044,0.7711365342685034,-0.11010274976843541,0.13501108258604305,-0.6353703492604614,-2.3020265575408354,2148,269.56972111553785,-4.084388606880863,3.8090005923742583,0.10521415270018622,1840,-1.369391655527032,0.5025591285810305,-0.15232020886176093,0.11123202646005471,-0.734714022029147,-3.700294739149649,1920,262.95652173913044,-5.7926005354174945,2.08500363124917,0.1171875,3848,-1.0490234101038567,0.6528206338649498,-0.13028989237023353,0.12420112946510355,-0.8997482116127158,-4.099231462189326,4068,266.4074844074844,-4.890624325364229,2.9953147110172846,0.11086529006882989,0.7711365342685034,0.5025591285810305,0.6528206338649498,-2.341943887190602,-3.1384242410037606,-2.6751419350027685
XTIUSD|orb|08:00|30|14:30|mid_rev|narrow0.75,XTIUSD,A_orb,range,08:00,30.0,14:30,mid_rev,narrow0.75,2008,-0.18619779868865916,0.9841130041204943,-0.019583442869639534,0.1051754800946114,-0.30138692958962576,-0.5256009313418011,1232,154.61354581673308,-1.2666058957636368,6.628686312028571,0.1038961038961039,1840,-1.1828333508191908,0.24518947502419305,-0.09896631056943285,0.0836688536900757,-0.6046205894425235,-3.1961871592115916,1101,150.7891304347826,-6.563225763294424,1.3350485328000348,0.0971843778383288,3848,-0.602418156930172,0.6694099250185078,-0.057541986676193514,0.09551834720490236,-0.7226111933918239,-2.354048001691196,2333,152.7848232848233,-3.766210899686224,4.130488628817847,0.10072867552507501,0.9841130041204943,0.24518947502419305,0.6694099250185078,-1.3192273209023808,-2.5173137907505403,-1.8178862691250144
XTIUSD|orb|08:00|30|14:30|mid_rev|trend,XTIUSD,A_orb,range,08:00,30.0,14:30,mid_rev,trend,2008,-1.082286157194552,0.3594219318778155,-0.12975014819360733,0.11988525154007255,-0.6787323952820714,-3.055087741133658,1748,219.37051792828686,-5.914657512730276,1.9571960341804786,0.12471395881006865,1840,-0.6714274667628595,0.5738987108532088,-0.09147859235013073,0.13624493616737895,-0.6573374562263843,-1.814294334973871,1577,215.9804347826087,-4.235503666904221,3.6104062887076998,0.14584654407102093,3848,-0.8709873961556927,0.46795417855862703,-0.11144982003560398,0.12795801699027326,-0.8839473496788021,-3.4035264638548868,3325,217.74948024948023,-5.1182588315670605,2.741290040613389,0.13473684210526315,0.3594219318778155,0.5738987108532088,0.46795417855862703,-2.5106442715450252,-1.9080271881124868,-2.1991369483853367
XTIUSD|orb|08:00|30|14:30|mid_rev|trend+narrow1.0,XTIUSD,A_orb,range,08:00,30.0,14:30,mid_rev,trend+narrow1.0,2008,-0.8825744672690102,0.4213158520795438,-0.07237266946660195,0.0820017711259515,-0.45653380988977676,-2.4913396680416264,1078,135.28685258964143,-5.3495715275545805,2.5418941496253806,0.10667903525046382,1840,-0.47733616090995085,0.7135440676443142,-0.04169596336504925,0.08735136111532764,-0.4390964783730589,-1.2898314940740594,964,132.02608695652174,-3.1581609609304233,4.708021611683683,0.12863070539419086,3848,-0.6821086789107078,0.5655466810206129,-0.057703974241327276,0.08459645218629609,-0.6906391710561185,-2.665451819560772,2042,133.7276507276507,-4.3150368624097775,3.5644930102640697,0.11704211557296768,0.4213158520795438,0.7135440676443142,0.5655466810206129,-2.162034604893316,-1.6533192470634641,-1.91030008038633
XTIUSD|orb|08:00|30|16:55|none|none,XTIUSD,A_orb,range,08:00,30.0,16:55,none,none,2008,-0.6475244197777205,-0.062040642709175094,-0.1950921820937444,0.30128930451876224,-0.8661153688909666,-1.8278381404004127,2008,252.0,-7.741753257688269,-0.7417532576882689,0.4820717131474104,1840,-0.35746530244868013,0.24406840261706164,-0.10482684315263047,0.293250400625051,-0.7550070388351078,-0.9659230598789628,1840,252.0,-4.159795363199621,2.8402046368003795,0.48967391304347824,3848,-0.5107791977961811,0.08226676507909723,-0.1519299618100517,0.29744743416641084,-0.9604045835174674,-1.9959537010052404,3848,252.0,-6.028966738494115,0.9710332615058872,0.4857068607068607,-0.062040642709175094,0.24406840261706164,0.08226676507909723,-1.233008196846265,-0.9589990075144212,-1.1038251606714584
XTIUSD|orb|08:00|30|16:55|none|narrow1.0,XTIUSD,A_orb,range,08:00,30.0,16:55,none,narrow1.0,2008,-0.68041644888945,-0.22374677682497773,-0.155061753486047,0.22789242344028124,-0.7773491902562563,-1.9206860755349953,1185,148.71513944223108,-10.426763143794199,-3.4267631437942003,0.4666666666666667,1840,-0.31001538473742657,0.1948572357578798,-0.06369759001609406,0.20546589992636638,-0.5644058930067901,-0.8377065046141645,1082,148.18695652173915,-4.298461316111149,2.7015386838888453,0.4907578558225508,3848,-0.512186210279747,-0.03427477642159225,-0.11137410775197386,0.21744846994444328,-0.8984462610067572,-2.0014518336348597,2267,148.46257796257797,-7.5018303791038345,-0.5018303791038362,0.4781649757388619,-0.22374677682497773,0.1948572357578798,-0.03427477642159225,-1.1359139959638864,-0.8142294109823035,-0.9891275784463748
XTIUSD|orb|08:00|30|16:55|none|narrow0.75,XTIUSD,A_orb,range,08:00,30.0,16:55,none,narrow0.75,2008,-0.27374897780581037,0.07422239517939902,-0.046514060946917145,0.16991501235819365,-0.4201208055514365,-0.7727412391656996,673,84.4601593625498,-5.50721917860148,1.492780821398518,0.4799405646359584,1840,-0.29274559700265596,0.0820798987236379,-0.045976949331330924,0.15705428126699988,-0.4695418789199499,-0.7910410349924669,614,84.0913043478261,-5.4675034104783204,1.5324965895216778,0.49022801302931596,3848,-0.2822797089921224,0.07777574066903743,-0.046257230028861354,0.16387019171169778,-0.6722365375681634,-1.103054377140731,1287,84.28378378378378,-5.48827164042928,1.511728359570717,0.48484848484848486,0.07422239517939902,0.0820798987236379,0.07777574066903743,-0.6209386886181143,-0.6665950483746064,-0.6414697915306328
XTIUSD|orb|08:00|30|16:55|none|trend,XTIUSD,A_orb,range,08:00,30.0,16:55,none,trend,2008,-1.1664403931887448,-0.5731083385617546,-0.3059488593810598,0.26229275080630154,-0.9349499765692427,-3.292639125341293,1772,222.3824701195219,-13.757777724864022,-6.757777724864022,0.4751693002257336,1840,-0.2958398277152389,0.28090765968935244,-0.07907482759292939,0.2672893241035923,-0.7536811522280189,-0.7994020948698762,1608,220.22608695652175,-3.590620379525733,3.409379620474264,0.47139303482587064,3848,-0.74583661959916,-0.1606185265354983,-0.1974643951164652,0.2647555643253208,-0.9836771254384915,-2.914479226360755,3380,221.35135135135133,-8.920857899034448,-1.9208578990344471,0.47337278106508873,-0.5731083385617546,0.28090765968935244,-0.1606185265354983,-1.7591213308597122,-0.8724182474476749,-1.3306337517341849
XTIUSD|orb|08:00|30|16:55|none|trend+narrow1.0,XTIUSD,A_orb,range,08:00,30.0,16:55,none,trend+narrow1.0,2008,-0.8973535868032894,-0.42878416795982105,-0.18269995486529228,0.2035986232764034,-0.8087039490055199,-2.5330583083603426,1087,136.41633466135457,-13.39282097842858,-6.392820978428579,0.49402023919043236,1840,-0.3098700178709967,0.17616106955046623,-0.05984072156638706,0.1931155585091153,-0.6140380611361624,-0.8373137022709297,979,134.0804347826087,-4.463046503646104,2.536953496353896,0.466802860061287,3848,-0.62392026236838,-0.1472875167882746,-0.12395229653109646,0.19866688743298344,-0.9248931803758883,-2.43807101420613,2066,135.2993762993763,-9.161335397203004,-2.161335397203002,0.48112294288480156,-0.42878416795982105,0.17616106955046623,-0.1472875167882746,-1.363938131953701,-0.7951354093424363,-1.0990999709953384
XTIUSD|orb|08:00|30|16:55|opp|none,XTIUSD,A_orb,range,08:00,30.0,16:55,opp,none,2008,-0.670785097158958,0.3739381721634291,-0.12598214854844764,0.18781298076244127,-0.7196940574459852,-1.8934986035279195,2008,252.0,-4.9992916090653825,2.779592853086014,0.20418326693227093,1840,-1.1996870068278007,-0.07191825731201144,-0.20754115472100063,0.17299608442853665,-0.8020023183021285,-3.2417281805931597,1840,252.0,-8.235760107976215,-0.4922818471066471,0.2298913043478261,3848,-0.9121319115525479,0.16975473210453504,-0.1649812575290863,0.1808743400373639,-0.93987450309772,-3.5643054230152207,3848,252.0,-6.546875298773265,1.2150789631809993,0.21647609147609148,0.3739381721634291,-0.07191825731201144,0.16975473210453504,-1.7100184578148137,-2.3209170533318026,-1.9880823824515914
XTIUSD|orb|08:00|30|16:55|opp|narrow1.0,XTIUSD,A_orb,range,08:00,30.0,16:55,opp,narrow1.0,2008,-0.6790233222264437,0.22240910239287964,-0.08780798771026581,0.1293151278255848,-0.5499886411602162,-1.9167535442338195,1185,148.71513944223108,-5.90444174275714,1.9276257677913828,0.15780590717299578,1840,-1.2304432287796956,-0.131471012251546,-0.12940863424099644,0.10517237302312499,-0.6482667537363374,-3.32483595025524,1082,148.18695652173915,-8.732795198611973,-0.927804440756148,0.18022181146025879,3848,-0.9097931765400457,0.07112727611613076,-0.10770018875406631,0.11837876072411473,-0.8407359027756324,-3.555166431403943,2267,148.46257796257797,-7.25436606531335,0.5647781781802543,0.16850463167181298,0.22240910239287964,-0.131471012251546,0.07112727611613076,-1.5710829807485214,-2.3094007239466956,-1.8776185413483655
XTIUSD|orb|08:00|30|16:55|opp|narrow0.75,XTIUSD,A_orb,range,08:00,30.0,16:55,opp,narrow0.75,2008,-0.19917210416106074,0.4696753562339351,-0.019771225132356338,0.0992670395065381,-0.3011021164473451,-0.5622249252226839,673,84.4601593625498,-2.3408936570303265,5.510517932865661,0.1411589895988113,1840,-1.1529851967508487,-0.256878306841415,-0.08448141863712086,0.07327190225441955,-0.5140619561848108,-3.1155331205904,614,84.0913043478261,-10.04639175148017,-2.2190301879622565,0.15798045602605862,3848,-0.5775069176471883,0.17566695721052378,-0.050713729303033764,0.08781492957633437,-0.6539677215329025,-2.2567032381259833,1287,84.28378378378378,-6.017020953061566,1.822916886876274,0.14918414918414918,0.4696753562339351,-0.256878306841415,0.17566695721052378,-0.8626665359171264,-2.021242448467189,-1.3188196820522948
XTIUSD|orb|08:00|30|16:55|opp|trend,XTIUSD,A_orb,range,08:00,30.0,16:55,opp,trend,2008,-1.1728712576412512,-0.035186560549101346,-0.17803259047002643,0.1517920993545923,-0.7861420551274523,-3.3107922311748483,1772,222.3824701195219,-8.005693541147414,-0.23932785265982684,0.20485327313769752,1840,-0.7227168237020482,0.3120552883075888,-0.11895765515755817,0.1645978774206596,-0.7061420521403083,-1.9528856115385047,1608,220.22608695652175,-5.401615076648183,2.3253749731030626,0.24378109452736318,3848,-0.9477932877221581,0.13782281165149934,-0.14978470040377342,0.1580351985439279,-0.9353020016373512,-3.7036581140719074,3380,221.35135135135133,-6.766830176971447,0.9808029591232281,0.22337278106508876,-0.035186560549101346,0.3120552883075888,0.13782281165149934,-2.300995991744427,-1.750272322207696,-2.0250752312730285
XTIUSD|orb|08:00|30|16:55|opp|trend+narrow1.0,XTIUSD,A_orb,range,08:00,30.0,16:55,opp,trend+narrow1.0,2008,-0.9649676478726888,0.07150937249225897,-0.09923232994282431,0.10283487758536372,-0.5725788385310443,-2.7239199282084954,1087,136.41633466135457,-7.274226373928212,0.536261206568568,0.17387304507819687,1840,-0.42089406952569824,0.5302748353341794,-0.04623630373452603,0.10985259019360694,-0.5510198480384235,-1.1373167821778682,979,134.0804347826087,-3.448400492546974,4.330966208168043,0.20531154239019409,3848,-0.6954623298114279,0.2985120942116687,-0.07389119474966711,0.10624758751448474,-0.8044795080059582,-2.7176334061489156,2066,135.2993762993763,-5.461310818326937,2.3344297431445047,0.1887705711519845,0.07150937249225897,0.5302748353341794,0.2985120942116687,-1.983674780120693,-1.361862224806238,-1.6756268033543535
XTIUSD|orb|08:00|30|16:55|mid|none,XTIUSD,A_orb,range,08:00,30.0,16:55,mid,none,2008,-1.001903596185036,0.4004844379042438,-0.14201091347525455,0.14174109566628143,-0.7141212783608684,-2.828183077234353,2008,252.0,-5.635353709335498,2.2461203942501573,0.11553784860557768,1840,-1.338126682612404,0.13427551992722603,-0.18020263240242193,0.13466784180001187,-0.7547448994273172,-3.6158122506455634,1840,252.0,-7.150898111207219,0.7154062366188669,0.12880434782608696,3848,-1.1581152579453178,0.2765305713843946,-0.16027306597681065,0.13839129126159758,-0.925868056222439,-4.525525795216474,3848,252.0,-6.360042300667089,1.5141780735532826,0.12188149688149688,0.4004844379042438,0.13427551992722603,0.2765305713843946,-2.396255631500044,-2.8016834866206484,-2.584363054131375
XTIUSD|orb|08:00|30|16:55|mid|narrow1.0,XTIUSD,A_orb,range,08:00,30.0,16:55,mid,narrow1.0,2008,-0.6839082782350767,0.45274917823979766,-0.07084494029439292,0.10358836491527555,-0.47165229453552426,-1.9305428448903454,1185,148.71513944223108,-4.763801490561281,3.144215387075848,0.09029535864978903,1840,-1.3041137534433143,0.1475747069865821,-0.10515953166036246,0.08063677833525236,-0.5911955206274085,-3.5239043860405213,1082,148.18695652173915,-7.096409436341685,0.7982301200353927,0.10166358595194085,3848,-0.9350399845567696,0.32340937894491933,-0.08725316485608316,0.09331490235408826,-0.7817469925390123,-3.6538224849726264,2267,148.46257796257797,-5.877115031511613,2.0245170814129576,0.09572121746801941,0.45274917823979766,0.1475747069865821,0.32340937894491933,-1.80740641437155,-2.722860769656722,-2.173911001767668
XTIUSD|orb|08:00|30|16:55|mid|narrow0.75,XTIUSD,A_orb,range,08:00,30.0,16:55,mid,narrow0.75,2008,-0.10753448042483098,0.7027114517501198,-0.008868133584047153,0.08246781450017028,-0.1983313427382779,-0.30354936234855895,673,84.4601593625498,-1.049978315335659,6.857896870399851,0.09063893016344725,1840,-1.435921083720385,-0.24692396322942164,-0.08024534420900128,0.05588423007279093,-0.5027429386450059,-3.8800668972089545,614,84.0913043478261,-9.542644727816707,-1.6224492880772956,0.0749185667752443,3848,-0.6053106385318596,0.3348885591379548,-0.04299860851905641,0.07103560681396028,-0.5830101190389538,-2.3653508491503086,1287,84.28378378378378,-5.101646673737653,2.8121062400152605,0.08313908313908314,0.7027114517501198,-0.24692396322942164,0.3348885591379548,-0.9122601928209358,-2.5704940875510998,-1.5280908712007009
XTIUSD|orb|08:00|30|16:55|mid|trend,XTIUSD,A_orb,range,08:00,30.0,16:55,mid,trend,2008,-1.2426455024218934,0.23467564387076056,-0.14739936435586581,0.11861738852197763,-0.7208550936992422,-3.5077516383142306,1772,222.3824701195219,-6.628191703988378,1.24709046305451,0.12020316027088036,1840,-0.8974067550648113,0.47568192381943153,-0.11306299048915344,0.12598856633410116,-0.6357662489292655,-2.4249231264416222,1608,220.22608695652175,-5.133950843501795,2.712442191324076,0.14427860696517414,3848,-1.0719749480591274,0.35344567729485316,-0.13098072404537964,0.12218636665206388,-0.8938366637481185,-4.188918370589744,3380,221.35135135135133,-5.917322087520204,1.944216374018256,0.13165680473372782,0.23467564387076056,0.47568192381943153,0.35344567729485316,-2.7059175725519338,-2.2591354323779,-2.48471607331852
XTIUSD|orb|08:00|30|16:55|mid|trend+narrow1.0,XTIUSD,A_orb,range,08:00,30.0,16:55,mid,trend+narrow1.0,2008,-1.007173531504854,0.33552954345639013,-0.08088455214443828,0.08030845689876877,-0.4906997308156257,-2.8430591011815474,1087,136.41633466135457,-5.929242443379625,1.9649617884511006,0.10303587856485741,1840,-0.6110882175619947,0.6257323329205178,-0.05222521129972713,0.08546263828827447,-0.46424951304255024,-1.651248937785242,979,134.0804347826087,-3.8950657778222784,3.9752100138018256,0.12257405515832483,3848,-0.8112885990892418,0.4787360759249773,-0.06718050142867202,0.08280715580631767,-0.7238068938217432,-3.170243598255707,2066,135.2993762993763,-4.965322329352208,2.917543111112456,0.1122942884801549,0.33552954345639013,0.6257323329205178,0.4787360759249773,-2.322097251884907,-1.830079921602077,-2.0787087389703944
XTIUSD|orb|08:00|30|16:55|opp_rev|none,XTIUSD,A_orb,range,08:00,30.0,16:55,opp_rev,none,2008,-0.941481080314934,0.5347409302480121,-0.22286560865767888,0.23671809589963114,-0.8827388470955152,-2.6576218201249553,3565,447.4003984063745,-4.9813457800109,2.7849936309287937,0.20953716690042076,1840,-1.513470168079993,-0.013385953439212941,-0.34188751123326405,0.22589643221510394,-0.9315662834941366,-4.089615763469053,3201,438.3978260869565,-7.798567668203958,-0.06785851481438974,0.23555139019056545,3848,-1.2079880629455826,0.2790228978352733,-0.2797783687250065,0.23160689853407096,-0.9909093597950116,-4.720411981163916,6766,443.09563409563407,-6.314175703762892,1.4353070038930371,0.22184451670115282,0.5347409302480121,-0.013385953439212941,0.2790228978352733,-2.371358396566609,-2.96443754138174,-2.6474777343244185
XTIUSD|orb|08:00|30|16:55|opp_rev|narrow1.0,XTIUSD,A_orb,range,08:00,30.0,16:55,opp_rev,narrow1.0,2008,-0.7166104891370345,0.5611084504594541,-0.1199290136382082,0.16735592829883164,-0.6816874799383763,-2.0228549593624696,2166,271.82868525896413,-4.411933697282718,3.4001623322648347,0.1745152354570637,1840,-1.4000870892775477,0.035980912778888104,-0.20294515654715323,0.14495180914201133,-0.8011552112371614,-3.783238250280682,1950,267.0652173913044,-7.599086040837646,0.19117036941876517,0.19128205128205128,3848,-1.0164354956524186,0.32854260094494303,-0.1596248823888472,0.15704378986330944,-0.9341688965749155,-3.971888828154836,4116,269.55093555093555,-5.921881965001891,1.8798673061351372,0.1824586977648202,0.5611084504594541,0.035980912778888104,0.32854260094494303,-1.9457195536879333,-2.76058176098251,-2.3022585713840997
XTIUSD|orb|08:00|30|16:55|opp_rev|narrow0.75,XTIUSD,A_orb,range,08:00,30.0,16:55,opp_rev,narrow0.75,2008,-0.178171067328601,0.8280930537003824,-0.02186087232028739,0.12269597218031687,-0.4147489922672085,-0.5029429971009599,1243,155.99402390438246,-1.4013916541884408,6.430466752891204,0.16251005631536605,1840,-1.1518963632489043,-0.010173888640721086,-0.12086686346517961,0.10492859194752267,-0.6516374507768263,-3.1125909346476184,1120,153.3913043478261,-7.879642459464657,-0.06803531660751404,0.17142857142857143,3848,-0.6040088887098033,0.46014558886215917,-0.06920261444778264,0.11457217888896187,-0.7909722914204264,-2.360264047678505,2363,154.74948024948023,-4.4719125606249035,3.350347278562569,0.16673719847651292,0.8280930537003824,-0.010173888640721086,0.46014558886215917,-1.1499854337171846,-2.220939746007064,-1.6190815675274872
XTIUSD|orb|08:00|30|16:55|opp_rev|trend,XTIUSD,A_orb,range,08:00,30.0,16:55,opp_rev,trend,2008,-1.1728712576412512,-0.035186560549101346,-0.17803259047002643,0.1517920993545923,-0.7861420551274523,-3.3107922311748483,1772,222.3824701195219,-8.005693541147414,-0.23932785265982684,0.20485327313769752,1840,-0.7227168237020482,0.3120552883075888,-0.11895765515755817,0.1645978774206596,-0.7061420521403083,-1.9528856115385047,1608,220.22608695652175,-5.401615076648183,2.3253749731030626,0.24378109452736318,3848,-0.9477932877221581,0.13782281165149934,-0.14978470040377342,0.1580351985439279,-0.9353020016373512,-3.7036581140719074,3380,221.35135135135133,-6.766830176971447,0.9808029591232281,0.22337278106508876,-0.035186560549101346,0.3120552883075888,0.13782281165149934,-2.300995991744427,-1.750272322207696,-2.0250752312730285
XTIUSD|orb|08:00|30|16:55|opp_rev|trend+narrow1.0,XTIUSD,A_orb,range,08:00,30.0,16:55,opp_rev,trend+narrow1.0,2008,-0.9649676478726888,0.07150937249225897,-0.09923232994282431,0.10283487758536372,-0.5725788385310443,-2.7239199282084954,1087,136.41633466135457,-7.274226373928212,0.536261206568568,0.17387304507819687,1840,-0.42089406952569824,0.5302748353341794,-0.04623630373452603,0.10985259019360694,-0.5510198480384235,-1.1373167821778682,979,134.0804347826087,-3.448400492546974,4.330966208168043,0.20531154239019409,3848,-0.6954623298114279,0.2985120942116687,-0.07389119474966711,0.10624758751448474,-0.8044795080059582,-2.7176334061489156,2066,135.2993762993763,-5.461310818326937,2.3344297431445047,0.1887705711519845,0.07150937249225897,0.5302748353341794,0.2985120942116687,-1.983674780120693,-1.361862224806238,-1.6756268033543535
XTIUSD|orb|08:00|30|16:55|mid_rev|none,XTIUSD,A_orb,range,08:00,30.0,16:55,mid_rev,none,2008,-1.239590955640179,0.7070837701014558,-0.2255132891575333,0.1819255683751487,-0.8695434074633689,-3.499129234372814,3565,447.4003984063745,-5.040524996419409,2.833247794604434,0.1214586255259467,1840,-1.7317731613652096,0.25642715490863566,-0.300523537140912,0.1735351625983164,-0.8999613455848644,-4.679502093164132,3201,438.3978260869565,-6.855041682649743,0.9996912133202666,0.1352702280537332,3848,-1.4687995949219792,0.4968247730890907,-0.26138097530343163,0.17795550612016334,-0.9859408196820919,-5.739575926679293,6766,443.09563409563407,-5.898974288855603,1.9657907126223735,0.12799290570499558,0.7070837701014558,0.25642715490863566,0.4968247730890907,-3.1280478428462013,-3.657512714554083,-3.3743808590434625
XTIUSD|orb|08:00|30|16:55|mid_rev|narrow1.0,XTIUSD,A_orb,range,08:00,30.0,16:55,mid_rev,narrow1.0,2008,-0.8608146418256115,0.7851684484993405,-0.11305447179850756,0.13133428069803993,-0.6431745773675761,-2.4299158241539276,2166,271.82868525896413,-4.159033903681045,3.7370879799754646,0.10156971375807941,1840,-1.5226866559606336,0.3777279315095889,-0.1693490352651341,0.11121725839141547,-0.7569141311296526,-4.114520049602625,1950,267.0652173913044,-6.341111617579296,1.5409396644719846,0.1117948717948718,3848,-1.1461326549726092,0.6055093160813911,-0.13997287012974272,0.12212623863603979,-0.911372713559209,-4.478701803843597,4116,269.55093555093555,-5.192817077175113,2.6966387051378096,0.10641399416909621,0.7851684484993405,0.3777279315095889,0.6055093160813911,-2.4395862676862183,-3.3126169935873038,-2.814210288195073
XTIUSD|orb|08:00|30|16:55|mid_rev|narrow0.75,XTIUSD,A_orb,range,08:00,30.0,16:55,mid_rev,narrow0.75,2008,-0.22733029974221267,1.0150764604797913,-0.022745818548613805,0.10005625547675362,-0.29713436604959487,-0.6417101496807078,1243,155.99402390438246,-1.4581211497278883,6.439706686153044,0.1005631536604988,1840,-1.3074042889018542,0.16078933435661993,-0.10820091466108744,0.0827601038022983,-0.6175959415454738,-3.5327958897948175,1120,153.3913043478261,-7.0539145045493505,0.8496569240220784,0.09107142857142857,3848,-0.6897491638091053,0.6454400502272076,-0.06360792271881949,0.09221891965413617,-0.7291748580627713,-2.6953082705991647,2363,154.74948024948023,-4.110380378420244,3.7901697696965555,0.09606432501057977,1.0150764604797913,0.16078933435661993,0.6454400502272076,-1.4253994894261244,-2.6709997469890587,-1.958839299713402
XTIUSD|orb|08:00|30|16:55|mid_rev|trend,XTIUSD,A_orb,range,08:00,30.0,16:55,mid_rev,trend,2008,-1.2426455024218934,0.23467564387076056,-0.14739936435586581,0.11861738852197763,-0.7208550936992422,-3.5077516383142306,1772,222.3824701195219,-6.628191703988378,1.24709046305451,0.12020316027088036,1840,-0.8974067550648113,0.47568192381943153,-0.11306299048915344,0.12598856633410116,-0.6357662489292655,-2.4249231264416222,1608,220.22608695652175,-5.133950843501795,2.712442191324076,0.14427860696517414,3848,-1.0719749480591274,0.35344567729485316,-0.13098072404537964,0.12218636665206388,-0.8938366637481185,-4.188918370589744,3380,221.35135135135133,-5.917322087520204,1.944216374018256,0.13165680473372782,0.23467564387076056,0.47568192381943153,0.35344567729485316,-2.7059175725519338,-2.2591354323779,-2.48471607331852
XTIUSD|orb|08:00|30|16:55|mid_rev|trend+narrow1.0,XTIUSD,A_orb,range,08:00,30.0,16:55,mid_rev,trend+narrow1.0,2008,-1.007173531504854,0.33552954345639013,-0.08088455214443828,0.08030845689876877,-0.4906997308156257,-2.8430591011815474,1087,136.41633466135457,-5.929242443379625,1.9649617884511006,0.10303587856485741,1840,-0.6110882175619947,0.6257323329205178,-0.05222521129972713,0.08546263828827447,-0.46424951304255024,-1.651248937785242,979,134.0804347826087,-3.8950657778222784,3.9752100138018256,0.12257405515832483,3848,-0.8112885990892418,0.4787360759249773,-0.06718050142867202,0.08280715580631767,-0.7238068938217432,-3.170243598255707,2066,135.2993762993763,-4.965322329352208,2.917543111112456,0.1122942884801549,0.33552954345639013,0.6257323329205178,0.4787360759249773,-2.322097251884907,-1.830079921602077,-2.0787087389703944
XTIUSD|orb|08:00|60|14:30|none|none,XTIUSD,A_orb,range,08:00,60.0,14:30,none,none,2008,-0.6843366224580706,-0.06543235804707473,-0.19456379243425828,0.2843100691227134,-0.8925302321815479,-1.9317519790698368,2003,251.37250996015936,-7.740058468012082,-0.7400584680120788,0.47179231153270096,1840,-0.39099927773706505,0.22261784811622803,-0.11228061507307327,0.28716322885020396,-0.7194321546325212,-1.056536721676565,1838,251.72608695652175,-4.460428254798496,2.5395717452015045,0.4809575625680087,3848,-0.5433819392105922,0.07302831996018061,-0.1552184061700742,0.28565249407363547,-0.9567757836272441,-2.1233542738354934,3841,251.54158004158003,-6.170685822376421,0.8293141776235803,0.476178078625358,-0.06543235804707473,0.22261784811622803,0.07302831996018061,-1.30323309325364,-1.004614495447195,-1.1597877178480362
XTIUSD|orb|08:00|60|14:30|none|narrow1.0,XTIUSD,A_orb,range,08:00,60.0,14:30,none,narrow1.0,2008,-0.6115014714860745,-0.12749733939107705,-0.13361510010767355,0.21850331738852785,-0.7386302391264596,-1.7261522165865355,1204,151.0996015936255,-8.842849266209475,-1.8428492662094778,0.47259136212624586,1840,-0.3608887793963171,0.1415461359209345,-0.07340928067836353,0.20341247738752136,-0.5462812436060378,-0.9751737908059492,1066,145.99565217391304,-5.028182660598476,1.9718173394015244,0.48405253283302063,3848,-0.49586092407689636,-0.0036204972574468623,-0.1048264546425149,0.21140293488070616,-0.8745936172206094,-1.9376580934881595,2270,148.65904365904365,-7.051468384455586,-0.05146838445558869,0.4779735682819383,-0.12749733939107705,0.1415461359209345,-0.0036204972574468623,-1.0943679667361719,-0.8625368716794822,-0.9871082934872162
XTIUSD|orb|08:00|60|14:30|none|narrow0.75,XTIUSD,A_orb,range,08:00,60.0,14:30,none,narrow0.75,2008,-0.7138374250436357,-0.3440146684003636,-0.10479158249238747,0.1468003481128518,-0.6306271270752692,-2.015027127452394,619,77.68326693227091,-13.489595202497247,-6.4895952024972505,0.4604200323101777,1840,-0.266864803946643,0.10151828786259795,-0.03771436291479912,0.1413238552144918,-0.5184133127028536,-0.7211073808741145,543,74.36739130434783,-5.07135752018697,1.9286424798130275,0.4880294659300184,3848,-0.5042651329258311,-0.135016270482928,-0.07271723633262589,0.14420437104328088,-0.7402223978753149,-1.970498921439704,1162,76.0977130977131,-9.555771569541584,-2.5557715695415877,0.47332185886402756,-0.3440146684003636,0.10151828786259795,-0.135016270482928,-1.0810581497872158,-0.6342200496685597,-0.8716273732532227
XTIUSD|orb|08:00|60|14:30|none|trend,XTIUSD,A_orb,range,08:00,60.0,14:30,none,trend,2008,-0.6676234650489761,-0.0807945849891164,-0.15650637340798113,0.23442311662382928,-0.7742150026880399,-1.8845739180951704,1566,196.52988047808765,-7.9634899806205794,-0.9634899806205811,0.4789272030651341,1840,-0.12779823199108398,0.41568057676529924,-0.03203219068332834,0.25064658707925724,-0.6611341738840533,-0.34532934650257874,1421,194.61521739130436,-1.6459242557031182,5.354075744296877,0.46938775510204084,3848,-0.40024760231877027,0.164853118214571,-0.09698649393465444,0.24231623967958524,-0.9225267840906108,-1.5640333173580077,2987,195.6143451143451,-4.958046092067615,2.0419539079323847,0.47438901908269165,-0.0807945849891164,0.41568057676529924,0.164853118214571,-1.2536801530070771,-0.6711445054155237,-0.9649099083882442
XTIUSD|orb|08:00|60|14:30|none|trend+narrow1.0,XTIUSD,A_orb,range,08:00,60.0,14:30,none,trend+narrow1.0,2008,-0.7703160056686543,-0.2911804906222248,-0.1394527622300253,0.18103318794340345,-0.7277918094164928,-2.174455406338813,988,123.99203187250995,-11.246913218860088,-4.246913218860085,0.48582995951417,1840,0.011396556471474983,0.47183378958301647,0.0020752724521002127,0.18209644793096205,-0.4960855532509001,0.03079514745516011,875,119.83695652173914,0.17317466266958434,7.173174662669583,0.48228571428571426,3848,-0.3953124688323322,0.07506465956108241,-0.07177823421154533,0.18157341311181702,-0.8575250014218109,-1.5447484717932092,1863,122.0051975051975,-5.8832111811046035,1.1167888188953952,0.4841653247450349,-0.2911804906222248,0.47183378958301647,0.07506465956108241,-1.2472820661928166,-0.44907241028358047,-0.8645820150004786
XTIUSD|orb|08:00|60|14:30|opp|none,XTIUSD,A_orb,range,08:00,60.0,14:30,opp,none,2008,-0.5015861321843581,0.41338482682939826,-0.10511308774393938,0.20956139135303098,-0.718043596575489,-1.41588214297341,2003,251.37250996015936,-4.1815665428411,3.4375048500695358,0.3075386919620569,1840,-1.0396085264476103,-0.09451179384934214,-0.21004795050927688,0.20204523641896271,-0.8136326012181988,-2.8091729240957637,1838,251.72608695652175,-8.34430602917831,-0.7567108169911506,0.33297062023939067,3848,-0.7538291085556954,0.1751109931213121,-0.15528984124919432,0.2060013861055632,-0.9356802538994149,-2.945711191135103,3841,251.54158004158003,-6.173525713861094,1.4304836586981373,0.3197084092684197,0.41338482682939826,-0.09451179384934214,0.1751109931213121,-1.411898475840315,-1.9800125381599498,-1.6780964918697925
XTIUSD|orb|08:00|60|14:30|opp|narrow1.0,XTIUSD,A_orb,range,08:00,60.0,14:30,opp,narrow1.0,2008,-0.3310670478989955,0.4412886520194872,-0.04982786074268357,0.1505068567195049,-0.5727568439715001,-0.9345392369716085,1204,151.0996015936255,-3.297683131997463,4.384210555710181,0.27325581395348836,1840,-0.8668847612784818,0.025130193277962003,-0.10886123487034033,0.12557751587395743,-0.5851645212006359,-2.3424482752330054,1066,145.99565217391304,-7.456471014675324,0.21519877894569078,0.2926829268292683,3848,-0.5609907407552072,0.2600997668677774,-0.07805587747732193,0.1391393329812234,-0.8043098002154061,-2.192163561224025,2270,148.65904365904365,-5.250664578224158,2.426427932789059,0.2823788546255507,0.4412886520194872,0.025130193277962003,0.2600997668677774,-1.0977100183460982,-1.747064039660671,-1.374156251310705
XTIUSD|orb|08:00|60|14:30|opp|narrow0.75,XTIUSD,A_orb,range,08:00,60.0,14:30,opp,narrow0.75,2008,-0.17749695354950104,0.4674907203986324,-0.016537638250186015,0.09317139206884435,-0.27534729673562475,-0.5010401022621347,619,77.68326693227091,-2.128854630251913,5.593277841476683,0.24394184168012925,1840,-0.5853976787437608,0.07067426402163383,-0.05130392533689794,0.08763944101554015,-0.3992637273072951,-1.5818293781936912,543,74.36739130434783,-6.898712518627571,0.8287276287020813,0.2504604051565378,3848,-0.36617339893503653,0.2839157198420534,-0.03316185037065119,0.09056324262520908,-0.510469105192219,-1.4308827649353397,1162,76.0977130977131,-4.357798548830212,3.36681418783072,0.2469879518072289,0.4674907203986324,0.07067426402163383,0.2839157198420534,-0.8163382163943431,-1.2300231034365159,-1.0077786202619836
XTIUSD|orb|08:00|60|14:30|opp|trend,XTIUSD,A_orb,range,08:00,60.0,14:30,opp,trend,2008,-0.4464098594085591,0.45519703679711543,-0.074140405346372,0.1660814692681729,-0.515792225660239,-1.2601300311698693,1566,196.52988047808765,-3.7724749623830545,3.8354433007076247,0.3109833971902937,1840,-0.5611918282113212,0.24862793775296782,-0.10226668878342411,0.18223125078171096,-0.7124114112946769,-1.5164216615478956,1421,194.61521739130436,-5.254814610812315,2.3222437987584112,0.33497536945812806,3848,-0.5034739697507783,0.3512690568123106,-0.08758956374662556,0.1739703917364045,-0.8566892854410535,-1.967407321245023,2987,195.6143451143451,-4.477665668917362,3.1155716929842128,0.3223970539002344,0.45519703679711543,0.24862793775296782,0.3512690568123106,-1.3415182487722557,-1.3659161794597654,-1.3524710478680377
XTIUSD|orb|08:00|60|14:30|opp|trend+narrow1.0,XTIUSD,A_orb,range,08:00,60.0,14:30,opp,trend+narrow1.0,2008,-0.3873431029133814,0.43803448489602115,-0.044665309621537655,0.11531200448798443,-0.37483496399503413,-1.093395824622584,988,123.99203187250995,-3.6022725772784376,4.0596707425596215,0.28846153846153844,1840,-0.1517885654545913,0.5760053539176251,-0.01910998721026022,0.12589872730549734,-0.49121852110192055,-0.4101547047900856,875,119.83695652173914,-1.594665599404935,6.038477257737923,0.312,3848,-0.26930812716157493,0.5066356701050128,-0.03244550888433639,0.12047727347221972,-0.6582561713148409,-1.0523657882665522,1863,122.0051975051975,-2.659354646178431,4.989061886296075,0.2995169082125604,0.43803448489602115,0.5760053539176251,0.5066356701050128,-1.2037230966321106,-0.8744549186360395,-1.0383401170979456
XTIUSD|orb|08:00|60|14:30|mid|none,XTIUSD,A_orb,range,08:00,60.0,14:30,mid,none,2008,-0.7191351667491885,0.5014957699787161,-0.11550480194689636,0.16061626143111532,-0.730226168087724,-2.029981643531839,2003,251.37250996015936,-4.594965534027687,3.1943504919333723,0.19770344483275087,1840,-1.2310293156494145,-0.0028336220397619802,-0.19631209460617716,0.15946987785795752,-0.7821906807571217,-3.326419641927343,1838,251.72608695652175,-7.798639266183177,-0.01789933147153385,0.20565832426550598,3848,-0.9629904419736284,0.26121162765399253,-0.15414446371744642,0.16006852923849446,-0.9287843584500389,-3.763043493123843,3841,251.54158004158003,-6.127991391799567,1.6572207925274318,0.20151002343139807,0.5014957699787161,-0.0028336220397619802,0.26121162765399253,-1.9321360942548058,-2.452117329714804,-2.1798101968473858
XTIUSD|orb|08:00|60|14:30|mid|narrow1.0,XTIUSD,A_orb,range,08:00,60.0,14:30,mid,narrow1.0,2008,-0.35624842452274985,0.7053065405871641,-0.039715394437035256,0.11148230196453558,-0.4723870761173846,-1.0056214683359261,1204,151.0996015936255,-2.628424828269749,5.188850919238557,0.1777408637873754,1840,-1.3930524262800663,-0.09859733234770691,-0.12290092407649614,0.08822419153648386,-0.6185467911229827,-3.7642295712251252,1066,145.99565217391304,-8.418122200659374,-0.5916681668882675,0.16885553470919323,3848,-0.7866452986250008,0.3655787768978528,-0.07949225892160075,0.10105222653786591,-0.7776198062537575,-3.0739458496809635,2270,148.65904365904365,-5.347287118563732,2.474298784519968,0.173568281938326,0.7053065405871641,-0.09859733234770691,0.3655787768978528,-1.4075491677368457,-2.6570197032017586,-1.9219869266721128
XTIUSD|orb|08:00|60|14:30|mid|narrow0.75,XTIUSD,A_orb,range,08:00,60.0,14:30,mid,narrow0.75,2008,-0.29136075102501247,0.557997122828937,-0.02093732660762318,0.07186049093422942,-0.298861923537865,-0.8224559214647713,619,77.68326693227091,-2.6952170569599794,5.148078581166029,0.15508885298869143,1840,-0.8180944209777742,0.08714558422825727,-0.05281145187109286,0.06455422566990911,-0.38181388580234765,-2.2106097038444963,543,74.36739130434783,-7.101425899822477,0.751244450085442,0.141804788213628,3848,-0.528442156638716,0.3453733862628391,-0.036178592326122194,0.0684627293103277,-0.5258004292487488,-2.0649746169402867,1162,76.0977130977131,-4.7542285902425405,3.0934478297230354,0.14888123924268504,0.557997122828937,0.08714558422825727,0.3453733862628391,-1.1290554262336092,-1.698023430583866,-1.3849952699866857
XTIUSD|orb|08:00|60|14:30|mid|trend,XTIUSD,A_orb,range,08:00,60.0,14:30,mid,trend,2008,-0.6794488776657321,0.4681258315933546,-0.0908021198940052,0.13364084168621887,-0.5512776606792074,-1.917954806207929,1566,196.52988047808765,-4.620270448092462,3.1721944305793133,0.19476372924648785,1840,-0.35405889058841844,0.6686115698390077,-0.05234870699183274,0.14785310687957376,-0.5328376929433802,-0.9567184412915565,1421,194.61521739130436,-2.6898568207324436,5.0666526796194225,0.22519352568613651,3848,-0.5150311367558125,0.5684182324860952,-0.07241483305928657,0.1406028255212462,-0.7885230893429912,-2.012568851621282,2987,195.6143451143451,-3.7019183341056574,4.0734415587634425,0.2092400401740877,0.4681258315933546,0.6686115698390077,0.5684182324860952,-1.8164037884323747,-1.3698627241971773,-1.5898962112864343
XTIUSD|orb|08:00|60|14:30|mid|trend+narrow1.0,XTIUSD,A_orb,range,08:00,60.0,14:30,mid,trend+narrow1.0,2008,-0.2834477426755032,0.7663760649574644,-0.02620335274240731,0.0924450923301423,-0.26277630304767063,-0.8001190056284466,988,123.99203187250995,-2.1133094076037,5.697419337335571,0.1862348178137652,1840,-0.1484866463535521,0.8178487321433761,-0.01436592944777389,0.09674896565155153,-0.35809338912037947,-0.4012324407837588,875,119.83695652173914,-1.1987895775013129,6.589781851070115,0.20342857142857143,3848,-0.21735010164019497,0.7914726229530742,-0.020543046385306088,0.09451592720813812,-0.4897460859747268,-0.84933126026742,1863,122.0051975051975,-1.6837845276575996,6.116537533534029,0.19431025228126678,0.7663760649574644,0.8178487321433761,0.7914726229530742,-1.3213210338345283,-1.1065155351312939,-1.2160832577556873
XTIUSD|orb|08:00|60|14:30|opp_rev|none,XTIUSD,A_orb,range,08:00,60.0,14:30,opp_rev,none,2008,-0.6478441784679234,0.558409487036188,-0.16351036707458264,0.2523915047925039,-0.8210117086731278,-1.8287407582968593,3163,396.95019920318725,-4.119165764441057,3.497337555192207,0.30603857097692067,1840,-1.1268374811525523,0.06006839709432018,-0.28069994549845445,0.24910419665074407,-0.8973174821873221,-3.0448782030738193,2849,390.1891304347826,-7.193945797149043,0.37818477498153047,0.3345033345033345,3848,-0.875318428715504,0.3215983281758095,-0.21954696382612215,0.25081953792324335,-0.9787836772228872,-3.420450685718713,6012,393.7172557172557,-5.576259628909627,2.0192160863265682,0.3195276114437791,0.558409487036188,0.06006839709432018,0.3215983281758095,-1.8176243748161167,-2.2801636844348954,-2.037182909639118
XTIUSD|orb|08:00|60|14:30|opp_rev|narrow1.0,XTIUSD,A_orb,range,08:00,60.0,14:30,opp_rev,narrow1.0,2008,-0.3271985121690404,0.7226994396015378,-0.06010951728862529,0.18370962902658602,-0.518554389283201,-0.9236190972228387,1983,248.8625498007968,-2.4153701445533,5.253817954286845,0.28088754412506306,1840,-0.7170131365618371,0.40059839769146743,-0.11773583180164658,0.16420317257533643,-0.6547210689393768,-1.9374734221670455,1742,238.5782608695652,-4.934893538603451,2.7091937174241045,0.3036739380022962,3848,-0.5019705213936377,0.5769439933187072,-0.08766471965451905,0.17464117098177903,-0.8105544118371218,-1.961532349582801,3725,243.94490644490642,-3.5936277962137995,4.063821868215732,0.2915436241610738,0.7226994396015378,0.40059839769146743,0.5769439933187072,-1.341243506443519,-1.7892176668231106,-1.54112624063549
XTIUSD|orb|08:00|60|14:30|opp_rev|narrow0.75,XTIUSD,A_orb,range,08:00,60.0,14:30,opp_rev,narrow0.75,2008,-0.050951214690834946,0.8330109014608822,-0.005926103852947639,0.11630937336639437,-0.3168742564880245,-0.14382557733283238,1048,131.5219123505976,-0.4505792036501447,7.253619269632299,0.2633587786259542,1840,-0.6706494093389969,0.17711174970957314,-0.07675192723310996,0.1144441882216193,-0.5330764476634469,-1.812191911039378,916,125.45217391304348,-6.118022895825638,1.5839421696765474,0.26419213973799127,3848,-0.34474296411654287,0.5226691331125828,-0.039792921685457686,0.1154277993386557,-0.6333788653269333,-1.3471398171514866,1964,128.6195426195426,-3.0938472393083685,4.609309583502224,0.2637474541751528,0.8330109014608822,0.17711174970957314,0.5226691331125828,-0.901725857962344,-1.4754311655557206,-1.1742676780349994
XTIUSD|orb|08:00|60|14:30|opp_rev|trend,XTIUSD,A_orb,range,08:00,60.0,14:30,opp_rev,trend,2008,-0.4464098594085591,0.45519703679711543,-0.074140405346372,0.1660814692681729,-0.515792225660239,-1.2601300311698693,1566,196.52988047808765,-3.7724749623830545,3.8354433007076247,0.3109833971902937,1840,-0.5611918282113212,0.24862793775296782,-0.10226668878342411,0.18223125078171096,-0.7124114112946769,-1.5164216615478956,1421,194.61521739130436,-5.254814610812315,2.3222437987584112,0.33497536945812806,3848,-0.5034739697507783,0.3512690568123106,-0.08758956374662556,0.1739703917364045,-0.8566892854410535,-1.967407321245023,2987,195.6143451143451,-4.477665668917362,3.1155716929842128,0.3223970539002344,0.45519703679711543,0.24862793775296782,0.3512690568123106,-1.3415182487722557,-1.3659161794597654,-1.3524710478680377
XTIUSD|orb|08:00|60|14:30|opp_rev|trend+narrow1.0,XTIUSD,A_orb,range,08:00,60.0,14:30,opp_rev,trend+narrow1.0,2008,-0.3873431029133814,0.43803448489602115,-0.044665309621537655,0.11531200448798443,-0.37483496399503413,-1.093395824622584,988,123.99203187250995,-3.6022725772784376,4.0596707425596215,0.28846153846153844,1840,-0.1517885654545913,0.5760053539176251,-0.01910998721026022,0.12589872730549734,-0.49121852110192055,-0.4101547047900856,875,119.83695652173914,-1.594665599404935,6.038477257737923,0.312,3848,-0.26930812716157493,0.5066356701050128,-0.03244550888433639,0.12047727347221972,-0.6582561713148409,-1.0523657882665522,1863,122.0051975051975,-2.659354646178431,4.989061886296075,0.2995169082125604,0.43803448489602115,0.5760053539176251,0.5066356701050128,-1.2037230966321106,-0.8744549186360395,-1.0383401170979456
XTIUSD|orb|08:00|60|14:30|mid_rev|none,XTIUSD,A_orb,range,08:00,60.0,14:30,mid_rev,none,2008,-1.0459624173525854,0.5384575835899013,-0.20530554715985405,0.196283866182782,-0.8544018360415343,-2.9525527400476457,3163,396.95019920318725,-5.172073161116216,2.6240065100820145,0.19127410686057542,1840,-1.2140662256924557,0.3369070684750443,-0.23780685251945102,0.19587634305848128,-0.8468219609376935,-3.280582914155478,2849,390.1891304347826,-6.0946560006545045,1.6705247645262622,0.21305721305721306,3848,-1.1263879698031263,0.4421227190812341,-0.22084671188481725,0.19606629137154008,-0.9751657571851822,-4.401546199995105,6012,393.7172557172557,-5.609271848715116,2.1721652770333884,0.20159680638722555,0.5384575835899013,0.3369070684750443,0.4421227190812341,-2.5828255221993377,-2.7248384252769324,-2.6508989923615056
XTIUSD|orb|08:00|60|14:30|mid_rev|narrow1.0,XTIUSD,A_orb,range,08:00,60.0,14:30,mid_rev,narrow1.0,2008,-0.5111983353289109,0.8996294365729829,-0.07122061071993002,0.13932089718974902,-0.51277498936609,-1.4430155621685063,1983,248.8625498007968,-2.861845254617013,4.957620201762211,0.17650025214321735,1840,-1.0652744856988643,0.4426363877349686,-0.1322553735035211,0.12415145136678654,-0.6483581076064859,-2.8785260661346594,1742,238.5782608695652,-5.543479654075747,2.2647867064294185,0.182548794489093,3848,-0.75903036140114,0.693164339553516,-0.10040563242518147,0.13228144423608648,-0.8146834870580208,-2.966035941852285,3725,243.94490644490642,-4.115914281155836,3.698313906763627,0.1793288590604027,0.8996294365729829,0.4426363877349686,0.693164339553516,-1.86741511872146,-2.504820007713702,-2.151071720325697
XTIUSD|orb|08:00|60|14:30|mid_rev|narrow0.75,XTIUSD,A_orb,range,08:00,60.0,14:30,mid_rev,narrow0.75,2008,-0.21457310921189734,0.9397995188273262,-0.01937009769263697,0.09027271760092,-0.23869639038318624,-0.605699029939973,1048,131.5219123505976,-1.4727658187482968,6.360249448427275,0.1650763358778626,1840,-0.9348370960435693,0.23722399044387682,-0.07875428182665276,0.08424385613275054,-0.47774589594925354,-2.52606533309175,916,125.45217391304348,-6.277633887894272,1.5586106535904432,0.15502183406113537,3848,-0.5462049034938813,0.6167508715194376,-0.04776586141576302,0.08745044416522361,-0.5714718534681544,-2.1343854709424765,1964,128.6195426195426,-3.713732800081145,4.120788584847571,0.16038696537678207,0.9397995188273262,0.23722399044387682,0.6167508715194376,-1.3207070961056697,-2.030266978245186,-1.648420319136329
XTIUSD|orb|08:00|60|14:30|mid_rev|trend,XTIUSD,A_orb,range,08:00,60.0,14:30,mid_rev,trend,2008,-0.6794488776657321,0.4681258315933546,-0.0908021198940052,0.13364084168621887,-0.5512776606792074,-1.917954806207929,1566,196.52988047808765,-4.620270448092462,3.1721944305793133,0.19476372924648785,1840,-0.35405889058841844,0.6686115698390077,-0.05234870699183274,0.14785310687957376,-0.5328376929433802,-0.9567184412915565,1421,194.61521739130436,-2.6898568207324436,5.0666526796194225,0.22519352568613651,3848,-0.5150311367558125,0.5684182324860952,-0.07241483305928657,0.1406028255212462,-0.7885230893429912,-2.012568851621282,2987,195.6143451143451,-3.7019183341056574,4.0734415587634425,0.2092400401740877,0.4681258315933546,0.6686115698390077,0.5684182324860952,-1.8164037884323747,-1.3698627241971773,-1.5898962112864343
XTIUSD|orb|08:00|60|14:30|mid_rev|trend+narrow1.0,XTIUSD,A_orb,range,08:00,60.0,14:30,mid_rev,trend+narrow1.0,2008,-0.2834477426755032,0.7663760649574644,-0.02620335274240731,0.0924450923301423,-0.26277630304767063,-0.8001190056284466,988,123.99203187250995,-2.1133094076037,5.697419337335571,0.1862348178137652,1840,-0.1484866463535521,0.8178487321433761,-0.01436592944777389,0.09674896565155153,-0.35809338912037947,-0.4012324407837588,875,119.83695652173914,-1.1987895775013129,6.589781851070115,0.20342857142857143,3848,-0.21735010164019497,0.7914726229530742,-0.020543046385306088,0.09451592720813812,-0.4897460859747268,-0.84933126026742,1863,122.0051975051975,-1.6837845276575996,6.116537533534029,0.19431025228126678,0.7663760649574644,0.8178487321433761,0.7914726229530742,-1.3213210338345283,-1.1065155351312939,-1.2160832577556873
XTIUSD|orb|08:00|60|16:55|none|none,XTIUSD,A_orb,range,08:00,60.0,16:55,none,none,2008,-0.5571712422637285,0.05234656013156357,-0.16117012924025392,0.2892649817773016,-0.862272346887245,-1.5727883246372703,2007,251.87450199203187,-6.398826715907615,0.6011732840923883,0.4798206278026906,1840,-0.5394511373683972,0.0822050894216697,-0.15299045267508876,0.28360391160063475,-0.7629394966171943,-1.4576751636947383,1839,251.86304347826086,-6.074350987039268,0.9256490129607334,0.4823273518216422,3848,-0.5488296344786645,0.06648220463713878,-0.15725884938580903,0.28653490902543893,-0.9581098946913611,-2.144642038840748,3846,251.86902286902284,-6.243675684865261,0.7563243151347405,0.48101924076963076,0.05234656013156357,0.0822050894216697,0.06648220463713878,-1.1666878162288574,-1.1611060138686025,-1.1641401868814933
XTIUSD|orb|08:00|60|16:55|none|narrow1.0,XTIUSD,A_orb,range,08:00,60.0,16:55,none,narrow1.0,2008,-0.5619581855702634,-0.08772130633984285,-0.12532485789330627,0.22301456071171777,-0.7298653018408774,-1.5863009540986002,1204,151.0996015936255,-8.294188506887062,-1.2941885068870644,0.47674418604651164,1840,-0.3769885108526541,0.11177223446678686,-0.0788294177292538,0.20910297120451046,-0.5279336808171561,-1.0186775987699888,1066,145.99565217391304,-5.399435980144848,1.6005640198551527,0.4878048780487805,3848,-0.4762838638913122,0.004479180241232114,-0.10309211103731446,0.2164509840728932,-0.8612315962767995,-1.861157511826235,2270,148.65904365904365,-6.934802518557897,0.06519748144210004,0.4819383259911894,-0.08772130633984285,0.11177223446678686,0.004479180241232114,-1.035191281130628,-0.8649714472948923,-0.9561369471762374
XTIUSD|orb|08:00|60|16:55|none|narrow0.75,XTIUSD,A_orb,range,08:00,60.0,16:55,none,narrow0.75,2008,-0.7246722793683167,-0.37104534518955856,-0.11123318823800736,0.1534944710938402,-0.6682969210956895,-2.0456118581211347,619,77.68326693227091,-14.318809266220404,-7.318809266220406,0.46365105008077545,1840,-0.34165932693616646,0.007839047167193159,-0.05089019314459245,0.1489501065314118,-0.5669705358051539,-0.9232130230534698,543,74.36739130434783,-6.843078969426917,0.15692103057308168,0.49355432780847147,3848,-0.5443633590654974,-0.1925929294289272,-0.08237894941995035,0.15133081249511246,-0.7734437701015926,-2.1271893332899303,1162,76.0977130977131,-10.825417225636182,-3.8254172256361856,0.4776247848537005,-0.37104534518955856,0.007839047167193159,-0.1925929294289272,-1.075883089578097,-0.6899734006043695,-0.8942848962306666
XTIUSD|orb|08:00|60|16:55|none|trend,XTIUSD,A_orb,range,08:00,60.0,16:55,none,trend,2008,-1.0089411144404992,-0.4183879092231383,-0.24307110787149916,0.24091704103692163,-0.8885680089990706,-2.8480486512392926,1620,203.30677290836653,-11.955878517684948,-4.9558785176849485,0.4777777777777778,1840,-0.21396872490997074,0.36044412321090236,-0.05231580146256825,0.24450209480184829,-0.6541199028623739,-0.5781745083164004,1465,200.6413043478261,-2.6074292944126305,4.392570705587367,0.4757679180887372,3848,-0.6257506804471828,-0.04300710996220741,-0.15185755179238455,0.24268060193536178,-0.9612119037354018,-2.4452236738182216,3085,202.03222453222452,-7.516501495936506,-0.5165014959365068,0.4768233387358185,-0.4183879092231383,0.36044412321090236,-0.04300710996220741,-1.5984913586932268,-0.7881664087686991,-1.2078689000452716
XTIUSD|orb|08:00|60|16:55|none|trend+narrow1.0,XTIUSD,A_orb,range,08:00,60.0,16:55,none,trend+narrow1.0,2008,-0.8936330810254266,-0.41580248882276083,-0.16789721640751748,0.1878816037280745,-0.781016470917804,-2.5225560289796016,1023,128.38446215139442,-13.077689744848454,-6.077689744848452,0.4916911045943304,1840,-0.10517897369640833,0.3572146183792545,-0.01957910186628342,0.18615034144369116,-0.5576369756945001,-0.2842088320511869,898,122.98695652173913,-1.5919657189681464,5.4080342810318545,0.4755011135857461,3848,-0.5183388968574589,-0.047667666647819205,-0.09697587265599182,0.18708970761007696,-0.9018389416282041,-2.0254944681017584,1921,125.80353430353429,-7.7085173475342845,-0.7085173475342847,0.4841228526808954,-0.41580248882276083,0.3572146183792545,-0.047667666647819205,-1.3691285471403978,-0.5672918004368596,-0.9876413226776084
XTIUSD|orb|08:00|60|16:55|opp|none,XTIUSD,A_orb,range,08:00,60.0,16:55,opp,none,2008,-0.3510306234537208,0.5541950447620559,-0.07464948832541632,0.21265805128610943,-0.657837413603567,-0.990892609451705,2007,251.87450199203187,-2.963757257484439,4.667034969720347,0.30792227204783257,1840,-1.075579326413888,-0.12345472290696723,-0.21624916763136556,0.20105366691303617,-0.8234491723912882,-2.9063712393775925,1839,251.86304347826086,-8.585982470668855,-0.9829373374442752,0.3191952147906471,3848,-0.6870194903550957,0.23952187799691105,-0.14235827468792844,0.20721140620675635,-0.9255836837425835,-2.6846416227470717,3846,251.86902286902284,-5.652075553648283,1.9654491473397593,0.31331253250130003,0.5541950447620559,-0.12345472290696723,0.23952187799691105,-1.2515986730890363,-2.0227505798752126,-1.6087763759316016
XTIUSD|orb|08:00|60|16:55|opp|narrow1.0,XTIUSD,A_orb,range,08:00,60.0,16:55,opp,narrow1.0,2008,-0.17513123552330576,0.5945188159281092,-0.026503503581925443,0.1513351030884406,-0.5190441314946914,-0.4943621307360617,1204,151.0996015936255,-1.754041923499258,5.940310235969183,0.27159468438538203,1840,-0.7316462106092818,0.11637441381107723,-0.09682592671544216,0.13233981849616896,-0.5580701602123842,-1.9770141092281972,1066,145.99565217391304,-6.632110290524344,1.0508165387439499,0.274859287054409,3848,-0.4217636188849987,0.3811235682934612,-0.06012961027778583,0.14256708636166468,-0.758693401211052,-1.6481106898930382,2270,148.65904365904365,-4.044800020084607,3.6441867640563643,0.27312775330396477,0.5945188159281092,0.11637441381107723,0.3811235682934612,-0.9396635272282028,-1.5699113124891468,-1.2177373831818006
XTIUSD|orb|08:00|60|16:55|opp|narrow0.75,XTIUSD,A_orb,range,08:00,60.0,16:55,opp,narrow0.75,2008,-0.06401251663264272,0.554656334687393,-0.006221989744307522,0.09719958020108,-0.25616058455244495,-0.18069514568164857,619,77.68326693227091,-0.8009433678596771,6.927651139410115,0.23424878836833601,1840,-0.517270097875827,0.10075093101999458,-0.04815488981050241,0.09309428480063081,-0.3852107659541709,-1.397738779964081,543,74.36739130434783,-6.475269465003687,1.255853923578267,0.23756906077348067,3848,-0.27581697097118174,0.34269255440977037,-0.026273064620034824,0.09525543162744661,-0.4882617928542127,-1.077800165678754,1162,76.0977130977131,-3.4525432566283505,4.277232991220189,0.23580034423407917,0.554656334687393,0.10075093101999458,0.34269255440977037,-0.678177694797711,-1.1260279598130576,-0.8876638156167929
XTIUSD|orb|08:00|60|16:55|opp|trend,XTIUSD,A_orb,range,08:00,60.0,16:55,opp,trend,2008,-0.6543665931998947,0.2694513964847527,-0.10969769017585256,0.16763950255990887,-0.6336901267856412,-1.8471522931370419,1620,203.30677290836653,-5.395673179333529,2.2148206478269676,0.31234567901234567,1840,-0.5746253037169433,0.2807863373408305,-0.10234168982551413,0.17810160667050437,-0.6465457453968495,-1.552720859473721,1465,200.6413043478261,-5.100728893194268,2.485619229672628,0.3310580204778157,3848,-0.614829077765987,0.27495217009396666,-0.10618026797090904,0.17269883909316794,-0.8678052061653578,-2.4025457155409544,3085,202.03222453222452,-5.255610495640166,2.343417057034064,0.3212317666126418,0.2694513964847527,0.2807863373408305,0.27495217009396666,-1.5711231291345495,-1.4243104588333388,-1.4982368425247266
XTIUSD|orb|08:00|60|16:55|opp|trend+narrow1.0,XTIUSD,A_orb,range,08:00,60.0,16:55,opp,trend+narrow1.0,2008,-0.36205683969003516,0.4692117523742494,-0.042895734931168814,0.11847790244176248,-0.35508977307833334,-1.0220175183593196,1023,128.38446215139442,-3.341193646983933,4.315697848617243,0.2932551319648094,1840,-0.06721443636365791,0.6680401073717736,-0.008610408357780158,0.12810355667038978,-0.45775098795246594,-0.1816231494236987,898,122.98695652173913,-0.7001074423902993,6.944658704603023,0.29955456570155903,3848,-0.21517406424183314,0.5678422800744769,-0.026501503929340555,0.12316309599262688,-0.6317625503333525,-0.8408280363351892,1921,125.80353430353429,-2.10657864868873,5.544644672498154,0.2961998958875586,0.4692117523742494,0.6680401073717736,0.5678422800744769,-1.184725327790222,-0.7977952124645497,-0.9916815198214906
XTIUSD|orb|08:00|60|16:55|mid|none,XTIUSD,A_orb,range,08:00,60.0,16:55,mid,none,2008,-0.5924977547621514,0.6104442784560846,-0.09682762343981792,0.16342276854481552,-0.6890073800435496,-1.6725083428168395,2007,251.87450199203187,-3.844280491833234,3.9484449690536625,0.19880418535127056,1840,-1.3247352308395643,-0.05641461693411665,-0.20480285184585556,0.15459908295490843,-0.7944248568373098,-3.579626606936829,1839,251.86304347826086,-8.131516597969357,-0.3452196974799585,0.19738988580750408,3848,-0.9320568050305255,0.3006453846471636,-0.14845819003729954,0.15928019540873098,-0.9223241900800917,-3.6421652204601704,3846,251.86902286902284,-5.894261562864002,1.8953900231994427,0.1981279251170047,0.6104442784560846,-0.05641461693411665,0.3006453846471636,-1.7879896375665596,-2.585243513184657,-2.157148765264628
XTIUSD|orb|08:00|60|16:55|mid|narrow1.0,XTIUSD,A_orb,range,08:00,60.0,16:55,mid,narrow1.0,2008,-0.17558737357823442,0.8563507776889497,-0.020144483273138607,0.11472626341302987,-0.4034084165434423,-0.4956497216108165,1204,151.0996015936255,-1.3331923486678776,6.486575093192587,0.1760797342192691,1840,-1.1776334664703119,0.03520280366993824,-0.1110181500078456,0.09427224443663038,-0.5957790714398368,-3.1821363180058024,1066,145.99565217391304,-7.604209327795494,0.22599705119137403,0.1651031894934334,3848,-0.6030079130210733,0.5017303321208838,-0.06359758794877812,0.10546725271009105,-0.7281188624484363,-2.3563525705879007,2270,148.65904365904365,-4.2780840225665715,3.5465855809576565,0.17092511013215858,0.8563507776889497,0.03520280366993824,0.5017303321208838,-1.199255603831184,-2.3666520278079295,-1.6940747775357146
XTIUSD|orb|08:00|60|16:55|mid|narrow0.75,XTIUSD,A_orb,range,08:00,60.0,16:55,mid,narrow0.75,2008,-0.12557982133175852,0.6937789965771248,-0.009350275904211449,0.07445683394874214,-0.2725246285622832,-0.35448792367344695,619,77.68326693227091,-1.2036409221001987,6.6396547160258095,0.1518578352180937,1840,-0.6669682303463828,0.16329557962996996,-0.04698306701454067,0.07044273606576512,-0.36362099940432313,-1.8022448318343454,543,74.36739130434783,-6.3176973389133595,1.5386562522468614,0.13996316758747698,3848,-0.3768347760283769,0.4477334491056713,-0.0273451656243273,0.07256539832265406,-0.48967036069475567,-1.472543848940089,1162,76.0977130977131,-3.593428042865729,4.255969547495716,0.14629948364888123,0.6937789965771248,0.16329557962996996,0.4477334491056713,-0.9369098959330818,-1.4790533249218856,-1.1888596951572106
XTIUSD|orb|08:00|60|16:55|mid|trend,XTIUSD,A_orb,range,08:00,60.0,16:55,mid,trend,2008,-0.8885901188572741,0.30940573786144737,-0.11759795848651625,0.13234218566119899,-0.6371212332377155,-2.5083207070210727,1620,203.30677290836653,-5.784261724498448,2.0064790162422934,0.19506172839506172,1840,-0.45708794376934325,0.6567880386678024,-0.06395716062831446,0.13992309685723994,-0.5011662346920046,-1.2351178764905537,1465,200.6413043478261,-3.1876368047049843,4.5666294068991125,0.2204778156996587,3848,-0.6760294314478326,0.4802526624835492,-0.09194851252521395,0.13601258798494986,-0.8182660738126627,-2.641696160510431,3085,202.03222453222452,-4.551180522716463,3.222239250379162,0.20713128038897893,0.30940573786144737,0.6567880386678024,0.4802526624835492,-2.074774841702673,-1.5623668112389737,-1.8221398277540097
XTIUSD|orb|08:00|60|16:55|mid|trend+narrow1.0,XTIUSD,A_orb,range,08:00,60.0,16:55,mid,trend+narrow1.0,2008,-0.28884082249928594,0.7838537014217204,-0.027037792850984024,0.09360793469922649,-0.28065408362352373,-0.8153426430621019,1023,128.38446215139442,-2.1060019567710877,5.698494621919039,0.187683284457478,1840,-0.099690906641259,0.8788510777544799,-0.009773145569276222,0.0980344737403704,-0.3517344586057316,-0.26937927940253004,898,122.98695652173913,-0.7946489486101498,6.992656173884281,0.19710467706013363,3848,-0.19618251393959504,0.8302698440144157,-0.01878234820484516,0.09573915548165665,-0.48946071752496356,-0.7666154308157584,1921,125.80353430353429,-1.4929905037109517,6.3034696732801985,0.19208745445080688,0.7838537014217204,0.8788510777544799,0.8302698440144157,-1.3493819504537283,-1.0704192494474243,-1.212700318841527
XTIUSD|orb|08:00|60|16:55|opp_rev|none,XTIUSD,A_orb,range,08:00,60.0,16:55,opp_rev,none,2008,-0.5243075598723469,0.6942289515506219,-0.1354360209218516,0.25831407228769737,-0.7832487526762724,-1.480020406896665,3263,409.5,-3.307350938262554,4.310178942215536,0.3086117070180815,1840,-1.1520805127819798,0.06657132313673207,-0.28838529355351533,0.25031696166541223,-0.9035070792488971,-3.1130885333774674,2936,402.10434782608695,-7.171901898415783,0.4081389735188234,0.32731607629427795,3848,-0.8194263827703072,0.398849410078796,-0.20857184775196108,0.25453396685474516,-0.9752319643650338,-3.202043326056454,6199,405.9636174636174,-5.137698029569198,2.4620761275529213,0.31747055976770444,0.6942289515506219,0.06657132313673207,0.398849410078796,-1.7043379157894478,-2.3332602245088108,-1.9997442750778374
XTIUSD|orb|08:00|60|16:55|opp_rev|narrow1.0,XTIUSD,A_orb,range,08:00,60.0,16:55,opp_rev,narrow1.0,2008,-0.122893405322636,0.9417469762302603,-0.022926647174471015,0.18655718030012233,-0.3649529391998567,-0.3469046828064199,2035,255.38844621513942,-0.8977166944802816,6.772553575789992,0.28452088452088453,1840,-0.5720581886109329,0.5376927986048888,-0.09721071071119432,0.16993150809927327,-0.6211291545528714,-1.5457841423678276,1785,244.46739130434784,-3.9764285204881413,3.6739916475790872,0.29187675070028013,3848,-0.3268990506320614,0.7572456520877133,-0.05844709335627218,0.17879248423409105,-0.7198449665250851,-1.2774117911993024,3820,250.16632016632016,-2.336329419460394,5.3246653449375145,0.2879581151832461,0.9417469762302603,0.5376927986048888,0.7572456520877133,-1.1512283713679208,-1.6383274380049253,-1.3717541267784013
XTIUSD|orb|08:00|60|16:55|opp_rev|narrow0.75,XTIUSD,A_orb,range,08:00,60.0,16:55,opp_rev,narrow0.75,2008,0.1450460236552716,1.0115735522342078,0.017576603731506477,0.12117949385003818,-0.2768279099094604,0.4094373062278261,1069,134.15737051792829,1.3101481986155656,9.01173846989714,0.2628624883068288,1840,-0.5804421283194828,0.24638666067587536,-0.06993212269562679,0.12048078401562069,-0.502914643856836,-1.5684387626670548,939,128.6021739130435,-5.437864739589285,2.2660756224980436,0.25559105431309903,3848,-0.20078743379609865,0.6475549722939067,-0.02426748582824541,0.12086157669054753,-0.6129568224286273,-0.7846099123257287,2008,131.5010395010395,-1.8454215966903882,5.857267646337501,0.2594621513944223,1.0115735522342078,0.24638666067587536,0.6475549722939067,-0.6932487256716919,-1.368578472824239,-1.0158068869437176
XTIUSD|orb|08:00|60|16:55|opp_rev|trend,XTIUSD,A_orb,range,08:00,60.0,16:55,opp_rev,trend,2008,-0.6543665931998947,0.2694513964847527,-0.10969769017585256,0.16763950255990887,-0.6336901267856412,-1.8471522931370419,1620,203.30677290836653,-5.395673179333529,2.2148206478269676,0.31234567901234567,1840,-0.5746253037169433,0.2807863373408305,-0.10234168982551413,0.17810160667050437,-0.6465457453968495,-1.552720859473721,1465,200.6413043478261,-5.100728893194268,2.485619229672628,0.3310580204778157,3848,-0.614829077765987,0.27495217009396666,-0.10618026797090904,0.17269883909316794,-0.8678052061653578,-2.4025457155409544,3085,202.03222453222452,-5.255610495640166,2.343417057034064,0.3212317666126418,0.2694513964847527,0.2807863373408305,0.27495217009396666,-1.5711231291345495,-1.4243104588333388,-1.4982368425247266
XTIUSD|orb|08:00|60|16:55|opp_rev|trend+narrow1.0,XTIUSD,A_orb,range,08:00,60.0,16:55,opp_rev,trend+narrow1.0,2008,-0.36205683969003516,0.4692117523742494,-0.042895734931168814,0.11847790244176248,-0.35508977307833334,-1.0220175183593196,1023,128.38446215139442,-3.341193646983933,4.315697848617243,0.2932551319648094,1840,-0.06721443636365791,0.6680401073717736,-0.008610408357780158,0.12810355667038978,-0.45775098795246594,-0.1816231494236987,898,122.98695652173913,-0.7001074423902993,6.944658704603023,0.29955456570155903,3848,-0.21517406424183314,0.5678422800744769,-0.026501503929340555,0.12316309599262688,-0.6317625503333525,-0.8408280363351892,1921,125.80353430353429,-2.10657864868873,5.544644672498154,0.2961998958875586,0.4692117523742494,0.6680401073717736,0.5678422800744769,-1.184725327790222,-0.7977952124645497,-0.9916815198214906
XTIUSD|orb|08:00|60|16:55|mid_rev|none,XTIUSD,A_orb,range,08:00,60.0,16:55,mid_rev,none,2008,-1.0015216671738447,0.6051876815444881,-0.20005068240755547,0.19974673435879903,-0.8520755755548923,-2.8271049643597523,3263,409.5,-4.885242549635055,2.906666736298136,0.19338032485442844,1840,-1.323772661894323,0.3123462908665606,-0.2532729988265079,0.19132665760303086,-0.8629178435124029,-3.577025606127623,2936,402.10434782608695,-6.298688392597294,1.4652761850593825,0.21083106267029972,3848,-1.151994355482825,0.46814443745917045,-0.2255000228989464,0.1957475067700611,-0.9768575169076811,-4.501607362405943,6199,405.9636174636174,-5.554685523491667,2.223988456182475,0.20164542668172286,0.6051876815444881,0.3123462908665606,0.46814443745917045,-2.5576206268049893,-2.911797237499368,-2.722693281978372
XTIUSD|orb|08:00|60|16:55|mid_rev|narrow1.0,XTIUSD,A_orb,range,08:00,60.0,16:55,mid_rev,narrow1.0,2008,-0.345207238789808,1.0660851776964209,-0.04940705805240798,0.14312289112364548,-0.43498659888163393,-0.9744543033897087,2035,255.38844621513942,-1.9345846996847864,5.880648715548629,0.17788697788697788,1840,-0.9853028443479779,0.528324995211727,-0.1250006634789275,0.1268652213844429,-0.6434031540303957,-2.6624310997475895,1785,244.46739130434784,-5.113183513432631,2.6946596238222704,0.18095238095238095,3848,-0.6309464384739858,0.8236841968287298,-0.08555368850583728,0.13559580225662007,-0.773503277417473,-2.465526952628067,3820,250.16632016632016,-3.4198723652711487,4.391907739440894,0.1793193717277487,1.0660851776964209,0.528324995211727,0.8236841968287298,-1.7029268131854267,-2.4300144120234077,-2.0258919969236078
XTIUSD|orb|08:00|60|16:55|mid_rev|narrow0.75,XTIUSD,A_orb,range,08:00,60.0,16:55,mid_rev,narrow0.75,2008,-0.08202118130565432,1.0550139546253663,-0.007672126633705183,0.093538358160373,-0.1957906593063513,-0.23153017698179898,1069,134.15737051792829,-0.5718751496161671,7.257872277886172,0.16557530402245088,1840,-0.840829007968105,0.29461827810153446,-0.07503639697199159,0.08924097082868238,-0.4643568627322331,-2.272041853147819,939,128.6021739130435,-5.834768938099654,2.0033567275020485,0.1554845580404686,3848,-0.43578600999272726,0.7012492384068546,-0.039883731992968956,0.09152136846622168,-0.5399573055087521,-1.7029054887986548,2008,131.5010395010395,-3.032959446123136,4.800705892522282,0.16085657370517928,1.0550139546253663,0.29461827810153446,0.7012492384068546,-1.1751535431835576,-1.9078540795641077,-1.5177837071669391
XTIUSD|orb|08:00|60|16:55|mid_rev|trend,XTIUSD,A_orb,range,08:00,60.0,16:55,mid_rev,trend,2008,-0.8885901188572741,0.30940573786144737,-0.11759795848651625,0.13234218566119899,-0.6371212332377155,-2.5083207070210727,1620,203.30677290836653,-5.784261724498448,2.0064790162422934,0.19506172839506172,1840,-0.45708794376934325,0.6567880386678024,-0.06395716062831446,0.13992309685723994,-0.5011662346920046,-1.2351178764905537,1465,200.6413043478261,-3.1876368047049843,4.5666294068991125,0.2204778156996587,3848,-0.6760294314478326,0.4802526624835492,-0.09194851252521395,0.13601258798494986,-0.8182660738126627,-2.641696160510431,3085,202.03222453222452,-4.551180522716463,3.222239250379162,0.20713128038897893,0.30940573786144737,0.6567880386678024,0.4802526624835492,-2.074774841702673,-1.5623668112389737,-1.8221398277540097
XTIUSD|orb|08:00|60|16:55|mid_rev|trend+narrow1.0,XTIUSD,A_orb,range,08:00,60.0,16:55,mid_rev,trend+narrow1.0,2008,-0.28884082249928594,0.7838537014217204,-0.027037792850984024,0.09360793469922649,-0.28065408362352373,-0.8153426430621019,1023,128.38446215139442,-2.1060019567710877,5.698494621919039,0.187683284457478,1840,-0.099690906641259,0.8788510777544799,-0.009773145569276222,0.0980344737403704,-0.3517344586057316,-0.26937927940253004,898,122.98695652173913,-0.7946489486101498,6.992656173884281,0.19710467706013363,3848,-0.19618251393959504,0.8302698440144157,-0.01878234820484516,0.09573915548165665,-0.48946071752496356,-0.7666154308157584,1921,125.80353430353429,-1.4929905037109517,6.3034696732801985,0.19208745445080688,0.7838537014217204,0.8788510777544799,0.8302698440144157,-1.3493819504537283,-1.0704192494474243,-1.212700318841527
XTIUSD|orb|09:00|15|14:30|none|none,XTIUSD,A_orb,range,09:00,15.0,14:30,none,none,2008,-0.5572813413730223,0.07248232917814404,-0.15594186718443054,0.27982610506969974,-0.8293905295472741,-1.5730991134585788,2006,251.74900398406373,-6.194338993067157,0.8056610069328431,0.47357926221335994,1840,-0.2681888631958922,0.3551045119860331,-0.0758183736572029,0.2827051532032603,-0.6675438288192654,-0.7246851808808142,1838,251.72608695652175,-3.011939468566017,3.988060531433983,0.49891186071817195,3848,-0.41833944021487285,0.20836198817424706,-0.11762917797182687,0.2811811812709045,-0.9360678137524465,-1.6347301487139356,3844,251.7380457380457,-4.6726817802593805,2.3273182197406204,0.4856919875130073,0.07248232917814404,0.3551045119860331,0.20836198817424706,-1.1870423873165992,-0.8914808879664984,-1.0450388326914855
XTIUSD|orb|09:00|15|14:30|none|narrow1.0,XTIUSD,A_orb,range,09:00,15.0,14:30,none,narrow1.0,2008,-0.6676070032996451,-0.19983182713338896,-0.14565180805319222,0.2181699822400136,-0.7495749308841404,-1.884527449711329,1162,145.82868525896413,-9.987870890733344,-2.987870890733345,0.46471600688468157,1840,0.042017231304335816,0.5851160600984768,0.007768754545259281,0.18489448981036535,-0.3550709224182498,0.11353664915478862,1048,143.5304347826087,0.5412618276413506,7.541261827641348,0.5133587786259542,3848,-0.3561607294403669,0.14299875109844865,-0.0722906242743069,0.20297191211365917,-0.7947054914114883,-1.3917566125370922,2210,144.7297297297297,-4.994870398038014,2.005129601961985,0.48778280542986424,-0.19983182713338896,0.5851160600984768,0.14299875109844865,-1.134117408386398,-0.5011931556220849,-0.8545380754680486
XTIUSD|orb|09:00|15|14:30|none|narrow0.75,XTIUSD,A_orb,range,09:00,15.0,14:30,none,narrow0.75,2008,-0.1870900714498331,0.17116147941769586,-0.030416961770730742,0.16257924076364919,-0.40016772361545305,-0.5281196474468616,663,83.20517928286853,-3.655657259907311,3.3443427400926886,0.46907993966817496,1840,0.08868018511975223,0.4959636362126802,0.010880507495205388,0.12269378419217929,-0.2183181336829053,0.23962671390687365,522,71.49130434782609,1.5219343939045407,8.521934393904537,0.5172413793103449,3848,-0.07364983383795497,0.3012086436285392,-0.010669731144607437,0.1448710823717957,-0.43065688675300473,-0.28779883570345793,1185,77.6039501039501,-1.3748953668357575,5.625104633164238,0.490295358649789,0.17116147941769586,0.4959636362126802,0.3012086436285392,-0.5447623533855838,-0.31904600424443186,-0.44823164442844204
XTIUSD|orb|09:00|15|14:30|none|trend,XTIUSD,A_orb,range,09:00,15.0,14:30,none,trend,2008,-0.6879706556424858,-0.08135638699927428,-0.1667772666494274,0.24241915738931707,-0.8041891003591523,-1.9420101627847228,1674,210.0836653386454,-7.938611808804364,-0.9386118088043641,0.4838709677419355,1840,-0.19230658138648624,0.36991658932211297,-0.04859601799169376,0.2527007533560612,-0.6994423123415574,-0.5196402567053776,1482,202.9695652173913,-2.3942514701474993,4.605748529852502,0.47908232118758437,3848,-0.4457291148821843,0.13910952154877776,-0.11026648246797473,0.2473845185031732,-0.9397773916878209,-1.7417598060637725,3156,206.68191268191268,-5.3350813836175845,1.6649186163824143,0.4816223067173637,-0.08135638699927428,0.36991658932211297,0.13910952154877776,-1.2939837175918687,-0.7543549081200458,-1.030169925392658
XTIUSD|orb|09:00|15|14:30|none|trend+narrow1.0,XTIUSD,A_orb,range,09:00,15.0,14:30,none,trend+narrow1.0,2008,-1.1421966776869599,-0.6885732212387612,-0.2228569533182135,0.1951125910902812,-0.8629422688888552,-3.224203732782058,1010,126.75298804780876,-17.58198814485985,-10.581988144859848,0.4643564356435644,1840,-0.1385176399264884,0.3600233853937879,-0.02362297886790532,0.1705413034790521,-0.4869680415663561,-0.3742947404642576,887,121.4804347826087,-1.9445912348090526,5.055408765190947,0.4859075535512965,3848,-0.6939586142062352,-0.22116544934363327,-0.1275891484875048,0.18385699935931196,-0.9274501752574168,-2.711757390170988,1897,124.23180873180873,-10.270247997672154,-3.2702479976721537,0.47443331576172904,-0.6885732212387612,0.3600233853937879,-0.22116544934363327,-1.5930572314971394,-0.6366185464737466,-1.1648563368434235
XTIUSD|orb|09:00|15|14:30|opp|none,XTIUSD,A_orb,range,09:00,15.0,14:30,opp,none,2008,-0.4206074153938267,0.6314240846073931,-0.07761037965773786,0.18451976074903256,-0.6038786582880011,-1.1872946448197081,2006,251.74900398406373,-3.0828475358198744,4.615058745336658,0.25872382851445663,1840,-0.8898131816729208,0.1494498699364547,-0.16482960604001357,0.18524068808479616,-0.7649824298725091,-2.4044041904893323,1838,251.72608695652175,-6.547974746394998,1.0967477780881378,0.30087051142546245,3848,-0.6454358809538412,0.40048863013522634,-0.11931603884260981,0.18486118042629057,-0.8981843157625529,-2.5221468315658737,3844,251.7380457380457,-4.739690359190602,2.9327862276980574,0.27887617065556713,0.6314240846073931,0.1494498699364547,0.40048863013522634,-1.4667400788044822,-1.9233447041005665,-1.6855506451884352
XTIUSD|orb|09:00|15|14:30|opp|narrow1.0,XTIUSD,A_orb,range,09:00,15.0,14:30,opp,narrow1.0,2008,-0.28607651061961403,0.5817599155922286,-0.03735708827694863,0.13058425592523062,-0.4171517699272399,-0.8075395169848478,1162,145.82868525896413,-2.561710558564629,5.196465000815753,0.21772805507745266,1840,-0.5273022996117295,0.4461713833819232,-0.060028877454878345,0.11384148618179675,-0.41165345574396484,-1.424847243167883,1048,143.5304347826087,-4.18231001291107,3.5257052542645053,0.26145038167938933,3848,-0.39233384823851336,0.5204121238924403,-0.04819806854913955,0.12284963116370799,-0.6381206526499565,-1.5331090220588146,2210,144.7297297297297,-3.33021201926828,4.404177121003215,0.23846153846153847,0.5817599155922286,0.4461713833819232,0.5204121238924403,-1.147113577863417,-1.4893910055605426,-1.2964883986452873
XTIUSD|orb|09:00|15|14:30|opp|narrow0.75,XTIUSD,A_orb,range,09:00,15.0,14:30,opp,narrow0.75,2008,0.007824132360340632,0.675125822378327,0.0007612569120065198,0.09729601659926133,-0.30457459437448,0.022086035841985676,663,83.20517928286853,0.09149152956194366,7.887871620059681,0.18552036199095023,1840,-0.5063196329301243,0.24293771798533503,-0.037474498522941546,0.07401352048324245,-0.38113825106284205,-1.3681490364701119,522,71.49130434782609,-5.241826102460959,2.5033846255083905,0.23180076628352492,3848,-0.20153688048351162,0.4933966079800351,-0.017521952547532048,0.0869416679740936,-0.4893545987281638,-0.7875384984856627,1185,77.6039501039501,-2.2578686425190324,5.515971019928227,0.2059071729957806,0.675125822378327,0.24293771798533503,0.4933966079800351,-0.6559939248083001,-1.241749934317503,-0.889731772845746
XTIUSD|orb|09:00|15|14:30|opp|trend,XTIUSD,A_orb,range,09:00,15.0,14:30,opp,trend,2008,-0.4858601930873313,0.5583144432867063,-0.07530674083439058,0.15499672931808703,-0.5094112331415762,-1.371490811315174,1674,210.0836653386454,-3.5846071474904777,4.106551753345844,0.2628434886499403,1840,-0.3039476030586672,0.5555675387808976,-0.05496334808145038,0.18083165495745493,-0.599478163562282,-0.8213104790260133,1482,202.9695652173913,-2.7079600836993314,4.93846366798758,0.2989203778677463,3848,-0.39075624198974207,0.5553004954196403,-0.06557913099410732,0.1678261891868355,-0.7992219816112187,-1.5269442662415258,3156,206.68191268191268,-3.172949685976384,4.49720240527837,0.27978453738910014,0.5583144432867063,0.5555675387808976,0.5553004954196403,-1.5223439799545098,-1.1587381956660154,-1.330813306367903
XTIUSD|orb|09:00|15|14:30|opp|trend+narrow1.0,XTIUSD,A_orb,range,09:00,15.0,14:30,opp,trend+narrow1.0,2008,-0.43058767483816757,0.4666285835381306,-0.047196373253772676,0.10960920623543395,-0.3987257616637422,-1.2154670168666493,1010,126.75298804780876,-3.723491965015539,4.022052589439907,0.22574257425742575,1840,-0.3332901490655664,0.46902739229360185,-0.03901049993824788,0.117046663538122,-0.37631955558431596,-0.9005982913800316,887,121.4804347826087,-3.211257846422581,4.506893224603351,0.2547914317925592,3848,-0.3823103191169549,0.4676200313720578,-0.043282130296245225,0.11321203779227451,-0.6130056064233603,-1.4939404338828886,1897,124.23180873180873,-3.4839813360266336,4.2487545627609276,0.2393252503953611,0.4666285835381306,0.46902739229360185,0.4676200313720578,-1.317869381587172,-1.1282093809499685,-1.2236265020746147
XTIUSD|orb|09:00|15|14:30|mid|none,XTIUSD,A_orb,range,09:00,15.0,14:30,mid,none,2008,-0.8707857205693029,0.5077027130550572,-0.12474718806540336,0.14325819213462304,-0.6833870485820177,-2.458062280831054,2006,251.74900398406373,-4.955220719494889,2.8802727999467863,0.15653040877367896,1840,-1.722368878373528,-0.17853510122902358,-0.21918431712581762,0.12725747653591976,-0.8196213707140133,-4.654090357420641,1838,251.72608695652175,-8.707254769493765,-0.8993113527364199,0.18117519042437433,3848,-1.2506062111731728,0.1994899206436394,-0.16990423522526882,0.1358575015119144,-0.9418312408760596,-4.8869494029145795,3844,251.7380457380457,-6.749247406252937,1.0730730932267727,0.16831425598335067,0.5077027130550572,-0.17853510122902358,0.1994899206436394,-2.240851469334951,-3.255041184872913,-2.6911757634836104
XTIUSD|orb|09:00|15|14:30|mid|narrow1.0,XTIUSD,A_orb,range,09:00,15.0,14:30,mid,narrow1.0,2008,-0.5832365192503266,0.5195910852263459,-0.06079893773140208,0.10424405146912111,-0.41830473238464794,-1.6463656384203702,1162,145.82868525896413,-4.16920289882849,3.7034304918771896,0.12478485370051635,1840,-1.1543759152617603,0.2349172736144519,-0.09360546429881936,0.08108750629780237,-0.5148476907770465,-3.1192910435840115,1048,143.5304347826087,-6.521645701177891,1.3190031537839397,0.15553435114503816,3848,-0.8147188508758467,0.39823542651556254,-0.0764860502272565,0.09388030011215741,-0.712486273349364,-3.183647871136033,2210,144.7297297297297,-5.284750435870197,2.572715627478219,0.13936651583710408,0.5195910852263459,0.2349172736144519,0.39823542651556254,-1.6738285215931483,-2.512404430228524,-2.009282123967327
XTIUSD|orb|09:00|15|14:30|mid|narrow0.75,XTIUSD,A_orb,range,09:00,15.0,14:30,mid,narrow0.75,2008,-0.1919250824887895,0.630212533382565,-0.015329506964582792,0.07987234792762535,-0.20556327998688173,-0.5417679629641285,663,83.20517928286853,-1.8423741282339905,6.042995404194364,0.11312217194570136,1840,-0.6878163175036126,0.31994947873951424,-0.038386666037389945,0.055809472762600364,-0.27875682034338467,-1.8585793851506798,522,71.49130434782609,-5.369417495955536,2.4830729255004016,0.14367816091954022,3848,-0.37969771000702957,0.5015711158981055,-0.026354759743679766,0.06940984643597627,-0.39172892899510325,-1.4837312342037814,1185,77.6039501039501,-3.396059054774621,4.474827021174745,0.12658227848101267,0.630212533382565,0.31994947873951424,0.5015711158981055,-1.0067883321237847,-1.667242503169702,-1.2479824441107479
XTIUSD|orb|09:00|15|14:30|mid|trend,XTIUSD,A_orb,range,09:00,15.0,14:30,mid,trend,2008,-0.8266482313490323,0.5428146147202878,-0.09940338189749685,0.12024870812978994,-0.5795409381547254,-2.3334705530842963,1674,210.0836653386454,-4.731609272775353,3.095750344906846,0.16188769414575865,1840,-0.8509612836149769,0.4703224796641695,-0.1020148512547068,0.1198818950038908,-0.5721571477980404,-2.2994207305642327,1482,202.9695652173913,-5.026115671354147,2.7674065958523304,0.19163292847503374,3848,-0.8383632508737238,0.5082732671561182,-0.10065210944876148,0.12005787389161449,-0.8161871991352506,-3.276042251892789,3156,206.68191268191268,-4.869904102526232,2.9415661129363797,0.1758555133079848,0.5428146147202878,0.4703224796641695,0.5082732671561182,-2.183014980207717,-2.1586958628629764,-2.1716819512198247
XTIUSD|orb|09:00|15|14:30|mid|trend+narrow1.0,XTIUSD,A_orb,range,09:00,15.0,14:30,mid,trend+narrow1.0,2008,-0.7484546092826626,0.42593474543895016,-0.06361089643553505,0.08498965153879044,-0.4342361779733692,-2.1127448470205334,1010,126.75298804780876,-5.018492850956875,2.8438833866668864,0.13366336633663367,1840,-0.6050799438528569,0.5860694423361327,-0.0484137323672331,0.08001212543743862,-0.32072005189813646,-1.6350137113563665,887,121.4804347826087,-3.985311087655414,3.8444521592442467,0.16459977452085683,3848,-0.6818206871129399,0.49994114785687394,-0.0563440612261599,0.08263765281857283,-0.6037811314104402,-2.6643264442575214,1897,124.23180873180873,-4.5353973190389,3.311729723660096,0.1481286241433843,0.42593474543895016,0.5860694423361327,0.49994114785687394,-1.9028040925872163,-1.7760043080504035,-1.8434293057248772
XTIUSD|orb|09:00|15|14:30|opp_rev|none,XTIUSD,A_orb,range,09:00,15.0,14:30,opp_rev,none,2008,-0.6003364739878251,0.7830786122258478,-0.14092048905038293,0.2347358442413093,-0.779530793961885,-1.6946355546021412,3330,417.9083665338645,-3.372042781033045,4.33186112287086,0.25225225225225223,1840,-0.894840036810341,0.4461481509432375,-0.20769311533216864,0.2321008300796321,-0.828495548612531,-2.4179874816861116,2960,405.3913043478261,-5.123275045731316,2.515914143457874,0.3027027027027027,3848,-0.7403844078776581,0.6229435270050293,-0.1728491876882431,0.2334587085426641,-0.9573322402467004,-2.8931738125710993,6290,411.9230769230769,-4.196152082067527,3.4772978384412196,0.27599364069952304,0.7830786122258478,0.4461481509432375,0.6229435270050293,-1.941438376155575,-2.194785568832054,-2.062046130336838
XTIUSD|orb|09:00|15|14:30|opp_rev|narrow1.0,XTIUSD,A_orb,range,09:00,15.0,14:30,opp_rev,narrow1.0,2008,-0.14731873069262796,0.9920460484701296,-0.025489112611824665,0.1730201753163773,-0.5143732682059683,-0.4158527254428457,2002,251.24701195219123,-1.0145041094727494,6.743238148269511,0.21978021978021978,1840,-0.8775487087302138,0.36952706993238243,-0.13247383011237313,0.1509589482549165,-0.6587761726054151,-2.3712638069291043,1772,242.68695652173915,-5.458629998539148,2.252430949542117,0.2567720090293454,3848,-0.47063014342584786,0.7146716694206651,-0.07664604613599545,0.16285834472494165,-0.8133754638693383,-1.8390646694861763,3774,247.15384615384613,-3.1011472137190816,4.634676845634391,0.23714891361950186,0.9920460484701296,0.36952706993238243,0.7146716694206651,-1.2524002013558888,-2.0651908015931024,-1.6117332077338131
XTIUSD|orb|09:00|15|14:30|opp_rev|narrow0.75,XTIUSD,A_orb,range,09:00,15.0,14:30,opp_rev,narrow0.75,2008,-0.13420572855000096,0.7578910988743005,-0.017414749754230702,0.1297615976783174,-0.46393016817089383,-0.3788372172714724,1171,146.9581673306773,-1.185014080574709,6.614302742653301,0.18531169940222034,1840,-1.1761839394313074,-0.16698107968511397,-0.1114820623262952,0.09478284695861222,-0.6172771575135676,-3.178219485845306,904,123.80869565217391,-9.004380648633198,-1.2411063123500112,0.21460176991150443,3848,-0.5454005462604379,0.38577566958593085,-0.06239496158702662,0.11440208854728941,-0.7487295977301909,-2.131242312795182,2075,135.8887733887734,-4.5916200456469385,3.1919944121843877,0.1980722891566265,0.7578910988743005,-0.16698107968511397,0.38577566958593085,-0.9991725574446425,-2.107151489326807,-1.433844075029421
XTIUSD|orb|09:00|15|14:30|opp_rev|trend,XTIUSD,A_orb,range,09:00,15.0,14:30,opp_rev,trend,2008,-0.4858601930873313,0.5583144432867063,-0.07530674083439058,0.15499672931808703,-0.5094112331415762,-1.371490811315174,1674,210.0836653386454,-3.5846071474904777,4.106551753345844,0.2628434886499403,1840,-0.3039476030586672,0.5555675387808976,-0.05496334808145038,0.18083165495745493,-0.599478163562282,-0.8213104790260133,1482,202.9695652173913,-2.7079600836993314,4.93846366798758,0.2989203778677463,3848,-0.39075624198974207,0.5553004954196403,-0.06557913099410732,0.1678261891868355,-0.7992219816112187,-1.5269442662415258,3156,206.68191268191268,-3.172949685976384,4.49720240527837,0.27978453738910014,0.5583144432867063,0.5555675387808976,0.5553004954196403,-1.5223439799545098,-1.1587381956660154,-1.330813306367903
XTIUSD|orb|09:00|15|14:30|opp_rev|trend+narrow1.0,XTIUSD,A_orb,range,09:00,15.0,14:30,opp_rev,trend+narrow1.0,2008,-0.43058767483816757,0.4666285835381306,-0.047196373253772676,0.10960920623543395,-0.3987257616637422,-1.2154670168666493,1010,126.75298804780876,-3.723491965015539,4.022052589439907,0.22574257425742575,1840,-0.3332901490655664,0.46902739229360185,-0.03901049993824788,0.117046663538122,-0.37631955558431596,-0.9005982913800316,887,121.4804347826087,-3.211257846422581,4.506893224603351,0.2547914317925592,3848,-0.3823103191169549,0.4676200313720578,-0.043282130296245225,0.11321203779227451,-0.6130056064233603,-1.4939404338828886,1897,124.23180873180873,-3.4839813360266336,4.2487545627609276,0.2393252503953611,0.4666285835381306,0.46902739229360185,0.4676200313720578,-1.317869381587172,-1.1282093809499685,-1.2236265020746147
XTIUSD|orb|09:00|15|14:30|mid_rev|none,XTIUSD,A_orb,range,09:00,15.0,14:30,mid_rev,none,2008,-1.227188291590583,0.6347853807442841,-0.21696883153512608,0.17680158213855554,-0.8590164473702594,-3.464118875380937,3330,417.9083665338645,-5.191780038640225,2.645457198597011,0.15315315315315314,1840,-1.6301385187305406,0.3137812979470354,-0.26578412377835625,0.16304388904651726,-0.8769937168027857,-4.404870557373386,2960,405.3913043478261,-6.556236429539033,1.2420743812717776,0.1875,3848,-1.41071655015421,0.4874599487740083,-0.24031086316910308,0.170346667544826,-0.9814841242331982,-5.512606878859647,6290,411.9230769230769,-5.833877163769076,1.985041755149842,0.16931637519872814,0.6347853807442841,0.3137812979470354,0.4874599487740083,-3.031284365720768,-3.5091289898759075,-3.2480400159244387
XTIUSD|orb|09:00|15|14:30|mid_rev|narrow1.0,XTIUSD,A_orb,range,09:00,15.0,14:30,mid_rev,narrow1.0,2008,-0.7713473205306592,0.7615271600493635,-0.10021006947114441,0.1299156253011983,-0.6067283692477379,-2.177366611819189,2002,251.24701195219123,-3.9885079107015575,3.88062295842931,0.12837162837162838,1840,-1.2710280992890832,0.519715869589668,-0.1357898079279454,0.10683462309283007,-0.648784920081883,-3.4345021529291264,1772,242.68695652173915,-5.595266011578244,2.238255433117016,0.15857787810383747,3848,-0.9815494206415849,0.6547850987140873,-0.11722325002221347,0.11942674261433632,-0.8509269470404226,-3.8355657538560948,3774,247.15384615384613,-4.742926393678105,3.1094848410860707,0.14255431902490726,0.7615271600493635,0.519715869589668,0.6547850987140873,-2.243679120733564,-2.954992528051108,-2.5406022647853694
XTIUSD|orb|09:00|15|14:30|mid_rev|narrow0.75,XTIUSD,A_orb,range,09:00,15.0,14:30,mid_rev,narrow0.75,2008,-0.4173431171037686,0.7749665001683641,-0.040881881779442714,0.09795748415153042,-0.38132557950462853,-1.1780801523095101,1171,146.9581673306773,-2.781872047128385,5.101133930668369,0.11528608027327071,1840,-1.0391304065941622,0.3189094421846253,-0.07487791241728692,0.07205824402993423,-0.43698536811456323,-2.80788097495086,904,123.80869565217391,-6.047871841542346,1.808322848723139,0.13606194690265486,3848,-0.660237042872882,0.5855426491376367,-0.0571377800054389,0.0865413121275594,-0.6071979818210982,-2.5799848054672228,2075,135.8887733887734,-4.204746174429697,3.6665791267751215,0.12433734939759036,0.7749665001683641,0.3189094421846253,0.5855426491376367,-1.5617369107710646,-2.286939720007518,-1.838953475021662
XTIUSD|orb|09:00|15|14:30|mid_rev|trend,XTIUSD,A_orb,range,09:00,15.0,14:30,mid_rev,trend,2008,-0.8266482313490323,0.5428146147202878,-0.09940338189749685,0.12024870812978994,-0.5795409381547254,-2.3334705530842963,1674,210.0836653386454,-4.731609272775353,3.095750344906846,0.16188769414575865,1840,-0.8509612836149769,0.4703224796641695,-0.1020148512547068,0.1198818950038908,-0.5721571477980404,-2.2994207305642327,1482,202.9695652173913,-5.026115671354147,2.7674065958523304,0.19163292847503374,3848,-0.8383632508737238,0.5082732671561182,-0.10065210944876148,0.12005787389161449,-0.8161871991352506,-3.276042251892789,3156,206.68191268191268,-4.869904102526232,2.9415661129363797,0.1758555133079848,0.5428146147202878,0.4703224796641695,0.5082732671561182,-2.183014980207717,-2.1586958628629764,-2.1716819512198247
XTIUSD|orb|09:00|15|14:30|mid_rev|trend+narrow1.0,XTIUSD,A_orb,range,09:00,15.0,14:30,mid_rev,trend+narrow1.0,2008,-0.7484546092826626,0.42593474543895016,-0.06361089643553505,0.08498965153879044,-0.4342361779733692,-2.1127448470205334,1010,126.75298804780876,-5.018492850956875,2.8438833866668864,0.13366336633663367,1840,-0.6050799438528569,0.5860694423361327,-0.0484137323672331,0.08001212543743862,-0.32072005189813646,-1.6350137113563665,887,121.4804347826087,-3.985311087655414,3.8444521592442467,0.16459977452085683,3848,-0.6818206871129399,0.49994114785687394,-0.0563440612261599,0.08263765281857283,-0.6037811314104402,-2.6643264442575214,1897,124.23180873180873,-4.5353973190389,3.311729723660096,0.1481286241433843,0.42593474543895016,0.5860694423361327,0.49994114785687394,-1.9028040925872163,-1.7760043080504035,-1.8434293057248772
XTIUSD|orb|09:00|15|16:55|none|none,XTIUSD,A_orb,range,09:00,15.0,16:55,none,none,2008,-0.485823495420404,0.13381122913530882,-0.13830610389630263,0.2846838516457925,-0.8034286161015315,-1.3713872207891264,2008,252.0,-5.488337456202486,1.511662543797516,0.475597609561753,1840,-0.31841602407054553,0.31517684586006506,-0.088554553911496,0.2781096025866984,-0.6872303795935176,-0.8604062497194975,1838,251.72608695652175,-3.517893396833009,3.48210660316699,0.49020674646354734,3848,-0.406768411241322,0.21948833670614473,-0.11451638145034522,0.28152722356408966,-0.9376089982127054,-1.589514450416423,3846,251.86902286902284,-4.546663982172039,2.4533360178279615,0.4825793031721269,0.13381122913530882,0.31517684586006506,0.21948833670614473,-1.1054582199761158,-0.9520072372562626,-1.0330241713052732
XTIUSD|orb|09:00|15|16:55|none|narrow1.0,XTIUSD,A_orb,range,09:00,15.0,16:55,none,narrow1.0,2008,-0.6427607251095218,-0.18452539604313456,-0.1431548018094665,0.22271865130694468,-0.7475632019107448,-1.8143911374182788,1162,145.82868525896413,-9.816642147959483,-2.8166421479594863,0.463855421686747,1840,-0.10671576804652956,0.42244363253999206,-0.020258029018840645,0.1898316377201902,-0.3866841669006098,-0.28836147313524546,1048,143.5304347826087,-1.4114099946484178,5.5885900053515805,0.49427480916030536,3848,-0.40639461942844635,0.08150875891116334,-0.08438919319856435,0.2076533230613372,-0.823824632200316,-1.5880537974463458,2210,144.7297297297297,-5.83081260195496,1.1691873980450378,0.47828054298642536,-0.18452539604313456,0.42244363253999206,0.08150875891116334,-1.0998274380396893,-0.6356063710826206,-0.8934453958073673
XTIUSD|orb|09:00|15|16:55|none|narrow0.75,XTIUSD,A_orb,range,09:00,15.0,16:55,none,narrow0.75,2008,-0.23292028442901777,0.12319586324578025,-0.03809672937611857,0.16356123499294675,-0.403596622718835,-0.6574896120495619,663,83.20517928286853,-4.5786487937972025,2.4213512062027966,0.46907993966817496,1840,0.08674148735829577,0.49321222054184816,0.010664130808596142,0.12294152583004157,-0.20364204997107316,0.2343880715516611,522,71.49130434782609,1.4916682393584555,8.491668239358452,0.5076628352490421,3848,-0.10155163725432088,0.27159845241514197,-0.014780725545589702,0.145548865042654,-0.43639904501603355,-0.39682972034774366,1185,77.6039501039501,-1.9046357209640745,5.0953642790359215,0.4860759493670886,0.12319586324578025,0.49321222054184816,0.27159845241514197,-0.588323996233565,-0.32016056659881875,-0.47432380199949126
XTIUSD|orb|09:00|15|16:55|none|trend,XTIUSD,A_orb,range,09:00,15.0,16:55,none,trend,2008,-1.0607655928028732,-0.45036087796170704,-0.26282828507586636,0.24777225699920388,-0.9087890458262915,-2.9943392856367113,1722,216.10756972111554,-12.161919428136802,-5.161919428136803,0.47851335656213706,1840,-0.33382889397521087,0.2534963316902826,-0.08299073006690881,0.24860259721278488,-0.7117640780886156,-0.9020540582140524,1523,208.58478260869566,-3.978752861497053,3.0212471385029467,0.46881155613919895,3848,-0.7124653867195712,-0.11314628148141531,-0.1768352754042235,0.24820191787622448,-0.9732519286816754,-2.7840756467699865,3245,212.510395010395,-8.32125296249972,-1.3212529624997187,0.473959938366718,-0.45036087796170704,0.2534963316902826,-0.11314628148141531,-1.6703889236624314,-0.9208687581305566,-1.3112185917873125
XTIUSD|orb|09:00|15|16:55|none|trend+narrow1.0,XTIUSD,A_orb,range,09:00,15.0,16:55,none,trend+narrow1.0,2008,-1.3199045349061147,-0.8665133692307829,-0.26427173105971724,0.20022033720682306,-0.9020472484922887,-3.7258391759449667,1037,130.1414342629482,-20.306502118745787,-13.306502118745781,0.46576663452266154,1840,-0.2876213129164407,0.20578161815219506,-0.0504664687680723,0.17546150616012848,-0.5427346002902207,-0.7771944766542442,903,123.67173913043479,-4.080679152966878,2.919320847033121,0.4640088593576966,3848,-0.8578682993363262,-0.3874718398694529,-0.16203636655435688,0.18888256703239095,-0.953932254743598,-3.3522614359065304,1940,127.04781704781703,-12.753966996014675,-5.753966996014675,0.46494845360824744,-0.8665133692307829,0.20578161815219506,-0.3874718398694529,-1.7702708930284956,-0.7801602489211038,-1.326046247574819
XTIUSD|orb|09:00|15|16:55|opp|none,XTIUSD,A_orb,range,09:00,15.0,16:55,opp,none,2008,-0.3010725440771406,0.7356356010883908,-0.05649794838286448,0.18765559827464248,-0.5289092671125045,-0.8498704640058068,2008,252.0,-2.2419820786850986,5.4626991962153,0.2539840637450199,1840,-0.9511481079412313,0.09554984509504141,-0.175326864047443,0.1843318223351562,-0.7872203167053303,-2.570140051432207,1838,251.72608695652175,-6.964985876800507,0.6976909458327927,0.28563656147986943,3848,-0.6089536762318801,0.4323759475585165,-0.11331842780667545,0.18608710683524232,-0.8954088882809664,-2.3795866179749408,3846,251.86902286902284,-4.499101418502083,3.1855059657932907,0.26911076443057724,0.7356356010883908,0.09554984509504141,0.4323759475585165,-1.331988086026901,-1.9918731830689456,-1.6444189502601452
XTIUSD|orb|09:00|15|16:55|opp|narrow1.0,XTIUSD,A_orb,range,09:00,15.0,16:55,opp,narrow1.0,2008,-0.25848909285167665,0.6045892649688269,-0.03397997381458857,0.13145612234434426,-0.37748731292146465,-0.7296654896103965,1162,145.82868525896413,-2.3301296143654158,5.436651796994312,0.21686746987951808,1840,-0.48078327256901476,0.4587249208800282,-0.056837594582391945,0.11821874392319487,-0.43383134791746003,-1.2991460894170452,1048,143.5304347826087,-3.959968118850766,3.7652227208438926,0.24427480916030533,3848,-0.3584557134260487,0.5380216019758424,-0.04490981326696856,0.12528692272116254,-0.6299685187806281,-1.4007246398172424,2210,144.7297297297297,-3.1030123078951197,4.644046515634294,0.22986425339366515,0.6045892649688269,0.4587249208800282,0.5380216019758424,-1.1149547337465995,-1.4101143141204446,-1.2468610717049737
XTIUSD|orb|09:00|15|16:55|opp|narrow0.75,XTIUSD,A_orb,range,09:00,15.0,16:55,opp,narrow0.75,2008,-0.025284821479742103,0.6548101598097382,-0.0024165983432623346,0.09557506052389908,-0.29023419442564413,-0.07137423649559542,663,83.20517928286853,-0.290438451559213,7.513483117068237,0.1870286576168929,1840,-0.41815331746168877,0.30233108091389094,-0.03226138111562831,0.07715203914072523,-0.3496836247106001,-1.1299108728437235,522,71.49130434782609,-4.512630089761304,3.24982201751839,0.22030651340996169,3848,-0.19126874264987512,0.5023086610708147,-0.01668749239241862,0.0872463119756359,-0.4731804652175087,-0.7474140615471466,1185,77.6039501039501,-2.1503405909191233,5.635313417519696,0.20168776371308017,0.6548101598097382,0.30233108091389094,0.5023086610708147,-0.7013094588736463,-1.1271805501290395,-0.8781859812903833
XTIUSD|orb|09:00|15|16:55|opp|trend,XTIUSD,A_orb,range,09:00,15.0,16:55,opp,trend,2008,-0.5671084626990623,0.5037303048087818,-0.08812874878962246,0.155400165199771,-0.5526210711327106,-1.6008392057569425,1722,216.10756972111554,-4.0780037878058435,3.6107302423916017,0.2619047619047619,1840,-0.394652332389269,0.5304852004369826,-0.06822109885978994,0.17286379240880662,-0.5405395489376108,-1.0664078048373384,1523,208.58478260869566,-3.27066519458289,4.384620425902995,0.2875902823374918,3848,-0.4794354307899659,0.5165657087022882,-0.078609498303424,0.16396263866835856,-0.7918935447057184,-1.873472777683721,3245,212.510395010395,-3.69908955745806,3.973945881679075,0.273959938366718,0.5037303048087818,0.5304852004369826,0.5165657087022882,-1.6299168870140033,-1.313923648426229,-1.4685666847697039
XTIUSD|orb|09:00|15|16:55|opp|trend+narrow1.0,XTIUSD,A_orb,range,09:00,15.0,16:55,opp,trend+narrow1.0,2008,-0.3676791075488238,0.5479081667518846,-0.04053899793970742,0.11025646306086152,-0.36376299960848746,-1.0378881099755695,1037,130.1414342629482,-3.114995479287493,4.62753103951675,0.23336547733847637,1840,-0.3085284265855782,0.49707370279227664,-0.03666062279108388,0.1188241329876783,-0.3784935393460004,-0.8336885281613268,903,123.67173913043479,-2.964349256253157,4.76322549457741,0.23920265780730898,3848,-0.338096547696659,0.5223429323774887,-0.0386844734403656,0.1144184219090974,-0.594579853452526,-1.3211678521440495,1940,127.04781704781703,-3.0448750981534687,4.690691912155811,0.23608247422680412,0.5479081667518846,0.49707370279227664,0.5223429323774887,-1.2736756355636047,-1.1069250234686616,-1.190197745812155
XTIUSD|orb|09:00|15|16:55|mid|none,XTIUSD,A_orb,range,09:00,15.0,16:55,mid,none,2008,-0.7952739357539065,0.5768831217350929,-0.11463493300760477,0.1441452156971959,-0.6518739940659626,-2.2449068906719143,2008,252.0,-4.549005278079554,3.289640140247138,0.150398406374502,1840,-1.5627043001087093,-0.06708610025597396,-0.2055736032077346,0.1315499056305367,-0.8018097832180813,-4.222653524431853,1838,251.72608695652175,-8.166559361932219,-0.34936676127933336,0.1719260065288357,3848,-1.1434911253647058,0.28335091173206023,-0.15811912042138826,0.1382775230292738,-0.930464282719753,-4.468379592563344,3846,251.86902286902284,-6.27783117670701,1.5505619590184188,0.1606864274570983,0.5768831217350929,-0.06708610025597396,0.28335091173206023,-2.1589930656154723,-3.047895431838288,-2.561066535116654
XTIUSD|orb|09:00|15|16:55|mid|narrow1.0,XTIUSD,A_orb,range,09:00,15.0,16:55,mid,narrow1.0,2008,-0.6061812006533511,0.5058344896715785,-0.06268914112182171,0.10341650492337014,-0.4312907963277647,-1.7111341050709115,1162,145.82868525896413,-4.298820976853603,3.5763941694458796,0.11876075731497418,1840,-1.1166939924991235,0.24894584180728369,-0.09221168729519401,0.08257560971455338,-0.5095334398071061,-3.017469026488424,1048,143.5304347826087,-6.4245389791271705,1.4237434636209192,0.14408396946564886,3848,-0.8168961068855285,0.3949982158823389,-0.07680595114235315,0.09402168830890997,-0.716997854266161,-3.1921558569923683,2210,144.7297297297297,-5.3068537670720195,2.555589671842007,0.13076923076923078,0.5058344896715785,0.24894584180728369,0.3949982158823389,-1.705476730109885,-2.4527672930559854,-2.010368021643924
XTIUSD|orb|09:00|15|16:55|mid|narrow0.75,XTIUSD,A_orb,range,09:00,15.0,16:55,mid,narrow0.75,2008,-0.24914880057924274,0.602112784834243,-0.019226807140777416,0.07716997672104892,-0.20561299343943407,-0.7032996230321097,663,83.20517928286853,-2.310770472041527,5.57610735601277,0.11010558069381599,1840,-0.6023334986566775,0.38129072209836135,-0.03446074175009971,0.05721206246531856,-0.24708496109936728,-1.6275924183539099,522,71.49130434782609,-4.820270390149567,3.0360514489308907,0.13409961685823754,3848,-0.3878711256821755,0.5073924464368742,-0.026511224937334855,0.06835060199623716,-0.37152404156475394,-1.5156701998802409,1185,77.6039501039501,-3.416221068878994,4.457196652639993,0.12067510548523207,0.602112784834243,0.38129072209836135,0.5073924464368742,-1.0915553770033999,-1.5612835184218263,-1.2694658297758818
XTIUSD|orb|09:00|15|16:55|mid|trend,XTIUSD,A_orb,range,09:00,15.0,16:55,mid,trend,2008,-0.855269532591669,0.5502012317334616,-0.10305668124798695,0.12049614457292876,-0.5871737308249574,-2.414263036643665,1722,216.10756972111554,-4.768767766024136,3.056435486008383,0.15969802555168408,1840,-0.7426181467944357,0.575667613335465,-0.09176909515870128,0.1235750776557631,-0.5408884747009148,-2.0066618711233035,1523,208.58478260869566,-4.399606433939135,3.3981611300792514,0.18778726198292844,3848,-0.8007306482263482,0.5625672553728382,-0.09765929081028278,0.12196272370316061,-0.8082097925092296,-3.1289866692524377,3245,212.510395010395,-4.5955065306572775,3.216820125737176,0.17288135593220338,0.5502012317334616,0.575667613335465,0.5625672553728382,-2.247467557643626,-2.0484597090153627,-2.1511376716843955
XTIUSD|orb|09:00|15|16:55|mid|trend+narrow1.0,XTIUSD,A_orb,range,09:00,15.0,16:55,mid,trend+narrow1.0,2008,-0.7521751718383258,0.4589757465260181,-0.06361634096860184,0.08457649673961279,-0.4325971813984626,-2.1232472866741934,1037,130.1414342629482,-4.888246493431621,2.9699984438875675,0.13404050144648022,1840,-0.6389969229437844,0.5560938070365558,-0.051917628105732,0.0812486355435853,-0.33664547511467313,-1.726662304942769,903,123.67173913043479,-4.198018760856529,3.6380831217569796,0.1539313399778516,3848,-0.699132611969884,0.5044087541988443,-0.05802236184498425,0.0829919257828637,-0.6140221036151015,-2.731975637174595,1940,127.04781704781703,-4.566970389042287,3.2809677552876084,0.14329896907216494,0.4589757465260181,0.5560938070365558,0.5044087541988443,-1.9425284607887061,-1.8136021081707947,-1.8819931825567002
XTIUSD|orb|09:00|15|16:55|opp_rev|none,XTIUSD,A_orb,range,09:00,15.0,16:55,opp_rev,none,2008,-0.47553625612743256,0.9313378206084144,-0.11287421044728424,0.2373619445265528,-0.7173197567324809,-1.3423483030822487,3418,428.95219123505973,-2.6313937253075084,5.0704787147158985,0.2545348156816852,1840,-1.0240144015257189,0.36554329269575037,-0.23550954161333143,0.22998655220320788,-0.8656532670769449,-2.7670353382727297,3039,416.2108695652174,-5.658418816869191,1.9862011239008013,0.29417571569595263,3848,-0.7333898396392747,0.6652112545505418,-0.17151480539154798,0.23386580522564823,-0.9580152493105921,-2.8658413870875035,6457,422.85966735966736,-4.056069155577905,3.6188572808476813,0.27319188477621187,0.9313378206084144,0.36554329269575037,0.6652112545505418,-1.836949883625882,-2.366758572377195,-2.085999824801611
XTIUSD|orb|09:00|15|16:55|opp_rev|narrow1.0,XTIUSD,A_orb,range,09:00,15.0,16:55,opp_rev,narrow1.0,2008,-0.05012775484661512,1.1224323133015874,-0.008633472268385095,0.17222938260056686,-0.41616844912119,-0.14150110698950563,2048,257.0199203187251,-0.3359067366326675,7.419464357117334,0.22412109375,1840,-0.8344680206601609,0.40259282475765484,-0.1290054623252866,0.15459605297184228,-0.6665225969694588,-2.25485354345104,1797,246.1108695652174,-5.241762078740745,2.478883441570889,0.24373956594323873,3848,-0.4034685095039649,0.7972480534076855,-0.06619180431222572,0.1640569282435542,-0.782898876025672,-1.5766195417865305,3845,251.8035343035343,-2.628708310044426,5.110433432478333,0.23328998699609882,1.1224323133015874,0.40259282475765484,0.7972480534076855,-1.1862808468760153,-2.013733899571408,-1.558978464105805
XTIUSD|orb|09:00|15|16:55|opp_rev|narrow0.75,XTIUSD,A_orb,range,09:00,15.0,16:55,opp_rev,narrow0.75,2008,-0.11296252779190653,0.8332322508980935,-0.014115817995866635,0.12496018167962773,-0.42059848647120657,-0.3188717064986785,1195,149.97011952191235,-0.9412420314704195,6.854573868111172,0.19246861924686193,1840,-1.0945865979843883,-0.10332260485256277,-0.10712550481267051,0.09786846011995334,-0.5985872546130426,-2.9577316421623183,914,125.17826086956522,-8.557836166480573,-0.7854072824543141,0.20568927789934355,3848,-0.5192154392015521,0.44162414279178114,-0.05859030441554418,0.1128439179421247,-0.7273605216913809,-2.0289197014380593,2109,138.1153846153846,-4.242127303826646,3.5435531134327203,0.1981981981981982,0.8332322508980935,-0.10332260485256277,0.44162414279178114,-1.0278814205218465,-2.0129781010095913,-1.4343944128680197
XTIUSD|orb|09:00|15|16:55|opp_rev|trend,XTIUSD,A_orb,range,09:00,15.0,16:55,opp_rev,trend,2008,-0.5671084626990623,0.5037303048087818,-0.08812874878962246,0.155400165199771,-0.5526210711327106,-1.6008392057569425,1722,216.10756972111554,-4.0780037878058435,3.6107302423916017,0.2619047619047619,1840,-0.394652332389269,0.5304852004369826,-0.06822109885978994,0.17286379240880662,-0.5405395489376108,-1.0664078048373384,1523,208.58478260869566,-3.27066519458289,4.384620425902995,0.2875902823374918,3848,-0.4794354307899659,0.5165657087022882,-0.078609498303424,0.16396263866835856,-0.7918935447057184,-1.873472777683721,3245,212.510395010395,-3.69908955745806,3.973945881679075,0.273959938366718,0.5037303048087818,0.5304852004369826,0.5165657087022882,-1.6299168870140033,-1.313923648426229,-1.4685666847697039
XTIUSD|orb|09:00|15|16:55|opp_rev|trend+narrow1.0,XTIUSD,A_orb,range,09:00,15.0,16:55,opp_rev,trend+narrow1.0,2008,-0.3676791075488238,0.5479081667518846,-0.04053899793970742,0.11025646306086152,-0.36376299960848746,-1.0378881099755695,1037,130.1414342629482,-3.114995479287493,4.62753103951675,0.23336547733847637,1840,-0.3085284265855782,0.49707370279227664,-0.03666062279108388,0.1188241329876783,-0.3784935393460004,-0.8336885281613268,903,123.67173913043479,-2.964349256253157,4.76322549457741,0.23920265780730898,3848,-0.338096547696659,0.5223429323774887,-0.0386844734403656,0.1144184219090974,-0.594579853452526,-1.3211678521440495,1940,127.04781704781703,-3.0448750981534687,4.690691912155811,0.23608247422680412,0.5479081667518846,0.49707370279227664,0.5223429323774887,-1.2736756355636047,-1.1069250234686616,-1.190197745812155
XTIUSD|orb|09:00|15|16:55|mid_rev|none,XTIUSD,A_orb,range,09:00,15.0,16:55,mid_rev,none,2008,-1.0885940455230512,0.7976062712085865,-0.19518896862995105,0.17930372615272394,-0.8304924133132516,-3.0728937087853114,3418,428.95219123505973,-4.550366512126995,3.281991592027481,0.15359859566998244,1840,-1.5296403211739396,0.3957095389944551,-0.2588394881584925,0.16921591603955838,-0.8704917770774266,-4.1333098609051495,3039,416.2108695652174,-6.218950707099062,1.5826287598308482,0.18427114182296808,3848,-1.2926696671059363,0.6110574155629196,-0.22562476798871306,0.1745417052245435,-0.9767892118889917,-5.051319273317117,6457,422.85966735966736,-5.3356890099619205,2.482183066853938,0.16803469103298746,0.7976062712085865,0.3957095389944551,0.6110574155629196,-2.914230974797036,-3.3895846043568967,-3.1337788197554337
XTIUSD|orb|09:00|15|16:55|mid_rev|narrow1.0,XTIUSD,A_orb,range,09:00,15.0,16:55,mid_rev,narrow1.0,2008,-0.6979604441791113,0.8546469764553699,-0.09158205355052565,0.13121381636209714,-0.5744003045738246,-1.970209433644727,2048,257.0199203187251,-3.563227839964957,4.300053410035042,0.12939453125,1840,-1.2632654900813325,0.5084193546465186,-0.13845012838373258,0.10959701620189022,-0.6557936759718128,-3.4135264577015554,1797,246.1108695652174,-5.62551863834053,2.2153272158609156,0.14969393433500278,3848,-0.9393574866940511,0.7021445067859032,-0.11399298330444996,0.12135207832923517,-0.8439484222238973,-3.670693834485657,3845,251.8035343035343,-4.527060496578978,3.3257353421726483,0.1388816644993498,0.8546469764553699,0.5084193546465186,0.7021445067859032,-2.1899031342405024,-2.9307515951450624,-2.504077116872995
XTIUSD|orb|09:00|15|16:55|mid_rev|narrow0.75,XTIUSD,A_orb,range,09:00,15.0,16:55,mid_rev,narrow0.75,2008,-0.37293155430210995,0.8559614637539389,-0.03615625272469857,0.0969514440588435,-0.36325765349427586,-1.0527147670294832,1195,149.97011952191235,-2.4108971067010274,5.465253520914035,0.1196652719665272,1840,-1.0241412731235424,0.3340693289041028,-0.07469043274592263,0.07292981418288444,-0.4379133787817996,-2.7673781637194006,914,125.17826086956522,-5.966725550193535,1.8954188699377563,0.12910284463894967,3848,-0.6324638968435152,0.6378405684271127,-0.054582160011354575,0.08630083121544461,-0.5914918717896767,-2.471456670717315,2109,138.1153846153846,-3.951924701462597,3.9181559054601145,0.12375533428165007,0.8559614637539389,0.3340693289041028,0.6378405684271127,-1.5525667577703288,-2.271683511445733,-1.8338575816344271
XTIUSD|orb|09:00|15|16:55|mid_rev|trend,XTIUSD,A_orb,range,09:00,15.0,16:55,mid_rev,trend,2008,-0.855269532591669,0.5502012317334616,-0.10305668124798695,0.12049614457292876,-0.5871737308249574,-2.414263036643665,1722,216.10756972111554,-4.768767766024136,3.056435486008383,0.15969802555168408,1840,-0.7426181467944357,0.575667613335465,-0.09176909515870128,0.1235750776557631,-0.5408884747009148,-2.0066618711233035,1523,208.58478260869566,-4.399606433939135,3.3981611300792514,0.18778726198292844,3848,-0.8007306482263482,0.5625672553728382,-0.09765929081028278,0.12196272370316061,-0.8082097925092296,-3.1289866692524377,3245,212.510395010395,-4.5955065306572775,3.216820125737176,0.17288135593220338,0.5502012317334616,0.575667613335465,0.5625672553728382,-2.247467557643626,-2.0484597090153627,-2.1511376716843955
XTIUSD|orb|09:00|15|16:55|mid_rev|trend+narrow1.0,XTIUSD,A_orb,range,09:00,15.0,16:55,mid_rev,trend+narrow1.0,2008,-0.7521751718383258,0.4589757465260181,-0.06361634096860184,0.08457649673961279,-0.4325971813984626,-2.1232472866741934,1037,130.1414342629482,-4.888246493431621,2.9699984438875675,0.13404050144648022,1840,-0.6389969229437844,0.5560938070365558,-0.051917628105732,0.0812486355435853,-0.33664547511467313,-1.726662304942769,903,123.67173913043479,-4.198018760856529,3.6380831217569796,0.1539313399778516,3848,-0.699132611969884,0.5044087541988443,-0.05802236184498425,0.0829919257828637,-0.6140221036151015,-2.731975637174595,1940,127.04781704781703,-4.566970389042287,3.2809677552876084,0.14329896907216494,0.4589757465260181,0.5560938070365558,0.5044087541988443,-1.9425284607887061,-1.8136021081707947,-1.8819931825567002
XTIUSD|orb|09:00|30|14:30|none|none,XTIUSD,A_orb,range,09:00,30.0,14:30,none,none,2008,-0.09377554561725317,0.5566255512446956,-0.02528147501052211,0.2695956055932639,-0.6763956924814929,-0.26471050925757184,1996,250.49402390438246,-1.0092645970736793,5.990735402926322,0.48296593186372744,1840,-0.46207624461068286,0.16747106729943287,-0.1289818652940579,0.2791354604319253,-0.820992352844577,-1.2485969883910866,1833,251.0413043478261,-5.137874248587764,1.8621257514122358,0.4888161483906165,3848,-0.2730589139988197,0.36713156327141466,-0.07486794021886561,0.2741823701063618,-0.9133625691054208,-1.0670226045616977,3829,250.75571725571723,-2.9856922521338305,4.01430774786617,0.48576651867328285,0.5566255512446956,0.16747106729943287,0.36713156327141466,-0.7441738018994503,-1.0916152262757068,-0.9132427786747406
XTIUSD|orb|09:00|30|14:30|none|narrow1.0,XTIUSD,A_orb,range,09:00,30.0,14:30,none,narrow1.0,2008,-0.0370923117411435,0.4599140712427808,-0.007603126196699443,0.20497849391969583,-0.42771538231837747,-0.10470453321182513,1160,145.5776892430279,-0.5222727628274658,6.477727237172531,0.496551724137931,1840,-0.48381250908728907,0.044613827194736465,-0.09401020493298788,0.19431123248619153,-0.6644294737033147,-1.3073315255608755,1071,146.6804347826087,-6.40918504722992,0.5908149527700775,0.4957983193277311,3848,-0.24467393600694082,0.2668391431536293,-0.048920440353344655,0.19994136339866173,-0.7763099365655641,-0.9561036358169089,2231,146.10498960498958,-3.348307301866027,3.651692698133971,0.4961900493052443,0.4599140712427808,0.044613827194736465,0.2668391431536293,-0.5340189435770957,-1.0110854074094733,-0.7556351035751555
XTIUSD|orb|09:00|30|14:30|none|narrow0.75,XTIUSD,A_orb,range,09:00,30.0,14:30,none,narrow0.75,2008,0.05764784970502876,0.4176533303705369,0.008798428527154768,0.15262370707969808,-0.3342111869711546,0.1627289028560399,626,78.56175298804781,1.1199379077619787,8.119937907761974,0.48881789137380194,1840,-0.6045543292704388,-0.23322080252035576,-0.08233166969629752,0.13618572510373608,-0.5498201760091385,-1.6335934245696813,528,72.31304347826087,-11.3854521585789,-4.385452158578905,0.4981060606060606,3848,-0.23983358434719654,0.12501479916378233,-0.034777294116076045,0.145005939058687,-0.689971118641687,-0.937189165824557,1154,75.57380457380457,-4.601765692782204,2.3982343072177943,0.4930675909878683,0.4176533303705369,-0.23322080252035576,0.12501479916378233,-0.3025541471351041,-0.9734288690166786,-0.6037964391208165
XTIUSD|orb|09:00|30|14:30|none|trend,XTIUSD,A_orb,range,09:00,30.0,14:30,none,trend,2008,-0.5525342312993021,0.0823537260910843,-0.11949932587530665,0.21627497285426123,-0.6969652225077616,-1.5596989256287466,1563,196.15338645418328,-6.092136772934011,0.9078632270659848,0.47664747280870123,1840,-0.22209327096094986,0.32455047444701196,-0.05347768018587834,0.24078928620615975,-0.6560517018165386,-0.6001282093551633,1373,188.0413043478261,-2.843932633383512,4.156067366616485,0.47050254916241807,3848,-0.3851413024068995,0.2043994691813165,-0.08792972398639085,0.22830510110674557,-0.8938913311659017,-1.5050029665769151,2936,192.27442827442826,-4.573136676339041,2.4268633236609567,0.47377384196185285,0.0823537260910843,0.32455047444701196,0.2043994691813165,-1.186667660504378,-0.7684682846725189,-0.974187320952283
XTIUSD|orb|09:00|30|14:30|none|trend+narrow1.0,XTIUSD,A_orb,range,09:00,30.0,14:30,none,trend+narrow1.0,2008,-0.4493690213745241,0.04408232537908852,-0.0760036460421321,0.1691341468302669,-0.545493730066297,-1.2684831819388702,950,119.22310756972111,-6.374908991336734,0.6250910086632671,0.4831578947368421,1840,-0.3667439302814675,0.09638397618425854,-0.06468571679817497,0.1763784249913289,-0.5758781000090936,-0.9909952571700853,852,116.68695652173913,-5.543525919807832,1.4564740801921707,0.46830985915492956,3848,-0.40895742989964534,0.06963476278140954,-0.07059174640364949,0.17261392321682995,-0.8011314924529286,-1.598068400756416,1802,118.010395010395,-5.981824431435165,1.0181755685648353,0.47613762486126526,0.04408232537908852,0.09638397618425854,0.06963476278140954,-0.9413723106560248,-0.8287874533262016,-0.8862858730728318
XTIUSD|orb|09:00|30|14:30|opp|none,XTIUSD,A_orb,range,09:00,30.0,14:30,opp,none,2008,-0.11040387892715081,0.8242906890565209,-0.022557874241629892,0.20432139215429687,-0.47566567510286084,-0.3116491279517596,1996,250.49402390438246,-0.9005354255573224,6.706679003300395,0.312625250501002,1840,-0.7294190232418838,0.23942250370963977,-0.1427149467184226,0.1956556412309207,-0.7620326409528124,-1.9709959261427223,1833,251.0413043478261,-5.684918945477047,1.8611803453030966,0.3513366066557556,3848,-0.3995991303023087,0.5507947183846377,-0.08001343904342267,0.20023426723399054,-0.8384419362009903,-1.5614993063277245,3829,250.75571725571723,-3.190891913416516,4.387065777886697,0.33115696004178635,0.8242906890565209,0.23942250370963977,0.5507947183846377,-1.040397208393175,-1.6932262455535136,-1.3451474444044207
XTIUSD|orb|09:00|30|14:30|opp|narrow1.0,XTIUSD,A_orb,range,09:00,30.0,14:30,opp,narrow1.0,2008,0.065241967727926,0.8284077448975101,0.009573198473026158,0.14673374832820185,-0.30438736908378194,0.18416565202098825,1160,145.5776892430279,0.6576006613928763,8.336048937254946,0.2810344827586207,1840,-0.6252203033221538,0.28030335191477296,-0.07728109225934537,0.12360617825222028,-0.5299599277438836,-1.6894358818786046,1071,146.6804347826087,-5.268670792657637,2.3531779468381635,0.3165266106442577,3848,-0.23468163886057614,0.5876969390505138,-0.03195795925762967,0.13617579718972317,-0.6388152200072612,-0.917057091719416,2231,146.10498960498958,-2.187328396109634,5.463949057946844,0.2980726131779471,0.8284077448975101,0.28030335191477296,0.5876969390505138,-0.6942300519368714,-1.5204095643114575,-1.0509413082473944
XTIUSD|orb|09:00|30|14:30|opp|narrow0.75,XTIUSD,A_orb,range,09:00,30.0,14:30,opp,narrow0.75,2008,0.06512992226150147,0.6273478213312161,0.007041098410608529,0.10810850322126898,-0.2906845103733995,0.1838493690041099,626,78.56175298804781,0.8962501653546026,8.626282114236394,0.24920127795527156,1840,-1.3040764759838515,-0.5560833129532826,-0.09635408418400852,0.07388683559475673,-0.5257763835893099,-3.5238036569418862,528,72.31304347826087,-13.324578741174822,-5.620033286629364,0.2689393939393939,3848,-0.45410759852764493,0.17126481353534725,-0.04239942549118341,0.09336867656180003,-0.6411367519100477,-1.7745001085528376,1154,75.57380457380457,-5.610333597771512,2.1080372861106396,0.2582322357019064,0.6273478213312161,-0.5560833129532826,0.17126481353534725,-0.49485478294463986,-2.025060064357018,-1.070999423189801
XTIUSD|orb|09:00|30|14:30|opp|trend,XTIUSD,A_orb,range,09:00,30.0,14:30,opp,trend,2008,-0.7030385553972779,0.264177809335513,-0.10874065566226188,0.1546723928971633,-0.6361506704714982,-1.984543974678633,1563,196.15338645418328,-5.5436542609811665,2.076307351302903,0.29686500319897635,1840,-0.16902241882362193,0.5918281025822961,-0.03160456843838362,0.18698447613250394,-0.5143906368041147,-0.45672307454706174,1373,188.0413043478261,-1.6807248039464575,5.8735359389523065,0.34231609613983977,3848,-0.42050408162387015,0.4345297120947527,-0.07185645595022029,0.17088170862154436,-0.813531666222048,-1.6431888409439224,2936,192.27442827442826,-3.7371821409169113,3.8520549163037994,0.3181198910081744,0.264177809335513,0.5918281025822961,0.4345297120947527,-1.662196887061345,-0.9261819603103446,-1.2700711455842428
XTIUSD|orb|09:00|30|14:30|opp|trend+narrow1.0,XTIUSD,A_orb,range,09:00,30.0,14:30,opp,trend+narrow1.0,2008,-0.41277238921741627,0.39593822198761464,-0.046821533224342134,0.11343184391066481,-0.37685109928372695,-1.1651778578092742,950,119.22310756972111,-3.92721966225894,3.7548856008989557,0.27052631578947367,1840,-0.13818259592705148,0.5763569724176215,-0.01723825194493649,0.12474980535201993,-0.3515336444728664,-0.373389403014963,852,116.68695652173913,-1.477307529374542,6.1494530340057425,0.30633802816901406,3848,-0.2746635545744379,0.4860391629650125,-0.03267568146911698,0.11896620765628878,-0.5805215931116625,-1.0732930014562996,1802,118.010395010395,-2.7688816282869593,4.88705621854989,0.2874583795782464,0.39593822198761464,0.5763569724176215,0.4860391629650125,-1.2127944817594538,-0.8478715330064419,-1.0287633728548096
XTIUSD|orb|09:00|30|14:30|mid|none,XTIUSD,A_orb,range,09:00,30.0,14:30,mid,none,2008,-0.34809186319894236,0.838589108897025,-0.057269236104597304,0.1645233404145004,-0.49301146578979804,-0.9825970488286465,1996,250.49402390438246,-2.286251592431518,5.491804519792931,0.20490981963927857,1840,-1.0449715069431698,0.22971557595307648,-0.1596430899782592,0.15277267266861594,-0.7335891722891197,-2.8236644747297888,1833,251.0413043478261,-6.359235998752953,1.3936281583665238,0.22585924713584288,3848,-0.6679540542661684,0.5582799940569373,-0.10622139076352088,0.15902499593361774,-0.8570730476818895,-2.610140296367374,3829,250.75571725571723,-4.23605060438952,3.5299457393033515,0.21493862627317836,0.838589108897025,0.22971557595307648,0.5582799940569373,-1.5278313662797918,-2.3117248172990674,-1.886815700131803
XTIUSD|orb|09:00|30|14:30|mid|narrow1.0,XTIUSD,A_orb,range,09:00,30.0,14:30,mid,narrow1.0,2008,-0.03855268152716609,0.9141543394184773,-0.0046113231982352326,0.11961095870817366,-0.20004430405917006,-0.10882687904535647,1160,145.5776892430279,-0.31676029632103114,7.49875694505828,0.18017241379310345,1840,-0.8396282379624809,0.3461473995680147,-0.08107321090025148,0.09655846151267043,-0.5125016511276805,-2.268797198547503,1071,146.6804347826087,-5.527200067303318,2.268318139979594,0.1942110177404295,3848,-0.377011033809161,0.6691149423575828,-0.041173140602525755,0.10920937826813622,-0.5934976937748906,-1.4732326051999465,2231,146.10498960498958,-2.8180516431260636,4.987864986188144,0.18691169878978037,0.9141543394184773,0.3461473995680147,0.6691149423575828,-0.9855790907396567,-2.0067461159865974,-1.4130518051952339
XTIUSD|orb|09:00|30|14:30|mid|narrow0.75,XTIUSD,A_orb,range,09:00,30.0,14:30,mid,narrow0.75,2008,0.06926414553677882,0.7231387438319588,0.006526341856242132,0.09422395679127649,-0.21209820260456602,0.19551949410314026,626,78.56175298804781,0.8307276261051648,8.672580661248935,0.15654952076677317,1840,-1.176556037445699,-0.1700949716396456,-0.06604658354963844,0.05613551879179972,-0.41158849387191143,-3.179224948613787,528,72.31304347826087,-9.13342605604668,-1.305774540895166,0.16666666666666666,3848,-0.3594794112960797,0.39707411132008136,-0.028175888587318218,0.07837970048335142,-0.50075261009704,-1.4047249075674078,1154,75.57380457380457,-3.7282612336662164,4.107094052295654,0.1611785095320624,0.7231387438319588,-0.1700949716396456,0.39707411132008136,-0.5823552029200079,-2.140222078653206,-1.1061613140436712
XTIUSD|orb|09:00|30|14:30|mid|trend,XTIUSD,A_orb,range,09:00,30.0,14:30,mid,trend,2008,-0.7403057007400602,0.5293752374759457,-0.08913922035183486,0.12040866396506902,-0.5408773270230545,-2.089742029857412,1563,196.15338645418328,-4.54436306011243,3.236826959081428,0.19897632757517594,1840,-0.30819121760892365,0.7195688739704373,-0.04373796114645619,0.14191825933845098,-0.40315314740179664,-0.8327773406297883,1373,188.0413043478261,-2.3259762687857495,5.416922493049648,0.2286962855061908,3848,-0.5142383814341918,0.6261046683967411,-0.06742967852805709,0.13112533206875424,-0.7074173471145506,-2.0094710298520964,2936,192.27442827442826,-3.5069498910076837,4.256333487738909,0.21287465940054495,0.5293752374759457,0.7195688739704373,0.6261046683967411,-1.9964595483351846,-1.3288493245892883,-1.6447617264824799
XTIUSD|orb|09:00|30|14:30|mid|trend+narrow1.0,XTIUSD,A_orb,range,09:00,30.0,14:30,mid,trend+narrow1.0,2008,-0.5426958564552814,0.5464156852262171,-0.046548724952156756,0.08577313498613824,-0.361002753874076,-1.531927066791932,950,119.22310756972111,-3.904337498075638,3.9156625019243614,0.17157894736842105,1840,-0.048111354133244806,0.9002028059832334,-0.00461413856384174,0.0959053979454173,-0.3131695690277553,-0.13000385234865133,852,116.68695652173913,-0.3954288209567039,7.387435028808555,0.2007042253521127,3848,-0.29195371174474094,0.7245174705657444,-0.02649684372697494,0.09075700243243179,-0.4517229904122313,-1.14085713355864,1802,118.010395010395,-2.24529743542007,5.557144295989475,0.1853496115427303,0.5464156852262171,0.9002028059832334,0.7245174705657444,-1.614924764322967,-0.9894345866870767,-1.2970390565787242
XTIUSD|orb|09:00|30|14:30|opp_rev|none,XTIUSD,A_orb,range,09:00,30.0,14:30,opp_rev,none,2008,-0.6236471998268796,0.6355100292205544,-0.14875754561154123,0.23852836291549998,-0.7825130839021465,-1.7604372949962217,3114,390.800796812749,-3.8064800999578807,3.818118487068453,0.2980089916506101,1840,-0.6333895495192323,0.5657645839712485,-0.15130029960884495,0.23887400687884391,-0.7314314699180734,-1.7115103691911726,2754,377.17826086956524,-4.011373806645956,3.5332885027222374,0.35112563543936093,3848,-0.628390712774046,0.6021795413189845,-0.14997341550630183,0.23866268621991657,-0.9360406842756485,-2.455540034226616,5868,384.28690228690226,-3.9026418702746764,3.6844406109795846,0.3229379686434901,0.6355100292205544,0.5657645839712485,0.6021795413189845,-1.842902655400869,-1.7985769271568477,-1.8219452810771786
XTIUSD|orb|09:00|30|14:30|opp_rev|narrow1.0,XTIUSD,A_orb,range,09:00,30.0,14:30,opp_rev,narrow1.0,2008,-0.2924243334272259,0.7724974758247946,-0.05074253515073989,0.1735236413332474,-0.4802709496890105,-0.8254582120670189,1893,237.56772908366534,-2.135918685019281,5.553463248419707,0.27099841521394613,1840,-0.4965361106246966,0.6246739096970318,-0.079428159209708,0.15996451720254287,-0.5368022484274169,-1.3417125411321917,1703,233.23695652173913,-3.4054705735411543,4.2122628380853895,0.31708749266001174,3848,-0.3856176804389883,0.7043280086448969,-0.06445915372363524,0.1671581905950338,-0.7259413355801385,-1.506864492066457,3596,235.49688149688149,-2.737155299633505,4.91829520092267,0.292825361512792,0.7724974758247946,0.6246739096970318,0.7043280086448969,-1.3194193552284594,-1.5742020748140688,-1.4352139021972
XTIUSD|orb|09:00|30|14:30|opp_rev|narrow0.75,XTIUSD,A_orb,range,09:00,30.0,14:30,opp_rev,narrow0.75,2008,-0.35549079712086806,0.4580077150031927,-0.04524696594066469,0.12728027365861902,-0.4547286844500691,-1.0034828304420111,1056,132.52589641434264,-3.4141980673120607,4.329173144809153,0.22821969696969696,1840,-0.9265812527376159,-0.06438348274879632,-0.09990178720624321,0.1078176219420369,-0.5658641302380865,-2.5037568478392194,884,121.0695652173913,-8.251602046051834,-0.5615567971830544,0.27714932126696834,3848,-0.6030299418783455,0.22951439713400512,-0.07138128795954839,0.11837105092527687,-0.7334727135343646,-2.3564386519698193,1940,127.04781704781703,-5.618458437005856,2.1006137279426005,0.25051546391752577,0.4580077150031927,-0.06438348274879632,0.22951439713400512,-1.1367973501087583,-1.7407553317527367,-1.3973530427889658
XTIUSD|orb|09:00|30|14:30|opp_rev|trend,XTIUSD,A_orb,range,09:00,30.0,14:30,opp_rev,trend,2008,-0.7030385553972779,0.264177809335513,-0.10874065566226188,0.1546723928971633,-0.6361506704714982,-1.984543974678633,1563,196.15338645418328,-5.5436542609811665,2.076307351302903,0.29686500319897635,1840,-0.16902241882362193,0.5918281025822961,-0.03160456843838362,0.18698447613250394,-0.5143906368041147,-0.45672307454706174,1373,188.0413043478261,-1.6807248039464575,5.8735359389523065,0.34231609613983977,3848,-0.42050408162387015,0.4345297120947527,-0.07185645595022029,0.17088170862154436,-0.813531666222048,-1.6431888409439224,2936,192.27442827442826,-3.7371821409169113,3.8520549163037994,0.3181198910081744,0.264177809335513,0.5918281025822961,0.4345297120947527,-1.662196887061345,-0.9261819603103446,-1.2700711455842428
XTIUSD|orb|09:00|30|14:30|opp_rev|trend+narrow1.0,XTIUSD,A_orb,range,09:00,30.0,14:30,opp_rev,trend+narrow1.0,2008,-0.41277238921741627,0.39593822198761464,-0.046821533224342134,0.11343184391066481,-0.37685109928372695,-1.1651778578092742,950,119.22310756972111,-3.92721966225894,3.7548856008989557,0.27052631578947367,1840,-0.13818259592705148,0.5763569724176215,-0.01723825194493649,0.12474980535201993,-0.3515336444728664,-0.373389403014963,852,116.68695652173913,-1.477307529374542,6.1494530340057425,0.30633802816901406,3848,-0.2746635545744379,0.4860391629650125,-0.03267568146911698,0.11896620765628878,-0.5805215931116625,-1.0732930014562996,1802,118.010395010395,-2.7688816282869593,4.88705621854989,0.2874583795782464,0.39593822198761464,0.5763569724176215,0.4860391629650125,-1.2127944817594538,-0.8478715330064419,-1.0287633728548096
XTIUSD|orb|09:00|30|14:30|mid_rev|none,XTIUSD,A_orb,range,09:00,30.0,14:30,mid_rev,none,2008,-0.7910188102619279,0.8038874268347581,-0.15208542126729546,0.19226523983283766,-0.775846620169272,-2.232895481636409,3114,390.800796812749,-3.891635393470467,3.898987599464664,0.19235709698137443,1840,-1.106633779387841,0.49108504390562896,-0.2032919388583489,0.18370299429211745,-0.8097731350533992,-2.990284872488248,2754,377.17826086956524,-5.389810600156799,2.3596447375338334,0.2269426289034132,3848,-0.9381978730643998,0.6576932783050695,-0.1765708662692545,0.18820216005449664,-0.9539315611698104,-3.666162453556628,5868,384.28690228690226,-4.594766702130004,3.1765352746934465,0.2085889570552147,0.8038874268347581,0.49108504390562896,0.6576932783050695,-2.339084089515178,-2.659010701353102,-2.487996006743848
XTIUSD|orb|09:00|30|14:30|mid_rev|narrow1.0,XTIUSD,A_orb,range,09:00,30.0,14:30,mid_rev,narrow1.0,2008,-0.2536005696425822,1.0755415136997972,-0.035843335462392434,0.14133775611351768,-0.4230553412394821,-0.7158661194262067,1893,237.56772908366534,-1.5087628105317832,6.314797675469272,0.1716851558372953,1840,-0.7612440836913088,0.7355379177130006,-0.09316303029922354,0.12238260013460017,-0.5630180879030854,-2.05699185234749,1703,233.23695652173913,-3.9943511392260915,3.7960187961820107,0.19612448620082207,3848,-0.4769854031595983,0.922946480196667,-0.06325192135110584,0.13260766667516213,-0.696808798464994,-1.8638988918686832,3596,235.49688149688149,-2.685892099677058,5.121949947041517,0.1832591768631813,1.0755415136997972,0.7355379177130006,0.922946480196667,-1.5392716039646361,-2.1934084679117003,-1.8251685411568508
XTIUSD|orb|09:00|30|14:30|mid_rev|narrow0.75,XTIUSD,A_orb,range,09:00,30.0,14:30,mid_rev,narrow0.75,2008,-0.15074756638657175,0.8152071233504993,-0.01638040896224849,0.10866118342662426,-0.32353707941272114,-0.42553167571426276,1056,132.52589641434264,-1.2360157075289697,6.612469140955877,0.14772727272727273,1840,-1.004706817915857,0.2100394282682814,-0.07867294581322752,0.0783043813482077,-0.4825300289626959,-2.714863448829042,884,121.0695652173913,-6.498160431315927,1.3276314238876925,0.167420814479638,3848,-0.4840970566344265,0.5683349780909611,-0.046166861094733266,0.09536695268444258,-0.6037291457024501,-1.8916888471655984,1940,127.04781704781703,-3.63381773630612,4.204326593590787,0.15670103092783505,0.8152071233504993,0.2100394282682814,0.5683349780909611,-1.0867664494571647,-2.133609881368208,-1.4903797366546678
XTIUSD|orb|09:00|30|14:30|mid_rev|trend,XTIUSD,A_orb,range,09:00,30.0,14:30,mid_rev,trend,2008,-0.7403057007400602,0.5293752374759457,-0.08913922035183486,0.12040866396506902,-0.5408773270230545,-2.089742029857412,1563,196.15338645418328,-4.54436306011243,3.236826959081428,0.19897632757517594,1840,-0.30819121760892365,0.7195688739704373,-0.04373796114645619,0.14191825933845098,-0.40315314740179664,-0.8327773406297883,1373,188.0413043478261,-2.3259762687857495,5.416922493049648,0.2286962855061908,3848,-0.5142383814341918,0.6261046683967411,-0.06742967852805709,0.13112533206875424,-0.7074173471145506,-2.0094710298520964,2936,192.27442827442826,-3.5069498910076837,4.256333487738909,0.21287465940054495,0.5293752374759457,0.7195688739704373,0.6261046683967411,-1.9964595483351846,-1.3288493245892883,-1.6447617264824799
XTIUSD|orb|09:00|30|14:30|mid_rev|trend+narrow1.0,XTIUSD,A_orb,range,09:00,30.0,14:30,mid_rev,trend+narrow1.0,2008,-0.5426958564552814,0.5464156852262171,-0.046548724952156756,0.08577313498613824,-0.361002753874076,-1.531927066791932,950,119.22310756972111,-3.904337498075638,3.9156625019243614,0.17157894736842105,1840,-0.048111354133244806,0.9002028059832334,-0.00461413856384174,0.0959053979454173,-0.3131695690277553,-0.13000385234865133,852,116.68695652173913,-0.3954288209567039,7.387435028808555,0.2007042253521127,3848,-0.29195371174474094,0.7245174705657444,-0.02649684372697494,0.09075700243243179,-0.4517229904122313,-1.14085713355864,1802,118.010395010395,-2.24529743542007,5.557144295989475,0.1853496115427303,0.5464156852262171,0.9002028059832334,0.7245174705657444,-1.614924764322967,-0.9894345866870767,-1.2970390565787242
XTIUSD|orb|09:00|30|16:55|none|none,XTIUSD,A_orb,range,09:00,30.0,16:55,none,none,2008,-0.016910472828303044,0.6245502068586148,-0.00464338261002805,0.274586208036503,-0.6161665859228799,-0.047735044831803665,2005,251.6235059760956,-0.18453691724926508,6.8154630827507345,0.49326683291770573,1840,-0.4551704927237146,0.18760622620073264,-0.12457500297553294,0.2736886616487003,-0.7849124967965609,-1.2299366458411045,1835,251.31521739130434,-4.956922396846603,2.043077603153396,0.48119891008174387,3848,-0.22612311117676984,0.4159875919558773,-0.06199114286796179,0.27414775316575557,-0.9023179331627272,-0.8836132375465107,3840,251.47609147609145,-2.4650909159630965,4.534909084036903,0.4875,0.6245502068586148,0.18760622620073264,0.4159875919558773,-0.6583710285101596,-1.0979411081125214,-0.8682315014173145
XTIUSD|orb|09:00|30|16:55|none|narrow1.0,XTIUSD,A_orb,range,09:00,30.0,16:55,none,narrow1.0,2008,0.09077908907738977,0.5780522013795825,0.01897415569001078,0.20901460769049127,-0.3353262226781588,0.25625208300780244,1160,145.5776892430279,1.3033697531999737,8.30336975319997,0.49224137931034484,1840,-0.5283015583253755,-0.0111626304726158,-0.10489170891654802,0.19854514389288686,-0.676949594007317,-1.4275473850493017,1071,146.6804347826087,-7.151036133210633,-0.1510361332106348,0.484593837535014,3848,-0.1972442578672029,0.3038611226571802,-0.040254844017907174,0.2040862656950411,-0.7727954816416314,-0.7707643697916844,2231,146.10498960498958,-2.7551998139653153,4.244800186034682,0.48857014791573283,0.5780522013795825,-0.0111626304726158,0.3038611226571802,-0.39668174230884856,-1.0442342319839717,-0.6979225611161878
XTIUSD|orb|09:00|30|16:55|none|narrow0.75,XTIUSD,A_orb,range,09:00,30.0,16:55,none,narrow0.75,2008,0.09724210347464673,0.45250107315472304,0.015036426951470299,0.15462877101779934,-0.30381779322438884,0.27449594201364275,626,78.56175298804781,1.9139627591759436,8.91396275917594,0.4776357827476038,1840,-0.6014331635423021,-0.23532459900695352,-0.08307492727092443,0.1381282780976565,-0.5527519030578169,-1.6251595823761613,528,72.31304347826087,-11.488235493213455,-4.488235493213459,0.4678030303030303,3848,-0.21687819332406963,0.1430549648981083,-0.03187752621100534,0.14698354741166827,-0.676445866475664,-0.847487200927945,1154,75.57380457380457,-4.2180655573419115,2.7819344426580863,0.4731369150779896,0.45250107315472304,-0.23532459900695352,0.1430549648981083,-0.2583398089613517,-0.9651635584116248,-0.5760318758258492
XTIUSD|orb|09:00|30|16:55|none|trend,XTIUSD,A_orb,range,09:00,30.0,16:55,none,trend,2008,-0.9507002211401172,-0.3201137563202202,-0.21531384362394088,0.22647921903891854,-0.8592180674854362,-2.683645699236382,1626,204.0597609561753,-10.551509156681924,-3.551509156681927,0.4747847478474785,1840,-0.31312569148525665,0.2634294013811241,-0.07445569488951095,0.23778213322689515,-0.6500033252387694,-0.8461110042689457,1430,195.84782608695653,-3.8017115827700105,3.1982884172299864,0.4636363636363636,3848,-0.637853963345276,-0.0339195417920731,-0.14795963528939018,0.23196475022809937,-0.9503193135037397,-2.4925192418425133,3056,200.13305613305613,-7.393063302397227,-0.39306330239722936,0.46956806282722513,-0.3201137563202202,0.2634294013811241,-0.0339195417920731,-1.580229843361039,-0.8893255256891905,-1.2410710347777345
XTIUSD|orb|09:00|30|16:55|none|trend+narrow1.0,XTIUSD,A_orb,range,09:00,30.0,16:55,none,trend+narrow1.0,2008,-0.6554223120194673,-0.16895123480424884,-0.11678631676684212,0.17818483537278992,-0.6705003400487483,-1.8501323863428178,987,123.86653386454184,-9.42839951383136,-2.4283995138313594,0.48024316109422494,1840,-0.43509525567170804,0.0318804588571385,-0.0784291434526537,0.18025740899328668,-0.5691030598267915,-1.175690445529527,878,120.24782608695652,-6.522292003510998,0.4777079964890025,0.45785876993166286,3848,-0.5494823383048911,-0.07232568356758855,-0.09844504886192876,0.17915962352061002,-0.8549250190125948,-2.14719258636351,1865,122.13617463617463,-8.060269543825314,-1.0602695438253122,0.4697050938337802,-0.16895123480424884,0.0318804588571385,-0.07232568356758855,-1.1399868881808413,-0.9008352660796872,-1.0250586115080886
XTIUSD|orb|09:00|30|16:55|opp|none,XTIUSD,A_orb,range,09:00,30.0,16:55,opp,none,2008,-0.007650066953475854,0.9297353872196809,-0.0015676582613028196,0.2049208550508888,-0.4277038837166457,-0.021594682342605726,2005,251.6235059760956,-0.062301741453827116,7.552162098945177,0.3162094763092269,1840,-0.7341024363370465,0.2331498041832813,-0.1444510221061135,0.1967722962845366,-0.7464402689193219,-1.9836511871612552,1835,251.31521739130434,-5.747802445293214,1.8205899252789945,0.3405994550408719,3848,-0.3475573086396337,0.6035114420004151,-0.06989026467358236,0.20108990067605917,-0.8255125480395918,-1.3581373311281784,3840,251.47609147609145,-2.779201166335409,4.813246750331259,0.32786458333333335,0.9297353872196809,0.2331498041832813,0.6035114420004151,-0.9401945271765635,-1.6961407444788483,-1.2936284867493075
XTIUSD|orb|09:00|30|16:55|opp|narrow1.0,XTIUSD,A_orb,range,09:00,30.0,16:55,opp,narrow1.0,2008,0.17166250748069695,0.9368217614153416,0.025158642154463107,0.14655874788087983,-0.22726262607615066,0.4845705719603582,1160,145.5776892430279,1.7281935360619174,9.416986639510194,0.27241379310344827,1840,-0.430930369763598,0.4334774991826684,-0.055981250295301904,0.12990787891327407,-0.4743306761073811,-1.1644363201281225,1071,146.6804347826087,-3.816545156705478,3.826778839559697,0.30532212885154064,3848,-0.09823467958072259,0.7100946874505069,-0.013640059016942188,0.13885176879651462,-0.5577710658005708,-0.38386816284254144,2231,146.10498960498958,-0.9335792743163355,6.733386212012667,0.2882115643209323,0.9368217614153416,0.4334774991826684,0.7100946874505069,-0.590167189974423,-1.2870809792907403,-0.9012794691825835
XTIUSD|orb|09:00|30|16:55|opp|narrow0.75,XTIUSD,A_orb,range,09:00,30.0,16:55,opp,narrow0.75,2008,0.1079170392299775,0.6852358251707261,0.011372581794651702,0.10538263350995081,-0.24727209316308119,0.30462925301157495,626,78.56175298804781,1.447597763810323,9.185616933139398,0.2380191693290735,1840,-0.9900120814273827,-0.2881503946446096,-0.0784412525934027,0.07923262156589789,-0.47357868601656306,-2.6751561409145914,528,72.31304347826087,-10.847455565465745,-3.131546474556651,0.2556818181818182,3848,-0.3365237391971727,0.2868569824272751,-0.03157374234100842,0.09382322452594953,-0.5739613923629798,-1.3150218443209691,1154,75.57380457380457,-4.177868577487565,3.5500343687862665,0.24610051993067592,0.6852358251707261,-0.2881503946446096,0.2868569824272751,-0.4672672862182181,-1.6725833117866307,-0.9525851611159067
XTIUSD|orb|09:00|30|16:55|opp|trend,XTIUSD,A_orb,range,09:00,30.0,16:55,opp,trend,2008,-0.8121924012354687,0.18458474986183082,-0.12667435836487262,0.15596594867445399,-0.6706326246650095,-2.2926644972419687,1626,204.0597609561753,-6.207708848197548,1.4060672895638309,0.3013530135301353,1840,-0.21881258686966545,0.61110877735738,-0.03911611200201276,0.1787653651995443,-0.41470691018250405,-0.5912633254230938,1430,195.84782608695653,-1.9972706760934473,5.564967086144315,0.33706293706293705,3848,-0.5070440329336029,0.40224269352183933,-0.08480658983377538,0.16725685409038385,-0.8052526570383614,-1.9813579301447704,3056,200.13305613305613,-4.23751035797868,3.352149327885196,0.3180628272251309,0.18458474986183082,0.61110877735738,0.40224269352183933,-1.800621546759825,-1.0440256105373322,-1.4100003710233238
XTIUSD|orb|09:00|30|16:55|opp|trend+narrow1.0,XTIUSD,A_orb,range,09:00,30.0,16:55,opp,trend+narrow1.0,2008,-0.46910685059884055,0.3598991564843876,-0.053887895645926664,0.11487339308120488,-0.4070828117296492,-1.3241993155131069,987,123.86653386454184,-4.350480631423617,3.3263177475024244,0.2674772036474164,1840,-0.05615133416178098,0.663102374683171,-0.0071812390347523215,0.12789079978156928,-0.25508234548575204,-0.15172904373738577,878,120.24782608695652,-0.5972032317290502,7.039471027952046,0.30068337129840544,3848,-0.26020740677443577,0.5124080017661872,-0.031554151320417084,0.12126538483883445,-0.5489998664190985,-1.0168032269545455,1865,122.13617463617463,-2.583522155856951,5.074386691328037,0.2831099195710456,0.3598991564843876,0.663102374683171,0.5124080017661872,-1.2888727904167365,-0.7710224349236094,-1.0262635813685328
XTIUSD|orb|09:00|30|16:55|mid|none,XTIUSD,A_orb,range,09:00,30.0,16:55,mid,none,2008,-0.260177581245667,0.9392243501513919,-0.04256614969654035,0.16360421790664662,-0.44573955448841684,-0.7344317708376257,2005,251.6235059760956,-1.69166030540025,6.088389569911472,0.20349127182044888,1840,-0.9594661009975188,0.327986540034252,-0.14550264020037318,0.15164958933838296,-0.7103563770834652,-2.5926164743184104,1835,251.31521739130434,-5.789647030160603,1.9727507900028844,0.21471389645776567,3848,-0.5808826621104728,0.6580007939967883,-0.09178734058194901,0.1580135655081625,-0.8252209841579973,-2.269894514677988,3840,251.47609147609145,-3.6499430241333877,4.121671559199947,0.20885416666666667,0.9392243501513919,0.327986540034252,0.6580007939967883,-1.4523528357656614,-2.238560867330873,-1.8120583721359627
XTIUSD|orb|09:00|30|16:55|mid|narrow1.0,XTIUSD,A_orb,range,09:00,30.0,16:55,mid,narrow1.0,2008,0.05395708606356974,1.0123062192629804,0.006420049468131547,0.11898436213860294,-0.17838022991449076,0.15231057986309748,1160,145.5776892430279,0.4410050400933272,8.26169469526574,0.16982758620689656,1840,-0.6907708772983655,0.4533855846091343,-0.06924291924162576,0.10024006731788954,-0.48057879064522224,-1.8665630339635677,1071,146.6804347826087,-4.7206649846824424,3.086057704393187,0.1830065359477124,3848,-0.2694881688017588,0.7662246126244552,-0.029759748459611036,0.11043063074692137,-0.5496804656021965,-1.0530693305791807,2231,146.10498960498958,-2.0368742053279405,5.777110554869281,0.17615419094576423,1.0123062192629804,0.4533855846091343,0.7662246126244552,-0.8991923076559006,-1.8191371960016112,-1.2961412410786008
XTIUSD|orb|09:00|30|16:55|mid|narrow0.75,XTIUSD,A_orb,range,09:00,30.0,16:55,mid,narrow0.75,2008,0.09001985052542949,0.7703931545461319,0.008154333836136366,0.0905837300166686,-0.1854235203462885,0.25410889714399865,626,78.56175298804781,1.0379521237741416,8.883000047096825,0.14376996805111822,1840,-1.048323094910077,-0.10425032563130311,-0.06286587603487577,0.059968034988553104,-0.4102228577850625,-2.8327209512109244,528,72.31304347826087,-8.693573525746407,-0.8564523136251957,0.1534090909090909,3848,-0.33301092730497706,0.43285047597205434,-0.025805433877653217,0.07749125257388376,-0.48038065688793896,-1.3012949542529815,1154,75.57380457380457,-3.4146003397846543,4.4268208040628325,0.14818024263431542,0.7703931545461319,-0.10425032563130311,0.43285047597205434,-0.5879907834974005,-1.9581658267338715,-1.089045340540821
XTIUSD|orb|09:00|30|16:55|mid|trend,XTIUSD,A_orb,range,09:00,30.0,16:55,mid,trend,2008,-0.7410727188959612,0.5496309610021931,-0.09122175991710194,0.12309420869385494,-0.5469434973733258,-2.0919071760618078,1626,204.0597609561753,-4.470345328724219,3.3027174019030867,0.2023370233702337,1840,-0.289482490259957,0.8193819030200666,-0.03968197626656379,0.1370790206721282,-0.3630614492992208,-0.7822236476040169,1430,195.84782608695653,-2.0261637343344807,5.718591510420764,0.22727272727272727,3848,-0.5122790870241931,0.6849775501567357,-0.06657695692412112,0.12996227761485202,-0.708473607654775,-2.001814764785177,3056,200.13305613305613,-3.326634700459388,4.433182053467314,0.21400523560209425,0.5496309610021931,0.8193819030200666,0.6849775501567357,-2.0187305269785507,-1.3900525902240732,-1.699035633363156
XTIUSD|orb|09:00|30|16:55|mid|trend+narrow1.0,XTIUSD,A_orb,range,09:00,30.0,16:55,mid,trend+narrow1.0,2008,-0.4676918350176087,0.6225412322462951,-0.04159109443586662,0.08892841679457739,-0.33279732175503884,-1.3202049959637,987,123.86653386454184,-3.3577345823973634,4.453815569578321,0.17325227963525835,1840,-0.011946175132596933,0.9401575170405523,-0.001177124072185975,0.09853564501779447,-0.2733933446268926,-0.03228029674176454,878,120.24782608695652,-0.09789150544266455,7.692541296379659,0.1958997722095672,3848,-0.23778213465773312,0.7816888614603195,-0.02226632690229792,0.09364171506975652,-0.41523147799789906,-0.9291727888503631,1865,122.13617463617463,-1.8230738737827654,5.978534705305706,0.1839142091152815,0.6225412322462951,0.9401575170405523,0.7816888614603195,-1.5428716577707884,-0.9574561591353826,-1.2468448306721813
XTIUSD|orb|09:00|30|16:55|opp_rev|none,XTIUSD,A_orb,range,09:00,30.0,16:55,opp_rev,none,2008,-0.48736215542379263,0.7989867571740111,-0.11828716100755562,0.2427089581970052,-0.7684172011109384,-1.3757305649988596,3231,405.4840637450199,-2.9171839680964133,4.701509934720054,0.3051686784277314,1840,-0.7449059266664803,0.49881722087140845,-0.17804913550999077,0.23902231024899528,-0.7873209946462122,-2.0128437839388895,2856,391.1478260869565,-4.551965360288323,2.9995052279469716,0.3438375350140056,3848,-0.6095714624523104,0.6565646411114484,-0.14686357293179697,0.24092921335418785,-0.9354700328702781,-2.382000719211675,6087,398.62889812889813,-3.6842179184989265,3.902935030408583,0.3233119763430261,0.7989867571740111,0.49881722087140845,0.6565646411114484,-1.730079325107823,-1.9484998708904944,-1.8337856218225763
XTIUSD|orb|09:00|30|16:55|opp_rev|narrow1.0,XTIUSD,A_orb,range,09:00,30.0,16:55,opp_rev,narrow1.0,2008,-0.19801667564044687,0.8933922157707225,-0.034687131938499156,0.1751727819200595,-0.47135651988962457,-0.5589633705168251,1955,245.34860557768923,-1.4137896507227379,6.2716323441621755,0.27058823529411763,1840,-0.3155989694690383,0.7953667304383083,-0.05243077592767122,0.16613101118764875,-0.47313884511227067,-0.8527941598693936,1746,239.12608695652173,-2.1925995860587255,5.433975442578162,0.3104238258877434,3848,-0.2526314212517487,0.8476166750642123,-0.04317161866928829,0.170887763902763,-0.6303341327239278,-0.9871988178321456,3701,242.37318087318087,-1.781204443237364,5.876455648629701,0.2893812483112672,0.8933922157707225,0.7953667304383083,0.8476166750642123,-1.2487728844212573,-1.384812283305677,-1.3117378042329269
XTIUSD|orb|09:00|30|16:55|opp_rev|narrow0.75,XTIUSD,A_orb,range,09:00,30.0,16:55,opp_rev,narrow0.75,2008,-0.279883589527501,0.5676550621667409,-0.03522614648912385,0.1258599925368707,-0.3906718983763042,-0.790058079950334,1086,136.29083665338646,-2.5846305851589015,5.1547800962407315,0.2302025782688766,1840,-0.7884672292521204,0.07114197039148168,-0.08748101304072028,0.11095072793792339,-0.5297042461576221,-2.1305527375005453,904,123.80869565217391,-7.065821393231374,0.6244440934942898,0.2643805309734513,3848,-0.506159699926336,0.3455525541942822,-0.06021288101483525,0.1189602432267886,-0.6745218131413939,-1.9779022535111266,1990,130.32224532224532,-4.620307213549614,3.096778213586066,0.2457286432160804,0.5676550621667409,0.07114197039148168,0.3455525541942822,-1.092669277222794,-1.6016031053523783,-1.318382366019477
XTIUSD|orb|09:00|30|16:55|opp_rev|trend,XTIUSD,A_orb,range,09:00,30.0,16:55,opp_rev,trend,2008,-0.8121924012354687,0.18458474986183082,-0.12667435836487262,0.15596594867445399,-0.6706326246650095,-2.2926644972419687,1626,204.0597609561753,-6.207708848197548,1.4060672895638309,0.3013530135301353,1840,-0.21881258686966545,0.61110877735738,-0.03911611200201276,0.1787653651995443,-0.41470691018250405,-0.5912633254230938,1430,195.84782608695653,-1.9972706760934473,5.564967086144315,0.33706293706293705,3848,-0.5070440329336029,0.40224269352183933,-0.08480658983377538,0.16725685409038385,-0.8052526570383614,-1.9813579301447704,3056,200.13305613305613,-4.23751035797868,3.352149327885196,0.3180628272251309,0.18458474986183082,0.61110877735738,0.40224269352183933,-1.800621546759825,-1.0440256105373322,-1.4100003710233238
XTIUSD|orb|09:00|30|16:55|opp_rev|trend+narrow1.0,XTIUSD,A_orb,range,09:00,30.0,16:55,opp_rev,trend+narrow1.0,2008,-0.46910685059884055,0.3598991564843876,-0.053887895645926664,0.11487339308120488,-0.4070828117296492,-1.3241993155131069,987,123.86653386454184,-4.350480631423617,3.3263177475024244,0.2674772036474164,1840,-0.05615133416178098,0.663102374683171,-0.0071812390347523215,0.12789079978156928,-0.25508234548575204,-0.15172904373738577,878,120.24782608695652,-0.5972032317290502,7.039471027952046,0.30068337129840544,3848,-0.26020740677443577,0.5124080017661872,-0.031554151320417084,0.12126538483883445,-0.5489998664190985,-1.0168032269545455,1865,122.13617463617463,-2.583522155856951,5.074386691328037,0.2831099195710456,0.3598991564843876,0.663102374683171,0.5124080017661872,-1.2888727904167365,-0.7710224349236094,-1.0262635813685328
XTIUSD|orb|09:00|30|16:55|mid_rev|none,XTIUSD,A_orb,range,09:00,30.0,16:55,mid_rev,none,2008,-0.6713861021634481,0.9665580742836238,-0.13052893186807668,0.1944170894325417,-0.7477657764678078,-1.8951951262168332,3231,405.4840637450199,-3.219089072515487,4.563021729093923,0.1962240792324358,1840,-1.068768045287254,0.5864696957458339,-0.19682234102819496,0.1841581453488299,-0.8030525339699872,-2.88796617051506,2856,391.1478260869565,-5.0319170375355515,2.718783242576493,0.22338935574229693,3848,-0.8557808193474481,0.7896862333641004,-0.16222848302572157,0.18956779511537125,-0.9430656782192909,-3.344104264613039,6087,398.62889812889813,-4.0696618781828615,3.6977112120093523,0.20896993592902907,0.9665580742836238,0.5864696957458339,0.7896862333641004,-2.2577158461255267,-2.6711921817165276,-2.4491866871775385
XTIUSD|orb|09:00|30|16:55|mid_rev|narrow1.0,XTIUSD,A_orb,range,09:00,30.0,16:55,mid_rev,narrow1.0,2008,-0.15476547756912568,1.2127671906172792,-0.021975556287048722,0.14199262414470556,-0.4211550830076549,-0.43687347392279124,1955,245.34860557768923,-0.8956870260299962,6.920681260415016,0.17135549872122763,1840,-0.6079375793565878,0.8654284648926571,-0.07765725914113429,0.12773886954532906,-0.5184255767409724,-1.642735456686261,1746,239.12608695652173,-3.2475444285279527,4.549133692892436,0.19072164948453607,3848,-0.3590540093000437,1.0545027207011755,-0.048600902766133304,0.1353581954449642,-0.6337337276716748,-1.4030625793205518,3701,242.37318087318087,-2.0052095941903403,5.801869573602148,0.18049175898405836,1.2127671906172792,0.8654284648926571,1.0545027207011755,-1.4757290304482242,-2.0207364701359998,-1.7202554363632803
XTIUSD|orb|09:00|30|16:55|mid_rev|narrow0.75,XTIUSD,A_orb,range,09:00,30.0,16:55,mid_rev,narrow0.75,2008,-0.09033483971099317,0.9235954229720758,-0.009619748318743768,0.10648990300442307,-0.2992796472121523,-0.2549980516370209,1086,136.29083665338646,-0.7058250249947914,7.134874790843145,0.14732965009208104,1840,-0.9584963708043864,0.22398088567151145,-0.07891610732408472,0.08233323539645435,-0.487823116695142,-2.589996122779419,904,123.80869565217391,-6.37403591956015,1.4567162928292308,0.1592920353982301,3848,-0.44669134909112473,0.6296888180610788,-0.04275522143980077,0.09571535586438844,-0.5963345211643145,-1.7455198944519745,1990,130.32224532224532,-3.2807308786063913,4.555450025916221,0.1527638190954774,0.9235954229720758,0.22398088567151145,0.6296888180610788,-1.0715175802477572,-2.061157072672953,-1.4749105241154088
XTIUSD|orb|09:00|30|16:55|mid_rev|trend,XTIUSD,A_orb,range,09:00,30.0,16:55,mid_rev,trend,2008,-0.7410727188959612,0.5496309610021931,-0.09122175991710194,0.12309420869385494,-0.5469434973733258,-2.0919071760618078,1626,204.0597609561753,-4.470345328724219,3.3027174019030867,0.2023370233702337,1840,-0.289482490259957,0.8193819030200666,-0.03968197626656379,0.1370790206721282,-0.3630614492992208,-0.7822236476040169,1430,195.84782608695653,-2.0261637343344807,5.718591510420764,0.22727272727272727,3848,-0.5122790870241931,0.6849775501567357,-0.06657695692412112,0.12996227761485202,-0.708473607654775,-2.001814764785177,3056,200.13305613305613,-3.326634700459388,4.433182053467314,0.21400523560209425,0.5496309610021931,0.8193819030200666,0.6849775501567357,-2.0187305269785507,-1.3900525902240732,-1.699035633363156
XTIUSD|orb|09:00|30|16:55|mid_rev|trend+narrow1.0,XTIUSD,A_orb,range,09:00,30.0,16:55,mid_rev,trend+narrow1.0,2008,-0.4676918350176087,0.6225412322462951,-0.04159109443586662,0.08892841679457739,-0.33279732175503884,-1.3202049959637,987,123.86653386454184,-3.3577345823973634,4.453815569578321,0.17325227963525835,1840,-0.011946175132596933,0.9401575170405523,-0.001177124072185975,0.09853564501779447,-0.2733933446268926,-0.03228029674176454,878,120.24782608695652,-0.09789150544266455,7.692541296379659,0.1958997722095672,3848,-0.23778213465773312,0.7816888614603195,-0.02226632690229792,0.09364171506975652,-0.41523147799789906,-0.9291727888503631,1865,122.13617463617463,-1.8230738737827654,5.978534705305706,0.1839142091152815,0.6225412322462951,0.9401575170405523,0.7816888614603195,-1.5428716577707884,-0.9574561591353826,-1.2468448306721813
XTIUSD|orb|09:00|60|14:30|none|none,XTIUSD,A_orb,range,09:00,60.0,14:30,none,none,2008,0.0734506628850556,0.7533235232272439,0.01856339740053154,0.25273287770842545,-0.6255533118536698,0.20733723541281188,1956,245.47410358565736,0.7562263036864059,7.756226303686403,0.49079754601226994,1840,-0.25854264676985445,0.4270024511187132,-0.06482694898396939,0.25073986746053567,-0.6928858463210521,-0.6986197059307503,1793,245.56304347826088,-2.6399309955493524,4.360069004450645,0.47518126045733405,3848,-0.08464873499199917,0.5979734100506533,-0.021311404404947085,0.2517628220547112,-0.8454556272061174,-0.3307788504732949,3749,245.516632016632,-0.8680228394263485,6.131977160573649,0.48332888770338756,0.7533235232272439,0.4270024511187132,0.5979734100506533,-0.6064329478538243,-0.9440498085914315,-0.7672584771788037
XTIUSD|orb|09:00|60|14:30|none|narrow1.0,XTIUSD,A_orb,range,09:00,60.0,14:30,none,narrow1.0,2008,0.16181623803071787,0.6762938659159277,0.03174852193874986,0.19620108788292914,-0.41955993663035385,0.4567764281541536,1150,144.32270916334662,2.1998285732577516,9.19982857325775,0.4965217391304348,1840,-0.4700775529578919,0.0807746350532073,-0.08754240708557084,0.18622971153317897,-0.6365374862646721,-1.2702176832916239,1070,146.54347826086956,-5.97381801800365,1.026181981996348,0.4738317757009346,3848,-0.13207087982478366,0.3992511939491553,-0.025292878634210158,0.19150988217664497,-0.7332977392494385,-0.5160886788629241,2220,145.3846153846154,-1.7397218108186887,5.260278189181308,0.48558558558558557,0.6762938659159277,0.0807746350532073,0.3992511939491553,-0.3530422376333883,-1.0197092897976459,-0.6630676231858091
XTIUSD|orb|09:00|60|14:30|none|narrow0.75,XTIUSD,A_orb,range,09:00,60.0,14:30,none,narrow0.75,2008,-0.11874126937579306,0.3058060022295237,-0.015377151868919367,0.12950132628491337,-0.3420307892985981,-0.3351839936463534,626,78.56175298804781,-1.9573330894562417,5.042666910543754,0.5015974440894568,1840,-0.32771012312157954,0.03533161896410702,-0.04353170911884587,0.13283602198243882,-0.44077411598557314,-0.885520252484792,503,68.88913043478261,-6.319096908917641,0.680903091082358,0.4572564612326044,3848,-0.2199962392154824,0.17482128407860753,-0.028839829971794826,0.1310923771908061,-0.5800960795534427,-0.8596714779378967,1129,73.93659043659044,-3.9006167043269984,3.099383295672999,0.4818423383525244,0.3058060022295237,0.03533161896410702,0.17482128407860753,-0.5427266763690086,-0.6893884413606143,-0.6138326567484188
XTIUSD|orb|09:00|60|14:30|none|trend,XTIUSD,A_orb,range,09:00,60.0,14:30,none,trend,2008,-0.5064056653330428,0.1289614488223412,-0.09781905395121776,0.19316342736190772,-0.6420332240656066,-1.4294867673536211,1397,175.3207171314741,-5.579434966482748,1.4205650335172486,0.47888332140300643,1840,0.043061456533855035,0.5832696115427195,0.008983338317715743,0.208616685101049,-0.4306354065180963,0.11635829707975,1176,161.0608695652174,0.5577604505654397,7.5577604505654365,0.4744897959183674,3848,-0.23292765153905642,0.3547386021778929,-0.04674930297023086,0.200703105283282,-0.7836411513575567,-0.910203097858647,2573,168.502079002079,-2.7744051139958943,4.2255948860041,0.4768752429071123,0.1289614488223412,0.5832696115427195,0.3547386021778929,-1.1407093229333651,-0.4972312121995555,-0.8201196539306613
XTIUSD|orb|09:00|60|14:30|none|trend+narrow1.0,XTIUSD,A_orb,range,09:00,60.0,14:30,none,trend+narrow1.0,2008,-0.36095594497652356,0.12017052495459604,-0.057211365998212256,0.15849958088911173,-0.46608636105488666,-1.0189099022070016,868,108.93227091633466,-5.2520126053512115,1.7479873946487867,0.4815668202764977,1840,-0.2964719794139338,0.15802909007483693,-0.04715502964365096,0.15905391712521064,-0.5102447138223651,-0.8011102603867201,754,103.26521739130435,-4.5664000749609395,2.433599925039059,0.4708222811671088,3848,-0.33010719860987225,0.1383251698283147,-0.05240272283490853,0.1587445625408466,-0.730208786881209,-1.2899481569270215,1622,106.22245322245321,-4.933299998745621,2.0667000012543757,0.47657213316892727,0.12017052495459604,0.15802909007483693,0.1383251698283147,-0.8407784062105288,-0.7499245789152046,-0.7973584619247868
XTIUSD|orb|09:00|60|14:30|opp|none,XTIUSD,A_orb,range,09:00,60.0,14:30,opp,none,2008,-0.18553816107796922,0.6992543742794644,-0.038570396185827936,0.2078838981788733,-0.5026289439503618,-0.5237388999699563,1956,245.47410358565736,-1.5712613111699956,5.908800038523257,0.36809815950920244,1840,-0.2968413220103609,0.5438383637347219,-0.06408375354095223,0.21588555497241546,-0.5487796259396667,-0.8021082776164782,1793,245.56304347826088,-2.6096660406729897,4.771817506454729,0.4143892916899052,3848,-0.23979654755357713,0.6234274107268218,-0.050770130472062,0.2117216906999821,-0.7216955526750596,-0.9370444384636603,3749,245.516632016632,-2.0678896600627312,5.3650257840557,0.3902373966391038,0.6992543742794644,0.5438383637347219,0.6234274107268218,-1.0663707439039805,-1.1341603536562033,-1.0993643940423274
XTIUSD|orb|09:00|60|14:30|opp|narrow1.0,XTIUSD,A_orb,range,09:00,60.0,14:30,opp,narrow1.0,2008,-0.019092017471603082,0.6886036234954381,-0.00294539346866227,0.15427355820531613,-0.3646923144623918,-0.0538931299668459,1150,144.32270916334662,-0.20408385386728178,7.348090059176197,0.34347826086956523,1840,-0.38920740567558876,0.37796977323150394,-0.05561781823690745,0.14290020545823295,-0.46626904244664424,-1.0516948236442902,1070,146.54347826086956,-3.7953117325289187,3.6757163048542605,0.39345794392523364,3848,-0.18888822176585726,0.5456964833907247,-0.028131792006492615,0.14893354251258886,-0.5833453292755058,-0.7381117847722187,2220,145.3846153846154,-1.9349909845735667,5.578072078489499,0.3675675675675676,0.6886036234954381,0.37796977323150394,0.5456964833907247,-0.7232707452740352,-1.150298350185787,-0.918857618767858
XTIUSD|orb|09:00|60|14:30|opp|narrow0.75,XTIUSD,A_orb,range,09:00,60.0,14:30,opp,narrow0.75,2008,-0.4144626960103408,0.2737438988918195,-0.03606444489094812,0.08701493581475017,-0.3348900026560958,-1.1699492720304492,626,78.56175298804781,-4.590585560945271,3.0196380812272534,0.3242811501597444,1840,0.054714253246101296,0.5529340904573051,0.005714785796823606,0.10444784416811571,-0.25528539617872137,0.1478458428061114,503,68.88913043478261,0.8295627714787002,8.376282453387251,0.36182902584493043,3848,-0.16801933097308283,0.4184317403135363,-0.0160868501753816,0.09574404374910148,-0.43898090725295313,-0.6565631626015612,1129,73.93659043659044,-2.175763053231136,5.406167859080645,0.3410097431355182,0.2737438988918195,0.5529340904573051,0.4184317403135363,-1.0926027825015405,-0.4414983735066725,-0.7493613186682683
XTIUSD|orb|09:00|60|14:30|opp|trend,XTIUSD,A_orb,range,09:00,60.0,14:30,opp,trend,2008,-0.7960863137218301,0.08480471752723652,-0.11905601591955324,0.14955164266415716,-0.6487582627163923,-2.247200078988583,1397,175.3207171314741,-6.790755700039281,0.7210553235827664,0.33858267716535434,1840,0.09702047547825185,0.747325133028872,0.01778272015760078,0.18328832207781712,-0.32376218749344443,0.26216338733552774,1176,161.0608695652174,1.1040993511089998,8.49440547355798,0.413265306122449,3848,-0.32192544501809095,0.43325834066602986,-0.05362377205729664,0.16657202121529474,-0.7600573567857335,-1.257976609470335,2573,168.502079002079,-3.1823804415276693,4.273896278254687,0.37271667314418966,0.08480471752723652,0.747325133028872,0.43325834066602986,-1.6690411165303622,-0.551200538780888,-1.0727147621060746
XTIUSD|orb|09:00|60|14:30|opp|trend+narrow1.0,XTIUSD,A_orb,range,09:00,60.0,14:30,opp,trend+narrow1.0,2008,-0.49033672817855123,0.2199514233619407,-0.056927258107014884,0.11609829497880363,-0.4442380211241227,-1.3841272174902206,868,108.93227091633466,-5.225931455219346,2.336280526347475,0.32027649769585254,1840,-0.1552459384224296,0.4560750137792979,-0.01958788033895371,0.12617322255255667,-0.38015737383974624,-0.4194970276767009,754,103.26521739130435,-1.8968517022270044,5.562034239417561,0.38992042440318303,3848,-0.3228869388258253,0.33758653011425366,-0.039072669985072944,0.1210103763477094,-0.6316365441789066,-1.261733804619083,1622,106.22245322245321,-3.6783814344078625,3.835798590253051,0.3526510480887793,0.2199514233619407,0.4560750137792979,0.33758653011425366,-1.1927213298942727,-0.7626497261459876,-0.9776068009998062
XTIUSD|orb|09:00|60|14:30|mid|none,XTIUSD,A_orb,range,09:00,60.0,14:30,mid,none,2008,-0.3302532107504563,0.7447603855650988,-0.05815981530600794,0.17610673693027096,-0.5337509246879009,-0.9322419296659082,1956,245.47410358565736,-2.369285169248546,5.328056344043889,0.26278118609406953,1840,-0.2529295415611677,0.7604950357182135,-0.04685076196714725,0.18523246307239682,-0.478224345252251,-0.6834522820676311,1793,245.56304347826088,-1.907891403508152,5.722337263530331,0.3078639152258784,3848,-0.29224806739370446,0.7523381450083604,-0.05275215986330948,0.18050473467201397,-0.723349409740726,-1.142007376656823,3749,245.516632016632,-2.148618585633575,5.516625479450449,0.28434249133102163,0.7447603855650988,0.7604950357182135,0.7523381450083604,-1.3990806124099935,-1.2611993920661808,-1.3311732941886758
XTIUSD|orb|09:00|60|14:30|mid|narrow1.0,XTIUSD,A_orb,range,09:00,60.0,14:30,mid,narrow1.0,2008,0.06772478379004039,0.9124769684578573,0.008975458214821094,0.13252841445233265,-0.2669725517410573,0.19117416900555126,1150,144.32270916334662,0.6219020046708343,8.366249830757791,0.23565217391304347,1840,-0.27789603098303345,0.6536417274707669,-0.03369496618738298,0.12125026063952737,-0.37883409754216213,-0.75091535524315,1070,146.54347826086956,-2.299315301319711,5.394142642605524,0.2719626168224299,3848,-0.08980897575422203,0.7937703521423615,-0.011428279025318067,0.1272509671705148,-0.44874402666077917,-0.35094333973181546,2220,145.3846153846154,-0.7860721022705547,6.9337477175492666,0.2531531531531532,0.9124769684578573,0.6536417274707669,0.7937703521423615,-0.7728130098846993,-1.2016235074087218,-0.967667453147704
XTIUSD|orb|09:00|60|14:30|mid|narrow0.75,XTIUSD,A_orb,range,09:00,60.0,14:30,mid,narrow0.75,2008,-0.3900310781153013,0.49222078071296804,-0.027073642547445608,0.06941406484393554,-0.30252110778730135,-1.1009834667939884,626,78.56175298804781,-3.4461606975043595,4.331794574061136,0.2124600638977636,1840,0.09043443805988452,0.6656444307786754,0.008390788505174386,0.09278311100488196,-0.1827572992112444,0.24436695962058883,503,68.88913043478261,1.218013415500715,8.963540254466919,0.23658051689860835,3848,-0.12423008392430893,0.5816741585524261,-0.01011559859297035,0.08142632020705706,-0.3737906391425009,-0.48544947964748514,1129,73.93659043659044,-1.3681451272284053,6.395362401558132,0.22320637732506643,0.49222078071296804,0.6656444307786754,0.5816741585524261,-1.2568459509515555,-0.4828720566299655,-0.8238936092663298
XTIUSD|orb|09:00|60|14:30|mid|trend,XTIUSD,A_orb,range,09:00,60.0,14:30,mid,trend,2008,-0.8063826083109631,0.2879034395416207,-0.09965907925543208,0.12358783315549986,-0.5887825569902941,-2.2762645580722842,1397,175.3207171314741,-5.684386927341685,2.02141121152732,0.2462419470293486,1840,0.22381169704723847,1.0006248792384789,0.03547661683458874,0.15851100412817534,-0.25040270853788904,0.604771645716884,1176,161.0608695652174,2.202683800873397,9.835336862097886,0.31462585034013607,3848,-0.24779363125735568,0.6680382986563804,-0.03504117883816641,0.14141275003865225,-0.6664772831193676,-0.9682943579683595,2573,168.502079002079,-2.079569524939456,5.592797361962993,0.27749708511465215,0.2879034395416207,1.0006248792384789,0.6680382986563804,-1.8880815796914305,-0.550285655314817,-1.157283477227615
XTIUSD|orb|09:00|60|14:30|mid|trend+narrow1.0,XTIUSD,A_orb,range,09:00,60.0,14:30,mid,trend+narrow1.0,2008,-0.37048820894508977,0.5217791814974542,-0.0350886839360498,0.09470931351893662,-0.3239827371287587,-1.0458176683296923,868,108.93227091633466,-3.221146831961267,4.52194072564242,0.2269585253456221,1840,0.033104983348254416,0.7788104911410936,0.0035260018378757783,0.10650969978698692,-0.22978085925870562,0.0894544633953076,754,103.26521739130435,0.34145106425473815,8.023148676986835,0.28249336870026526,3848,-0.16538442165170686,0.651243284041622,-0.016624281175129048,0.10051902717983402,-0.42913612592193173,-0.6462668211794657,1622,106.22245322245321,-1.5650439874810784,6.149505950866642,0.2527743526510481,0.5217791814974542,0.7788104911410936,0.651243284041622,-1.251888887606917,-0.7085594213547556,-0.9749827010275839
XTIUSD|orb|09:00|60|14:30|opp_rev|none,XTIUSD,A_orb,range,09:00,60.0,14:30,opp_rev,none,2008,-0.7036083968133587,0.43354106582862095,-0.16304227704612045,0.23172304052160078,-0.8030256660909629,-1.9861525284913988,2779,348.7589641434263,-4.674927207865823,2.840006221425291,0.33933069449442244,1840,-0.3210440630890971,0.6765350040530065,-0.07786844010286045,0.24254751623066204,-0.6083742882988108,-0.8675075920676688,2376,325.40869565217395,-2.392942817548221,4.987107687502285,0.4132996632996633,3848,-0.5162155870411953,0.5525802214998918,-0.12231466270734746,0.23694492335735387,-0.9018536819839574,-2.0171972858663865,5155,337.5935550935551,-3.6231338205923733,3.8296304859061716,0.3734238603297769,0.43354106582862095,0.6765350040530065,0.5525802214998918,-1.8078824797911195,-1.2961095843867037,-1.5574333590661145
XTIUSD|orb|09:00|60|14:30|opp_rev|narrow1.0,XTIUSD,A_orb,range,09:00,60.0,14:30,opp_rev,narrow1.0,2008,-0.4259674947923916,0.5081037861788237,-0.07502645771189542,0.17613188477787933,-0.5614603613473157,-1.2024251283366612,1717,215.4800796812749,-3.481828010406809,4.090099770606587,0.32032615026208505,1840,-0.24192209484727867,0.6956257614043356,-0.0402993262383362,0.16657976719231243,-0.4954938479360331,-0.6537085655768236,1514,207.3521739130435,-1.9435207973867885,5.508262557963279,0.3996036988110964,3848,-0.34042480261156066,0.5950532820117811,-0.058420968649694566,0.17161196305768414,-0.704111820183829,-1.3302658910507477,3231,211.5935550935551,-2.760999437051095,4.7546303989130045,0.3574744661095636,0.5081037861788237,0.6956257614043356,0.5950532820117811,-1.3280149877477152,-1.1494441888877673,-1.2447730946412512
XTIUSD|orb|09:00|60|14:30|opp_rev|narrow0.75,XTIUSD,A_orb,range,09:00,60.0,14:30,opp_rev,narrow0.75,2008,-0.6962328772675709,0.19460721181946247,-0.07280663098247092,0.10457223920278969,-0.507225917257943,-1.9653328412034854,968,121.4820717131474,-5.993199651252854,1.636965638003345,0.29855371900826444,1840,0.21092165312035574,0.8560883398300201,0.0255645382078564,0.12120395336209891,-0.25897563627237785,0.5699408786842816,750,102.71739130434783,2.488822767325701,10.002156100659036,0.38,3848,-0.22832435842559834,0.5356748876937362,-0.025768441972543084,0.11285892644231377,-0.5510310929914495,-0.8922149731146065,1718,112.5093555093555,-2.290337710662681,5.2888241054025125,0.3341094295692666,0.19460721181946247,0.8560883398300201,0.5356748876937362,-1.5361025871748621,-0.41960861618483747,-0.9628291916461226
XTIUSD|orb|09:00|60|14:30|opp_rev|trend,XTIUSD,A_orb,range,09:00,60.0,14:30,opp_rev,trend,2008,-0.7960863137218301,0.08480471752723652,-0.11905601591955324,0.14955164266415716,-0.6487582627163923,-2.247200078988583,1397,175.3207171314741,-6.790755700039281,0.7210553235827664,0.33858267716535434,1840,0.09702047547825185,0.747325133028872,0.01778272015760078,0.18328832207781712,-0.32376218749344443,0.26216338733552774,1176,161.0608695652174,1.1040993511089998,8.49440547355798,0.413265306122449,3848,-0.32192544501809095,0.43325834066602986,-0.05362377205729664,0.16657202121529474,-0.7600573567857335,-1.257976609470335,2573,168.502079002079,-3.1823804415276693,4.273896278254687,0.37271667314418966,0.08480471752723652,0.747325133028872,0.43325834066602986,-1.6690411165303622,-0.551200538780888,-1.0727147621060746
XTIUSD|orb|09:00|60|14:30|opp_rev|trend+narrow1.0,XTIUSD,A_orb,range,09:00,60.0,14:30,opp_rev,trend+narrow1.0,2008,-0.49033672817855123,0.2199514233619407,-0.056927258107014884,0.11609829497880363,-0.4442380211241227,-1.3841272174902206,868,108.93227091633466,-5.225931455219346,2.336280526347475,0.32027649769585254,1840,-0.1552459384224296,0.4560750137792979,-0.01958788033895371,0.12617322255255667,-0.38015737383974624,-0.4194970276767009,754,103.26521739130435,-1.8968517022270044,5.562034239417561,0.38992042440318303,3848,-0.3228869388258253,0.33758653011425366,-0.039072669985072944,0.1210103763477094,-0.6316365441789066,-1.261733804619083,1622,106.22245322245321,-3.6783814344078625,3.835798590253051,0.3526510480887793,0.2199514233619407,0.4560750137792979,0.33758653011425366,-1.1927213298942727,-0.7626497261459876,-0.9776068009998062
XTIUSD|orb|09:00|60|14:30|mid_rev|none,XTIUSD,A_orb,range,09:00,60.0,14:30,mid_rev,none,2008,-0.8456325647610856,0.5486772526882747,-0.16412413427768635,0.1940844535996032,-0.7988594309360024,-2.387059711455406,2779,348.7589641434263,-4.705947406421093,3.015175299588264,0.23929471032745592,1840,-0.357712400833323,0.8747844858476997,-0.07262130105938182,0.2030158889940746,-0.5373402433619777,-0.9665907555298425,2376,325.40869565217395,-2.231695158417216,5.4029849762629185,0.30597643097643096,3848,-0.6067033784840855,0.7083297742762136,-0.12037018076373618,0.1984003798767269,-0.8987886281350573,-2.370793209516935,5155,337.5935550935551,-3.5655355070501504,4.115744803328123,0.27002909796314256,0.5486772526882747,0.8747844858476997,0.7083297742762136,-2.2029910668773303,-1.5643304157399782,-1.8903847135002234
XTIUSD|orb|09:00|60|14:30|mid_rev|narrow1.0,XTIUSD,A_orb,range,09:00,60.0,14:30,mid_rev,narrow1.0,2008,-0.30636347441965284,0.8325253965930867,-0.0453839562061863,0.14813762081840062,-0.4704766105809991,-0.8648057529043558,1717,215.4800796812749,-2.1061787369540372,5.650373388846779,0.2201514269073966,1840,-0.28262911859347056,0.877088610572601,-0.039222584978081766,0.13877757951224745,-0.43378610859703726,-0.7637048440020064,1514,207.3521739130435,-1.891592657935211,5.795989904812479,0.2774108322324967,3848,-0.2952818341851486,0.8527714194188613,-0.042437770379857735,0.14371954338799003,-0.5919937710537893,-1.153862319225933,3231,211.5935550935551,-2.005626795253479,5.71860718803343,0.24698235840297122,0.8325253965930867,0.877088610572601,0.8527714194188613,-1.4100314583064402,-1.406719761178556,-1.4079320334759693
XTIUSD|orb|09:00|60|14:30|mid_rev|narrow0.75,XTIUSD,A_orb,range,09:00,60.0,14:30,mid_rev,narrow0.75,2008,-0.5284576949692505,0.6060962196540519,-0.04450686267605401,0.08422029445260276,-0.3768875015482894,-1.4917354480383394,968,121.4820717131474,-3.6636568712086963,4.123533211435932,0.1993801652892562,1840,0.06078536790144969,0.8357247208867994,0.006285730667602435,0.10340861435260845,-0.19665264453947184,0.1642508745801031,750,102.71739130434783,0.6119441496501852,8.341277482983518,0.24933333333333332,3848,-0.21535754063154805,0.7241079505183506,-0.02021934402939916,0.09388732788322528,-0.4356721259058681,-0.841545000496374,1718,112.5093555093555,-1.7971255757231543,5.96480690390432,0.22118742724097787,0.6060962196540519,0.8357247208867994,0.7241079505183506,-1.6020938767689619,-0.696026020574998,-1.1205680390692088
XTIUSD|orb|09:00|60|14:30|mid_rev|trend,XTIUSD,A_orb,range,09:00,60.0,14:30,mid_rev,trend,2008,-0.8063826083109631,0.2879034395416207,-0.09965907925543208,0.12358783315549986,-0.5887825569902941,-2.2762645580722842,1397,175.3207171314741,-5.684386927341685,2.02141121152732,0.2462419470293486,1840,0.22381169704723847,1.0006248792384789,0.03547661683458874,0.15851100412817534,-0.25040270853788904,0.604771645716884,1176,161.0608695652174,2.202683800873397,9.835336862097886,0.31462585034013607,3848,-0.24779363125735568,0.6680382986563804,-0.03504117883816641,0.14141275003865225,-0.6664772831193676,-0.9682943579683595,2573,168.502079002079,-2.079569524939456,5.592797361962993,0.27749708511465215,0.2879034395416207,1.0006248792384789,0.6680382986563804,-1.8880815796914305,-0.550285655314817,-1.157283477227615
XTIUSD|orb|09:00|60|14:30|mid_rev|trend+narrow1.0,XTIUSD,A_orb,range,09:00,60.0,14:30,mid_rev,trend+narrow1.0,2008,-0.37048820894508977,0.5217791814974542,-0.0350886839360498,0.09470931351893662,-0.3239827371287587,-1.0458176683296923,868,108.93227091633466,-3.221146831961267,4.52194072564242,0.2269585253456221,1840,0.033104983348254416,0.7788104911410936,0.0035260018378757783,0.10650969978698692,-0.22978085925870562,0.0894544633953076,754,103.26521739130435,0.34145106425473815,8.023148676986835,0.28249336870026526,3848,-0.16538442165170686,0.651243284041622,-0.016624281175129048,0.10051902717983402,-0.42913612592193173,-0.6462668211794657,1622,106.22245322245321,-1.5650439874810784,6.149505950866642,0.2527743526510481,0.5217791814974542,0.7788104911410936,0.651243284041622,-1.251888887606917,-0.7085594213547556,-0.9749827010275839
XTIUSD|orb|09:00|60|16:55|none|none,XTIUSD,A_orb,range,09:00,60.0,16:55,none,none,2008,0.2007235112367406,0.8777530225301524,0.05162005490093933,0.2571699477698791,-0.5399900033621166,0.5666042519902954,1982,248.73705179282868,2.075286111533288,9.075286111533286,0.5090817356205852,1840,-0.34021977335395387,0.3590000329918542,-0.08461820069538202,0.24871629259287031,-0.6912555219629266,-0.9193231406188238,1814,248.4391304347826,-3.405993272770494,3.5940067272295058,0.47464167585446526,3848,-0.053423590274282375,0.6339286389243497,-0.013525056922665507,0.2531663793696087,-0.8200665812752773,-0.20876146324872652,3796,248.59459459459458,-0.5440607807551898,6.45593921924481,0.49262381454162274,0.8777530225301524,0.3590000329918542,0.6339286389243497,-0.47632037571470787,-1.0394111833792306,-0.7407717023183658
XTIUSD|orb|09:00|60|16:55|none|narrow1.0,XTIUSD,A_orb,range,09:00,60.0,16:55,none,narrow1.0,2008,0.17792512007981803,0.6839993808963677,0.03567310275670224,0.200495032633386,-0.3767981454958188,0.5022487348490338,1156,145.0756972111554,2.458930299316817,9.458930299316814,0.5060553633217993,1840,-0.5341779745164948,0.011934437720341627,-0.10052713912278397,0.1881903483829991,-0.6661841177359784,-1.4434263133524567,1072,146.81739130434784,-6.847086590334138,0.15291340966586006,0.46548507462686567,3848,-0.1512544523857578,0.37318233521668426,-0.029453832029746465,0.19473034720741786,-0.7497071717781072,-0.5910516429319067,2228,145.9085239085239,-2.018650538073589,4.98134946192641,0.4865350089766607,0.6839993808963677,0.011934437720341627,0.37318233521668426,-0.3285494417946852,-1.0789334689872856,-0.6753313479210779
XTIUSD|orb|09:00|60|16:55|none|narrow0.75,XTIUSD,A_orb,range,09:00,60.0,16:55,none,narrow0.75,2008,-0.13454280937542082,0.2703359027590885,-0.018271527450563308,0.13580456313781475,-0.38349603319870307,-0.379788732257288,626,78.56175298804781,-2.325753532172723,4.674246467827272,0.4984025559105431,1840,-0.45329108360694215,-0.08930342626238827,-0.060038269310035364,0.13244970280971988,-0.4936167654391209,-1.2248582099973966,503,68.88913043478261,-8.715202083567256,-1.7152020835672575,0.4572564612326044,3848,-0.2849716076544444,0.10072331802220262,-0.038243150377129984,0.1341998618455474,-0.6286682644112741,-1.1135734137831292,1129,73.93659043659044,-5.172425473139463,1.8275745268605332,0.4800708591674048,0.2703359027590885,-0.08930342626238827,0.10072331802220262,-0.5388425293654919,-0.8153838024714006,-0.6694541105319387
XTIUSD|orb|09:00|60|16:55|none|trend,XTIUSD,A_orb,range,09:00,60.0,16:55,none,trend,2008,-0.9387808956878848,-0.30111261639639514,-0.19200713384398277,0.2045281649061371,-0.8234179365642327,-2.6499997130712356,1485,186.36454183266932,-10.302771758824148,-3.3027717588241523,0.4808080808080808,1840,-0.06409104810124508,0.5217149913151118,-0.013181476790800508,0.20566798611215778,-0.4349113331085074,-0.17318330162042,1257,172.15434782608696,-0.765677832552719,6.234322167447279,0.4709626093874304,3848,-0.5191869644168096,0.09362497087491504,-0.10649798390171264,0.20512453355091326,-0.8999049206095318,-2.02880843153467,2742,179.56964656964655,-5.93073417117893,1.0692658288210661,0.4762946754194019,-0.30111261639639514,0.5217149913151118,0.09362497087491504,-1.5748501708452425,-0.6497756257028926,-1.1310635837181968
XTIUSD|orb|09:00|60|16:55|none|trend+narrow1.0,XTIUSD,A_orb,range,09:00,60.0,16:55,none,trend+narrow1.0,2008,-0.695575837040765,-0.21516176038703258,-0.1170910708548943,0.16833688667657395,-0.6667574824646204,-1.9634781417517715,921,115.58366533864542,-10.130416829387825,-3.1304168293878245,0.4831704668838219,1840,-0.3809146849539815,0.09571790429363829,-0.06114463707739491,0.16052055615756014,-0.5051248784617828,-1.0292866902694808,798,109.29130434782608,-5.594647940406904,1.4053520595930946,0.4649122807017544,3848,-0.5487279254097971,-0.07012629658096653,-0.09033913786357443,0.16463375323227444,-0.8319550099027302,-2.1442445939304866,1719,112.57484407484407,-8.024806839040663,-1.0248068390406615,0.47469458987783597,-0.21516176038703258,0.09571790429363829,-0.07012629658096653,-1.1737392429456892,-0.8562045378244777,-1.025480799968902
XTIUSD|orb|09:00|60|16:55|opp|none,XTIUSD,A_orb,range,09:00,60.0,16:55,opp,none,2008,-0.10818028820154726,0.7843126113149715,-0.022619752229321947,0.2090931037933621,-0.45461443558424186,-0.30537235473246693,1982,248.73705179282868,-0.9093841092947318,6.578002369010012,0.3773965691220989,1840,-0.42874314535789454,0.4479504194368289,-0.09005408958164576,0.21004205094981254,-0.6090525797325503,-1.1585261227575614,1814,248.4391304347826,-3.624794911495867,3.77873320316786,0.4101433296582139,3848,-0.26184616183713255,0.6231343884858356,-0.05486486156619197,0.20953089852933474,-0.7509085738689062,-1.0232069318167312,3796,248.59459459459458,-2.20700138937715,5.240311571634442,0.39304531085353,0.7843126113149715,0.4479504194368289,0.6231343884858356,-0.996550208773052,-1.3014660513741996,-1.1427837181512357
XTIUSD|orb|09:00|60|16:55|opp|narrow1.0,XTIUSD,A_orb,range,09:00,60.0,16:55,opp,narrow1.0,2008,-0.019276580222236817,0.6981285099474164,-0.0029542216075230713,0.15325444521093945,-0.2914449938262783,-0.05441411546886196,1156,145.0756972111554,-0.20363311459556563,7.361245778138,0.3408304498269896,1840,-0.36048545010520483,0.39225163039925964,-0.052795496305402825,0.14645666361844806,-0.45211454965916587,-0.9740839366009643,1072,146.81739130434784,-3.5959974384750804,3.9021368898831295,0.3833955223880597,3848,-0.1785419079312107,0.5552884767163465,-0.026786847762434386,0.15003114995698896,-0.5458948052557293,-0.6976818622555525,2228,145.9085239085239,-1.8358658592988142,5.696898952191311,0.361310592459605,0.6981285099474164,0.39225163039925964,0.5552884767163465,-0.7329342582556757,-1.1073219485676986,-0.9076601242197746
XTIUSD|orb|09:00|60|16:55|opp|narrow0.75,XTIUSD,A_orb,range,09:00,60.0,16:55,opp,narrow0.75,2008,-0.406401138790002,0.2557533133270117,-0.03682792547557556,0.09061964143413857,-0.33964738876830314,-1.1471930310173089,626,78.56175298804781,-4.68776778455777,2.9384302985093225,0.31309904153354634,1840,0.08513412766138857,0.5892891370081368,0.008810671021048492,0.10349164621844656,-0.23542253707817762,0.23004475267252145,503,68.88913043478261,1.2789638895775528,8.845564287191868,0.3558648111332008,3848,-0.15471212632377004,0.42561164058624634,-0.015004895965755329,0.09698590745468912,-0.428100378413636,-0.604563072377784,1129,73.93659043659044,-2.0294276321307843,5.570218072032193,0.33215234720992026,0.2557533133270117,0.5892891370081368,0.42561164058624634,-1.0593243545681503,-0.4170723526205049,-0.7300597449957715
XTIUSD|orb|09:00|60|16:55|opp|trend,XTIUSD,A_orb,range,09:00,60.0,16:55,opp,trend,2008,-1.0130111752396254,-0.0984575265884607,-0.1547713359151739,0.15278344375476718,-0.7351348929684411,-2.859537657885474,1485,186.36454183266932,-8.304763040929641,-0.8044263405929425,0.34545454545454546,1840,-0.044111331353288534,0.690211094457823,-0.00765975682753259,0.1736460132247074,-0.347341939115281,-0.1191952110155373,1257,172.15434782608696,-0.4449354270895673,6.949654867262064,0.4089101034208433,3848,-0.5175220000254406,0.3035069444035644,-0.08442692179842233,0.1631368749430402,-0.8262596041170921,-2.02230230941119,2742,179.56964656964655,-4.701625436773197,2.7502345194631275,0.37454412837345,-0.0984575265884607,0.690211094457823,0.3035069444035644,-1.9191356231046275,-0.7750796803446472,-1.3328985977259364
XTIUSD|orb|09:00|60|16:55|opp|trend+narrow1.0,XTIUSD,A_orb,range,09:00,60.0,16:55,opp,trend+narrow1.0,2008,-0.6294830757691052,0.11091328774003774,-0.07425054199177886,0.1179547867924157,-0.5020381187817655,-1.776910861558402,921,115.58366533864542,-6.423964993170464,1.1276093825081444,0.32138979370249726,1840,-0.1870917683523073,0.46732501542366633,-0.02336080146103204,0.12486279683370122,-0.346650489082323,-0.5055490760280754,798,109.29130434782608,-2.137480342140021,5.327431938561736,0.38847117794486213,3848,-0.4115072183245383,0.28644302082827716,-0.04991657042822008,0.12130181004225545,-0.665595872072672,-1.6080321182793762,1719,112.57484407484407,-4.434078575763662,3.07726522877386,0.3525305410122164,0.11091328774003774,0.46732501542366633,0.28644302082827716,-1.3608361524665042,-0.836806556086151,-1.1026735701854253
XTIUSD|orb|09:00|60|16:55|mid|none,XTIUSD,A_orb,range,09:00,60.0,16:55,mid,none,2008,-0.24396389581664793,0.8466220540832657,-0.04294043073957062,0.17601141593444092,-0.4752487636934606,-0.6886636241570899,1982,248.73705179282868,-1.7263383331943405,5.973459850458537,0.2674066599394551,1840,-0.3809753437698659,0.7074584911426075,-0.06659056738153406,0.17478970350836964,-0.5017041933459992,-1.0294505991821679,1814,248.4391304347826,-2.680357448723829,4.962972209490064,0.29713340683572215,3848,-0.30927615597428465,0.7804078627354187,-0.054249227886455434,0.17540708146594428,-0.6981994034340929,-1.2085474326538104,3796,248.59459459459458,-2.1822368251781374,5.490576662703845,0.2816122233930453,0.8466220540832657,0.7074584911426075,0.7804078627354187,-1.328136746318565,-1.4630331725002754,-1.392567011755036
XTIUSD|orb|09:00|60|16:55|mid|narrow1.0,XTIUSD,A_orb,range,09:00,60.0,16:55,mid,narrow1.0,2008,0.11011828988131116,0.9784922945206629,0.014279657777832975,0.1296756223986408,-0.2436372176870495,0.31084296445502924,1156,145.0756972111554,0.9842901362761789,8.732560032469951,0.23269896193771628,1840,-0.2445130744087686,0.6820765918940338,-0.029916035793505276,0.12234943209414098,-0.35334190527328446,-0.6607097679004463,1072,146.81739130434784,-2.037635700220982,5.669453852017825,0.2593283582089552,3848,-0.0542987548998529,0.8408171290105287,-0.006853418150249762,0.1262168564065606,-0.4336900593746551,-0.2121813129233669,2228,145.9085239085239,-0.46970649600611747,7.258749518356541,0.2455116696588869,0.9784922945206629,0.6820765918940338,0.8408171290105287,-0.7538837331723556,-1.1635285602516907,-0.9436369217606938
XTIUSD|orb|09:00|60|16:55|mid|narrow0.75,XTIUSD,A_orb,range,09:00,60.0,16:55,mid,narrow0.75,2008,-0.288631524553688,0.5499654661930959,-0.021087231823836677,0.07305935086766405,-0.2853714364655593,-0.8147518348145879,626,78.56175298804781,-2.684160042488466,5.098587561345401,0.20447284345047922,1840,0.0741112693657926,0.666511556660274,0.006688149316143933,0.09024470061540964,-0.18784782877115502,0.20025939185411626,503,68.88913043478261,0.970856980474677,8.72831224886434,0.2286282306163022,3848,-0.09551633286239931,0.608512805949695,-0.007805864542764868,0.08172282487027623,-0.36549019934328,-0.37324577607255827,1129,73.93659043659044,-1.0557512182630804,6.7157279668564955,0.21523472099202834,0.5499654661930959,0.666511556660274,0.608512805949695,-1.1152381789301413,-0.515971717281292,-0.793664598858429
XTIUSD|orb|09:00|60|16:55|mid|trend,XTIUSD,A_orb,range,09:00,60.0,16:55,mid,trend,2008,-0.9768564911989173,0.16637374693666732,-0.12270836998097524,0.12561555467617624,-0.6481808217126017,-2.7574798691361053,1485,186.36454183266932,-6.5843195692854,1.1166905317247005,0.2531986531986532,1840,0.06712285514513258,0.9682536812825344,0.009807785340809682,0.14611692723146769,-0.2680394712727454,0.18137568369704082,1257,172.15434782608696,0.5697088377179802,8.201371526659907,0.3031026252983294,3848,-0.43682289143918335,0.5786864472987576,-0.05934305662544399,0.1358515265304177,-0.7366684084157757,-1.7069572735414305,2742,179.56964656964655,-3.3047376190289275,4.364481928746419,0.2760758570386579,0.16637374693666732,0.9682536812825344,0.5786864472987576,-2.106677497351616,-0.8291051633450457,-1.4437082411234947
XTIUSD|orb|09:00|60|16:55|mid|trend+narrow1.0,XTIUSD,A_orb,range,09:00,60.0,16:55,mid,trend+narrow1.0,2008,-0.48348881450281195,0.4499367243586098,-0.046417841717199725,0.09600603018072461,-0.3685637228901192,-1.3647968611107923,921,115.58366533864542,-4.015951698814997,3.723461981966762,0.2290988056460369,1840,-0.001248848778305807,0.796511439524341,-0.00013155519357179973,0.10534117169115384,-0.20951383209012964,-0.0033745704128596704,798,109.29130434782608,-0.012037114421576123,7.665907747733813,0.2781954887218045,3848,-0.24146181780388162,0.6232136743858643,-0.024285105957460796,0.1005753463563563,-0.4597368771491689,-0.9435517557812216,1719,112.57484407484407,-2.1572409144368994,5.553637503247802,0.25189063408958695,0.4499367243586098,0.796511439524341,0.6232136743858643,-1.4043720262729236,-0.7940440128949549,-1.0977256726255857
XTIUSD|orb|09:00|60|16:55|opp_rev|none,XTIUSD,A_orb,range,09:00,60.0,16:55,opp_rev,none,2008,-0.6247474125695658,0.5493292979335338,-0.14850789400906925,0.2377086979812547,-0.7775751685116615,-1.7635429860747558,2940,368.9641434262948,-4.024995291683011,3.482147565459847,0.35068027210884356,1840,-0.496785953480742,0.5690104978467126,-0.11988043296203346,0.24131204218253055,-0.6638937970638977,-1.3423876527425975,2523,345.5413043478261,-3.4693517519792745,3.9174893102482318,0.4110186286167261,3848,-0.5631328917879092,0.558876168674225,-0.1348190872714014,0.23940900849062446,-0.9193787902721628,-2.2005343686106245,5463,357.76403326403323,-3.7683801259000114,3.6832032531957233,0.3785465861248398,0.5493292979335338,0.5690104978467126,0.558876168674225,-1.7605752100934546,-1.5319789704601723,-1.6506647559506986
XTIUSD|orb|09:00|60|16:55|opp_rev|narrow1.0,XTIUSD,A_orb,range,09:00,60.0,16:55,opp_rev,narrow1.0,2008,-0.4309521643744817,0.5421366272090169,-0.07659180231715478,0.177726923423917,-0.5599382397931578,-1.216495901424363,1803,226.27290836653387,-3.384930298110882,4.185230544928497,0.3227953410981697,1840,-0.21679779451779982,0.7455184787085755,-0.03701493806116906,0.17073484600476416,-0.43989911979781904,-0.5858190644550962,1588,217.48695652173913,-1.701938297962674,5.759018880878636,0.3929471032745592,3848,-0.3306605446533392,0.637364729046307,-0.05766731421138201,0.17440034846564403,-0.6775759582770315,-1.2921104475766014,3391,222.07172557172555,-2.5967877748919634,4.922233162884504,0.35564730168092007,0.5421366272090169,0.7455184787085755,0.637364729046307,-1.366935292244803,-1.1452879207471431,-1.2630817876710423
XTIUSD|orb|09:00|60|16:55|opp_rev|narrow0.75,XTIUSD,A_orb,range,09:00,60.0,16:55,opp_rev,narrow0.75,2008,-0.6504226642079207,0.2418768718148991,-0.07121217352430907,0.10948599648050497,-0.5029767432063492,-1.8360193325653997,1014,127.25498007968127,-5.596022527347792,2.0321826008573374,0.2988165680473373,1840,0.3462927527070354,1.0369647837808247,0.04114313478887495,0.1188102680961451,-0.2236065978675772,0.9357332110763683,784,107.37391304347827,3.8317626342084705,11.345793246453368,0.3852040816326531,3848,-0.1532892632707357,0.6399259618329126,-0.017487182023202368,0.11407962730120857,-0.5596226709755755,-0.5990030010417137,1798,117.74844074844074,-1.4851306660240384,6.093289801161726,0.3364849833147942,0.2418768718148991,1.0369647837808247,0.6399259618329126,-1.4911617126119596,-0.3273144497362951,-0.9139177112131682
XTIUSD|orb|09:00|60|16:55|opp_rev|trend,XTIUSD,A_orb,range,09:00,60.0,16:55,opp_rev,trend,2008,-1.0130111752396254,-0.0984575265884607,-0.1547713359151739,0.15278344375476718,-0.7351348929684411,-2.859537657885474,1485,186.36454183266932,-8.304763040929641,-0.8044263405929425,0.34545454545454546,1840,-0.044111331353288534,0.690211094457823,-0.00765975682753259,0.1736460132247074,-0.347341939115281,-0.1191952110155373,1257,172.15434782608696,-0.4449354270895673,6.949654867262064,0.4089101034208433,3848,-0.5175220000254406,0.3035069444035644,-0.08442692179842233,0.1631368749430402,-0.8262596041170921,-2.02230230941119,2742,179.56964656964655,-4.701625436773197,2.7502345194631275,0.37454412837345,-0.0984575265884607,0.690211094457823,0.3035069444035644,-1.9191356231046275,-0.7750796803446472,-1.3328985977259364
XTIUSD|orb|09:00|60|16:55|opp_rev|trend+narrow1.0,XTIUSD,A_orb,range,09:00,60.0,16:55,opp_rev,trend+narrow1.0,2008,-0.6294830757691052,0.11091328774003774,-0.07425054199177886,0.1179547867924157,-0.5020381187817655,-1.776910861558402,921,115.58366533864542,-6.423964993170464,1.1276093825081444,0.32138979370249726,1840,-0.1870917683523073,0.46732501542366633,-0.02336080146103204,0.12486279683370122,-0.346650489082323,-0.5055490760280754,798,109.29130434782608,-2.137480342140021,5.327431938561736,0.38847117794486213,3848,-0.4115072183245383,0.28644302082827716,-0.04991657042822008,0.12130181004225545,-0.665595872072672,-1.6080321182793762,1719,112.57484407484407,-4.434078575763662,3.07726522877386,0.3525305410122164,0.11091328774003774,0.46732501542366633,0.28644302082827716,-1.3608361524665042,-0.836806556086151,-1.1026735701854253
XTIUSD|orb|09:00|60|16:55|mid_rev|none,XTIUSD,A_orb,range,09:00,60.0,16:55,mid_rev,none,2008,-0.7968589659492391,0.6529969325889181,-0.15743447738204766,0.19756880967575943,-0.7862565029277834,-2.2493811291040493,2940,368.9641434262948,-4.2669316297261615,3.4463336763962897,0.24727891156462586,1840,-0.55501248411759,0.7967054402602216,-0.10920116499346075,0.1967544300685035,-0.6204657096318754,-1.499724178144122,2523,345.5413043478261,-3.160292666011862,4.476647484602487,0.30083234244946494,3848,-0.6815312629409983,0.7216946515324539,-0.13437073133345107,0.19716004039727208,-0.9121517054364018,-2.6631954717166666,5463,357.76403326403323,-3.75584795675322,3.922167785512935,0.2720117151748124,0.6529969325889181,0.7967054402602216,0.7216946515324539,-2.2034447830584445,-1.8697469700661828,-2.0444625703706523
XTIUSD|orb|09:00|60|16:55|mid_rev|narrow1.0,XTIUSD,A_orb,range,09:00,60.0,16:55,mid_rev,narrow1.0,2008,-0.30519329226014263,0.8939251984268024,-0.0451418877226963,0.14791245046178134,-0.4862587379468577,-0.8615025514851675,1803,226.27290836653387,-1.995019556188851,5.75761494186994,0.22129783693843594,1840,-0.29620609391195624,0.9031695028611114,-0.04175251200926702,0.1409576401951996,-0.4180541162667627,-0.8003917992217109,1588,217.48695652173913,-1.9197708532508522,5.76977574624537,0.27204030226700254,3848,-0.3009557678215376,0.8980961060790641,-0.043521188317106406,0.14460991604225987,-0.5977769108056445,-1.1760341478549599,3391,222.07172557172555,-1.9597807062137576,5.763309827552095,0.24506045414332056,0.8939251984268024,0.9031695028611114,0.8980961060790641,-1.4624190543069213,-1.454567506628007,-1.4585168548861895
XTIUSD|orb|09:00|60|16:55|mid_rev|narrow0.75,XTIUSD,A_orb,range,09:00,60.0,16:55,mid_rev,narrow0.75,2008,-0.4700996273769982,0.6459907123927381,-0.04218525468276116,0.08973683922733795,-0.35970189308014655,-1.3270017353209083,1014,127.25498007968127,-3.31501797857708,4.469005690061973,0.20019723865877712,1840,0.06202253967803313,0.8847410297685845,0.006323884051478082,0.10196106261217561,-0.21201703020950402,0.16759389204179065,784,107.37391304347827,0.5889590750890672,8.315999891415599,0.25255102040816324,3848,-0.19827003406516774,0.7665730761474729,-0.01898961661857191,0.09577653379698503,-0.43778378600297885,-0.7747727589499837,1798,117.74844074844074,-1.6127276503933992,6.146449212787913,0.22302558398220246,0.6459907123927381,0.8847410297685845,0.7665730761474729,-1.5271927294635295,-0.7383682340040619,-1.1252739797407365
XTIUSD|orb|09:00|60|16:55|mid_rev|trend,XTIUSD,A_orb,range,09:00,60.0,16:55,mid_rev,trend,2008,-0.9768564911989173,0.16637374693666732,-0.12270836998097524,0.12561555467617624,-0.6481808217126017,-2.7574798691361053,1485,186.36454183266932,-6.5843195692854,1.1166905317247005,0.2531986531986532,1840,0.06712285514513258,0.9682536812825344,0.009807785340809682,0.14611692723146769,-0.2680394712727454,0.18137568369704082,1257,172.15434782608696,0.5697088377179802,8.201371526659907,0.3031026252983294,3848,-0.43682289143918335,0.5786864472987576,-0.05934305662544399,0.1358515265304177,-0.7366684084157757,-1.7069572735414305,2742,179.56964656964655,-3.3047376190289275,4.364481928746419,0.2760758570386579,0.16637374693666732,0.9682536812825344,0.5786864472987576,-2.106677497351616,-0.8291051633450457,-1.4437082411234947
XTIUSD|orb|09:00|60|16:55|mid_rev|trend+narrow1.0,XTIUSD,A_orb,range,09:00,60.0,16:55,mid_rev,trend+narrow1.0,2008,-0.48348881450281195,0.4499367243586098,-0.046417841717199725,0.09600603018072461,-0.3685637228901192,-1.3647968611107923,921,115.58366533864542,-4.015951698814997,3.723461981966762,0.2290988056460369,1840,-0.001248848778305807,0.796511439524341,-0.00013155519357179973,0.10534117169115384,-0.20951383209012964,-0.0033745704128596704,798,109.29130434782608,-0.012037114421576123,7.665907747733813,0.2781954887218045,3848,-0.24146181780388162,0.6232136743858643,-0.024285105957460796,0.1005753463563563,-0.4597368771491689,-0.9435517557812216,1719,112.57484407484407,-2.1572409144368994,5.553637503247802,0.25189063408958695,0.4499367243586098,0.796511439524341,0.6232136743858643,-1.4043720262729236,-0.7940440128949549,-1.0977256726255857
XTIUSD|orb|09:30|15|14:30|none|none,XTIUSD,A_orb,range,09:30,15.0,14:30,none,none,2008,-0.7885870558806947,-0.20228659062644272,-0.19577181938409766,0.2482564454034305,-0.8558584378894649,-2.2260311020541996,1657,207.95019920318725,-9.414360752441974,-2.4143607524419783,0.47254073627036813,1840,-0.9995734316330491,-0.3600455137975022,-0.2754108223164153,0.27552835399642817,-0.9301286749378724,-2.700992295036312,1838,251.72608695652175,-10.940893160746759,-3.9408931607467586,0.46789989118607184,3848,-0.8938316191330514,-0.28148833319166433,-0.2338528394972641,0.26162963414080553,-0.9871185911894048,-3.492794021333691,3495,228.88253638253636,-10.217155192059769,-3.217155192059771,0.47010014306151643,-0.20228659062644272,-0.3600455137975022,-0.28148833319166433,-1.3742040800973507,-1.6390960507226076,-1.5057719620121708
XTIUSD|orb|09:30|15|14:30|none|narrow1.0,XTIUSD,A_orb,range,09:30,15.0,14:30,none,narrow1.0,2008,-0.8732607017710021,-0.4207472702339306,-0.1647632939237196,0.18867595162541279,-0.7915825164410423,-2.4650486814965187,973,122.10956175298804,-13.493070612849682,-6.493070612849681,0.46557040082219936,1840,-1.0856582514167055,-0.5599938275712302,-0.21277125593067686,0.1959836400202603,-0.8485948987770839,-2.9336059556208838,1076,147.36521739130436,-14.43836338704658,-7.438363387046584,0.4637546468401487,3848,-0.9767593223527273,-0.488622185479367,-0.18771928407257651,0.19218581259139225,-0.9677080638951495,-3.816847657173467,2049,134.18607068607068,-13.989476188757862,-6.989476188757864,0.4646168862859932,-0.4207472702339306,-0.5599938275712302,-0.488622185479367,-1.3235131201851174,-1.6087898137217567,-1.4624677022527228
XTIUSD|orb|09:30|15|14:30|none|narrow0.75,XTIUSD,A_orb,range,09:30,15.0,14:30,none,narrow0.75,2008,-0.675854289623406,-0.3657519517739698,-0.09110568825387978,0.1348007842114089,-0.6050998010496329,-1.907807968618319,477,59.86254980079681,-15.219145953029075,-8.219145953029074,0.4612159329140461,1840,-0.616507900449208,-0.2367242017760313,-0.09065168858782584,0.14704059513555956,-0.5814666884798316,-1.6658937065002202,583,79.84565217391305,-11.35336566484247,-4.35336566484247,0.4734133790737564,3848,-0.6456628807771606,-0.30098041431924927,-0.09088859901647356,0.14076788634197818,-0.8321283379474419,-2.5230338707002726,1060,69.41787941787942,-13.092966794526438,-6.092966794526442,0.4679245283018868,-0.3657519517739698,-0.2367242017760313,-0.30098041431924927,-0.9834782108000953,-0.9940149033595177,-0.9879498504946244
XTIUSD|orb|09:30|15|14:30|none|trend,XTIUSD,A_orb,range,09:30,15.0,14:30,none,trend,2008,-0.26785802592665797,0.3020652575992971,-0.05565557399731033,0.20778012458192813,-0.5394390684396332,-0.7561122037207127,1348,169.17131474103584,-3.2898942756640954,3.7101057243359024,0.4844213649851632,1840,-0.11054983316980142,0.48164642874019176,-0.026592262061207447,0.24054547436867213,-0.7084718543223065,-0.2987216728253333,1486,203.51739130434783,-1.3066333982947111,5.6933666017052875,0.46231493943472407,3848,-0.18640580047435118,0.39349573206777094,-0.04175835623160624,0.22401854515976855,-0.8634251950573147,-0.728411315399907,2834,185.59459459459458,-2.2499769631126116,4.750023036887388,0.4728299223712068,0.3020652575992971,0.48164642874019176,0.39349573206777094,-0.8372743955961981,-0.7026361137364311,-0.7660403957133952
XTIUSD|orb|09:30|15|14:30|none|trend+narrow1.0,XTIUSD,A_orb,range,09:30,15.0,14:30,none,trend+narrow1.0,2008,0.2131663002929831,0.680467426628477,0.03320395092312607,0.155765479240806,-0.30605055640029033,0.6017278762356392,830,104.16334661354581,3.187680888010955,10.187680888010954,0.5084337349397591,1840,-0.23175549456498934,0.271078345999069,-0.040871345843480164,0.1763554556503468,-0.48350342601389096,-0.6262369380203417,925,126.68478260869566,-3.2262237817247352,3.773776218275264,0.4594594594594595,3848,-0.013359493183769075,0.4712677261088258,-0.0022166691523821105,0.1659246441380891,-0.6161690333700567,-0.052204416269783976,1755,114.93243243243242,-0.19286715729133286,6.8071328427086675,0.4826210826210826,0.680467426628477,0.271078345999069,0.4712677261088258,-0.25492300645933075,-0.7338998844343184,-0.49794217034469135
XTIUSD|orb|09:30|15|14:30|opp|none,XTIUSD,A_orb,range,09:30,15.0,14:30,opp,none,2008,-0.39867808577617436,0.5569569431075428,-0.06656428523379006,0.1669624883048138,-0.555996550911237,-1.1253923229237757,1657,207.95019920318725,-3.200972419783565,4.459256910331102,0.29269764634882317,1840,-0.8358043656910948,0.2523141798225526,-0.14819526278042852,0.17730855313000368,-0.7420351710301551,-2.2584645414206097,1838,251.72608695652175,-5.887163486795266,1.7722489179925474,0.28890097932535364,3848,-0.6139976738049497,0.40656446737853497,-0.10559780880078974,0.1719840535329704,-0.8656337628048256,-2.3992968678583884,3495,228.88253638253636,-4.613624546011749,3.0461751678652185,0.29070100143061517,0.5569569431075428,0.2523141798225526,0.40656446737853497,-1.3479346370087768,-1.9178140481018808,-1.6280209586699546
XTIUSD|orb|09:30|15|14:30|opp|narrow1.0,XTIUSD,A_orb,range,09:30,15.0,14:30,opp,narrow1.0,2008,-0.3160067563894795,0.46215355950755754,-0.038379152564369204,0.12145041771533127,-0.4581143266780243,-0.8920269017054088,973,122.10956175298804,-3.1430096065699846,4.584636847695177,0.249743062692703,1840,-0.9371624496216636,0.09490071353455132,-0.1035776206036373,0.11052258938186439,-0.5889379617589463,-2.5323487755071876,1076,147.36521739130436,-7.0286341944994914,0.7083546530841519,0.241635687732342,3848,-0.5977773163216216,0.29503329028133607,-0.06955513520268868,0.11635626395242138,-0.772823217468034,-2.3359131539362807,2049,134.18607068607068,-5.183484011944389,2.549068452672501,0.24548560273304051,0.46215355950755754,0.09490071353455132,0.29503329028133607,-1.087366191406212,-1.9536361636046535,-1.4800840473069892
XTIUSD|orb|09:30|15|14:30|opp|narrow0.75,XTIUSD,A_orb,range,09:30,15.0,14:30,opp,narrow0.75,2008,-0.3029972908542672,0.24895885305304757,-0.02557670125082584,0.0844123100200506,-0.3583876075070871,-0.8553036576621207,477,59.86254980079681,-4.272571304753444,3.501013600906935,0.21174004192872117,1840,-0.4902502383185255,0.2749857805356624,-0.03978845395757988,0.08115947907347781,-0.38689227923805825,-1.3247272030577169,583,79.84565217391305,-4.983171014862029,2.783552827333511,0.22126929674099485,3848,-0.390671622349922,0.26111995302600766,-0.03237234183825501,0.08286330510399684,-0.5656069064488443,-1.5266136010852207,1060,69.41787941787942,-4.663401145313166,3.1064101754415523,0.2169811320754717,0.24895885305304757,0.2749857805356624,0.26111995302600766,-0.848686503979106,-1.2430343560944703,-1.0335292608136515
XTIUSD|orb|09:30|15|14:30|opp|trend,XTIUSD,A_orb,range,09:30,15.0,14:30,opp,trend,2008,-0.3890362340062899,0.5721309282973587,-0.0524666902288409,0.13486324831119106,-0.42621690387378364,-1.0981752113048318,1348,169.17131474103584,-3.10139401051271,4.546232102246936,0.30489614243323443,1840,-0.12818559552809897,0.7436976770621507,-0.022917037167081315,0.17878012792831924,-0.5822911180471905,-0.3463760589258434,1486,203.51739130434783,-1.1260480993887312,6.519981510301716,0.2913862718707941,3848,-0.2435929595567353,0.6597714813210697,-0.038336918494527604,0.1573810612765208,-0.7575858413144327,-0.951879542596597,2834,185.59459459459458,-2.065626888448407,5.581162102377283,0.2978122794636556,0.5721309282973587,0.7436976770621507,0.6597714813210697,-1.341592738054902,-0.9958739998246772,-1.141256442418053
XTIUSD|orb|09:30|15|14:30|opp|trend+narrow1.0,XTIUSD,A_orb,range,09:30,15.0,14:30,opp,trend+narrow1.0,2008,-0.05874552462267387,0.7924444703622654,-0.005538969497825742,0.09428751438348512,-0.22309522892717815,-0.16582743013771575,830,104.16334661354581,-0.5317580202540687,7.157398606251958,0.2855421686746988,1840,-0.46250337956067544,0.3983095379434113,-0.05262140944961451,0.11377518905829132,-0.41881141958282586,-1.2497511689368677,925,126.68478260869566,-4.153727730042503,3.5662722699574987,0.24864864864864866,3848,-0.2695815476939077,0.5830773020215781,-0.028052402323005408,0.104059059542373,-0.5129911846229473,-1.0534342239542134,1755,114.93243243243242,-2.4407733943590837,5.264639711054023,0.2660968660968661,0.7924444703622654,0.3983095379434113,0.5830773020215781,-0.9025480458499204,-1.3142717330274771,-1.1137608591220893
XTIUSD|orb|09:30|15|14:30|mid|none,XTIUSD,A_orb,range,09:30,15.0,14:30,mid,none,2008,-1.6870137388279243,-0.3018080277842174,-0.1984797434075427,0.11765152757169554,-0.8212207037895134,-4.762118556498151,1657,207.95019920318725,-9.544580585547262,-1.6996801630970515,0.1460470730235365,1840,-1.3254986333154208,0.21057076954769988,-0.16994441639672223,0.12821168737959882,-0.7268242568462888,-3.581689431077654,1838,251.72608695652175,-6.751164269521066,1.068748679336388,0.1692056583242655,3848,-1.5051510675321014,-0.04561561526596727,-0.18483499244602772,0.12280162199870721,-0.9512820430400788,-5.881625283047397,3495,228.88253638253636,-8.075539329794431,-0.24377967314206958,0.1582260371959943,-0.3018080277842174,0.21057076954769988,-0.04561561526596727,-3.0546515598933563,-2.8508005071111975,-2.9507600547367923
XTIUSD|orb|09:30|15|14:30|mid|narrow1.0,XTIUSD,A_orb,range,09:30,15.0,14:30,mid,narrow1.0,2008,-1.0933708036577876,0.031977769375157054,-0.09348830270134008,0.0855046635492572,-0.5831023085929362,-3.0863775874460364,973,122.10956175298804,-7.656100092346158,0.22262549860964712,0.11819116135662898,1840,-1.4292459985046104,0.06631049123561032,-0.11072372976647023,0.07747002956965988,-0.5629761314318579,-3.862029849438424,1076,147.36521739130436,-7.513559286684412,0.34610614082488056,0.13568773234200743,3848,-1.2443618309945366,0.04748725471018148,-0.10172977510254576,0.081752567917677,-0.8182542105574082,-4.862548460625215,2049,134.18607068607068,-7.581247038714125,0.28746940833321527,0.1273792093704246,0.031977769375157054,0.06631049123561032,0.04748725471018148,-2.1942723902370247,-2.885787086320695,-2.505536543496217
XTIUSD|orb|09:30|15|14:30|mid|narrow0.75,XTIUSD,A_orb,range,09:30,15.0,14:30,mid,narrow0.75,2008,-0.9804941765745704,-0.01430698108861086,-0.047891539286760265,0.04884428733077532,-0.3784531296376542,-2.7677483622914343,477,59.86254980079681,-8.000250481499332,-0.11555446472784706,0.1111111111111111,1840,-0.6367181863477609,0.4350418531376503,-0.037397997765732764,0.058735557688793336,-0.28747192851701864,-1.7205048283697657,583,79.84565217391305,-4.683786373774694,3.184138154527191,0.13036020583190394,3848,-0.7969815843457155,0.22084814606030778,-0.042873837519948776,0.05379526749685965,-0.528095120271667,-3.114336585693554,1060,69.41787941787942,-6.176195222250781,1.699276475862424,0.12169811320754717,-0.01430698108861086,0.4350418531376503,0.22084814606030778,-1.9053610117223592,-1.6815284412322498,-1.7816265034265693
XTIUSD|orb|09:30|15|14:30|mid|trend,XTIUSD,A_orb,range,09:30,15.0,14:30,mid,trend,2008,-1.1565674693389987,0.13369301038717774,-0.11872116226463074,0.1026495776614591,-0.6338840412606972,-3.2647697412398724,1348,169.17131474103584,-7.017806916401093,0.8071188996226457,0.1661721068249258,1840,-0.47753286516765947,0.6735035197948199,-0.06604036141997054,0.13829490331892463,-0.5263034331098593,-1.2903630174896066,1486,203.51739130434783,-3.2449492889387126,4.565279513214719,0.17698519515477792,3848,-0.772940062570759,0.4274532063068386,-0.09353075853433584,0.12100648299074751,-0.8269358396987221,-3.02039038629553,2834,185.59459459459458,-5.039519536581369,2.7776999411885663,0.17184191954834158,0.13369301038717774,0.6735035197948199,0.4274532063068386,-2.4260987741320363,-1.6208502750086842,-1.9613873161193354
XTIUSD|orb|09:30|15|14:30|mid|trend+narrow1.0,XTIUSD,A_orb,range,09:30,15.0,14:30,mid,trend+narrow1.0,2008,-0.6404116339835674,0.484588720076022,-0.04660751797915982,0.07277743798819829,-0.36988575047963734,-1.8077601004656192,830,104.16334661354581,-4.474464338408535,3.3701139748444766,0.15060240963855423,1840,-0.7080090150810129,0.4322644712394934,-0.061826541177647514,0.08732451121483688,-0.42980410089036614,-1.9131429808271392,925,126.68478260869566,-4.8803447347435185,2.968303913905129,0.14594594594594595,3848,-0.6730996655937754,0.4553321004158078,-0.05388480557926829,0.08005472047253771,-0.6352420463354498,-2.6302476187046673,1755,114.93243243243242,-4.688389903428398,3.158333743295248,0.14814814814814814,0.484588720076022,0.4322644712394934,0.4553321004158078,-1.742836429966555,-1.8304130490455182,-1.7815674501658565
XTIUSD|orb|09:30|15|14:30|opp_rev|none,XTIUSD,A_orb,range,09:30,15.0,14:30,opp_rev,none,2008,-0.35101099251568096,0.9081643199953374,-0.07231964442141568,0.20603242053220003,-0.5612122586346726,-0.990837195051591,2672,335.33067729083666,-2.1566665181274756,5.494531086662945,0.2990269461077844,1840,-0.577190266708549,0.7964127977513503,-0.13219213144248038,0.22902695881604412,-0.7087068844672182,-1.5596517612545553,2980,408.1304347826087,-3.238967746007295,4.406669837885323,0.2953020134228188,3848,-0.46453625008787963,0.8506270427376739,-0.10094890016953394,0.2173111358918421,-0.8633894468707377,-1.8152517792707403,5652,370.14137214137213,-2.727306585197869,4.9209595152975325,0.29706298655343244,0.9081643199953374,0.7964127977513503,0.8506270427376739,-1.5693125765492488,-1.9117174840973647,-1.7395493885139572
XTIUSD|orb|09:30|15|14:30|opp_rev|narrow1.0,XTIUSD,A_orb,range,09:30,15.0,14:30,opp_rev,narrow1.0,2008,-0.2189707409848549,0.8404298308116629,-0.03319026140671613,0.15157395575974114,-0.4597904706765371,-0.6181127070717293,1642,206.06772908366534,-1.6106481861233406,6.093371302305407,0.26674786845310594,1840,-0.6774091020409151,0.6182522597375415,-0.10238992156915752,0.15114931473562226,-0.5789154723120836,-1.8304575805008656,1838,251.72608695652175,-4.067513335907945,3.649570450816756,0.25516866158868334,3848,-0.4378726796425479,0.7345666632250032,-0.06627949599582533,0.1513670504630063,-0.7743992785920634,-1.711059493559038,3480,227.90020790020787,-2.908268342819922,4.802651197409965,0.260632183908046,0.8404298308116629,0.6182522597375415,0.7345666632250032,-1.242136520741488,-1.9200680624921376,-1.566118976673051
XTIUSD|orb|09:30|15|14:30|opp_rev|narrow0.75,XTIUSD,A_orb,range,09:30,15.0,14:30,opp_rev,narrow0.75,2008,0.1625883522171237,0.9387005954823294,0.016949173361228993,0.10424592616938963,-0.2112893719098986,0.45895595948231765,826,103.66135458167331,1.635052274748638,9.361444526564618,0.25302663438256656,1840,-0.647421019369181,0.392965636455595,-0.06769895332521028,0.10456712293829018,-0.4710706967005601,-1.7494254345114146,1016,139.1478260869565,-4.865254113485303,2.8936041542312325,0.2283464566929134,3848,-0.22531172759249005,0.6789391381343384,-0.023527061852660888,0.10442004996390201,-0.566104710522745,-0.8804426227780049,1842,120.62993762993763,-1.9503501630611808,5.793949511205922,0.23941368078175895,0.9387005954823294,0.392965636455595,0.6789391381343384,-0.5959087714850588,-1.6314789178795086,-1.0947275676106554
XTIUSD|orb|09:30|15|14:30|opp_rev|trend,XTIUSD,A_orb,range,09:30,15.0,14:30,opp_rev,trend,2008,-0.3890362340062899,0.5721309282973587,-0.0524666902288409,0.13486324831119106,-0.42621690387378364,-1.0981752113048318,1348,169.17131474103584,-3.10139401051271,4.546232102246936,0.30489614243323443,1840,-0.12818559552809897,0.7436976770621507,-0.022917037167081315,0.17878012792831924,-0.5822911180471905,-0.3463760589258434,1486,203.51739130434783,-1.1260480993887312,6.519981510301716,0.2913862718707941,3848,-0.2435929595567353,0.6597714813210697,-0.038336918494527604,0.1573810612765208,-0.7575858413144327,-0.951879542596597,2834,185.59459459459458,-2.065626888448407,5.581162102377283,0.2978122794636556,0.5721309282973587,0.7436976770621507,0.6597714813210697,-1.341592738054902,-0.9958739998246772,-1.141256442418053
XTIUSD|orb|09:30|15|14:30|opp_rev|trend+narrow1.0,XTIUSD,A_orb,range,09:30,15.0,14:30,opp_rev,trend+narrow1.0,2008,-0.05874552462267387,0.7924444703622654,-0.005538969497825742,0.09428751438348512,-0.22309522892717815,-0.16582743013771575,830,104.16334661354581,-0.5317580202540687,7.157398606251958,0.2855421686746988,1840,-0.46250337956067544,0.3983095379434113,-0.05262140944961451,0.11377518905829132,-0.41881141958282586,-1.2497511689368677,925,126.68478260869566,-4.153727730042503,3.5662722699574987,0.24864864864864866,3848,-0.2695815476939077,0.5830773020215781,-0.028052402323005408,0.104059059542373,-0.5129911846229473,-1.0534342239542134,1755,114.93243243243242,-2.4407733943590837,5.264639711054023,0.2660968660968661,0.7924444703622654,0.3983095379434113,0.5830773020215781,-0.9025480458499204,-1.3142717330274771,-1.1137608591220893
XTIUSD|orb|09:30|15|14:30|mid_rev|none,XTIUSD,A_orb,range,09:30,15.0,14:30,mid_rev,none,2008,-1.5315546227333068,0.195033034308829,-0.23332760743044587,0.1523469055344791,-0.857878707671462,-4.323287073095223,2672,335.33067729083666,-6.9581348570765496,0.8730777177737495,0.1594311377245509,1840,-0.8412880408129584,0.9585352757043005,-0.14989674358400182,0.17817529349300237,-0.703195176013689,-2.2732822264289414,2980,408.1304347826087,-3.67276563591354,4.132939062073037,0.1818791946308725,3848,-1.1708977933320897,0.58844776850963,-0.19343343137081564,0.16520095303993296,-0.9580251374935718,-4.575475654027362,5652,370.14137214137213,-5.225933816902139,2.5918298065939678,0.17126680820948337,0.195033034308829,0.9585352757043005,0.58844776850963,-3.196662967899498,-2.594282831364883,-2.8778225346463464
XTIUSD|orb|09:30|15|14:30|mid_rev|narrow1.0,XTIUSD,A_orb,range,09:30,15.0,14:30,mid_rev,narrow1.0,2008,-0.8355387703306915,0.6046309286905596,-0.09445245854959196,0.11304377714538531,-0.5968533653598813,-2.358566851761297,1642,206.06772908366534,-4.583563810287023,3.2690549473256425,0.1431181485992692,1840,-0.9508410186445055,0.7709048902681113,-0.10980743620860801,0.11548453848272834,-0.5703045032598775,-2.5693102516415207,1838,251.72608695652175,-4.362179444181882,3.481672568875788,0.15070729053318824,3848,-0.8913450624458149,0.6850199968150261,-0.10179475555910067,0.11420353334294575,-0.827621530647013,-3.483077392222594,3480,227.90020790020787,-4.466637239913102,3.3813512658340237,0.1471264367816092,0.6046309286905596,0.7709048902681113,0.6850199968150261,-2.2137070436863433,-2.5958094472386826,-2.3984761269903028
XTIUSD|orb|09:30|15|14:30|mid_rev|narrow0.75,XTIUSD,A_orb,range,09:30,15.0,14:30,mid_rev,narrow0.75,2008,-0.508987595712623,0.6930571743910965,-0.03476924596164505,0.06831059588586899,-0.2908685491039368,-1.4367750651838023,826,103.66135458167331,-3.3541184274464446,4.501813775943385,0.13922518159806296,1840,-0.8125185547298945,0.6306011610944784,-0.06216573399468644,0.07650992538299903,-0.37816149582446046,-2.1955429050510635,1016,139.1478260869565,-4.467603680408036,3.392632540064403,0.1377952755905512,3848,-0.6617015548746243,0.6606979530615481,-0.04786943774459623,0.07234294281455372,-0.5523966451743916,-2.5857076269185586,1842,120.62993762993763,-3.968288360676074,3.8900178282490065,0.13843648208469056,0.6930571743910965,0.6306011610944784,0.6606979530615481,-1.6460198805514927,-2.1561118914424258,-1.9015056654241624
XTIUSD|orb|09:30|15|14:30|mid_rev|trend,XTIUSD,A_orb,range,09:30,15.0,14:30,mid_rev,trend,2008,-1.1565674693389987,0.13369301038717774,-0.11872116226463074,0.1026495776614591,-0.6338840412606972,-3.2647697412398724,1348,169.17131474103584,-7.017806916401093,0.8071188996226457,0.1661721068249258,1840,-0.47753286516765947,0.6735035197948199,-0.06604036141997054,0.13829490331892463,-0.5263034331098593,-1.2903630174896066,1486,203.51739130434783,-3.2449492889387126,4.565279513214719,0.17698519515477792,3848,-0.772940062570759,0.4274532063068386,-0.09353075853433584,0.12100648299074751,-0.8269358396987221,-3.02039038629553,2834,185.59459459459458,-5.039519536581369,2.7776999411885663,0.17184191954834158,0.13369301038717774,0.6735035197948199,0.4274532063068386,-2.4260987741320363,-1.6208502750086842,-1.9613873161193354
XTIUSD|orb|09:30|15|14:30|mid_rev|trend+narrow1.0,XTIUSD,A_orb,range,09:30,15.0,14:30,mid_rev,trend+narrow1.0,2008,-0.6404116339835674,0.484588720076022,-0.04660751797915982,0.07277743798819829,-0.36988575047963734,-1.8077601004656192,830,104.16334661354581,-4.474464338408535,3.3701139748444766,0.15060240963855423,1840,-0.7080090150810129,0.4322644712394934,-0.061826541177647514,0.08732451121483688,-0.42980410089036614,-1.9131429808271392,925,126.68478260869566,-4.8803447347435185,2.968303913905129,0.14594594594594595,3848,-0.6730996655937754,0.4553321004158078,-0.05388480557926829,0.08005472047253771,-0.6352420463354498,-2.6302476187046673,1755,114.93243243243242,-4.688389903428398,3.158333743295248,0.14814814814814814,0.484588720076022,0.4322644712394934,0.4553321004158078,-1.742836429966555,-1.8304130490455182,-1.7815674501658565
XTIUSD|orb|09:30|15|16:55|none|none,XTIUSD,A_orb,range,09:30,15.0,16:55,none,none,2008,-0.6810116630658919,-0.10310309585835616,-0.17163272632726131,0.2520261188399865,-0.8434072857282204,-1.9223662518189741,1658,208.0756972111554,-8.248571487572056,-1.2485714875720586,0.4825090470446321,1840,-0.7717739637012936,-0.11324209692643931,-0.2066216225920928,0.26772297629887837,-0.888196269018625,-2.0854451143836368,1839,251.86304347826086,-8.203729286306627,-1.2037292863066271,0.47525829255029906,3848,-0.7255385320672701,-0.108069253612239,-0.18836338358487306,0.25961871804130243,-0.9765407770109326,-2.835161111787165,3497,229.0135135135135,-8.224989901032988,-1.224989901032988,0.47869602516442666,-0.10310309585835616,-0.11324209692643931,-0.108069253612239,-1.2583487487840284,-1.4303036626830945,-1.3426773052843504
XTIUSD|orb|09:30|15|16:55|none|narrow1.0,XTIUSD,A_orb,range,09:30,15.0,16:55,none,narrow1.0,2008,-0.795289849163254,-0.34511086316281475,-0.1508783004907233,0.18971485760753326,-0.7746031939593566,-2.2449518111963926,973,122.10956175298804,-12.35597756021193,-5.355977560211928,0.47070914696813976,1840,-0.9447043424201953,-0.4188404744610297,-0.18516793612986623,0.19600622947862492,-0.8167944768187225,-2.5527280630053992,1076,147.36521739130436,-12.565240251923422,-5.565240251923424,0.46654275092936803,3848,-0.8679366748424987,-0.3809654978319502,-0.16727459196058378,0.19272672397550028,-0.9575844536512258,-3.3916052687042675,2049,134.18607068607068,-12.465868558885216,-5.465868558885217,0.4685212298682284,-0.34511086316281475,-0.4188404744610297,-0.3809654978319502,-1.2434310479319164,-1.4683629248378225,-1.352760269529008
XTIUSD|orb|09:30|15|16:55|none|narrow0.75,XTIUSD,A_orb,range,09:30,15.0,16:55,none,narrow0.75,2008,-0.678276483973111,-0.36279169866658123,-0.08987416852779471,0.13250373653136646,-0.6049465215615235,-1.9146453620518717,477,59.86254980079681,-15.013421383964912,-8.013421383964914,0.4591194968553459,1840,-0.7217320105745719,-0.33777026657196524,-0.10489900323366878,0.14534342622569635,-0.6219755043431312,-1.9502245037247266,583,79.84565217391305,-13.13772264082541,-6.137722640825412,0.4631217838765009,3848,-0.6993995193001085,-0.349915567490129,-0.09705860092353491,0.1387741887793429,-0.8477342045050578,-2.7330186214540757,1060,69.41787941787942,-13.981787075238183,-6.981787075238188,0.46132075471698114,-0.36279169866658123,-0.33777026657196524,-0.349915567490129,-0.9911872287973532,-1.1029692547576297,-1.046215645068439
XTIUSD|orb|09:30|15|16:55|none|trend,XTIUSD,A_orb,range,09:30,15.0,16:55,none,trend,2008,-0.5869097963161768,-0.01844135976118236,-0.1258882050259526,0.21449327616630004,-0.7445592794005702,-1.6567346001400285,1388,174.19123505976094,-7.227011449959768,-0.2270114499597697,0.4884726224783862,1840,-0.17546817195154013,0.4496561409550049,-0.04127783139225846,0.23524398147635775,-0.689449871613742,-0.47414043377575776,1534,210.09130434782608,-1.9647567766021892,5.035243223397807,0.4726205997392438,3848,-0.3802953431704487,0.2160034240392313,-0.08543002220734626,0.22464125249374,-0.9190697234098816,-1.4860665840565486,2922,191.35758835758836,-4.464417791872663,2.5355822081273365,0.4801505817932923,-0.01844135976118236,0.4496561409550049,0.2160034240392313,-1.154370475524222,-0.8004296123327125,-0.9760842254736757
XTIUSD|orb|09:30|15|16:55|none|trend+narrow1.0,XTIUSD,A_orb,range,09:30,15.0,16:55,none,trend+narrow1.0,2008,0.022272793309301455,0.4913039381782401,0.003564350916068832,0.1600316074670484,-0.35440382793593883,0.06287185449773687,855,107.300796812749,0.3321830798972544,7.332183079897253,0.4994152046783626,1840,-0.3792149357732165,0.13136054589649512,-0.06750578495202578,0.17801457322450123,-0.541510112310389,-1.0246937216136014,948,129.83478260869566,-5.199360571618088,1.800639428381909,0.4641350210970464,3848,-0.1801425991926052,0.3092839648097221,-0.030419289935618828,0.16886227950499968,-0.6980627544778448,-0.7039368265554534,1803,118.07588357588357,-2.5762491894519135,4.423750810548087,0.480865224625624,0.4913039381782401,0.13136054589649512,0.3092839648097221,-0.44683704243138556,-0.8886845456972111,-0.668987123853923
XTIUSD|orb|09:30|15|16:55|opp|none,XTIUSD,A_orb,range,09:30,15.0,16:55,opp,none,2008,-0.26923540984793637,0.683394061689121,-0.045177611684500366,0.16779966539325789,-0.5089984949106885,-0.7600002962596029,1658,208.0756972111554,-2.1712103955443727,5.4958583619948325,0.29191797346200243,1840,-0.7228375713835895,0.3801222585817764,-0.12675830913083677,0.1753620926043006,-0.7061057902082448,-1.9532118892757528,1839,251.86304347826086,-5.032826864167458,2.6387337666101405,0.2849374660141381,3848,-0.49101777616771375,0.5349766470584525,-0.08418709279189615,0.1714542667863432,-0.8274028917199991,-1.9187326966913496,3497,229.0135135135135,-3.6760753328614593,3.9933556079449475,0.2882470689162139,0.683394061689121,0.3801222585817764,0.5349766470584525,-1.215672614877635,-1.8192075535884134,-1.5103317007572405
XTIUSD|orb|09:30|15|16:55|opp|narrow1.0,XTIUSD,A_orb,range,09:30,15.0,16:55,opp,narrow1.0,2008,-0.29555879756761916,0.4984175195182822,-0.035213498537626425,0.11914210920948866,-0.40699380578209843,-0.8343062074947355,973,122.10956175298804,-2.883762584363279,4.850050365277011,0.24357656731757452,1840,-0.9042477595449416,0.1203044538976083,-0.10085338891525426,0.11153291545450801,-0.5687443926099642,-2.4434085121135416,1076,147.36521739130436,-6.843771596892806,0.9062284031071953,0.23234200743494424,3848,-0.5762805791146782,0.32385303917698255,-0.06660055630655451,0.11556966991473297,-0.7451463009367278,-2.2519111186676932,2049,134.18607068607068,-4.963298795921001,2.779014527651475,0.23767691556857004,0.4984175195182822,0.1203044538976083,0.32385303917698255,-1.0824375262201833,-1.9135903940810692,-1.4657439449080578
XTIUSD|orb|09:30|15|16:55|opp|narrow0.75,XTIUSD,A_orb,range,09:30,15.0,16:55,opp,narrow0.75,2008,-0.3511141591550464,0.24291395662965423,-0.027550280996891736,0.07846530901286147,-0.34696485591919246,-0.9911284148303198,477,59.86254980079681,-4.602256517400305,3.1734248243187744,0.20545073375262055,1840,-0.5944023147266511,0.1843883560579941,-0.04743854329167345,0.0798088131831874,-0.3819978014391284,-1.6061612097927547,583,79.84565217391305,-5.941280708478256,1.8340194630483309,0.20754716981132076,3848,-0.4685078226198852,0.21472494991335914,-0.037060260888367405,0.0791027579456993,-0.5777713402945713,-1.8307713519711746,1060,69.41787941787942,-5.338719822493179,2.4367518756200304,0.20660377358490567,0.24291395662965423,0.1843883560579941,0.21472494991335914,-0.9370338708084194,-1.3586635766439268,-1.1406498941286403
XTIUSD|orb|09:30|15|16:55|opp|trend,XTIUSD,A_orb,range,09:30,15.0,16:55,opp,trend,2008,-0.5286416417464231,0.4492621015792919,-0.07215773896934696,0.1364965096789695,-0.5160579910030967,-1.4922546947645634,1388,174.19123505976094,-4.142443731143611,3.5081326377324715,0.3004322766570605,1840,-0.24294671990017783,0.7332306188028221,-0.040096709511538,0.1650432223493817,-0.5455815323783635,-0.6564772509836179,1534,210.09130434782608,-1.9085373207619343,5.745308833084222,0.28878748370273793,3848,-0.37682311885771547,0.5959097170236229,-0.05682710118286869,0.15080577156500322,-0.7798141659223075,-1.4724982966289824,2922,191.35758835758836,-2.9696810913333804,4.682611858700844,0.2943189596167009,0.4492621015792919,0.7332306188028221,0.5959097170236229,-1.4972154633457413,-1.213202474238458,-1.3423197713555637
XTIUSD|orb|09:30|15|16:55|opp|trend+narrow1.0,XTIUSD,A_orb,range,09:30,15.0,16:55,opp,trend+narrow1.0,2008,-0.1682095972339764,0.68304849171363,-0.016347446719965804,0.09718498224109538,-0.27488439452383406,-0.4748236638105439,855,107.300796812749,-1.5235158736513184,6.170051377810671,0.2736842105263158,1840,-0.6036814129146877,0.30556850761028137,-0.06669798806289015,0.11048540941630072,-0.4390488097222274,-1.6312346780519362,948,129.83478260869566,-5.137143277230171,2.590704824035653,0.23628691983122363,3848,-0.3896014947845798,0.4895962812176455,-0.040423589150054375,0.10375624757909507,-0.5718167262563865,-1.5224319016663561,1803,118.07588357588357,-3.4235262888441924,4.288065502614489,0.2540210759844703,0.68304849171363,0.30556850761028137,0.4895962812176455,-1.0110476794872378,-1.5016531204514392,-1.258695973517871
XTIUSD|orb|09:30|15|16:55|mid|none,XTIUSD,A_orb,range,09:30,15.0,16:55,mid,none,2008,-1.368161333288586,-0.0399979592332278,-0.16818194805160344,0.12292552344492318,-0.779795629273048,-3.8620589290893697,1658,208.0756972111554,-8.08272904071696,-0.23532252684482316,0.14837153196622438,1840,-1.2645650122671446,0.2656547584771143,-0.16307973031923864,0.1289611279271954,-0.7151662945127523,-3.4170379550063337,1839,251.86304347826086,-6.474936857233467,1.3554057202542984,0.16367591082109842,3848,-1.3171772843475575,0.1098361084145299,-0.16574221815878865,0.1258313669149604,-0.9369577257915055,-5.147086817389561,3497,229.0135135135135,-7.237224372307996,0.6012085702141658,0.1564197883900486,-0.0399979592332278,0.2656547584771143,0.1098361084145299,-2.681481049363549,-2.7839331868720127,-2.7312121498262387
XTIUSD|orb|09:30|15|16:55|mid|narrow1.0,XTIUSD,A_orb,range,09:30,15.0,16:55,mid,narrow1.0,2008,-0.9195617896854428,0.16803834785664998,-0.08143604765310762,0.08855962542872153,-0.5473496929848745,-2.595747836381054,973,122.10956175298804,-6.669096709874553,1.2127121287688158,0.1171634121274409,1840,-1.4971011395502598,0.008786304136722557,-0.11528951960497794,0.07700850434167178,-0.57727146703899,-4.045384275779543,1076,147.36521739130436,-7.82338747540713,0.04557163239956078,0.129182156133829,3848,-1.1729033564861577,0.09728560317720712,-0.09762377852406431,0.0832325851778023,-0.8090934580050441,-4.583312721819539,2049,134.18607068607068,-7.275254281232803,0.5998067241356687,0.12347486578818936,0.16803834785664998,0.008786304136722557,0.09728560317720712,-1.9867642696944954,-2.9621467478495696,-2.4145569938892746
XTIUSD|orb|09:30|15|16:55|mid|narrow0.75,XTIUSD,A_orb,range,09:30,15.0,16:55,mid,narrow0.75,2008,-0.8751914122451795,0.0523079016760411,-0.04458339646641059,0.050941309344019046,-0.3654974744693852,-2.470498709534046,477,59.86254980079681,-7.447627375507674,0.44126151338121306,0.1090146750524109,1840,-0.8673661750852375,0.2578957090293463,-0.04854643149169496,0.05596993851751739,-0.3084349952834179,-2.343749125117187,583,79.84565217391305,-6.080034437686754,1.794751154079969,0.12178387650085763,3848,-0.870412957198968,0.15536470288371368,-0.04647840281945717,0.053398105387845986,-0.5552617994352813,-3.4012817491785197,1060,69.41787941787942,-6.695451259706166,1.1856808157655288,0.1160377358490566,0.0523079016760411,0.2578957090293463,0.15536470288371368,-1.7678902207613867,-1.955840615082797,-1.8602408561901809
XTIUSD|orb|09:30|15|16:55|mid|trend,XTIUSD,A_orb,range,09:30,15.0,16:55,mid,trend,2008,-1.2144720492969416,0.09203163249350882,-0.12674728595312468,0.10436410292562827,-0.6619620077953345,-3.428223344715284,1388,174.19123505976094,-7.276329713698892,0.5485982401915986,0.16642651296829972,1840,-0.6597041844323122,0.6304997502775976,-0.08409988522010768,0.1274812062810807,-0.5245606183220546,-1.782616326890351,1534,210.09130434782608,-4.003015997314785,3.8138027771311087,0.1714471968709257,3848,-0.9169550033343576,0.3747556364468881,-0.10635455795188993,0.11598667062740144,-0.8395164134417579,-3.583152447196563,2922,191.35758835758836,-5.5578960241255775,2.262774749317269,0.16906228610540724,0.09203163249350882,0.6304997502775976,0.3747556364468881,-2.5003242541734503,-1.9392875516209305,-2.194224243233418
XTIUSD|orb|09:30|15|16:55|mid|trend+narrow1.0,XTIUSD,A_orb,range,09:30,15.0,16:55,mid,trend+narrow1.0,2008,-0.6077893301031496,0.5012231968086827,-0.04621239209706911,0.07603356921258601,-0.3792457230159547,-1.7156735483000205,855,107.300796812749,-4.306807914736599,3.5364669390645695,0.15087719298245614,1840,-0.9677893630574196,0.2802880370852994,-0.07915718294774239,0.08179174722242319,-0.4630591473333755,-2.6151071348160904,948,129.83478260869566,-6.096762466673614,1.756613060752544,0.13818565400843882,3848,-0.786007104503342,0.39138765895380845,-0.06196561849136194,0.07883595216421924,-0.6601495762522586,-3.07145200121458,1803,118.07588357588357,-5.247948744041253,2.6006369464745527,0.14420410427066002,0.5012231968086827,0.2802880370852994,0.39138765895380845,-1.6963359246762384,-2.190505447102877,-1.9402269523769615
XTIUSD|orb|09:30|15|16:55|opp_rev|none,XTIUSD,A_orb,range,09:30,15.0,16:55,opp_rev,none,2008,-0.3045893801866899,0.9794449065880739,-0.06371002428484002,0.20916692579954912,-0.5683927365655003,-0.8597978226941141,2761,346.5,-1.838673139533622,5.813264564196912,0.2984425932633104,1840,-0.7133924467770605,0.7240740754828381,-0.1606446596437786,0.22518413303860094,-0.7542922651249905,-1.9276897935691735,3063,419.49782608695654,-3.829451540720952,3.823176601623156,0.28860594188703886,3848,-0.5072732332556513,0.852109404588912,-0.11006130522570463,0.21696651431682548,-0.8822138352424521,-1.9822535680897728,5824,381.40540540540536,-2.885677645515215,4.766623178660611,0.2932692307692308,0.9794449065880739,0.7240740754828381,0.852109404588912,-1.5434651229195673,-2.103416038185021,-1.8199290485406583
XTIUSD|orb|09:30|15|16:55|opp_rev|narrow1.0,XTIUSD,A_orb,range,09:30,15.0,16:55,opp_rev,narrow1.0,2008,-0.28536831897472703,0.8004336751333231,-0.04332184518600335,0.15181028273092942,-0.4758651199402748,-0.8055404268197516,1684,211.33864541832668,-2.0498780570989044,5.6585542469391035,0.26068883610451304,1840,-0.7994849763791122,0.5118704034143083,-0.12181487749780445,0.15236668742608167,-0.6266049182987115,-2.1603242872005453,1875,256.79347826086956,-4.74369046763937,2.981642865693965,0.2432,3848,-0.5316711775181873,0.6624237532377137,-0.08085489597958809,0.1520768839812127,-0.8059021993395115,-2.0775925469633014,3559,233.07380457380455,-3.4690683548688885,4.24826797556101,0.2514751334644563,0.8004336751333231,0.5118704034143083,0.6624237532377137,-1.3303239023612299,-2.053169431920478,-1.6768097488805245
XTIUSD|orb|09:30|15|16:55|opp_rev|narrow0.75,XTIUSD,A_orb,range,09:30,15.0,16:55,opp_rev,narrow0.75,2008,0.18750167311811228,1.0128413511577348,0.018882445805169425,0.100705479002712,-0.21182903562915967,0.5292815205823819,847,106.29681274900398,1.7763887097683806,9.504842074585381,0.24911452184179456,1840,-0.7722254956492178,0.27711767639686663,-0.08132610707348634,0.10531393683798883,-0.5055218727550557,-2.0866652191540425,1033,141.47608695652175,-5.748399522703748,2.0182994124366207,0.21200387221684414,3848,-0.2819695369314261,0.6549177378567963,-0.029034325841589045,0.10296972558652705,-0.5927613880838705,-1.1018423288130657,1880,123.11850311850311,-2.358242271159125,5.391225813947259,0.22872340425531915,1.0128413511577348,0.27711767639686663,0.6549177378567963,-0.6168361728372783,-1.7606952089463708,-1.1789251492118478
XTIUSD|orb|09:30|15|16:55|opp_rev|trend,XTIUSD,A_orb,range,09:30,15.0,16:55,opp_rev,trend,2008,-0.5286416417464231,0.4492621015792919,-0.07215773896934696,0.1364965096789695,-0.5160579910030967,-1.4922546947645634,1388,174.19123505976094,-4.142443731143611,3.5081326377324715,0.3004322766570605,1840,-0.24294671990017783,0.7332306188028221,-0.040096709511538,0.1650432223493817,-0.5455815323783635,-0.6564772509836179,1534,210.09130434782608,-1.9085373207619343,5.745308833084222,0.28878748370273793,3848,-0.37682311885771547,0.5959097170236229,-0.05682710118286869,0.15080577156500322,-0.7798141659223075,-1.4724982966289824,2922,191.35758835758836,-2.9696810913333804,4.682611858700844,0.2943189596167009,0.4492621015792919,0.7332306188028221,0.5959097170236229,-1.4972154633457413,-1.213202474238458,-1.3423197713555637
XTIUSD|orb|09:30|15|16:55|opp_rev|trend+narrow1.0,XTIUSD,A_orb,range,09:30,15.0,16:55,opp_rev,trend+narrow1.0,2008,-0.1682095972339764,0.68304849171363,-0.016347446719965804,0.09718498224109538,-0.27488439452383406,-0.4748236638105439,855,107.300796812749,-1.5235158736513184,6.170051377810671,0.2736842105263158,1840,-0.6036814129146877,0.30556850761028137,-0.06669798806289015,0.11048540941630072,-0.4390488097222274,-1.6312346780519362,948,129.83478260869566,-5.137143277230171,2.590704824035653,0.23628691983122363,3848,-0.3896014947845798,0.4895962812176455,-0.040423589150054375,0.10375624757909507,-0.5718167262563865,-1.5224319016663561,1803,118.07588357588357,-3.4235262888441924,4.288065502614489,0.2540210759844703,0.68304849171363,0.30556850761028137,0.4895962812176455,-1.0110476794872378,-1.5016531204514392,-1.258695973517871
XTIUSD|orb|09:30|15|16:55|mid_rev|none,XTIUSD,A_orb,range,09:30,15.0,16:55,mid_rev,none,2008,-1.356861635404993,0.3583205430423879,-0.21523244615870316,0.15862519843039197,-0.8403470774169239,-3.8301620335657645,2761,346.5,-6.21161460775478,1.6148975255302616,0.16479536399855124,1840,-1.0573074817008232,0.8482583409921318,-0.1830522857218166,0.17313060664940347,-0.7629928092410347,-2.8569980665578036,3063,419.49782608695654,-4.363605109216278,3.448996914943041,0.17499183806725432,3848,-1.2060560345324833,0.6027984101877836,-0.19984484345499443,0.1657011264260723,-0.9622432082830625,-4.7128622624631324,5824,381.40540540540536,-5.239696150676582,2.5795002778948466,0.17015796703296704,0.3583205430423879,0.8482583409921318,0.6027984101877836,-3.0094644813768685,-2.904181001075795,-2.954618139716
XTIUSD|orb|09:30|15|16:55|mid_rev|narrow1.0,XTIUSD,A_orb,range,09:30,15.0,16:55,mid_rev,narrow1.0,2008,-0.7317688923093402,0.6880778411539403,-0.08610572315617078,0.11766791955918697,-0.5787425391506252,-2.0656442451710544,1684,211.33864541832668,-4.07430089209344,3.776055402443376,0.14489311163895488,1840,-1.1767397896434564,0.6022750077284251,-0.1341804988799236,0.1140273321773026,-0.6400246532410531,-3.1797214736860155,1875,256.79347826086956,-5.225230009292261,2.6265033240410713,0.14186666666666667,3848,-0.9409800992049084,0.6477799668876871,-0.10909366165193614,0.11593620496768853,-0.8491033690513758,-3.6770344596722677,3559,233.07380457380455,-4.680648769235274,3.1704329953053256,0.14329867940432706,0.6880778411539403,0.6022750077284251,0.6477799668876871,-2.0924335142377752,-2.8656232528181507,-2.4563509660096114
XTIUSD|orb|09:30|15|16:55|mid_rev|narrow0.75,XTIUSD,A_orb,range,09:30,15.0,16:55,mid_rev,narrow0.75,2008,-0.3814634375791069,0.7817014869419889,-0.027613393255226003,0.07238804701826664,-0.26053661627171154,-1.07679864894469,847,106.29681274900398,-2.597763050565666,5.257018531488642,0.14049586776859505,1840,-1.0269334829348462,0.46078809311322244,-0.07741770606306343,0.07538726446216694,-0.44338539560076284,-2.774923119345257,1033,141.47608695652175,-5.472140750320251,2.39523582276784,0.12681510164569215,3848,-0.6964421445857504,0.6259691635626049,-0.05142834532550168,0.07384438998316463,-0.5795265774896131,-2.7214621934870586,1880,123.11850311850311,-4.1771418611223075,3.6845602665372654,0.13297872340425532,0.7817014869419889,0.46078809311322244,0.6259691635626049,-1.4897798341104427,-2.398629118213169,-1.9350867662681912
XTIUSD|orb|09:30|15|16:55|mid_rev|trend,XTIUSD,A_orb,range,09:30,15.0,16:55,mid_rev,trend,2008,-1.2144720492969416,0.09203163249350882,-0.12674728595312468,0.10436410292562827,-0.6619620077953345,-3.428223344715284,1388,174.19123505976094,-7.276329713698892,0.5485982401915986,0.16642651296829972,1840,-0.6597041844323122,0.6304997502775976,-0.08409988522010768,0.1274812062810807,-0.5245606183220546,-1.782616326890351,1534,210.09130434782608,-4.003015997314785,3.8138027771311087,0.1714471968709257,3848,-0.9169550033343576,0.3747556364468881,-0.10635455795188993,0.11598667062740144,-0.8395164134417579,-3.583152447196563,2922,191.35758835758836,-5.5578960241255775,2.262774749317269,0.16906228610540724,0.09203163249350882,0.6304997502775976,0.3747556364468881,-2.5003242541734503,-1.9392875516209305,-2.194224243233418
XTIUSD|orb|09:30|15|16:55|mid_rev|trend+narrow1.0,XTIUSD,A_orb,range,09:30,15.0,16:55,mid_rev,trend+narrow1.0,2008,-0.6077893301031496,0.5012231968086827,-0.04621239209706911,0.07603356921258601,-0.3792457230159547,-1.7156735483000205,855,107.300796812749,-4.306807914736599,3.5364669390645695,0.15087719298245614,1840,-0.9677893630574196,0.2802880370852994,-0.07915718294774239,0.08179174722242319,-0.4630591473333755,-2.6151071348160904,948,129.83478260869566,-6.096762466673614,1.756613060752544,0.13818565400843882,3848,-0.786007104503342,0.39138765895380845,-0.06196561849136194,0.07883595216421924,-0.6601495762522586,-3.07145200121458,1803,118.07588357588357,-5.247948744041253,2.6006369464745527,0.14420410427066002,0.5012231968086827,0.2802880370852994,0.39138765895380845,-1.6963359246762384,-2.190505447102877,-1.9402269523769615
XTIUSD|orb|09:30|30|14:30|none|none,XTIUSD,A_orb,range,09:30,30.0,14:30,none,none,2008,-0.49591495624354476,0.10934811659659668,-0.11862140642365368,0.23919707387368752,-0.7247689637754293,-1.3998734931543064,1648,206.8207171314741,-5.735470221208404,1.264529778791593,0.47815533980582525,1840,-0.08646937025863913,0.5881943194653808,-0.022534826343513906,0.2606105060798967,-0.6481223252130291,-0.2336527717064867,1834,251.17826086956524,-0.8971646776078309,6.102835322392168,0.4798255179934569,3848,-0.2911087083360706,0.34826799796909613,-0.07267564048096734,0.24965120726332551,-0.8805811356986799,-1.137555143798339,3482,228.03118503118503,-3.1870921721091947,3.8129078278908035,0.479035037334865,0.10934811659659668,0.5881943194653808,0.34826799796909613,-1.10070564312283,-0.7611315262696189,-0.9303364955414691
XTIUSD|orb|09:30|30|14:30|none|narrow1.0,XTIUSD,A_orb,range,09:30,30.0,14:30,none,narrow1.0,2008,-0.2690650617039745,0.18091167415649476,-0.04985212527650405,0.18527907325013976,-0.46325639035104793,-0.7595194358855851,949,119.09760956175299,-4.185820812016838,2.814179187983163,0.48472075869336145,1840,-0.45392263032428193,0.09631366419731835,-0.08439161452866657,0.18591629694332992,-0.6476890900158029,-1.2265647407669302,1067,146.13260869565218,-5.775002258696932,1.2249977413030675,0.48922211808809746,3848,-0.35765671415979755,0.14040862258434078,-0.06636788936797472,0.18556310210444477,-0.7698046830278952,-1.3976024188077427,2016,132.02494802494803,-5.026920317774605,1.9730796822253942,0.4871031746031746,0.18091167415649476,0.09631366419731835,0.14040862258434078,-0.718318781644309,-1.0029751207464566,-0.8547635900378096
XTIUSD|orb|09:30|30|14:30|none|narrow0.75,XTIUSD,A_orb,range,09:30,30.0,14:30,none,narrow0.75,2008,-0.20297502950442317,0.13581626356672227,-0.02605400472154629,0.1283606401494748,-0.39163752559417775,-0.5729598593431288,495,62.1215139442231,-4.1940389194215975,2.8059610805784034,0.4909090909090909,1840,-0.11618820164007994,0.26971489038543434,-0.0156992295102128,0.13511896465051443,-0.3613458251912782,-0.31395736168304667,544,74.50434782608696,-2.107156155082253,4.892843844917746,0.49264705882352944,3848,-0.16033164943580583,0.20152939557761207,-0.02110265690739514,0.1316187850724027,-0.5642923854678028,-0.6265222829363706,1039,68.04261954261953,-3.101388078420056,3.898611921579945,0.4918190567853705,0.13581626356672227,0.26971489038543434,0.20152939557761207,-0.5409201518719781,-0.5016010274290067,-0.5215181201802169
XTIUSD|orb|09:30|30|14:30|none|trend,XTIUSD,A_orb,range,09:30,30.0,14:30,none,trend,2008,-0.10725542440846021,0.4764502140560306,-0.01994729313356753,0.18597934084529255,-0.49418475990796007,-0.30276164035004993,1236,155.11553784860558,-1.2859635733614445,5.714036426638554,0.4975728155339806,1840,-0.0977315851716175,0.47291601113497017,-0.022261416070646783,0.2277811828341426,-0.5794491615156707,-0.2640849087985065,1356,185.7130434782609,-1.1986996526311664,5.801300347368832,0.4631268436578171,3848,-0.10171126674028784,0.4722243796695288,-0.021053838404936007,0.2069961281545674,-0.7303106384719968,-0.39745349881147124,2592,169.74636174636174,-1.2403116148312525,5.759688385168745,0.47955246913580246,0.4764502140560306,0.47291601113497017,0.4722243796695288,-0.6906893805336815,-0.6682439224591983,-0.6754536819219938
XTIUSD|orb|09:30|30|14:30|none|trend+narrow1.0,XTIUSD,A_orb,range,09:30,30.0,14:30,none,trend+narrow1.0,2008,0.07522371381630402,0.5324797660886934,0.010827372912464979,0.14393563363416725,-0.36298026668472383,0.21234222058097102,750,94.12350597609561,1.1503367623401914,8.150336762340192,0.5106666666666667,1840,-0.5755439853010397,-0.08601323812819334,-0.09444188355219134,0.16409151335808556,-0.5997870592493679,-1.5552032702718772,838,114.7695652173913,-8.22882646399364,-1.2288264639936426,0.4618138424821002,3848,-0.25668927641827266,0.216280483211698,-0.03950927778789042,0.15391869243306622,-0.6797268433136642,-1.0030555541141088,1588,103.99584199584199,-3.799120909994663,3.2008790900053343,0.48488664987405544,0.5324797660886934,-0.08601323812819334,0.216280483211698,-0.3823466740709458,-1.0631157177349908,-0.7286878599927293
XTIUSD|orb|09:30|30|14:30|opp|none,XTIUSD,A_orb,range,09:30,30.0,14:30,opp,none,2008,-0.12634918915406795,0.7186115514171979,-0.02336219701584589,0.18490183571624227,-0.345997923442368,-0.3566597025387085,1648,206.8207171314741,-1.1295868876131374,6.40985485995968,0.36225728155339804,1840,-0.299351004785597,0.6105725735166506,-0.06235230589663397,0.20829162053854577,-0.5906190594066381,-0.8088898042401137,1834,251.17826086956524,-2.4823926115569783,5.051958533481191,0.36368593238822244,3848,-0.2138674116613631,0.662643687848198,-0.042006116023291344,0.1964119530740087,-0.6895340721176322,-0.8357220765287409,3482,228.03118503118503,-1.8421215509425466,5.694638931538788,0.3630097645031591,0.7186115514171979,0.6105725735166506,0.662643687848198,-0.9668555825894541,-1.2052106792239115,-1.0860502510008077
XTIUSD|orb|09:30|30|14:30|opp|narrow1.0,XTIUSD,A_orb,range,09:30,30.0,14:30,opp,narrow1.0,2008,0.16016604310922547,0.8214096228540462,0.021993125098267792,0.13731453104119923,-0.24869086389116002,0.4521182421082369,949,119.09760956175299,1.8466470636309595,9.45992419745604,0.3340358271865121,1840,-0.4268091029199301,0.44118813620824804,-0.054748394703848624,0.12827372783124427,-0.4435425479313104,-1.1533000597611882,1067,146.13260869565218,-3.746487193551178,3.860823022006462,0.34208059981255856,3848,-0.11048386158307222,0.6458653685951451,-0.014702404121039455,0.13307286612158103,-0.49745001006616496,-0.431733855606389,2016,132.02494802494803,-1.11360802189153,6.496511025727519,0.3382936507936508,0.8214096228540462,0.44118813620824804,0.6458653685951451,-0.4986343341525944,-1.2867215074327145,-0.8619493750463669
XTIUSD|orb|09:30|30|14:30|opp|narrow0.75,XTIUSD,A_orb,range,09:30,30.0,14:30,opp,narrow0.75,2008,0.19619502408689762,0.7148690825744763,0.017970445962752775,0.09159481004367065,-0.17832931252155837,0.5538211950460684,495,62.1215139442231,2.8927894414949145,10.541274289979764,0.31313131313131315,1840,-0.37818971932093404,0.31382182401919606,-0.03125650443822407,0.08264768406276961,-0.2893935576200838,-1.0219234381599531,544,74.50434782608696,-4.195259115774706,3.468343825401765,0.3014705882352941,3848,-0.06368771046687023,0.5329953489440903,-0.005568428449356738,0.08743332753739648,-0.37473662669732255,-0.24887020059423848,1039,68.04261954261953,-0.8183736144768604,6.838026770508705,0.3070259865255053,0.7148690825744763,0.31382182401919606,0.5329953489440903,-0.32151547383657847,-1.0603463447695456,-0.6559850677353418
XTIUSD|orb|09:30|30|14:30|opp|trend,XTIUSD,A_orb,range,09:30,30.0,14:30,opp,trend,2008,-0.11722296474185494,0.7072174705617239,-0.016645137142060493,0.14199553115480348,-0.3024765347601721,-0.3308981087686657,1236,155.11553784860558,-1.0730799359575653,6.458473462100688,0.37459546925566345,1840,-0.001380275265910737,0.7587805557839546,-0.0002545219861298544,0.1843994400362706,-0.5215408438013507,-0.0037297038319268933,1356,185.7130434782609,-0.013705121695431387,7.521693108393064,0.3561946902654867,3848,-0.05382731305975865,0.7291011984657171,-0.008807628855440853,0.1636275034881027,-0.6585610836178712,-0.21033907641568453,2592,169.74636174636174,-0.5188699636815414,7.0146948511332745,0.36496913580246915,0.7072174705617239,0.7587805557839546,0.7291011984657171,-0.9361445774448449,-0.7584096959761556,-0.8327703557297373
XTIUSD|orb|09:30|30|14:30|opp|trend+narrow1.0,XTIUSD,A_orb,range,09:30,30.0,14:30,opp,trend+narrow1.0,2008,0.06621023420828552,0.7663610667692123,0.00676596766989456,0.1021891517346101,-0.25295622662200623,0.18689888392516874,750,94.12350597609561,0.7188393164628706,8.308172649796205,0.35733333333333334,1840,-0.45116942529033677,0.290096247208763,-0.053212668678247615,0.117943871404859,-0.49961057867658565,-1.2191251817030284,838,114.7695652173913,-4.636479068074764,2.972112817366765,0.32577565632458233,3848,-0.19920739992787118,0.5204701553080355,-0.02191404555270981,0.11000618230369166,-0.5451747468262369,-0.7784356701862503,1588,103.99584199584199,-2.107204012405227,5.4922922092572435,0.3406801007556675,0.7663610667692123,0.290096247208763,0.5204701553080355,-0.6298462398357523,-1.1848580700879705,-0.912781295893979
XTIUSD|orb|09:30|30|14:30|mid|none,XTIUSD,A_orb,range,09:30,30.0,14:30,mid,none,2008,-0.7910862603461485,0.30548278484250774,-0.1160642912772067,0.14671508923239485,-0.6559306482878051,-2.233085880380836,1648,206.8207171314741,-5.61183100450356,2.1600136556906167,0.21177184466019416,1840,-0.22164760679682152,0.8628911147662421,-0.03981286253022552,0.1796223433475685,-0.5387802245431479,-0.5989239601870778,1834,251.17826086956524,-1.5850441193595184,6.155959152178104,0.2360959651035987,3848,-0.48753727549199644,0.5971812025462568,-0.07960310913208056,0.16327594449419153,-0.833159720084471,-1.90513206801457,3482,228.03118503118503,-3.4908869644822573,4.264713265270759,0.22458357265939116,0.30548278484250774,0.8628911147662421,0.5971812025462568,-1.8786106056982372,-1.300986040788559,-1.5657863133334624
XTIUSD|orb|09:30|30|14:30|mid|narrow1.0,XTIUSD,A_orb,range,09:30,30.0,14:30,mid,narrow1.0,2008,-0.0929155898495698,0.7357435582212112,-0.010436067853233753,0.11231772698348826,-0.3427797271784149,-0.26228301787158126,949,119.09760956175299,-0.8762617395626724,6.927742475400447,0.1886195995785037,1840,-0.5008336929240708,0.5665365482575138,-0.05343749127145606,0.10669707734610717,-0.4469507725743803,-1.3533252314164161,1067,146.13260869565218,-3.6567807656639726,4.123912767606881,0.20899718837863168,3848,-0.28267391223573024,0.6569043992948023,-0.030998079051136315,0.10966020460100362,-0.6221297770294356,-1.1045947911325738,2016,132.02494802494803,-2.3478955693494217,5.443771097317246,0.19940476190476192,0.7357435582212112,0.5665365482575138,0.6569043992948023,-0.9162078008815941,-1.5566608888134394,-1.2141145193260692
XTIUSD|orb|09:30|30|14:30|mid|narrow0.75,XTIUSD,A_orb,range,09:30,30.0,14:30,mid,narrow0.75,2008,-0.16778989093515917,0.5728411626518997,-0.011023763293932383,0.06569980606395659,-0.2860779189077457,-0.47363891284623627,495,62.1215139442231,-1.7745483962013975,6.047673826020825,0.17373737373737375,1840,-0.20435026703891848,0.6319062965298826,-0.014236952272490166,0.06966935976540095,-0.21366325438060418,-0.5521840410053597,544,74.50434782608696,-1.9108887854065937,5.897934744005171,0.1875,3848,-0.18575186636764357,0.6017663712566486,-0.01256021540426147,0.06761824604982464,-0.4074869676981344,-0.7258559603538751,1039,68.04261954261953,-1.8459335470460814,5.969273382694053,0.1809432146294514,0.5728411626518997,0.6319062965298826,0.6017663712566486,-0.899859705706233,-1.0307129916954092,-0.9640429184712019
XTIUSD|orb|09:30|30|14:30|mid|trend,XTIUSD,A_orb,range,09:30,30.0,14:30,mid,trend,2008,-0.6847841840716467,0.36699323081209867,-0.07839254926601634,0.11447774509029023,-0.4922358357128944,-1.9330153602837132,1236,155.11553784860558,-5.053816680990933,2.697801441986414,0.2273462783171521,1840,0.015593396760517676,0.9189978742909932,0.0024846739974444428,0.15934142096195567,-0.43171325493470525,0.04213561822545933,1356,185.7130434782609,0.13379103324723146,7.871991623217734,0.23525073746312683,3848,-0.2883019248825254,0.6674814621103857,-0.03971944874502677,0.1377703210313677,-0.7106594268668991,-1.1265871759441366,2592,169.74636174636174,-2.339929311968189,5.404669453463908,0.23148148148148148,0.36699323081209867,0.9189978742909932,0.6674814621103857,-1.7236259940979393,-0.8838140358539435,-1.2374194000826841
XTIUSD|orb|09:30|30|14:30|mid|trend+narrow1.0,XTIUSD,A_orb,range,09:30,30.0,14:30,mid,trend+narrow1.0,2008,0.03615208780292131,0.891247578507054,0.003095452776088979,0.08562307087113367,-0.23991092017449267,0.10205046006445266,750,94.12350597609561,0.32887138488818374,8.099538051554848,0.216,1840,-0.4581996752500358,0.48098811220083393,-0.04364512975647527,0.0952535152554582,-0.39160690001781795,-1.2381219360908515,838,114.7695652173913,-3.802848749475059,3.9799674796418865,0.20405727923627684,3848,-0.213095334877639,0.6834712556752177,-0.01925451392347397,0.09035633715083469,-0.5079372521782216,-0.8327050595464845,1588,103.99584199584199,-1.8514695928173568,5.925608492824961,0.2096977329974811,0.891247578507054,0.48098811220083393,0.6834712556752177,-0.8132972378028437,-1.3859943271898192,-1.1008653646594986
XTIUSD|orb|09:30|30|14:30|opp_rev|none,XTIUSD,A_orb,range,09:30,30.0,14:30,opp_rev,none,2008,-0.08889696168551584,1.0073178465835675,-0.018987394494628555,0.21358879015234344,-0.3786829847817067,-0.25093919576080026,2443,306.5916334661355,-0.6193056959829191,6.9189669196535935,0.3659435120753172,1840,-0.3177844731854726,0.8579376541757049,-0.07639264403073744,0.24039136734711208,-0.6786413816523146,-0.8586997076881449,2717,372.1108695652174,-2.0529538446430298,5.470785573833232,0.36290025763709977,3848,-0.20476812392049568,0.9298998225168429,-0.046436890114805354,0.22677792434546692,-0.7396933967156557,-0.800165113517606,5160,337.9209979209979,-1.3741936843374774,6.156426470701283,0.3643410852713178,1.0073178465835675,0.8579376541757049,0.9298998225168429,-1.1529170181982291,-1.4625990575551264,-1.3078134392583634
XTIUSD|orb|09:30|30|14:30|opp_rev|narrow1.0,XTIUSD,A_orb,range,09:30,30.0,14:30,opp_rev,narrow1.0,2008,0.19664526467625562,1.0874673263496224,0.03161180673352485,0.1607554943444407,-0.269523115573964,0.5550921384984673,1478,185.4860557768924,1.7042686363199366,9.307110314263106,0.3423545331529093,1840,-0.1477412718705771,0.9665365501763687,-0.02329946907635448,0.15770453835516635,-0.487213504654733,-0.39921833089275954,1669,228.5804347826087,-1.0193116089972196,6.56846550304592,0.3505092869982025,3848,0.03361647301201689,1.0303590752017586,0.005354855722563828,0.15929260992518837,-0.48721350465473123,0.1313618957321984,3147,206.09251559251558,0.2598277626515755,7.854680002880365,0.3466793771846203,1.0874673263496224,0.9665365501763687,1.0303590752017586,-0.6695519284716785,-1.2240097504457443,-0.9323515619895377
XTIUSD|orb|09:30|30|14:30|opp_rev|narrow0.75,XTIUSD,A_orb,range,09:30,30.0,14:30,opp_rev,narrow0.75,2008,0.2628856616271222,0.9774020941090242,0.02834996340489025,0.1078414213594575,-0.15381544580859396,0.7420761661025842,792,99.39442231075697,2.852269045465548,10.487370055566561,0.32575757575757575,1840,-0.21397287815990237,0.6531657520109577,-0.023222907310222612,0.10853201354270745,-0.3399966673506355,-0.5781857309997067,887,121.4804347826087,-1.911658231367085,5.745613471000448,0.30777903043968435,3848,0.034106765929645184,0.822264987854357,0.003689339154420485,0.1081703015182028,-0.33999666735063405,0.13327779592496103,1679,109.95530145530145,0.3355308116653423,7.982344391176958,0.3162596783799881,0.9774020941090242,0.6531657520109577,0.822264987854357,-0.43311713001430374,-1.046922357037262,-0.7283320281690925
XTIUSD|orb|09:30|30|14:30|opp_rev|trend,XTIUSD,A_orb,range,09:30,30.0,14:30,opp_rev,trend,2008,-0.11722296474185494,0.7072174705617239,-0.016645137142060493,0.14199553115480348,-0.3024765347601721,-0.3308981087686657,1236,155.11553784860558,-1.0730799359575653,6.458473462100688,0.37459546925566345,1840,-0.001380275265910737,0.7587805557839546,-0.0002545219861298544,0.1843994400362706,-0.5215408438013507,-0.0037297038319268933,1356,185.7130434782609,-0.013705121695431387,7.521693108393064,0.3561946902654867,3848,-0.05382731305975865,0.7291011984657171,-0.008807628855440853,0.1636275034881027,-0.6585610836178712,-0.21033907641568453,2592,169.74636174636174,-0.5188699636815414,7.0146948511332745,0.36496913580246915,0.7072174705617239,0.7587805557839546,0.7291011984657171,-0.9361445774448449,-0.7584096959761556,-0.8327703557297373
XTIUSD|orb|09:30|30|14:30|opp_rev|trend+narrow1.0,XTIUSD,A_orb,range,09:30,30.0,14:30,opp_rev,trend+narrow1.0,2008,0.06621023420828552,0.7663610667692123,0.00676596766989456,0.1021891517346101,-0.25295622662200623,0.18689888392516874,750,94.12350597609561,0.7188393164628706,8.308172649796205,0.35733333333333334,1840,-0.45116942529033677,0.290096247208763,-0.053212668678247615,0.117943871404859,-0.49961057867658565,-1.2191251817030284,838,114.7695652173913,-4.636479068074764,2.972112817366765,0.32577565632458233,3848,-0.19920739992787118,0.5204701553080355,-0.02191404555270981,0.11000618230369166,-0.5451747468262369,-0.7784356701862503,1588,103.99584199584199,-2.107204012405227,5.4922922092572435,0.3406801007556675,0.7663610667692123,0.290096247208763,0.5204701553080355,-0.6298462398357523,-1.1848580700879705,-0.912781295893979
XTIUSD|orb|09:30|30|14:30|mid_rev|none,XTIUSD,A_orb,range,09:30,30.0,14:30,mid_rev,none,2008,-0.9855289577609265,0.4150296383852193,-0.16815686438394917,0.17062600044345055,-0.7866030693215758,-2.7819605908961114,2443,306.5916334661355,-5.48471797755443,2.2790970040255942,0.2157183790421613,1840,-0.38485065938362273,1.05075988694481,-0.0778366514114495,0.20225157347037626,-0.64296248497466,-1.0399222636765815,2717,372.1108695652174,-2.0917596817957933,5.64618658246626,0.2366580787633419,3848,-0.6703735362303116,0.743469238418201,-0.12496840495842959,0.18641607731289653,-0.916501715346292,-2.619594819969125,5160,337.9209979209979,-3.6981544718226056,4.052039326627007,0.22674418604651161,0.4150296383852193,1.05075988694481,0.743469238418201,-2.3432133005498703,-1.7865139085260437,-2.047005042654668
XTIUSD|orb|09:30|30|14:30|mid_rev|narrow1.0,XTIUSD,A_orb,range,09:30,30.0,14:30,mid_rev,narrow1.0,2008,-0.17206677071173254,0.9367144555763681,-0.02264461380848033,0.13160364267204958,-0.4202517498567534,-0.4857117300848688,1478,185.4860557768924,-1.2208256687347894,6.571461205419473,0.1955345060893099,1840,-0.42139322388038536,0.9856710231506542,-0.053711301535888115,0.1274612368971893,-0.4522728357985679,-1.1386655695939574,1669,228.5804347826087,-2.349776855878774,5.420744414342916,0.21689634511683642,3848,-0.28929157752953716,0.9596841689746244,-0.03749978673426784,0.12962626514917824,-0.6513381436684957,-1.1304544063874193,3147,206.09251559251558,-1.8195608232766738,5.961182742023612,0.20686367969494757,0.9367144555763681,0.9856710231506542,0.9596841689746244,-1.2484729775358918,-1.7783516807980029,-1.497876805484052
XTIUSD|orb|09:30|30|14:30|mid_rev|narrow0.75,XTIUSD,A_orb,range,09:30,30.0,14:30,mid_rev,narrow0.75,2008,-0.28015695867350815,0.6975074598571589,-0.022497231364496894,0.08030224011217556,-0.31655987784142525,-0.7908297489966568,792,99.39442231075697,-2.263429963319191,5.5534892286,0.17803030303030304,1840,-0.28382138338218454,0.8285703192211537,-0.024480091882380102,0.08625175309436083,-0.3156525971900964,-0.7669265162734458,887,121.4804347826087,-2.0151468774529535,5.796578037992367,0.18489289740698986,3848,-0.28183143991725557,0.762114841876434,-0.02344537672647848,0.08318935862287732,-0.4710823210771655,-1.1013026920233908,1679,109.95530145530145,-2.1322643307025424,5.681910773526164,0.1816557474687314,0.6975074598571589,0.8285703192211537,0.762114841876434,-1.2149014837409713,-1.3472983216118517,-1.279894686473721
XTIUSD|orb|09:30|30|14:30|mid_rev|trend,XTIUSD,A_orb,range,09:30,30.0,14:30,mid_rev,trend,2008,-0.6847841840716467,0.36699323081209867,-0.07839254926601634,0.11447774509029023,-0.4922358357128944,-1.9330153602837132,1236,155.11553784860558,-5.053816680990933,2.697801441986414,0.2273462783171521,1840,0.015593396760517676,0.9189978742909932,0.0024846739974444428,0.15934142096195567,-0.43171325493470525,0.04213561822545933,1356,185.7130434782609,0.13379103324723146,7.871991623217734,0.23525073746312683,3848,-0.2883019248825254,0.6674814621103857,-0.03971944874502677,0.1377703210313677,-0.7106594268668991,-1.1265871759441366,2592,169.74636174636174,-2.339929311968189,5.404669453463908,0.23148148148148148,0.36699323081209867,0.9189978742909932,0.6674814621103857,-1.7236259940979393,-0.8838140358539435,-1.2374194000826841
XTIUSD|orb|09:30|30|14:30|mid_rev|trend+narrow1.0,XTIUSD,A_orb,range,09:30,30.0,14:30,mid_rev,trend+narrow1.0,2008,0.03615208780292131,0.891247578507054,0.003095452776088979,0.08562307087113367,-0.23991092017449267,0.10205046006445266,750,94.12350597609561,0.32887138488818374,8.099538051554848,0.216,1840,-0.4581996752500358,0.48098811220083393,-0.04364512975647527,0.0952535152554582,-0.39160690001781795,-1.2381219360908515,838,114.7695652173913,-3.802848749475059,3.9799674796418865,0.20405727923627684,3848,-0.213095334877639,0.6834712556752177,-0.01925451392347397,0.09035633715083469,-0.5079372521782216,-0.8327050595464845,1588,103.99584199584199,-1.8514695928173568,5.925608492824961,0.2096977329974811,0.891247578507054,0.48098811220083393,0.6834712556752177,-0.8132972378028437,-1.3859943271898192,-1.1008653646594986
XTIUSD|orb|09:30|30|16:55|none|none,XTIUSD,A_orb,range,09:30,30.0,16:55,none,none,2008,-0.342842405765481,0.2576655664890427,-0.0830066072142967,0.24211301116314307,-0.6452822094276567,-0.9677788300553946,1655,207.699203187251,-3.9964817361124947,3.0035182638875035,0.4954682779456193,1840,-0.07775922759814306,0.6131447683077688,-0.019820914374610712,0.25490112217992317,-0.5906375592374538,-0.210116703749747,1837,251.58913043478262,-0.7878287245699883,6.212171275430009,0.4833968426782798,3848,-0.21263040407664197,0.4320995247259723,-0.05279307425561111,0.24828563198601653,-0.8191936133342881,-0.8308882659946618,3492,228.68607068607068,-2.308539129524987,4.691460870475013,0.48911798396334477,0.2576655664890427,0.6131447683077688,0.4320995247259723,-0.9430364509001645,-0.7686625014736601,-0.8572530555887496
XTIUSD|orb|09:30|30|16:55|none|narrow1.0,XTIUSD,A_orb,range,09:30,30.0,16:55,none,narrow1.0,2008,-0.3132827230451789,0.13386719401547612,-0.058412727600541225,0.18645371513869743,-0.4868119655174401,-0.8843374742639784,949,119.09760956175299,-4.904609573230254,2.095390426769747,0.48366701791359323,1840,-0.40458025065847625,0.14629098473851015,-0.07513172602951747,0.18570290049313215,-0.6173863133910638,-1.093234478998805,1067,146.13260869565218,-5.141338863387641,1.8586611366123575,0.47797563261480785,3848,-0.35689081499061964,0.13981316220653395,-0.06640725907385629,0.18607163951698147,-0.7729670821001163,-1.394609541870089,2016,132.02494802494803,-5.029902307653832,1.9700976923461684,0.4806547619047619,0.13386719401547612,0.14629098473851015,0.13981316220653395,-0.759601461563099,-0.9543938117425218,-0.8526435967579432
XTIUSD|orb|09:30|30|16:55|none|narrow0.75,XTIUSD,A_orb,range,09:30,30.0,16:55,none,narrow0.75,2008,-0.050383986997391474,0.2802754832342948,-0.006623411799228377,0.13145866760348465,-0.3211383377994502,-0.14222440156138696,495,62.1215139442231,-1.0662025727794333,5.933797427220567,0.501010101010101,1840,-0.1831743649477559,0.2029307033892605,-0.024741761247045597,0.13507218247543712,-0.3892398249831728,-0.49496368422253706,544,74.50434782608696,-3.320847973167889,3.67915202683211,0.47610294117647056,3848,-0.11478276363003143,0.24278552278291504,-0.015287071618350953,0.13318264114657796,-0.5401707872683339,-0.4485325222081388,1039,68.04261954261953,-2.246690636120454,4.753309363879547,0.4879692011549567,0.2802754832342948,0.2029307033892605,0.24278552278291504,-0.3808430878557234,-0.5685061246730025,-0.47187930901369146
XTIUSD|orb|09:30|30|16:55|none|trend,XTIUSD,A_orb,range,09:30,30.0,16:55,none,trend,2008,-0.44121491057023104,0.14389134928406844,-0.0856582569237244,0.19414179999723655,-0.6232233458209502,-1.2454656797815704,1293,162.26892430278883,-5.278783802368015,1.7212161976319809,0.4965197215777262,1840,-0.14267345196124345,0.4769204347680294,-0.03141097531809871,0.2201599168332406,-0.5190076681089534,-0.385524346944648,1423,194.8891304347826,-1.6117356185038758,5.38826438149612,0.46732255797610683,3848,-0.28853686026878567,0.31302555939591215,-0.059718808338913756,0.20697115884356293,-0.8162385051369533,-1.1275052245955433,2716,177.86694386694387,-3.357498984386179,3.6425010156138184,0.48122238586156113,0.14389134928406844,0.4769204347680294,0.31302555939591215,-1.025327756207533,-0.7620762331827113,-0.8895815135595263
XTIUSD|orb|09:30|30|16:55|none|trend+narrow1.0,XTIUSD,A_orb,range,09:30,30.0,16:55,none,trend+narrow1.0,2008,-0.1878800663694616,0.2724344492345312,-0.028109036102898603,0.14961159342802693,-0.41810534951632494,-0.5303496526802013,784,98.39043824701196,-2.856886970289745,4.143113029710253,0.4987244897959184,1840,-0.5757308059277008,-0.06675369203720538,-0.09455345330612325,0.16423205486419135,-0.5622885392051359,-1.555708086683755,872,119.42608695652174,-7.917319885105707,-0.9173198851057089,0.4701834862385321,3848,-0.38197498440308836,0.10231319484953899,-0.0598807948487233,0.1567662734309654,-0.6978558595646545,-1.4926300583505543,1656,108.44906444906444,-5.521559374709744,1.478440625290254,0.483695652173913,0.2724344492345312,-0.06675369203720538,0.10231319484953899,-0.6474555772295818,-1.0827411145469357,-0.8648545532357602
XTIUSD|orb|09:30|30|16:55|opp|none,XTIUSD,A_orb,range,09:30,30.0,16:55,opp,none,2008,-0.008438721878701172,0.840237543748846,-0.001562414274818544,0.18514821287830138,-0.3464339725406308,-0.023820905026896638,1655,207.699203187251,-0.07522485646755082,7.472811397308886,0.3685800604229607,1840,-0.36158878198029476,0.600140443574454,-0.07155572104571993,0.19789253597369472,-0.5809081782205159,-0.9770652992494463,1837,251.58913043478262,-2.844149940900119,4.708381360134177,0.35764833968426785,3848,-0.18308729382576905,0.7211387076933232,-0.03503114724219344,0.19133576399643576,-0.631159750401993,-0.7154437050202631,3492,228.68607068607068,-1.5318443811246605,6.018556535255638,0.36282932416953034,0.840237543748846,0.600140443574454,0.7211387076933232,-0.8526860559147227,-1.3183619839139844,-1.0824558985952095
XTIUSD|orb|09:30|30|16:55|opp|narrow1.0,XTIUSD,A_orb,range,09:30,30.0,16:55,opp,narrow1.0,2008,0.09109521470543425,0.7676885655090353,0.01224442007179486,0.13441342787750657,-0.26164281651913446,0.2571444454615553,949,119.09760956175299,1.0280995661332761,8.651914107756038,0.321390937829294,1840,-0.38729663207030374,0.47734671734206474,-0.05000252605440629,0.12910653466599117,-0.39545205020735463,-1.0465316364065083,1067,146.13260869565218,-3.421722673722036,4.204331684291086,0.3270852858481724,3848,-0.1328297256407512,0.6318039610026579,-0.017520231922022747,0.1318999330722676,-0.4403542423282769,-0.5190539936631504,2016,132.02494802494803,-1.3270394864091934,6.297960513590808,0.3244047619047619,0.7676885655090353,0.47734671734206474,0.6318039610026579,-0.5824129928532957,-1.2439760626878573,-0.892180129042426
XTIUSD|orb|09:30|30|16:55|opp|narrow0.75,XTIUSD,A_orb,range,09:30,30.0,16:55,opp,narrow0.75,2008,0.32845979574200596,0.8375765573914025,0.030646006303715327,0.09330215356946372,-0.152602227668178,0.9271794605853794,495,62.1215139442231,4.933235582640721,12.58980123920638,0.3090909090909091,1840,-0.33087405836029216,0.3451255433498312,-0.028069328612009975,0.0848338753153171,-0.2687575222320244,-0.8940696640950976,544,74.50434782608696,-3.7674752455428897,3.9163482838688766,0.2775735294117647,3848,0.02876060774336513,0.6135102105710156,0.0025700665311231795,0.0893606475237324,-0.3142638264181643,0.11238680376219266,1039,68.04261954261953,0.37771422505469165,8.04855156865431,0.2925890279114533,0.8375765573914025,0.3451255433498312,0.6135102105710156,-0.1808928767954596,-0.9980077385352025,-0.5527020301117224
XTIUSD|orb|09:30|30|16:55|opp|trend,XTIUSD,A_orb,range,09:30,30.0,16:55,opp,trend,2008,-0.30562290320989743,0.542112090761297,-0.044141806189941464,0.1444322585981899,-0.39660363979799274,-0.8627152613931043,1293,162.26892430278883,-2.7202871023890074,4.811808798616408,0.3720030935808198,1840,-0.15037397100680558,0.7141178828705562,-0.025598086461525473,0.1702295037507985,-0.4847652339981793,-0.40633226555435265,1423,194.8891304347826,-1.3134691711342812,6.2234247150217294,0.3499648629655657,3848,-0.22428445990413493,0.6293684898685503,-0.03527474686034548,0.1572768210308589,-0.6832991965217363,-0.876428405375765,2716,177.86694386694387,-1.983209813664606,5.551399906512126,0.3604565537555228,0.542112090761297,0.7141178828705562,0.6293684898685503,-1.146850497834814,-1.0100648115420816,-1.0724451313736865
XTIUSD|orb|09:30|30|16:55|opp|trend+narrow1.0,XTIUSD,A_orb,range,09:30,30.0,16:55,opp,trend+narrow1.0,2008,-0.13859707096451251,0.5787730762757352,-0.014456563934930628,0.10430641740352654,-0.31349847993598645,-0.391233140741907,784,98.39043824701196,-1.4693057773192386,6.12125544717056,0.34438775510204084,1840,-0.480147256438345,0.3211363995500991,-0.05448505118422568,0.11347571074004885,-0.4519515612853551,-1.2974274816448765,872,119.42608695652174,-4.562240342351796,3.0409706668225183,0.3268348623853211,3848,-0.3088515895424649,0.4498817478387548,-0.03359700482336694,0.10878041739444438,-0.5572305888321634,-1.206888369511518,1656,108.44906444906444,-3.09795248064556,4.499269741576663,0.3351449275362319,0.5787730762757352,0.3211363995500991,0.4498817478387548,-0.8498923277122067,-1.2724186864164557,-1.0599425295874865
XTIUSD|orb|09:30|30|16:55|mid|none,XTIUSD,A_orb,range,09:30,30.0,16:55,mid,none,2008,-0.6920726148974969,0.42121867072838937,-0.10049188624125527,0.14520425180548308,-0.6189843090460043,-1.9535892126980088,1655,207.699203187251,-4.838337591052619,2.935076306228348,0.21450151057401812,1840,-0.44552543723804133,0.7531950969279838,-0.07268809407052604,0.16315138933737083,-0.5456278161187443,-1.2038743079201772,1837,251.58913043478262,-2.8891587623404247,4.87023154794809,0.22264561785519868,3848,-0.5661058192635027,0.5886848329609213,-0.08719693364402506,0.1540293893418501,-0.8115498402094985,-2.212151571549455,3492,228.68607068607068,-3.812953424860093,3.9530832303518206,0.21878579610538373,0.42121867072838937,0.7531950969279838,0.5886848329609213,-1.7961760051505642,-1.6373085125356959,-1.7130274727171435
XTIUSD|orb|09:30|30|16:55|mid|narrow1.0,XTIUSD,A_orb,range,09:30,30.0,16:55,mid,narrow1.0,2008,-0.09977703897787987,0.7506445537926647,-0.010926950865105516,0.10951368147463238,-0.28777690613597084,-0.2816515822562999,949,119.09760956175299,-0.9174786047607303,6.890740573321462,0.18124341412012646,1840,-0.5777934128318825,0.5039428153343494,-0.06098084798389597,0.10554091934869332,-0.4542431485564886,-1.5612815495025716,1067,146.13260869565218,-4.172980180686414,3.6273947021626958,0.19212746016869728,3848,-0.3238992670654861,0.6349956296488828,-0.034861246784693475,0.1076299032737398,-0.5993920003054738,-1.2656896436691087,2016,132.02494802494803,-2.6405044884475877,5.163562971869873,0.18700396825396826,0.7506445537926647,0.5039428153343494,0.6349956296488828,-0.9443186181742992,-1.6467968164122633,-1.2737659704397295
XTIUSD|orb|09:30|30|16:55|mid|narrow0.75,XTIUSD,A_orb,range,09:30,30.0,16:55,mid,narrow0.75,2008,-0.006245277622733042,0.6924387285142473,-0.00043478689009587173,0.06961850479044061,-0.24051841463211043,-0.017629229551125333,495,62.1215139442231,-0.06998974469396428,7.756272881568661,0.1717171717171717,1840,-0.20510059702348757,0.6147612259492178,-0.014612809934169354,0.0712470375329816,-0.21488561964672237,-0.5542115413799393,544,74.50434782608696,-1.9613365341147009,5.867707583532357,0.16544117647058823,3848,-0.10248433020469722,0.6549200369705036,-0.007214298948592543,0.07039416595866953,-0.3718932078934256,-0.4004743714107417,1039,68.04261954261953,-1.0602617884330217,6.767457172105956,0.16843118383060635,0.6924387285142473,0.6147612259492178,0.6549200369705036,-0.7001112158836382,-1.0154523235532464,-0.8528573558867983
XTIUSD|orb|09:30|30|16:55|mid|trend,XTIUSD,A_orb,range,09:30,30.0,16:55,mid,trend,2008,-0.8183268553028541,0.2670908755235493,-0.09497117466300659,0.11605530729876726,-0.5550482864726267,-2.309980892998519,1293,162.26892430278883,-5.8527025473955385,1.902131172635399,0.23047177107501934,1840,-0.23784368901624212,0.8350581038352568,-0.033524364444894504,0.14095124652479285,-0.39619336920410364,-0.6426881218784912,1423,194.8891304347826,-1.7201762032651202,6.024026186053222,0.22347153900210823,3848,-0.5101819528454452,0.5637341550142636,-0.06558912403896129,0.1285602590862929,-0.73066485172775,-1.9936198681573651,2716,177.86694386694387,-3.6875387080370743,4.061724914937889,0.2268041237113402,0.2670908755235493,0.8350581038352568,0.5637341550142636,-1.8897264575357475,-1.303531751103575,-1.5743402639945026
XTIUSD|orb|09:30|30|16:55|mid|trend+narrow1.0,XTIUSD,A_orb,range,09:30,30.0,16:55,mid,trend+narrow1.0,2008,-0.07604031957713636,0.7993912151650927,-0.006651753794782458,0.08747666805943428,-0.2512395717031026,-0.21464734315199685,784,98.39043824701196,-0.6760569333051489,7.0956267401642386,0.21428571428571427,1840,-0.6193832753130513,0.39082988537196484,-0.05711773435878108,0.09221710794485433,-0.4176069161988135,-1.6736633861523629,872,119.42608695652174,-4.782684906989824,3.0063059186982493,0.19495412844036697,3848,-0.34288411039112415,0.5987140541011526,-0.03078309585241173,0.08977696813450409,-0.5370333754809455,-1.3398760405746706,1656,108.44906444906444,-2.838484223796114,4.942312877653163,0.2041062801932367,0.7993912151650927,0.39082988537196484,0.5987140541011526,-0.9441592230551714,-1.6147018724477116,-1.273296122887701
XTIUSD|orb|09:30|30|16:55|opp_rev|none,XTIUSD,A_orb,range,09:30,30.0,16:55,opp_rev,none,2008,-0.04723523464333151,1.0777663453916841,-0.010311060097301962,0.2182917090421957,-0.3453859200975625,-0.13333607322714114,2557,320.898406374502,-0.3213185198953115,7.215247768724165,0.3684004692999609,1840,-0.4842578322189644,0.7680979075521166,-0.11425502139592698,0.23593840676233996,-0.6765780146834999,-1.308534853209842,2837,388.545652173913,-2.9405816473989628,4.5902607917973715,0.35777229467747623,3848,-0.2645011504907043,0.9230740209782382,-0.06001399377439916,0.22689501978747845,-0.7401507653302282,-1.0335817365309554,5394,353.2453222453222,-1.698932441424392,5.834623361319399,0.3628105302187616,1.0777663453916841,0.7680979075521166,0.9230740209782382,-1.1353756259933645,-1.6966111917872508,-1.413332187856617
XTIUSD|orb|09:30|30|16:55|opp_rev|narrow1.0,XTIUSD,A_orb,range,09:30,30.0,16:55,opp_rev,narrow1.0,2008,0.10240129464412764,1.031621455340997,0.01643585646150832,0.1605043814985679,-0.29296457378634777,0.28905935631148705,1538,193.0159362549801,0.8515284686025107,8.454909482906805,0.33485045513654094,1840,-0.2108720042262269,0.9366802286648663,-0.03346912864816193,0.15871774335798366,-0.4366801331964858,-0.5698067201760066,1727,236.52391304347827,-1.4150420656202143,6.177893661073475,0.34337000579038796,3848,-0.04652502461245448,0.9866520837052947,-0.007427234131473295,0.1596395529790879,-0.43668013319648624,-0.18180418361838524,3265,213.82016632016632,-0.34735891657440987,7.250497132430186,0.33935681470137824,1.031621455340997,0.9366802286648663,0.9866520837052947,-0.7970881279124058,-1.3142155333551035,-1.0432645959803906
XTIUSD|orb|09:30|30|16:55|opp_rev|narrow0.75,XTIUSD,A_orb,range,09:30,30.0,16:55,opp_rev,narrow0.75,2008,0.2926386159311981,1.0101975738625844,0.0325754328511813,0.11131624836156304,-0.1655247520775126,0.8260630907737019,819,102.78286852589642,3.1693445919904266,10.807928230574067,0.3162393162393162,1840,-0.20076691463982607,0.6947659263829558,-0.021753369215959648,0.10835136484009324,-0.29106132621115166,-0.5425013034354584,913,125.04130434782608,-1.7396946816428382,5.918574759759135,0.29572836801752467,3848,0.06002320376674393,0.8618239238291839,0.006597003588307247,0.10990755531717121,-0.29106132621115166,0.2345505381216211,1732,113.42619542619542,0.5816119956698895,8.230572734699914,0.3054272517321016,1.0101975738625844,0.6947659263829558,0.8618239238291839,-0.40506098400943863,-1.0582376960520155,-0.7138758640929572
XTIUSD|orb|09:30|30|16:55|opp_rev|trend,XTIUSD,A_orb,range,09:30,30.0,16:55,opp_rev,trend,2008,-0.30562290320989743,0.542112090761297,-0.044141806189941464,0.1444322585981899,-0.39660363979799274,-0.8627152613931043,1293,162.26892430278883,-2.7202871023890074,4.811808798616408,0.3720030935808198,1840,-0.15037397100680558,0.7141178828705562,-0.025598086461525473,0.1702295037507985,-0.4847652339981793,-0.40633226555435265,1423,194.8891304347826,-1.3134691711342812,6.2234247150217294,0.3499648629655657,3848,-0.22428445990413493,0.6293684898685503,-0.03527474686034548,0.1572768210308589,-0.6832991965217363,-0.876428405375765,2716,177.86694386694387,-1.983209813664606,5.551399906512126,0.3604565537555228,0.542112090761297,0.7141178828705562,0.6293684898685503,-1.146850497834814,-1.0100648115420816,-1.0724451313736865
XTIUSD|orb|09:30|30|16:55|opp_rev|trend+narrow1.0,XTIUSD,A_orb,range,09:30,30.0,16:55,opp_rev,trend+narrow1.0,2008,-0.13859707096451251,0.5787730762757352,-0.014456563934930628,0.10430641740352654,-0.31349847993598645,-0.391233140741907,784,98.39043824701196,-1.4693057773192386,6.12125544717056,0.34438775510204084,1840,-0.480147256438345,0.3211363995500991,-0.05448505118422568,0.11347571074004885,-0.4519515612853551,-1.2974274816448765,872,119.42608695652174,-4.562240342351796,3.0409706668225183,0.3268348623853211,3848,-0.3088515895424649,0.4498817478387548,-0.03359700482336694,0.10878041739444438,-0.5572305888321634,-1.206888369511518,1656,108.44906444906444,-3.09795248064556,4.499269741576663,0.3351449275362319,0.5787730762757352,0.3211363995500991,0.4498817478387548,-0.8498923277122067,-1.2724186864164557,-1.0599425295874865
XTIUSD|orb|09:30|30|16:55|mid_rev|none,XTIUSD,A_orb,range,09:30,30.0,16:55,mid_rev,none,2008,-0.9394115287088673,0.5078669281379277,-0.16248595974084137,0.17296568625697306,-0.7759644000172368,-2.6517798700091673,2557,320.898406374502,-5.0634704477532795,2.6964044055904837,0.22252639812280015,1840,-0.679540480695333,0.9060757811430411,-0.13003712522372932,0.19136038090132632,-0.6854085386136113,-1.8362168745569138,2837,388.545652173913,-3.3467656759552322,4.398387655028201,0.22735283750440607,3848,-0.8076484595788824,0.7074980605864131,-0.1469698850237192,0.18197259374499525,-0.9232075620444014,-3.156019154583715,5394,353.2453222453222,-4.16056139369487,3.5915706048220013,0.22506488691138302,0.5078669281379277,0.9060757811430411,0.7074980605864131,-2.3378051835422187,-2.2181451167219812,-2.275144911994368
XTIUSD|orb|09:30|30|16:55|mid_rev|narrow1.0,XTIUSD,A_orb,range,09:30,30.0,16:55,mid_rev,narrow1.0,2008,-0.25865893994039235,0.9024014575117532,-0.03385094628164388,0.1308709696616123,-0.42213225363438434,-0.7301449356008614,1538,193.0159362549801,-1.7537902278144373,6.037497158401425,0.19635890767230169,1840,-0.6283518833536145,0.8268381815338338,-0.08020468660025813,0.12764294772571208,-0.504998907733385,-1.6978978650292034,1727,236.52391304347827,-3.390975803174488,4.390147532088976,0.20555877243775333,3848,-0.4331276576840016,0.8668191013466994,-0.056015936454785836,0.12932892984555971,-0.6973273374692154,-1.6925175400488426,3265,213.82016632016632,-2.6197686316878848,5.166142547485162,0.2012251148545176,0.9024014575117532,0.8268381815338338,0.8668191013466994,-1.380229131963469,-2.023300538153801,-1.684041750898814
XTIUSD|orb|09:30|30|16:55|mid_rev|narrow0.75,XTIUSD,A_orb,range,09:30,30.0,16:55,mid_rev,narrow0.75,2008,-0.20595352158282576,0.7492839005031446,-0.017520910238831375,0.08507215659230771,-0.3108079209570598,-0.5813675753388492,819,102.78286852589642,-1.704652778241632,6.112197038608184,0.1794871794871795,1840,-0.3423136093902281,0.7876237753432493,-0.02994092421961915,0.08746635657563741,-0.30161484038014763,-0.9249809890790479,913,125.04130434782608,-2.3944827171934144,5.4204132302326515,0.1741511500547645,3848,-0.27210823059684064,0.7678997219715444,-0.02345979426290869,0.08621493812021824,-0.4688886733491887,-1.063307652850956,1732,113.42619542619542,-2.0682871513726817,5.747532710059189,0.1766743648960739,0.7492839005031446,0.7876237753432493,0.7678997219715444,-1.1210354488333558,-1.4185209231751084,-1.2654912439721724
XTIUSD|orb|09:30|30|16:55|mid_rev|trend,XTIUSD,A_orb,range,09:30,30.0,16:55,mid_rev,trend,2008,-0.8183268553028541,0.2670908755235493,-0.09497117466300659,0.11605530729876726,-0.5550482864726267,-2.309980892998519,1293,162.26892430278883,-5.8527025473955385,1.902131172635399,0.23047177107501934,1840,-0.23784368901624212,0.8350581038352568,-0.033524364444894504,0.14095124652479285,-0.39619336920410364,-0.6426881218784912,1423,194.8891304347826,-1.7201762032651202,6.024026186053222,0.22347153900210823,3848,-0.5101819528454452,0.5637341550142636,-0.06558912403896129,0.1285602590862929,-0.73066485172775,-1.9936198681573651,2716,177.86694386694387,-3.6875387080370743,4.061724914937889,0.2268041237113402,0.2670908755235493,0.8350581038352568,0.5637341550142636,-1.8897264575357475,-1.303531751103575,-1.5743402639945026
XTIUSD|orb|09:30|30|16:55|mid_rev|trend+narrow1.0,XTIUSD,A_orb,range,09:30,30.0,16:55,mid_rev,trend+narrow1.0,2008,-0.07604031957713636,0.7993912151650927,-0.006651753794782458,0.08747666805943428,-0.2512395717031026,-0.21464734315199685,784,98.39043824701196,-0.6760569333051489,7.0956267401642386,0.21428571428571427,1840,-0.6193832753130513,0.39082988537196484,-0.05711773435878108,0.09221710794485433,-0.4176069161988135,-1.6736633861523629,872,119.42608695652174,-4.782684906989824,3.0063059186982493,0.19495412844036697,3848,-0.34288411039112415,0.5987140541011526,-0.03078309585241173,0.08977696813450409,-0.5370333754809455,-1.3398760405746706,1656,108.44906444906444,-2.838484223796114,4.942312877653163,0.2041062801932367,0.7993912151650927,0.39082988537196484,0.5987140541011526,-0.9441592230551714,-1.6147018724477116,-1.273296122887701
XTIUSD|orb|09:30|60|14:30|none|none,XTIUSD,A_orb,range,09:30,60.0,14:30,none,none,2008,-0.1484771036671113,0.573288813678239,-0.034805296080011934,0.23441524127549065,-0.6347737019073942,-0.41912259178131755,1926,241.70916334661354,-1.4399659325327607,5.560034067467236,0.4984423676012461,1840,-0.13494026012237573,0.562784607189378,-0.03265037260416302,0.2419616841893797,-0.61800352450739,-0.3646281417116869,1761,241.1804347826087,-1.3537736853983553,5.646226314601642,0.4735945485519591,3848,-0.14189779172605338,0.5681857084015137,-0.0337748752911445,0.2380225575063915,-0.7264093083663605,-0.5544889529214976,3687,241.45634095634094,-1.3987984393937087,5.601201560606291,0.48657445077298617,0.573288813678239,0.562784607189378,0.5681857084015137,-0.8702038003156704,-0.8326300276346325,-0.8519440912417581
XTIUSD|orb|09:30|60|14:30|none|narrow1.0,XTIUSD,A_orb,range,09:30,60.0,14:30,none,narrow1.0,2008,-0.304286684180181,0.24731629878832656,-0.055488867095212314,0.18235719793231245,-0.6256495739093244,-0.8589433695047908,1145,143.69521912350598,-3.8615666849374897,3.1384333150625086,0.4812227074235808,1840,-0.3800199556928716,0.225079981432637,-0.06382459216391036,0.1679506331385733,-0.5091908529148192,-1.0268690021197937,1060,145.17391304347825,-4.396422940311286,2.603577059688712,0.47641509433962265,3848,-0.33870720121624487,0.23697035180402887,-0.05947476473720928,0.17559344626758644,-0.6978375239425056,-1.3235540811794295,2205,144.4022869022869,-4.118685791829201,2.8813142081707963,0.47891156462585033,0.24731629878832656,0.225079981432637,0.23697035180402887,-0.8550597281612425,-0.9839025893422356,-0.9133904120520924
XTIUSD|orb|09:30|60|14:30|none|narrow0.75,XTIUSD,A_orb,range,09:30,60.0,14:30,none,narrow0.75,2008,-0.030487468431618328,0.3919796083290767,-0.0036871160101636666,0.12093873974592743,-0.3369948482906996,-0.08606031819262505,582,73.0398406374502,-0.5048088793711252,6.4951911206288715,0.5034364261168385,1840,-0.1061787534964102,0.33616532019645556,-0.012421995050443784,0.11699134376128988,-0.3709744999436597,-0.2869103819834678,540,73.95652173913044,-1.679634839272235,5.320365160727763,0.4777777777777778,3848,-0.06605390242041748,0.3657518427623814,-0.007863877297615689,0.11905242551097087,-0.37097449994365983,-0.2581164847172971,1122,73.47817047817047,-1.0702331381470593,5.929766861852937,0.4910873440285205,0.3919796083290767,0.33616532019645556,0.3657518427623814,-0.45279587587734305,-0.5479280914784661,-0.4975037648767459
XTIUSD|orb|09:30|60|14:30|none|trend,XTIUSD,A_orb,range,09:30,60.0,14:30,none,trend,2008,-0.5697585526806063,0.0670393445027192,-0.10124095036497525,0.17769097083081198,-0.6734426376154125,-1.6083199051650388,1288,161.6414342629482,-6.263304382729173,0.7366956172708253,0.48757763975155277,1840,0.0633063317477342,0.5815379217688942,0.013040024956563307,0.20598294983392443,-0.4191746370752568,0.17106288429284144,1114,152.5695652173913,0.8546937220397138,7.854693722039711,0.4631956912028725,3848,-0.2430003196616655,0.331231658892863,-0.04659516174968657,0.19174938458748536,-0.7704659912952321,-0.9495637047609302,2402,157.3035343035343,-2.962117917819706,4.037882082180292,0.47626977518734387,0.0670393445027192,0.5815379217688942,0.331231658892863,-1.205021073678788,-0.45505724880227233,-0.816658509394662
XTIUSD|orb|09:30|60|14:30|none|trend+narrow1.0,XTIUSD,A_orb,range,09:30,60.0,14:30,none,trend+narrow1.0,2008,-0.561812038217215,-0.05191285557331639,-0.07878176292720034,0.14022797228980116,-0.589657993051206,-1.5858884079492024,814,102.15537848605578,-7.71195448489813,-0.7119544848981328,0.47788697788697787,1840,-0.18048035319733624,0.3157367267097758,-0.02478849101975559,0.13734731000139383,-0.3826854772701661,-0.48768407399046754,711,97.37608695652175,-2.5456446027476556,4.454355397252343,0.450070323488045,3848,-0.38144498411551747,0.12208800759147491,-0.05296377428122886,0.1388503624029546,-0.6916416278023265,-1.4905589950807987,1525,99.87006237006237,-5.303268369351251,1.6967316306487443,0.46491803278688526,-0.05191285557331639,0.3157367267097758,0.12208800759147491,-1.0691682563791851,-0.6758584747142021,-0.8832289120568488
XTIUSD|orb|09:30|60|14:30|opp|none,XTIUSD,A_orb,range,09:30,60.0,14:30,opp,none,2008,-0.3736487561059138,0.5299674166916988,-0.07405217603176206,0.19818659856791113,-0.6123320703928331,-1.0547392911575564,1926,241.70916334661354,-3.063689229091014,4.335064664989983,0.42471443406022846,1840,0.010725137111591926,0.8502875487285171,0.002266263822267022,0.21130394872225947,-0.48786860184765357,0.028980875026150512,1761,241.1804347826087,0.09396549203129839,7.43638457209944,0.4298693923906871,3848,-0.1836163281936177,0.6879963136416645,-0.03755895115353611,0.20455125926454298,-0.6600304542779472,-0.7175109937998815,3687,241.45634095634094,-1.5555172833637592,5.816329746742019,0.42717656631407647,0.5299674166916988,0.8502875487285171,0.6879963136416645,-1.2727884599070682,-0.825759591389759,-1.0514780589432577
XTIUSD|orb|09:30|60|14:30|opp|narrow1.0,XTIUSD,A_orb,range,09:30,60.0,14:30,opp,narrow1.0,2008,-0.6549784191452546,0.08373120792114402,-0.09550816554009108,0.14581879760974267,-0.6095761824733534,-1.8488793612815906,1145,143.69521912350598,-6.646579205812118,0.8468705758472721,0.3737991266375546,1840,-0.09384468576309399,0.6867914298744833,-0.01298700379850674,0.13838827092768743,-0.3729512870570777,-0.2535819432116248,1060,145.17391304347825,-0.8945824718947436,6.5337194148977105,0.4160377358490566,3848,-0.393825218964401,0.3643010842714757,-0.05604898217093432,0.1423194337790764,-0.6443621395370982,-1.5389367983910331,2205,144.4022869022869,-3.8814469890536527,3.5806845302207257,0.3941043083900227,0.08373120792114402,0.6867914298744833,0.3643010842714757,-1.3865546534745472,-0.8697962507822667,-1.1458904231281266
XTIUSD|orb|09:30|60|14:30|opp|narrow0.75,XTIUSD,A_orb,range,09:30,60.0,14:30,opp,narrow0.75,2008,-0.1724706402584507,0.45943177103180133,-0.015053469107158879,0.08728134298452742,-0.2412750033144362,-0.4868517769135137,582,73.0398406374502,-2.0609942431118093,5.475088231114997,0.37628865979381443,1840,0.07435924914077512,0.6772150386401486,0.006826418866709826,0.09180322482528323,-0.2721466426837701,0.20092946914944648,540,73.95652173913044,0.9230313576386003,8.398957283564528,0.3962962962962963,3848,-0.05131897621496371,0.5662806034067481,-0.004591152612377585,0.08946305930083784,-0.27214664268376965,-0.2005373377576939,1122,73.47817047817047,-0.6248321892747136,6.8822979355024705,0.3859180035650624,0.45943177103180133,0.6772150386401486,0.5662806034067481,-0.7978430413683616,-0.5256085436346489,-0.6642606488340894
XTIUSD|orb|09:30|60|14:30|opp|trend,XTIUSD,A_orb,range,09:30,60.0,14:30,opp,trend,2008,-0.8553472720990212,-0.031004316905002736,-0.1243411659223807,0.1453692201732843,-0.6585927254043881,-2.4144824804703595,1288,161.6414342629482,-7.692406745173408,-0.27781047188148333,0.4138198757763975,1840,0.247900607413154,0.866014567959797,0.04503652746836746,0.18167171084542394,-0.34698765525159725,0.6698633730828869,1114,152.5695652173913,2.951868375858347,10.304651140669835,0.4245960502692998,3848,-0.2646499552509328,0.445526678628155,-0.043349753282314,0.1638003423851371,-0.77680276470247,-1.0341632155989888,2402,157.3035343035343,-2.7558028797157177,4.630125513290111,0.41881765195670273,-0.031004316905002736,0.866014567959797,0.445526678628155,-1.6711653092805085,-0.3689611546154244,-0.9708596406546769
XTIUSD|orb|09:30|60|14:30|opp|trend+narrow1.0,XTIUSD,A_orb,range,09:30,60.0,14:30,opp,trend+narrow1.0,2008,-0.9954217682620984,-0.27870173314735947,-0.10610866249901738,0.1065966868338352,-0.6203004726933321,-2.8098861112278435,814,102.15537848605578,-10.386987359016173,-2.8906728627016736,0.3746928746928747,1840,-0.0796043523783664,0.525247167055542,-0.009544066462301014,0.11989377687462661,-0.2950060079617105,-0.21510249834677,711,97.37608695652175,-0.9801242543831556,6.45728784125679,0.3952180028129395,3848,-0.5295672479839607,0.12997899488260414,-0.059934323437801654,0.11317603886186127,-0.7063859224303921,-2.0693710963666203,1525,99.87006237006237,-6.001230200069238,1.467622258947157,0.3842622950819672,-0.27870173314735947,0.525247167055542,0.12997899488260414,-1.6985477687696646,-0.681057521258715,-1.1812630102827106
XTIUSD|orb|09:30|60|14:30|mid|none,XTIUSD,A_orb,range,09:30,60.0,14:30,mid,none,2008,-1.2174170436526817,-0.06486293965909236,-0.19596727179186976,0.16096971273204674,-0.833884087593246,-3.4365365030183073,1926,241.70916334661354,-8.107564855158204,-0.4305139724998428,0.28556593977154726,1840,0.17921765735471007,1.1802931172047821,0.032914133897431044,0.18365452591698003,-0.4395410148336705,0.48427208680275713,1761,241.1804347826087,1.364709949507249,8.966640670688397,0.3259511641113004,3848,-0.502111559223947,0.5701948401033703,-0.08652294058908558,0.1723181611728151,-0.8637177876931554,-1.962083478095086,3687,241.45634095634094,-3.583378272295209,4.057793412000969,0.3048548955790616,-0.06486293965909236,1.1802931172047821,0.5701948401033703,-2.361710194054851,-0.8170196895304288,-1.5680637734867502
XTIUSD|orb|09:30|60|14:30|mid|narrow1.0,XTIUSD,A_orb,range,09:30,60.0,14:30,mid,narrow1.0,2008,-0.9924850676965856,-0.04991055892978884,-0.1171163817611327,0.11800316757706279,-0.6468347927049625,-2.8015963647153916,1145,143.69521912350598,-8.15033252153443,-0.40797444293180785,0.23406113537117904,1840,0.07719982528648195,1.0324062783480814,0.009009584738727781,0.11670472964535843,-0.2681511486271807,0.20860511762129852,1060,145.17391304347825,0.6206063162346181,8.284757259630846,0.2943396226415094,3848,-0.48372471705522607,0.4651936705986172,-0.056806668050180704,0.11743594248398762,-0.6880586786016243,-1.8902338690373928,2205,144.4022869022869,-3.933917479341599,3.7708444254203064,0.26303854875283444,-0.04991055892978884,1.0324062783480814,0.4651936705986172,-1.9213373947575154,-0.8723022168300897,-1.4226959049454446
XTIUSD|orb|09:30|60|14:30|mid|narrow0.75,XTIUSD,A_orb,range,09:30,60.0,14:30,mid,narrow0.75,2008,-0.42426713204621447,0.3714278960949949,-0.030260016157826388,0.07132302710295794,-0.2730948189777739,-1.1976253280742317,582,73.0398406374502,-4.142946629364766,3.6113489032812836,0.23024054982817868,1840,0.0390250719296795,0.7917825547139835,0.0029523973716573206,0.07565386111209066,-0.25835513023320666,0.10545140082714571,540,73.95652173913044,0.39920716959505215,8.093651614039496,0.26666666666666666,3848,-0.19583369779547982,0.5787283511048534,-0.014378820499237506,0.07342362760393832,-0.3010207777057221,-0.7652523743780235,1122,73.47817047817047,-1.9568833036621793,5.768606892416252,0.24777183600713013,0.3714278960949949,0.7917825547139835,0.5787283511048534,-1.2058149317914877,-0.708801785515074,-0.9610366326470919
XTIUSD|orb|09:30|60|14:30|mid|trend,XTIUSD,A_orb,range,09:30,60.0,14:30,mid,trend,2008,-1.2666541892498648,-0.2237702449242792,-0.15049777904807293,0.11881520649073161,-0.7168096654733329,-3.575523589679647,1288,161.6414342629482,-9.310594139077764,-1.6359046980839709,0.2841614906832298,1840,0.318615297631285,1.061078692075734,0.04987160056275163,0.15652607057325021,-0.2575605114203301,0.8609447157642407,1114,152.5695652173913,3.268777786165361,10.876497714352077,0.3258527827648115,3848,-0.39552822266662013,0.4753794256359945,-0.05468705698884287,0.13826334975579505,-0.7881382054217162,-1.545591565376329,2402,157.3035343035343,-3.4765307232905682,4.167099584786037,0.3034970857618651,-0.2237702449242792,1.061078692075734,0.4753794256359945,-2.2928069262190873,-0.42195489908038375,-1.2594658796303975
XTIUSD|orb|09:30|60|14:30|mid|trend+narrow1.0,XTIUSD,A_orb,range,09:30,60.0,14:30,mid,trend+narrow1.0,2008,-1.0757973434825818,-0.16143692284334513,-0.09283074548721255,0.08629017913978106,-0.5589871120139213,-3.0367710555748904,814,102.15537848605578,-9.087210762954,-1.353795529538764,0.23955773955773957,1840,0.032812932907364104,0.7987580907161246,0.0032013804118127443,0.09756459201165368,-0.17922786995069928,0.08866530077288981,711,97.37608695652175,0.3287645367432102,7.994024733648977,0.2911392405063291,3848,-0.5105031516826786,0.32783212869983774,-0.04691101792634807,0.09189173028946801,-0.6094849720737777,-1.9948750054274431,1525,99.87006237006237,-4.6972052297836955,3.0044341144786024,0.2636065573770492,-0.16143692284334513,0.7987580907161246,0.32783212869983774,-1.9676411963999523,-0.7287142081056164,-1.3365820314330275
XTIUSD|orb|09:30|60|14:30|opp_rev|none,XTIUSD,A_orb,range,09:30,60.0,14:30,opp_rev,none,2008,-0.6409399478826457,0.4325879769424759,-0.14292479249458126,0.22299248621767978,-0.758095492297026,-1.8092514300052378,2558,321.0239043824701,-4.452154202333158,2.9630138977450278,0.4124315871774824,1840,0.020757123220123828,1.0213833518031352,0.004718225596963645,0.22730633464609257,-0.5284762210498997,0.0560887555735431,2238,306.5086956521739,0.1539344776801334,7.497544844078703,0.4249329758713137,3848,-0.32132976852661543,0.7174248378440574,-0.07232625993521469,0.22508421882868274,-0.8276451823496692,-1.2556489056349163,4796,314.08316008316007,-2.3027742052794165,5.079002275120918,0.4182652210175146,0.4325879769424759,1.0213833518031352,0.7174248378440574,-1.6837279476927838,-0.9590631819879291,-1.3342359190168165
XTIUSD|orb|09:30|60|14:30|opp_rev|narrow1.0,XTIUSD,A_orb,range,09:30,60.0,14:30,opp_rev,narrow1.0,2008,-0.9053578150095047,-0.01106337724342228,-0.15503325018466776,0.17123975472950456,-0.7541442635955189,-2.5556527204827635,1627,204.18525896414343,-7.592773884420953,-0.0912373140460291,0.3681622618315919,1840,-0.022604195196637804,0.9243454332308674,-0.0035203122687583873,0.15573712039444812,-0.433192606783919,-0.061079811777178986,1433,196.2586956521739,-0.17937102134813912,7.2386331656720975,0.4117236566643405,3848,-0.5033845727494438,0.4144267104060506,-0.0825842362124034,0.1640579403562873,-0.8019814815111967,-1.9670579877630756,3060,200.3950103950104,-4.121072478282605,3.34134582237099,0.388562091503268,-0.01106337724342228,0.9243454332308674,0.4144267104060506,-1.7652853146394898,-0.941959841657662,-1.3895698598335957
XTIUSD|orb|09:30|60|14:30|opp_rev|narrow0.75,XTIUSD,A_orb,range,09:30,60.0,14:30,opp_rev,narrow0.75,2008,-0.36522235894266986,0.40810558657226387,-0.03851635943767774,0.10546002591184124,-0.34032587781945844,-1.0309531764556177,852,106.92430278884461,-3.6022081447414545,3.944740212066059,0.3615023474178404,1840,0.039149669977495666,0.7623284355396813,0.004261753768296899,0.10885797430084788,-0.35151437267347785,0.10578808281215828,758,103.81304347826087,0.41052199468454226,7.889413815265018,0.38522427440633245,3848,-0.16864935974067502,0.5808384769040301,-0.018061128590746,0.10709277887872112,-0.39853250585814637,-0.6590251036043293,1610,105.43659043659044,-1.7129848865520725,5.8019219457460665,0.37267080745341613,0.40810558657226387,0.7623284355396813,0.5808384769040301,-1.1014224366227812,-0.6616948890185085,-0.888464501278438
XTIUSD|orb|09:30|60|14:30|opp_rev|trend,XTIUSD,A_orb,range,09:30,60.0,14:30,opp_rev,trend,2008,-0.8553472720990212,-0.031004316905002736,-0.1243411659223807,0.1453692201732843,-0.6585927254043881,-2.4144824804703595,1288,161.6414342629482,-7.692406745173408,-0.27781047188148333,0.4138198757763975,1840,0.247900607413154,0.866014567959797,0.04503652746836746,0.18167171084542394,-0.34698765525159725,0.6698633730828869,1114,152.5695652173913,2.951868375858347,10.304651140669835,0.4245960502692998,3848,-0.2646499552509328,0.445526678628155,-0.043349753282314,0.1638003423851371,-0.77680276470247,-1.0341632155989888,2402,157.3035343035343,-2.7558028797157177,4.630125513290111,0.41881765195670273,-0.031004316905002736,0.866014567959797,0.445526678628155,-1.6711653092805085,-0.3689611546154244,-0.9708596406546769
XTIUSD|orb|09:30|60|14:30|opp_rev|trend+narrow1.0,XTIUSD,A_orb,range,09:30,60.0,14:30,opp_rev,trend+narrow1.0,2008,-0.9954217682620984,-0.27870173314735947,-0.10610866249901738,0.1065966868338352,-0.6203004726933321,-2.8098861112278435,814,102.15537848605578,-10.386987359016173,-2.8906728627016736,0.3746928746928747,1840,-0.0796043523783664,0.525247167055542,-0.009544066462301014,0.11989377687462661,-0.2950060079617105,-0.21510249834677,711,97.37608695652175,-0.9801242543831556,6.45728784125679,0.3952180028129395,3848,-0.5295672479839607,0.12997899488260414,-0.059934323437801654,0.11317603886186127,-0.7063859224303921,-2.0693710963666203,1525,99.87006237006237,-6.001230200069238,1.467622258947157,0.3842622950819672,-0.27870173314735947,0.525247167055542,0.12997899488260414,-1.6985477687696646,-0.681057521258715,-1.1812630102827106
XTIUSD|orb|09:30|60|14:30|mid_rev|none,XTIUSD,A_orb,range,09:30,60.0,14:30,mid_rev,none,2008,-1.5482856593530125,-0.18215311600189746,-0.2791412970584373,0.18029056548588265,-0.9109928277751386,-4.370515603677022,2558,321.0239043824701,-8.695343033578784,-1.0100420171597055,0.2748240813135262,1840,0.002114543604269448,1.184474490635962,0.00042084553379860014,0.19902428729720986,-0.48391887452227533,0.005713803310397286,2238,306.5086956521739,0.013730296718113788,7.620968902616238,0.3194816800714924,3848,-0.7669707402866598,0.5052056911355097,-0.14546293365674448,0.18965903914714774,-0.9405444388769728,-2.9970642779558654,4796,314.08316008316007,-4.631350933244244,3.017523128473856,0.2956630525437865,-0.18215311600189746,1.184474490635962,0.5052056911355097,-2.8766906139956725,-1.1577613272900051,-2.009581228037716
XTIUSD|orb|09:30|60|14:30|mid_rev|narrow1.0,XTIUSD,A_orb,range,09:30,60.0,14:30,mid_rev,narrow1.0,2008,-1.2911674045230175,-0.1404840383890299,-0.17705413173736564,0.13712716965835495,-0.7800285982191952,-3.6447197287773747,1627,204.18525896414343,-8.67124946411816,-0.928164030805312,0.23048555623847572,1840,-0.012481359823771538,1.1581721063668546,-0.001622694889391564,0.1300094630956027,-0.3503883000113188,-0.03372644334944534,1433,196.2586956521739,-0.08268142636937931,7.5823569546494625,0.2909979064898814,3848,-0.6959715260240876,0.46427581165930015,-0.09316799769363583,0.1338675422913944,-0.8249255619431197,-2.719623174075216,3060,200.3950103950104,-4.649217438597243,3.0573185091151758,0.25882352941176473,-0.1404840383890299,1.1581721063668546,0.46427581165930015,-2.3936023129587194,-1.1503121181392566,-1.8147998931136797
XTIUSD|orb|09:30|60|14:30|mid_rev|narrow0.75,XTIUSD,A_orb,range,09:30,60.0,14:30,mid_rev,narrow0.75,2008,-0.692104709516152,0.2890590428212632,-0.05888244942470468,0.08507737140796108,-0.4092002065411129,-1.9536798096952612,852,106.92430278884461,-5.506928536254891,2.2536348440268,0.22065727699530516,1840,-0.3013692273089375,0.6340237886839452,-0.0260857850183737,0.08655756014409802,-0.37176561848720824,-0.8143433340286211,758,103.81304347826087,-2.512765654908888,5.203593184141245,0.24802110817941952,3848,-0.5035946533849162,0.4558937980763009,-0.04320005272313269,0.08578338239447765,-0.5109481647413237,-1.9678789123889997,1610,105.43659043659044,-4.097254334975219,3.6424972178198116,0.23354037267080746,0.2890590428212632,0.6340237886839452,0.4558937980763009,-1.6181535640095102,-1.1968355309453278,-1.4154741619665274
XTIUSD|orb|09:30|60|14:30|mid_rev|trend,XTIUSD,A_orb,range,09:30,60.0,14:30,mid_rev,trend,2008,-1.2666541892498648,-0.2237702449242792,-0.15049777904807293,0.11881520649073161,-0.7168096654733329,-3.575523589679647,1288,161.6414342629482,-9.310594139077764,-1.6359046980839709,0.2841614906832298,1840,0.318615297631285,1.061078692075734,0.04987160056275163,0.15652607057325021,-0.2575605114203301,0.8609447157642407,1114,152.5695652173913,3.268777786165361,10.876497714352077,0.3258527827648115,3848,-0.39552822266662013,0.4753794256359945,-0.05468705698884287,0.13826334975579505,-0.7881382054217162,-1.545591565376329,2402,157.3035343035343,-3.4765307232905682,4.167099584786037,0.3034970857618651,-0.2237702449242792,1.061078692075734,0.4753794256359945,-2.2928069262190873,-0.42195489908038375,-1.2594658796303975
XTIUSD|orb|09:30|60|14:30|mid_rev|trend+narrow1.0,XTIUSD,A_orb,range,09:30,60.0,14:30,mid_rev,trend+narrow1.0,2008,-1.0757973434825818,-0.16143692284334513,-0.09283074548721255,0.08629017913978106,-0.5589871120139213,-3.0367710555748904,814,102.15537848605578,-9.087210762954,-1.353795529538764,0.23955773955773957,1840,0.032812932907364104,0.7987580907161246,0.0032013804118127443,0.09756459201165368,-0.17922786995069928,0.08866530077288981,711,97.37608695652175,0.3287645367432102,7.994024733648977,0.2911392405063291,3848,-0.5105031516826786,0.32783212869983774,-0.04691101792634807,0.09189173028946801,-0.6094849720737777,-1.9948750054274431,1525,99.87006237006237,-4.6972052297836955,3.0044341144786024,0.2636065573770492,-0.16143692284334513,0.7987580907161246,0.32783212869983774,-1.9676411963999523,-0.7287142081056164,-1.3365820314330275
XTIUSD|orb|09:30|60|16:55|none|none,XTIUSD,A_orb,range,09:30,60.0,16:55,none,none,2008,-0.07737795546945571,0.6422644531624941,-0.018617275551110923,0.24060180238879456,-0.632909453631733,-0.21842323457365034,1971,247.35657370517927,-0.7526493139939985,6.247350686006001,0.5104008117706748,1840,-0.2930800537285657,0.4350481157186398,-0.06953650374899795,0.2372611266592668,-0.6232821085966616,-0.791944785543569,1802,246.79565217391306,-2.8175740997250895,4.182425900274909,0.4855715871254162,3848,-0.17978294216382215,0.543947908829083,-0.042965347246566254,0.23898455954411563,-0.7532372722912166,-0.7025314075783506,3773,247.08835758835758,-1.738865710465619,5.261134289534379,0.49854227405247814,0.6422644531624941,0.4350481157186398,0.543947908829083,-0.7970114044008967,-1.0211691964090766,-0.9034915039840008
XTIUSD|orb|09:30|60|16:55|none|narrow1.0,XTIUSD,A_orb,range,09:30,60.0,16:55,none,narrow1.0,2008,-0.3509115341284844,0.20056412620416517,-0.06479009986520919,0.18463371409583432,-0.60727444245128,-0.9905564429626382,1159,145.45219123505976,-4.454391461212458,2.5456085387875387,0.49784296807592754,1840,-0.4197626374616329,0.1812071417970636,-0.07198912529501665,0.1714996020854681,-0.5133614238727836,-1.1342594887458042,1075,147.22826086956522,-4.889626819595076,2.1103731804049195,0.4874418604651163,3848,-0.3823594455694571,0.19155907058263455,-0.06823246129734165,0.17845109382801153,-0.7506413695930139,-1.4941324035737298,2234,146.3014553014553,-4.663826559807497,2.3361734401925003,0.4928379588182632,0.20056412620416517,0.1812071417970636,0.19155907058263455,-0.9014575037249491,-1.0194498010353408,-0.9551963119998026
XTIUSD|orb|09:30|60|16:55|none|narrow0.75,XTIUSD,A_orb,range,09:30,60.0,16:55,none,narrow0.75,2008,-0.12170562011650637,0.2852829117947758,-0.015312055742014712,0.125812232231813,-0.329895245714118,-0.343551791338462,583,73.16533864541833,-2.09280186841226,4.907198131587736,0.516295025728988,1840,-0.08936792332256746,0.3514614597203434,-0.010529332773540512,0.11782004529226443,-0.31051527150019087,-0.24148508221481402,542,74.2304347826087,-1.418465728292813,5.581534271707183,0.5018450184501845,3848,-0.1067279097663046,0.3157220552515249,-0.013025098813222474,0.12204023147968246,-0.4281335578570499,-0.4170568563044986,1125,73.67463617463618,-1.7679217013502682,5.232078298649728,0.5093333333333333,0.2852829117947758,0.3514614597203434,0.3157220552515249,-0.5281082557681094,-0.5297026543155441,-0.5286297809234373
XTIUSD|orb|09:30|60|16:55|none|trend,XTIUSD,A_orb,range,09:30,60.0,16:55,none,trend,2008,-0.9104860983604872,-0.2577529611927255,-0.17016061618123135,0.1868898564048805,-0.7786500863532626,-2.5701288878942163,1389,174.31673306772907,-9.761576710774927,-2.761576710774929,0.48740100791936647,1840,-0.002393901755551459,0.586138445765117,-0.00047246153555529903,0.19736045326825155,-0.3831793396293378,-0.006468669526614705,1212,165.9913043478261,-0.028463029278044397,6.971536970721951,0.4752475247524752,3848,-0.46360855747127777,0.15738054993276104,-0.08902075013444241,0.1920170555522103,-0.8631261321758184,-1.8116266678341533,2601,170.33575883575884,-5.2261927115537725,1.7738072884462242,0.4817377931564783,-0.2577529611927255,0.586138445765117,0.15738054993276104,-1.5611640255359533,-0.5909211326972968,-1.0835784546196139
XTIUSD|orb|09:30|60|16:55|none|trend+narrow1.0,XTIUSD,A_orb,range,09:30,60.0,16:55,none,trend+narrow1.0,2008,-0.7662717302631031,-0.24193373131261237,-0.11252125400028914,0.14684249667106267,-0.6477584599109956,-2.163039186948836,877,110.0617529880478,-10.223465549609086,-3.223465549609089,0.4823261117445838,1840,-0.20042938902838942,0.3132132683653766,-0.028839864055216814,0.14389039549051288,-0.3486067556612481,-0.5415892603108443,771,105.59347826086957,-2.731216409404347,4.26878359059565,0.46303501945525294,3848,-0.4985259831939626,0.020917601055412346,-0.07250728375628367,0.14544333936566975,-0.7556382773401629,-1.9480722501943388,1648,107.92515592515592,-6.71829316666136,0.28170683333863766,0.4733009708737864,-0.24193373131261237,0.3132132683653766,0.020917601055412346,-1.287385087586224,-0.7132003514056906,-1.015838019023223
XTIUSD|orb|09:30|60|16:55|opp|none,XTIUSD,A_orb,range,09:30,60.0,16:55,opp,none,2008,-0.21496203132174216,0.6960591138471908,-0.043305955960168216,0.2014586282698012,-0.5645442662802551,-0.6067968830005006,1971,247.35657370517927,-1.7507501543817463,5.655135183010441,0.4322678843226788,1840,-0.06625320290137138,0.8334637704387934,-0.01339434295755422,0.20216898762606042,-0.4514584255914904,-0.17902575728300787,1802,246.79565217391306,-0.542730102397243,6.81298576885692,0.4361820199778024,3848,-0.14374014276266775,0.7619838907164652,-0.02900310566785799,0.20177457118395664,-0.5645442662802551,-0.561688242528332,3773,247.08835758835758,-1.1737949108948456,6.208129287355884,0.43413729128014844,0.6960591138471908,0.8334637704387934,0.7619838907164652,-1.1214506797878323,-0.9620709439897851,-1.0452343907050468
XTIUSD|orb|09:30|60|16:55|opp|narrow1.0,XTIUSD,A_orb,range,09:30,60.0,16:55,opp,narrow1.0,2008,-0.6642334217536288,0.0967273579639164,-0.09532535325714954,0.14351182902763773,-0.6008641680691056,-1.8750044713784402,1159,145.45219123505976,-6.553724110150933,0.9510213600820279,0.3822260569456428,1840,-0.044349111971491516,0.7474653189808609,-0.0061470247360549644,0.13860536238034246,-0.3492108291784972,-0.11983772871093658,1075,147.22826086956522,-0.41751663028206526,7.022483369717937,0.4241860465116279,3848,-0.37311747197605055,0.4024011493636,-0.05268290926577374,0.14119657540227792,-0.645883428794026,-1.4580178721324684,2234,146.3014553014553,-3.6009832682265666,3.87260670491578,0.40241718889883615,0.0967273579639164,0.7474653189808609,0.4024011493636,-1.4174989580810533,-0.8314590140481773,-1.1422938657699349
XTIUSD|orb|09:30|60|16:55|opp|narrow0.75,XTIUSD,A_orb,range,09:30,60.0,16:55,opp,narrow0.75,2008,-0.22952960638249073,0.40048615752130917,-0.02016687046671288,0.08786173942679353,-0.22004616864862891,-0.6479183735511158,583,73.16533864541833,-2.75634212047425,4.794258222578925,0.38078902229845624,1840,0.0976761050268568,0.7054968334811992,0.008946965459817035,0.09159830295605048,-0.2368854315093365,0.2639349934058161,542,74.2304347826087,1.205296114190779,8.697916040390043,0.4114391143911439,3848,-0.06965685111863497,0.5495864298344926,-0.0062454936203472314,0.08966086637637866,-0.2938254680248237,-0.27219559917569136,1125,73.67463617463618,-0.8477128554178536,6.674953811248813,0.39555555555555555,0.40048615752130917,0.7054968334811992,0.5495864298344926,-0.8523614775473329,-0.5072847285530341,-0.6839102092090888
XTIUSD|orb|09:30|60|16:55|opp|trend,XTIUSD,A_orb,range,09:30,60.0,16:55,opp,trend,2008,-1.0691775079779726,-0.21312074293344774,-0.1612133951790784,0.1507826286805874,-0.7487071571890476,-3.018084520443667,1389,174.31673306772907,-9.24830292204022,-1.8364958666046554,0.41252699784017277,1840,0.20071084876692433,0.9235211598061811,0.0339570477861088,0.16918391803295824,-0.30747443156492316,0.5423498053204328,1212,165.9913043478261,2.0457124497891512,9.401323010845259,0.4282178217821782,3848,-0.4244550580271838,0.3629906606150617,-0.06788865114167082,0.15994308433314267,-0.8255390621152375,-1.6586279308849443,2601,170.33575883575884,-3.9855783427794753,3.400042572253205,0.419838523644752,-0.21312074293344774,0.9235211598061811,0.3629906606150617,-1.9162970856783554,-0.5197717539458458,-1.2066078479792166
XTIUSD|orb|09:30|60|16:55|opp|trend+narrow1.0,XTIUSD,A_orb,range,09:30,60.0,16:55,opp,trend+narrow1.0,2008,-1.1354257512628732,-0.382690539058589,-0.1239546503894726,0.10917019474994688,-0.6625484742033505,-3.2050906967547235,877,110.0617529880478,-11.262282039332367,-3.7719741716014643,0.3774230330672748,1840,0.058534265989991445,0.7112858846791805,0.00704392599709664,0.12033850391668113,-0.22142155826094312,0.15816807093029345,771,105.59347826086957,0.6670796447953488,8.096392225858905,0.4046692607003891,3848,-0.5345430285815819,0.1681400919724592,-0.061314998479054895,0.11470544970300181,-0.7227584759537065,-2.0888147772018275,1648,107.92515592515592,-5.681251785410964,1.7805200592492298,0.3901699029126214,-0.382690539058589,0.7112858846791805,0.1681400919724592,-1.8733662813730572,-0.5912684997376936,-1.228931596046344
XTIUSD|orb|09:30|60|16:55|mid|none,XTIUSD,A_orb,range,09:30,60.0,16:55,mid,none,2008,-1.0854106162383221,0.09080878806509542,-0.17525397000210685,0.1614632908322564,-0.8058236381974273,-3.063907494078702,1971,247.35657370517927,-7.085074286765856,0.5907247999921378,0.28970065956367325,1840,0.06952980652271698,1.1779271866282444,0.011831194321841853,0.17016003514947697,-0.33832668515647335,0.18787961519386068,1802,246.79565217391306,0.47939233198097764,8.097594329761224,0.32241953385127636,3848,-0.5175824306069035,0.6244859633492601,-0.08579536751872187,0.16576174623647966,-0.8384816826200356,-2.022538451844643,3773,247.08835758835758,-3.4722545552572965,4.176035929767885,0.305327325735489,0.09080878806509542,1.1779271866282444,0.6244859633492601,-2.2533334882366143,-1.0322335291207836,-1.6521873962177747
XTIUSD|orb|09:30|60|16:55|mid|narrow1.0,XTIUSD,A_orb,range,09:30,60.0,16:55,mid,narrow1.0,2008,-1.0303737884808175,-0.04126662844468362,-0.11730929047622583,0.11385119826193035,-0.643910793840881,-2.908549009009756,1159,145.45219123505976,-8.065144256688903,-0.3213996492687113,0.2355478861087144,1840,0.00021011505872662716,0.9820483545694503,2.4242947813296126e-05,0.11537939241583689,-0.2964549890422633,0.0005677613437209311,1075,147.22826086956522,0.0016466232549446618,7.679786158138666,0.29209302325581393,3848,-0.533929696365292,0.45199931045267905,-0.06120385869342125,0.11462905905040385,-0.6931638626786236,-2.0864180807186283,2234,146.3014553014553,-4.183407373994347,3.528768096014606,0.26275738585496866,-0.04126662844468362,0.9820483545694503,0.45199931045267905,-2.004032805308312,-0.9748295607788958,-1.5086395462631144
XTIUSD|orb|09:30|60|16:55|mid|narrow0.75,XTIUSD,A_orb,range,09:30,60.0,16:55,mid,narrow0.75,2008,-0.43211195221762155,0.36172601909493624,-0.030973371182214122,0.07167904294999743,-0.25658636656815326,-1.2197697616676437,583,73.16533864541833,-4.2333394139430665,3.528238630653847,0.2281303602058319,1840,0.029981629360487292,0.7959669086432054,0.0022439532375558894,0.07484427249017991,-0.259747644692753,0.08101470820708954,542,74.2304347826087,0.3022955805294058,8.018162739200992,0.2656826568265683,3848,-0.2061239203197058,0.5742886146152104,-0.015089827280868792,0.07320755037777232,-0.315478617018105,-0.8054631108763256,1125,73.67463617463618,-2.0481712654949957,5.69138429006056,0.24622222222222223,0.36172601909493624,0.7959669086432054,0.5742886146152104,-1.2117159849128476,-0.7305379517113261,-0.9767535690084067
XTIUSD|orb|09:30|60|16:55|mid|trend,XTIUSD,A_orb,range,09:30,60.0,16:55,mid,trend,2008,-1.3733282887073788,-0.28363814956586425,-0.16819451178838257,0.12247218175829812,-0.7548865570731949,-3.8766442603846123,1389,174.31673306772907,-9.648787516172195,-1.9821208495055285,0.2908567314614831,1840,0.2963299668202521,1.1919524327297497,0.04188966332823238,0.14136154968640693,-0.2305633265651702,0.8007265217746345,1212,165.9913043478261,2.5236058896467726,10.134992028260633,0.3226072607260726,3848,-0.5132053786889595,0.4744516175819237,-0.06773846131682032,0.13199094189126737,-0.8108882490886883,-2.005434401772114,2601,170.33575883575884,-3.9767610617882716,3.6641462815412185,0.30565167243367936,-0.28363814956586425,1.1919524327297497,0.4744516175819237,-2.4463182262734717,-0.5955033663462952,-1.4915111504424683
XTIUSD|orb|09:30|60|16:55|mid|trend+narrow1.0,XTIUSD,A_orb,range,09:30,60.0,16:55,mid,trend+narrow1.0,2008,-1.1957942177948853,-0.22726182672299694,-0.10474299143068067,0.0875928231396142,-0.5902815052152771,-3.375499382874354,877,110.0617529880478,-9.516747515556588,-1.7949687242224919,0.24857468643101482,1840,0.12535680263787796,0.9405842018953049,0.012453671256950448,0.09934579532094284,-0.14476515749552687,0.3387322505182332,771,105.59347826086957,1.179397767936344,8.840876367158135,0.2931258106355383,3848,-0.5211219548100876,0.3688182771422745,-0.04870300719335187,0.09345798376716004,-0.6389860589122325,-2.0363697246600294,1648,107.92515592515592,-4.51266498304867,3.1809029781163813,0.26941747572815533,-0.22726182672299694,0.9405842018953049,0.3688182771422745,-2.139691232081851,-0.6858057234826299,-1.3981073637154604
XTIUSD|orb|09:30|60|16:55|opp_rev|none,XTIUSD,A_orb,range,09:30,60.0,16:55,opp_rev,none,2008,-0.48298094516184564,0.6480549360251656,-0.11076249066450052,0.2293309741803257,-0.694151182479178,-1.363363242665828,2763,346.75099601593627,-3.1942948091606906,4.214319016391245,0.4227289178429244,1840,-0.03486248686263848,1.0671166510374221,-0.007835528185891588,0.2247552854380216,-0.49189735982246796,-0.0942034926318042,2427,332.3934782608696,-0.23573050310397778,7.113260020175792,0.4326328800988875,3848,-0.27095029799806764,0.8466119518429057,-0.061545855799469244,0.22714813843795137,-0.7604149323532472,-1.0587828408264892,5190,339.88565488565484,-1.8107812117041118,5.5699509655598565,0.4273603082851638,0.6480549360251656,1.0671166510374221,0.8466119518429057,-1.575842458312054,-1.1053173755728227,-1.3534271683127117
XTIUSD|orb|09:30|60|16:55|opp_rev|narrow1.0,XTIUSD,A_orb,range,09:30,60.0,16:55,opp_rev,narrow1.0,2008,-0.8854866527871904,0.06974441378167125,-0.1519747241644165,0.17162847535426456,-0.749763420405657,-2.4995602132434254,1740,218.36653386454182,-6.959616085617322,0.5375103511642895,0.38045977011494253,1840,0.07940566138626577,1.068673015434314,0.01276325343315905,0.16073480417312688,-0.4578243321636358,0.21456560648692924,1539,210.77608695652174,0.6055361221214717,8.022690118222837,0.4217024041585445,3848,-0.43947261928513287,0.5316395173468116,-0.07320188664374626,0.16656757083710916,-0.7982785998716467,-1.7173115207848546,3279,214.73700623700623,-3.4089087822595885,4.050682556563224,0.39981701738334857,0.06974441378167125,1.068673015434314,0.5316395173468116,-1.7988221455452158,-0.8766405217952591,-1.3724023814311122
XTIUSD|orb|09:30|60|16:55|opp_rev|narrow0.75,XTIUSD,A_orb,range,09:30,60.0,16:55,opp_rev,narrow0.75,2008,-0.4745197848236044,0.3211507244946642,-0.0514270976686068,0.10837714108743442,-0.3842740840447557,-1.339478998140209,902,113.199203187251,-4.54306180791198,3.004610032442789,0.36585365853658536,1840,0.051733739966648,0.8187054054009655,0.005661860250873813,0.10944231471615881,-0.3367287602323046,0.1397920639157456,805,110.25,0.5135474150452438,7.995534992684997,0.4049689440993789,3848,-0.22159234495742616,0.5611011908374047,-0.024128843361994435,0.10888843369851171,-0.4773686995280668,-0.865908523566563,1707,111.78898128898128,-2.158427698667361,5.3582682591533795,0.38429994141769186,0.3211507244946642,0.8187054054009655,0.5611011908374047,-1.2269523606889685,-0.6866605291908608,-0.9681822960574263
XTIUSD|orb|09:30|60|16:55|opp_rev|trend,XTIUSD,A_orb,range,09:30,60.0,16:55,opp_rev,trend,2008,-1.0691775079779726,-0.21312074293344774,-0.1612133951790784,0.1507826286805874,-0.7487071571890476,-3.018084520443667,1389,174.31673306772907,-9.24830292204022,-1.8364958666046554,0.41252699784017277,1840,0.20071084876692433,0.9235211598061811,0.0339570477861088,0.16918391803295824,-0.30747443156492316,0.5423498053204328,1212,165.9913043478261,2.0457124497891512,9.401323010845259,0.4282178217821782,3848,-0.4244550580271838,0.3629906606150617,-0.06788865114167082,0.15994308433314267,-0.8255390621152375,-1.6586279308849443,2601,170.33575883575884,-3.9855783427794753,3.400042572253205,0.419838523644752,-0.21312074293344774,0.9235211598061811,0.3629906606150617,-1.9162970856783554,-0.5197717539458458,-1.2066078479792166
XTIUSD|orb|09:30|60|16:55|opp_rev|trend+narrow1.0,XTIUSD,A_orb,range,09:30,60.0,16:55,opp_rev,trend+narrow1.0,2008,-1.1354257512628732,-0.382690539058589,-0.1239546503894726,0.10917019474994688,-0.6625484742033505,-3.2050906967547235,877,110.0617529880478,-11.262282039332367,-3.7719741716014643,0.3774230330672748,1840,0.058534265989991445,0.7112858846791805,0.00704392599709664,0.12033850391668113,-0.22142155826094312,0.15816807093029345,771,105.59347826086957,0.6670796447953488,8.096392225858905,0.4046692607003891,3848,-0.5345430285815819,0.1681400919724592,-0.061314998479054895,0.11470544970300181,-0.7227584759537065,-2.0888147772018275,1648,107.92515592515592,-5.681251785410964,1.7805200592492298,0.3901699029126214,-0.382690539058589,0.7112858846791805,0.1681400919724592,-1.8733662813730572,-0.5912684997376936,-1.228931596046344
XTIUSD|orb|09:30|60|16:55|mid_rev|none,XTIUSD,A_orb,range,09:30,60.0,16:55,mid_rev,none,2008,-1.3806955326919206,0.06398943653645203,-0.25435464147083636,0.18422210795085653,-0.8925498607623124,-3.8974405873388975,2763,346.75099601593627,-7.335368734143348,0.33491718695690814,0.2862830256967065,1840,-0.03840592688959307,1.2984316759456787,-0.0073564620376238635,0.1915449680142275,-0.4172390732762422,-0.1037783811871066,2427,332.3934782608696,-0.2213178813288974,7.388900495267724,0.32179645653069633,3848,-0.7251225543550347,0.6664331830952556,-0.13624740390401952,0.18789569168098175,-0.9269615929986054,-2.833535610478861,5190,339.88565488565484,-4.008624722624914,3.6335718091669955,0.30289017341040464,0.06398943653645203,1.2984316759456787,0.6664331830952556,-2.7800685952356297,-1.340927472095474,-2.076785820944638
XTIUSD|orb|09:30|60|16:55|mid_rev|narrow1.0,XTIUSD,A_orb,range,09:30,60.0,16:55,mid_rev,narrow1.0,2008,-1.2788023549317131,-0.04028141745570315,-0.17415316062959224,0.13618457923381905,-0.7739225694886297,-3.6098155482389984,1740,218.36653386454182,-7.9752678923604545,-0.2465322601765449,0.24022988505747125,1840,0.021202827620068875,1.2509469374180036,0.0028240929140749484,0.13319416469725442,-0.4147422878673992,0.05729311346463728,1539,210.77608695652174,0.13398545133146406,7.799352572838935,0.29564652371669914,3848,-0.6638552917894246,0.5713119997707653,-0.08952786267731896,0.1348605091871698,-0.8280441203071949,-2.594123708044483,3279,214.73700623700623,-4.169186496830762,3.5298070987776557,0.26623970722781337,-0.04028141745570315,1.2509469374180036,0.5713119997707653,-2.4590836054489533,-1.169998603127413,-1.8499252640729786
XTIUSD|orb|09:30|60|16:55|mid_rev|narrow0.75,XTIUSD,A_orb,range,09:30,60.0,16:55,mid_rev,narrow0.75,2008,-0.7601318366570657,0.2493078035036333,-0.06648374447416272,0.0874634389299457,-0.43652500442604425,-2.1457074364104263,902,113.199203187251,-5.873163644463746,1.882933916511865,0.22172949002217296,1840,-0.349090344869088,0.6350009434972237,-0.03055999019193592,0.08754178006096441,-0.3938844361383439,-0.9432927105940906,805,110.25,-2.7718811965474766,4.948615697862462,0.25590062111801243,3848,-0.5635182563315382,0.43423312400390157,-0.04930606571135156,0.08749683822549136,-0.5555275384549241,-2.202040243928984,1707,111.78898128898128,-4.410637358246642,3.328671370517273,0.23784417106033978,0.2493078035036333,0.6350009434972237,0.43423312400390157,-1.7074088249218744,-1.2846300759497866,-1.5056705887019277
XTIUSD|orb|09:30|60|16:55|mid_rev|trend,XTIUSD,A_orb,range,09:30,60.0,16:55,mid_rev,trend,2008,-1.3733282887073788,-0.28363814956586425,-0.16819451178838257,0.12247218175829812,-0.7548865570731949,-3.8766442603846123,1389,174.31673306772907,-9.648787516172195,-1.9821208495055285,0.2908567314614831,1840,0.2963299668202521,1.1919524327297497,0.04188966332823238,0.14136154968640693,-0.2305633265651702,0.8007265217746345,1212,165.9913043478261,2.5236058896467726,10.134992028260633,0.3226072607260726,3848,-0.5132053786889595,0.4744516175819237,-0.06773846131682032,0.13199094189126737,-0.8108882490886883,-2.005434401772114,2601,170.33575883575884,-3.9767610617882716,3.6641462815412185,0.30565167243367936,-0.28363814956586425,1.1919524327297497,0.4744516175819237,-2.4463182262734717,-0.5955033663462952,-1.4915111504424683
XTIUSD|orb|09:30|60|16:55|mid_rev|trend+narrow1.0,XTIUSD,A_orb,range,09:30,60.0,16:55,mid_rev,trend+narrow1.0,2008,-1.1957942177948853,-0.22726182672299694,-0.10474299143068067,0.0875928231396142,-0.5902815052152771,-3.375499382874354,877,110.0617529880478,-9.516747515556588,-1.7949687242224919,0.24857468643101482,1840,0.12535680263787796,0.9405842018953049,0.012453671256950448,0.09934579532094284,-0.14476515749552687,0.3387322505182332,771,105.59347826086957,1.179397767936344,8.840876367158135,0.2931258106355383,3848,-0.5211219548100876,0.3688182771422745,-0.04870300719335187,0.09345798376716004,-0.6389860589122325,-2.0363697246600294,1648,107.92515592515592,-4.51266498304867,3.1809029781163813,0.26941747572815533,-0.22726182672299694,0.9405842018953049,0.3688182771422745,-2.139691232081851,-0.6858057234826299,-1.3981073637154604
XTIUSD|stretch|08:00|k0.5|14:30|none|none,XTIUSD,A_orb,stretch,08:00,0.5,14:30,none,none,2008,-0.3009296132805148,0.2945750067268951,-0.08891921449523797,0.29548176906189344,-0.749307602058564,-0.8494669975827178,2003,251.37250996015936,-3.5373483961842522,3.46265160381575,0.47928107838242634,1840,-0.5525522368493022,0.031124533197331643,-0.16699347923753993,0.3022220671655414,-0.8925318241564087,-1.4930762334256702,1840,252.0,-6.626725366569045,0.3732746334309558,0.4842391304347826,3848,-0.4226787895207781,0.1671229634932857,-0.12625202299987298,0.29869495732921486,-0.9703258513999025,-1.6516868696306166,3843,251.67255717255716,-5.016519258923783,1.9834807410762179,0.4816549570647931,0.2945750067268951,0.031124533197331643,0.1671229634932857,-0.8964310603688422,-1.1362290068959353,-1.012478264531734
XTIUSD|stretch|08:00|k0.5|14:30|opp_rev|none,XTIUSD,A_orb,stretch,08:00,0.5,14:30,opp_rev,none,2008,-0.9291000633268136,0.3579132269770591,-0.23545910891136698,0.25342707228784633,-0.8920326461087826,-2.6226725666657567,3361,421.7988047808765,-5.582261169129854,2.116935498528586,0.26688485569770903,1840,-1.1017170900895377,0.2956526646252905,-0.25993806841734496,0.23593903621502282,-0.8871748605519247,-2.9769992653567052,3115,426.6195652173913,-6.092971106116267,1.61007865311327,0.2609951845906902,3848,-1.0080518456443976,0.3290802717118518,-0.24716422468345622,0.2451899927086155,-0.9866913838107243,-3.9391283372545787,6476,424.10395010395007,-5.82791611874577,1.8731339121374941,0.26405188387893763,0.3579132269770591,0.2956526646252905,0.3290802717118518,-2.175766254212371,-2.4558172956069413,-2.3034895224301777
XTIUSD|stretch|08:00|k1.0|14:30|none|none,XTIUSD,A_orb,stretch,08:00,1.0,14:30,none,none,2008,-1.0603062434316222,-0.4568790743450899,-0.3062497687821207,0.28883143023939983,-0.9568708128920177,-2.993042629827453,1984,248.98804780876495,-12.299777900075576,-5.299777900075571,0.4652217741935484,1840,-0.8253872080293518,-0.22363961863784745,-0.23998568593503566,0.29075527655439687,-0.9062749437025789,-2.2303158715079068,1825,249.94565217391306,-9.601514723210821,-2.60151472321082,0.47835616438356166,3848,-0.947679185824794,-0.34499759955356507,-0.2745642406016019,0.28972277191319795,-0.9948561313353056,-3.703212242146586,3809,249.44594594594594,-11.006963434919841,-4.006963434919843,0.47151483328957733,-0.4568790743450899,-0.22363961863784745,-0.34499759955356507,-1.663677787626442,-1.4271055384595095,-1.5503188050482373
XTIUSD|stretch|08:00|k1.0|14:30|opp_rev|none,XTIUSD,A_orb,stretch,08:00,1.0,14:30,opp_rev,none,2008,-0.9217725215026559,0.05421565028246044,-0.24775895454369593,0.26878535513274365,-0.9061100890807856,-2.601988311350455,2806,352.1474103585657,-7.035660273390088,0.408031814991949,0.39914468995010693,1840,-0.8667943876314292,0.12333590045284133,-0.23249574715557314,0.26822479526071064,-0.8889934880711267,-2.3422040725394977,2600,356.0869565217391,-6.529184596554556,0.9173538649839066,0.3853846153846154,3848,-0.8956267115356846,0.08726651198591086,-0.24046053936850212,0.2684829921566284,-0.9886606349760031,-3.4998086400576742,5406,354.03118503118503,-6.792072267512845,0.6529887757723947,0.39252682204957456,0.05421565028246044,0.12333590045284133,0.08726651198591086,-1.8700717115852075,-1.8314955429137665,-1.851894831535768
XTIUSD|stretch|08:00|k2.0|14:30|none|none,XTIUSD,A_orb,stretch,08:00,2.0,14:30,none,none,2008,-0.6639261972650499,-0.05417270931480184,-0.1519901477608139,0.22892626979763092,-0.7980878731049854,-1.8741372351465122,1589,199.41633466135457,-7.621750144937775,-0.6217501449377776,0.49150409062303335,1840,-0.27776595656375175,0.3208914846601448,-0.06698903398587931,0.24117078570247416,-0.5403233271485695,-0.7505638753086672,1506,206.25652173913045,-3.2478504641228176,3.752149535877179,0.4721115537848606,3848,-0.4741208237593476,0.13003835686663018,-0.1113451245420302,0.23484546335502515,-0.890976289511221,-1.8527050768495459,3095,202.68711018711016,-5.4934487170517246,1.5065512829482721,0.48206785137318253,-0.05417270931480184,0.3208914846601448,0.13003835686663018,-1.272905113285478,-0.876160541354546,-1.0777789839586012
XTIUSD|stretch|08:00|k2.0|14:30|opp_rev|none,XTIUSD,A_orb,stretch,08:00,2.0,14:30,opp_rev,none,2008,-0.8115183381509766,-0.1287389613400834,-0.18831511152623895,0.23205281097567065,-0.8226559774797683,-2.2907617455043687,1766,221.62948207171314,-8.496843911104992,-1.3377272633133763,0.47791619479048697,1840,-0.42353138082937386,0.2625464456799854,-0.10249863755830411,0.2420095468666046,-0.6650145355793756,-1.1444431795844123,1691,231.59347826086957,-4.425799825107703,2.724998519067339,0.4571259609698403,3848,-0.621827595946476,0.06253626685511174,-0.14728020713408713,0.2368505484384523,-0.9378850483067608,-2.429893576072802,3457,226.39397089397087,-6.505482745521707,0.6495649837232998,0.46774660109921895,-0.1287389613400834,0.2625464456799854,0.06253626685511174,-1.4830433258450861,-1.0997225203820615,-1.295636743875607
XTIUSD|stretch|08:00|k0.5|16:55|none|none,XTIUSD,A_orb,stretch,08:00,0.5,16:55,none,none,2008,-0.2320331413288435,0.3521766061940017,-0.0698870890179604,0.3011944268724724,-0.7153551655961374,-0.6549853760007528,2003,251.37250996015936,-2.780220041922522,4.21977995807748,0.49076385421867197,1840,-0.5716580345748887,0.025197762426672467,-0.16895283216751034,0.29554877557725834,-0.8751800919559694,-1.5447028681622723,1840,252.0,-6.704477466964695,0.29552253303530523,0.48695652173913045,3848,-0.3928409240209441,0.19737428785398312,-0.11725740279009443,0.2984857116969894,-0.9627885211788996,-1.53509050405534,3843,251.67255717255716,-4.65912549653548,2.3408745034645215,0.4889409315638824,0.3521766061940017,0.025197762426672467,0.19737428785398312,-0.8162405342804392,-1.168513831576449,-0.9830540157325217
XTIUSD|stretch|08:00|k0.5|16:55|opp_rev|none,XTIUSD,A_orb,stretch,08:00,0.5,16:55,opp_rev,none,2008,-0.760748379380992,0.5300727548145255,-0.19596070777416227,0.25758938577511287,-0.853961753852678,-2.1474478191227355,3422,429.45418326693226,-4.563017788846653,3.1280985174070026,0.27293980128579776,1840,-1.0955400827975954,0.3112884916770838,-0.25906355946838355,0.23647109178044234,-0.8886709916219195,-2.9603080963300714,3145,430.72826086956525,-6.014547523428797,1.6814779137731137,0.26200317965023845,3848,-0.9129671601342327,0.4297643552396798,-0.22613462854270885,0.24769196354166836,-0.9821910316327711,-3.567569294185124,6567,430.06340956340955,-5.25816945859857,2.4352978780848495,0.26770214709913204,0.5300727548145255,0.3112884916770838,0.4297643552396798,-2.0098874074914574,-2.4567412452907798,-2.212258791284503
XTIUSD|stretch|08:00|k1.0|16:55|none|none,XTIUSD,A_orb,stretch,08:00,1.0,16:55,none,none,2008,-0.6756878624691538,-0.07673435141158107,-0.19741348221440347,0.29216668402625884,-0.9251465211965209,-1.9073381764516468,1992,249.99203187250995,-7.896790979125275,-0.8967909791252741,0.4854417670682731,1840,-0.7609373846761676,-0.1413323866701153,-0.21522377101230528,0.2828403168861235,-0.8733067983196773,-2.0561631071542146,1828,250.35652173913044,-8.596691211286549,-1.5966912112865497,0.48468271334792123,3848,-0.7157597125809732,-0.10710036132534265,-0.20592983652525054,0.2877080574746011,-0.9876749430984368,-2.7969487667477626,3820,250.16632016632016,-8.231717058808734,-1.2317170588087334,0.4850785340314136,-0.07673435141158107,-0.1413323866701153,-0.10710036132534265,-1.2746181841907605,-1.3805195408958355,-1.324395920131011
XTIUSD|stretch|08:00|k1.0|16:55|opp_rev|none,XTIUSD,A_orb,stretch,08:00,1.0,16:55,opp_rev,none,2008,-0.6697135003693188,0.3139176786935401,-0.1853132914561462,0.27670532452153607,-0.8616363291268188,-1.8904736898360073,2904,364.44621513944224,-5.084791219062123,2.3470269627560594,0.4128787878787879,1840,-0.9367992851403644,0.07516945262907901,-0.25085007020552036,0.2677735499850798,-0.8869532481037933,-2.5313674524399894,2657,363.8934782608696,-6.893502774613888,0.5453380232784718,0.3966879939781709,3848,-0.7952147649744379,0.20163324967514779,-0.21665104428848725,0.2724434377113854,-0.982159160787593,-3.107432448488427,5561,364.18191268191265,-5.948978703885183,1.486194826055475,0.40514295989929866,0.3139176786935401,0.07516945262907901,0.20163324967514779,-1.6231805720354875,-1.919799910093035,-1.7624366023866826
XTIUSD|stretch|08:00|k2.0|16:55|none|none,XTIUSD,A_orb,stretch,08:00,2.0,16:55,none,none,2008,-0.5564540441605949,0.07593765666335625,-0.13141127676490624,0.23615836409840243,-0.7759373715652289,-1.5707638109554842,1700,213.34661354581672,-6.15952016208991,0.8404798379100895,0.5094117647058823,1840,-0.45661383335256533,0.1871204242365359,-0.10744530488206294,0.23530891320828903,-0.6508383618936238,-1.2338367614246786,1580,216.3913043478261,-4.965324517354725,2.034675482645272,0.4778481012658228,3848,-0.5088658590897681,0.12901925098176964,-0.1199514565298668,0.23572313682908405,-0.9001673307517735,-1.9884770154064164,3280,214.80249480249478,-5.584267382004061,1.4157326179959397,0.4942073170731707,0.07593765666335625,0.1871204242365359,0.12901925098176964,-1.1883658167773592,-1.0999773974214666,-1.1463242396803288
XTIUSD|stretch|08:00|k2.0|16:55|opp_rev|none,XTIUSD,A_orb,stretch,08:00,2.0,16:55,opp_rev,none,2008,-0.5680550773412162,0.17364784294782765,-0.13339430402029814,0.2348263563537724,-0.7402416727108682,-1.603511318644645,1939,243.3406374501992,-5.481793152925303,1.660032530416622,0.4987106756059825,1840,-0.6085660339160218,0.13019266892602507,-0.14510191061177305,0.23843248312441342,-0.7296682504276635,-1.644433631996942,1797,246.1108695652174,-5.895794479460086,1.250560556711307,0.46132442960489706,3848,-0.5876390543404345,0.15270917086994154,-0.13899253586237553,0.23652705659323586,-0.9255630920451848,-2.296296228246238,3736,244.66528066528065,-5.680926017963584,1.4630782646916618,0.480728051391863,0.17364784294782765,0.13019266892602507,0.15270917086994154,-1.295214627875899,-1.3340768208976788,-1.314071762013927
XTIUSD|stretch|09:00|k0.5|14:30|none|none,XTIUSD,A_orb,stretch,09:00,0.5,14:30,none,none,2008,0.17199679359035197,0.7939954962090221,0.04865696799950027,0.28289462253225195,-0.5810987075589227,0.48551419799571804,2003,251.37250996015936,1.935651913855338,8.93565191385534,0.5112331502745882,1840,-0.16199214998178374,0.44536090269422596,-0.04704910122849107,0.29044062464620546,-0.7317159842321563,-0.43772626913696183,1840,252.0,-1.8670278265274232,5.132972173472576,0.5016304347826087,3848,0.010098040256559814,0.6249908809356087,0.0028931511129347614,0.28650619718567016,-0.7938612893793957,0.03945975268754604,3843,251.67255717255716,0.11495695619094046,7.114956956190942,0.5066354410616706,0.7939954962090221,0.44536090269422596,0.6249908809356087,-0.4500038874848167,-0.7693452026577929,-0.604794859574431
XTIUSD|stretch|09:00|k0.5|14:30|opp_rev|none,XTIUSD,A_orb,stretch,09:00,0.5,14:30,opp_rev,none,2008,-0.5636613116001824,0.7598198469907912,-0.13693011011649514,0.24292976526588853,-0.7668032005484426,-1.5911085545848693,3297,413.76693227091636,-3.3093536345441783,4.384307269307811,0.2747952684258417,1840,-1.1249477292448244,0.29246790288846064,-0.26131339180390706,0.23228936332830888,-0.8843541320421775,-3.0397718195098182,3108,425.6608695652174,-6.139004322168967,1.5707768876122448,0.26576576576576577,3848,-0.8255752635325445,0.541279815688737,-0.1964065233973782,0.23790262629354542,-0.9691833469743526,-3.226071088673609,6405,419.45426195426194,-4.682430033785059,3.0190531824522573,0.27041373926619827,0.7598198469907912,0.29246790288846064,0.541279815688737,-1.8415828227341244,-2.496973473724236,-2.1468268553585728
XTIUSD|stretch|09:00|k1.0|14:30|none|none,XTIUSD,A_orb,stretch,09:00,1.0,14:30,none,none,2008,-0.4768168833606745,0.1685272633791189,-0.12877671172773106,0.2700758220222701,-0.7943115941615366,-1.3459632699144783,1984,248.98804780876495,-5.172003751225755,1.8279962487742434,0.48538306451612906,1840,-0.045680886591492866,0.5848611003664375,-0.012703206017056098,0.2780858027265568,-0.6995844007833275,-0.12343637676770995,1829,250.49347826086958,-0.5071272156565567,6.492872784343443,0.5008201202843083,3848,-0.2674969340266781,0.3706198757798956,-0.07327378799913384,0.2739238424012219,-0.8718352372199014,-1.0452882532838628,3813,249.7079002079002,-2.9343800471722377,4.065619952827763,0.4927878311041175,0.1685272633791189,0.5848611003664375,0.3706198757798956,-1.122132419675048,-0.6762215724921093,-0.9056018383938713
XTIUSD|stretch|09:00|k1.0|14:30|opp_rev|none,XTIUSD,A_orb,stretch,09:00,1.0,14:30,opp_rev,none,2008,-1.1341716186646968,-0.14451770592683344,-0.2993183110450489,0.2639091880975189,-0.9392349515689669,-3.2015505192323785,2795,350.76693227091636,-8.533253380163815,-1.0717149186253527,0.39069767441860465,1840,-0.7286207863935072,0.3218798228758094,-0.18432127388700825,0.25297284586040014,-0.7979658416505527,-1.9688389744782944,2593,355.1282608695652,-5.190273323662839,2.261327139121581,0.40300809872734283,3848,-0.9443467836874445,0.07363461565967193,-0.24433012279900035,0.2587292369916808,-0.985821970007069,-3.6901903328597974,5388,352.85239085239084,-6.924428716743803,0.5323270367825537,0.39662212323682255,-0.14451770592683344,0.3218798228758094,0.07363461565967193,-2.094914518686393,-1.7497300854648266,-1.9331775370524007
XTIUSD|stretch|09:00|k2.0|14:30|none|none,XTIUSD,A_orb,stretch,09:00,2.0,14:30,none,none,2008,-0.7500913465461432,-0.1050280569375434,-0.1655812770324912,0.22074814993523617,-0.8185422434438479,-2.117365044660387,1621,203.43227091633466,-8.139381047394867,-1.1393810473948687,0.4910549043800123,1840,-0.20800266631319878,0.38980040621173756,-0.050735029355026336,0.2439152836561834,-0.6405551856200586,-0.5620533532399898,1521,208.3108695652174,-2.435544024223007,4.5644559757769905,0.4720578566732413,3848,-0.4767742253354004,0.14378137496491303,-0.1106651918644727,0.23211236258969772,-0.8844643916831814,-1.8630736797974072,3142,205.76507276507274,-5.378230152345727,1.6217698476542712,0.4818586887332909,-0.1050280569375434,0.38980040621173756,0.14378137496491303,-1.3942679390419475,-0.8056201072297486,-1.0968389026641499
XTIUSD|stretch|09:00|k2.0|14:30|opp_rev|none,XTIUSD,A_orb,stretch,09:00,2.0,14:30,opp_rev,none,2008,-0.6929131821761839,0.03250579553924167,-0.15312777975961064,0.2209912925580272,-0.7838074302641074,-1.9559619740713698,1786,224.1394422310757,-6.831808727432461,0.31824726360897276,0.48152295632698766,1840,-0.4268856147098509,0.30865471798188615,-0.097876278687384,0.22927987103502973,-0.6334203851604765,-1.1535068057075246,1713,234.60652173913044,-4.171933412670304,2.995608910738918,0.45417396380618796,3848,-0.5632220833977388,0.16708391747053664,-0.12670814307226733,0.2249701260076267,-0.9106576668588999,-2.200882899491495,3499,229.14449064449065,-5.529617697370278,1.628999050271904,0.4681337525007145,0.03250579553924167,0.30865471798188615,0.16708391747053664,-1.4072632139163517,-1.1515346437733192,-1.2825600214067243
XTIUSD|stretch|09:00|k0.5|16:55|none|none,XTIUSD,A_orb,stretch,09:00,0.5,16:55,none,none,2008,0.40269097969179063,1.0160917835181686,0.11551550467887492,0.2868589327908153,-0.4277631074667292,1.1367199583430887,2003,251.37250996015936,4.59539130580282,11.595391305802824,0.5137294058911632,1840,0.1727705030513304,0.7991017962499448,0.04865909953598676,0.2816400871480363,-0.47612444975869794,0.46685094139487143,1840,252.0,1.9309166482534428,8.930916648253442,0.5032608695652174,3848,0.2938204426153801,0.9133829622012836,0.0835467454629409,0.2843462650837612,-0.4761244497586976,1.148151691375616,3843,251.67255717255716,3.3196605303953635,10.319660530395366,0.5087171480614103,1.0160917835181686,0.7991017962499448,0.9133829622012836,-0.2107143290866136,-0.45356079014728334,-0.32574382434785404
XTIUSD|stretch|09:00|k0.5|16:55|opp_rev|none,XTIUSD,A_orb,stretch,09:00,0.5,16:55,opp_rev,none,2008,-0.42001181574412894,0.9104986077342145,-0.10373304019310722,0.24697648091000698,-0.7006765031504549,-1.1856133804181272,3366,422.42629482071715,-2.455648274384359,5.2282495271605045,0.2816399286987522,1840,-1.0893132614219736,0.3030676728917903,-0.2598771948072506,0.23856975216478193,-0.889040196742724,-2.9434823224290545,3137,429.6326086956522,-6.048823798459515,1.6553521658375854,0.26490277335033474,3848,-0.7341086475214009,0.6249315613699963,-0.17839656526847725,0.24301112086174767,-0.9617406117744496,-2.8686502470779494,6503,425.87214137214136,-4.188970067252845,3.504709772820969,0.27356604644010457,0.9104986077342145,0.3030676728917903,0.6249315613699963,-1.7032010003437958,-2.435827892066223,-2.0464335610775266
XTIUSD|stretch|09:00|k1.0|16:55|none|none,XTIUSD,A_orb,stretch,09:00,1.0,16:55,none,none,2008,-0.3986524673179563,0.2379733227335003,-0.10941583992868141,0.2744642236000857,-0.7720982227827915,-1.1253200068942963,1989,249.61553784860558,-4.383374563607623,2.6166254363923764,0.5002513826043238,1840,-0.25609477975172246,0.3878434517967721,-0.06981124784078682,0.2725992615252334,-0.7235280049545705,-0.69200521444267,1831,250.76739130434783,-2.7839045370958657,4.216095462904135,0.4997269251774986,3848,-0.3307656994212875,0.30941702354909606,-0.0904780931922661,0.27354134165231736,-0.8901330922901821,-1.2925213571225855,3820,250.16632016632016,-3.6167175954026405,3.3832824045973577,0.5,0.2379733227335003,0.3878434517967721,0.30941702354909606,-1.0352598747587656,-0.9000267940892557,-0.9709365906498061
XTIUSD|stretch|09:00|k1.0|16:55|opp_rev|none,XTIUSD,A_orb,stretch,09:00,1.0,16:55,opp_rev,none,2008,-0.9079606101470294,0.10276320294168413,-0.24503790042096155,0.26987723661413204,-0.9089225497706367,-2.562999915551715,2915,365.82669322709165,-6.698196303265686,0.7460575560825136,0.4123499142367067,1840,-0.7245726845701467,0.33158023751572535,-0.18655849646408607,0.2574738193101525,-0.807396785537198,-1.9579004166011043,2656,363.75652173913045,-5.128663963800415,2.3126010964405497,0.40512048192771083,3848,-0.8222802346945253,0.2095328080791724,-0.21707477586777787,0.2639912364528871,-0.9794075097054729,-3.2131952216991126,5571,364.8367983367983,-5.949914505811053,1.4929144297480934,0.40890324896786934,0.10276320294168413,0.33158023751572535,0.2095328080791724,-1.886356549311355,-1.7494251015259032,-1.8221884271073034
XTIUSD|stretch|09:00|k2.0|16:55|none|none,XTIUSD,A_orb,stretch,09:00,2.0,16:55,none,none,2008,-0.5165629830418639,0.15603296048847684,-0.11618367580497989,0.22491676643342448,-0.7292451387556818,-1.4581589411671136,1722,216.10756972111554,-5.376196491169359,1.6238035088306408,0.4883855981416957,1840,-0.4608600441887615,0.182622943901345,-0.1100658887633344,0.23882714535837052,-0.6955839754670798,-1.2453106385693802,1603,219.5413043478261,-5.013447883545123,1.9865521164548754,0.4840923268870867,3848,-0.4889362313000418,0.16909205730256308,-0.11325833064993111,0.23164233574751944,-0.8852586425869666,-1.9105987178598625,3325,217.74948024948023,-5.201313478230518,1.7986865217694823,0.4863157894736842,0.15603296048847684,0.182622943901345,0.16909205730256308,-1.1886969208744496,-1.104007127772587,-1.1465681882053733
XTIUSD|stretch|09:00|k2.0|16:55|opp_rev|none,XTIUSD,A_orb,stretch,09:00,2.0,16:55,opp_rev,none,2008,-0.5287795177820304,0.24179769894843875,-0.12089703644988056,0.22863411381171514,-0.7158636842216497,-1.4926438925597858,1960,245.97609561752986,-4.914991277764824,2.226335252847419,0.47959183673469385,1840,-0.712052411811701,0.05690176104727197,-0.16670110017999373,0.23411352509269656,-0.7650317537322844,-1.92406882486195,1836,251.45217391304348,-6.629535055745507,0.5251490401150594,0.47004357298474947,3848,-0.617523954998583,0.15226741154666354,-0.14279918750585982,0.23124477414999633,-0.9268341254446103,-2.4130763914364537,3796,248.59459459459458,-5.744259553943047,1.403527590419439,0.47497365648050577,0.24179769894843875,0.05690176104727197,0.15226741154666354,-1.284185609801653,-1.4668063488701952,-1.3726145533806158
XTIUSD|stretch|09:30|k0.5|14:30|none|none,XTIUSD,A_orb,stretch,09:30,0.5,14:30,none,none,2008,-0.6806320017837147,-0.10866896879554412,-0.17258790573241028,0.25357007205084925,-0.8067904576111323,-1.9212945403115764,1651,207.19721115537848,-8.329644244245426,-1.3296442442454286,0.4778921865536039,1840,-0.41892866537826356,0.2107763082473165,-0.1172912088283964,0.27997895231755165,-0.7223241451139657,-1.1320059752967964,1839,251.86304347826086,-4.656943996570112,2.3430560034298864,0.49864056552474173,3848,-0.5484021184264131,0.051943659142417525,-0.14614665773256996,0.2664954288505006,-0.9453191748440835,-2.1429714495716237,3490,228.55509355509355,-6.3943732541380065,0.6056267458619939,0.4888252148997135,-0.10866896879554412,0.2107763082473165,0.051943659142417525,-1.252021957223403,-1.0486325630621594,-1.1485065412419388
XTIUSD|stretch|09:30|k0.5|14:30|opp_rev|none,XTIUSD,A_orb,stretch,09:30,0.5,14:30,opp_rev,none,2008,-0.5013546091657181,0.7640039539028264,-0.10666619326068107,0.21275598410909108,-0.6487177518891754,-1.4152285975766261,2762,346.62549800796813,-3.077274865054189,4.614253013294838,0.278059377262853,1840,-0.9198329756204304,0.5502452579813795,-0.20676329329561022,0.22478351915590733,-0.8146335279353946,-2.4855220249423065,3112,426.2086956521739,-4.851221840493568,2.859253737912603,0.26253213367609257,3848,-0.7069580600674686,0.6585997521495872,-0.15452967144786134,0.21858393047122737,-0.9350074164702714,-2.762554862326656,5874,384.6798336798337,-4.017098322249855,3.6844679017882815,0.26983316309159006,0.7640039539028264,0.5502452579813795,0.6585997521495872,-1.723732592819606,-2.345897346297835,-2.0284235857459647
XTIUSD|stretch|09:30|k1.0|14:30|none|none,XTIUSD,A_orb,stretch,09:30,1.0,14:30,none,none,2008,-0.6156856061975249,-0.01648073220977837,-0.1477628228282187,0.23999720204732755,-0.7650083154044749,-1.7379632321661298,1637,205.4402390438247,-7.192496636294205,-0.1924966362942089,0.47098350641417225,1840,0.19058601673078476,0.8499037568017604,0.05076906553122232,0.2663840002644945,-0.49386101355246204,0.5149910416191291,1832,250.90434782608696,2.0234430360056024,9.0234430360056,0.4950873362445415,3848,-0.20881531025076674,0.41972793984742046,-0.052830734839296824,0.2530022093487891,-0.8200491674631118,-0.815980159567672,3469,227.17983367983368,-2.325502839911028,4.674497160088971,0.4837128855577976,-0.01648073220977837,0.8499037568017604,0.41972793984742046,-1.2142941968696572,-0.46873603261484564,-0.837251256169759
XTIUSD|stretch|09:30|k1.0|14:30|opp_rev|none,XTIUSD,A_orb,stretch,09:30,1.0,14:30,opp_rev,none,2008,-0.4591062186370141,0.4722338371739413,-0.10455921861192861,0.22774515867448292,-0.6766686458854032,-1.2959694357284823,2258,283.37450199203187,-3.689789232161356,3.7428945588041005,0.4069973427812223,1840,-0.3113629422684834,0.7820888002915215,-0.07469666805884846,0.23990224242690608,-0.598596501440898,-0.8413478003842574,2549,349.1021739130435,-2.139679258412591,5.2997087368796825,0.4021184778344449,3848,-0.3864575804408457,0.6242483524410877,-0.09027982853457221,0.23360863676573987,-0.84961430108266,-1.510146539425501,4807,314.80353430353426,-2.8678149606644547,4.568423857725393,0.40441023507385065,0.4722338371739413,0.7820888002915215,0.6242483524410877,-1.3634525917458684,-1.3740572738750285,-1.3683811558057462
XTIUSD|stretch|09:30|k2.0|14:30|none|none,XTIUSD,A_orb,stretch,09:30,2.0,14:30,none,none,2008,-0.8386137150722602,-0.27595905185654335,-0.16858638216890073,0.20102984143822913,-0.7875637001975755,-2.3672468352593596,1288,161.6414342629482,-10.429651465146915,-3.429651465146919,0.4704968944099379,1840,-0.12655625839355153,0.5115024970319056,-0.028311207085137347,0.22370452038095262,-0.5907676569574818,-0.34197335382468896,1489,203.92826086956524,-1.3882924791500832,5.611707520849914,0.45936870382807254,3848,-0.47839002532469205,0.12157109596016767,-0.10151093462364999,0.21219283273047482,-0.8907697929424199,-1.8693876839358408,2777,181.86174636174636,-5.581763985798956,1.4182360142010413,0.46453006841915734,-0.27595905185654335,0.5115024970319056,0.12157109596016767,-1.3995038138971638,-0.7644703896449436,-1.0775612036869133
XTIUSD|stretch|09:30|k2.0|14:30|opp_rev|none,XTIUSD,A_orb,stretch,09:30,2.0,14:30,opp_rev,none,2008,-0.8707940039406458,-0.23056987398913703,-0.17585910491301626,0.20195259052909487,-0.7944926024857389,-2.4580856632110986,1442,180.96812749003985,-9.717683845885801,-2.551941820920479,0.45700416088765605,1840,-0.22509574416008873,0.5512959787408147,-0.04797815699278867,0.21314555355905118,-0.5204893727478064,-0.6082413271314911,1677,229.67608695652174,-2.0889487289928903,5.079208694978485,0.4472271914132379,3848,-0.5531079353761159,0.15393668756273562,-0.11471021089710699,0.20739209033242947,-0.8898640595777157,-2.1613602030634222,3119,204.25883575883574,-5.615924053955885,1.5511166642230165,0.4517473549214492,-0.23056987398913703,0.5512959787408147,0.15393668756273562,-1.4989370686476164,-0.9895321106628615,-1.248259458418582
XTIUSD|stretch|09:30|k0.5|16:55|none|none,XTIUSD,A_orb,stretch,09:30,0.5,16:55,none,none,2008,-0.5921501128272141,-0.028097378333141396,-0.15235397325213132,0.25728944392954517,-0.7741252684212899,-1.6715270158298214,1652,207.32270916334662,-7.348638934295124,-0.34863893429512494,0.4721549636803874,1840,-0.4345573987601034,0.20955598411440404,-0.11894531343236696,0.27371600108926114,-0.7640875861311521,-1.1742370781949205,1839,251.86304347826086,-4.72261876096298,2.2773812390370196,0.4883088635127787,3848,-0.5141747595338587,0.08919029803808667,-0.1363789384110798,0.2652384931044036,-0.9410710812409149,-2.0092224168154207,3491,228.6205821205821,-5.9652957378592015,1.0347042621408,0.48066456602692637,-0.028097378333141396,0.20955598411440404,0.08919029803808667,-1.155719591872187,-1.0786696138945886,-1.1173119458530512
XTIUSD|stretch|09:30|k0.5|16:55|opp_rev|none,XTIUSD,A_orb,stretch,09:30,0.5,16:55,opp_rev,none,2008,-0.4020277139251077,0.8745221728712405,-0.08635491179314943,0.2147984051896387,-0.593930697627413,-1.1348476853777214,2810,352.64940239043824,-2.448746863252613,5.23666238941643,0.2807829181494662,1840,-1.0267293606993306,0.44940679742803885,-0.23222948926557624,0.22618374242984443,-0.8508080031539582,-2.77437155147848,3149,431.27608695652174,-5.384705906242097,2.3186919978544447,0.25944744363289934,3848,-0.7085021154792706,0.6654959359936928,-0.1561078282560562,0.2203350206660373,-0.9391759226645503,-2.7685885127318417,5959,390.24636174636174,-4.000237889662057,3.6946773645752335,0.2695083067628797,0.8745221728712405,0.44940679742803885,0.6654959359936928,-1.6333166266954795,-2.4545352903234563,-2.034977565508946
XTIUSD|stretch|09:30|k1.0|16:55|none|none,XTIUSD,A_orb,stretch,09:30,1.0,16:55,none,none,2008,-0.46894473327486796,0.12543506644104388,-0.11380829763645885,0.24269021392282292,-0.6974508801424961,-1.3237416891766691,1642,206.06772908366534,-5.522858826199401,1.4771411738005977,0.4805115712545676,1840,0.09324355491817718,0.7737347523836231,0.02414470738478868,0.2589423730785048,-0.5253282840577878,0.25195760053799415,1838,251.72608695652175,0.9591658805294553,7.959165880529457,0.48911860718171923,3848,-0.19091637147887502,0.44566653370673,-0.04784324326039454,0.250597907815823,-0.7757920159604685,-0.7460371132573186,3480,227.90020790020787,-2.099306696610999,4.900693303389,0.4850574712643678,0.12543506644104388,0.7737347523836231,0.44566653370673,-1.0628849670574825,-0.5872482021828234,-0.827401872617284
XTIUSD|stretch|09:30|k1.0|16:55|opp_rev|none,XTIUSD,A_orb,stretch,09:30,1.0,16:55,opp_rev,none,2008,-0.32610318168551566,0.6319780807736539,-0.07595427630321488,0.23291485814591947,-0.6201793336748258,-0.9205271878322756,2371,297.5557768924303,-2.5526063414548696,4.869156627756433,0.4175453395191902,1840,-0.44070566125559013,0.6675238217552559,-0.10770817119717911,0.24439933648756346,-0.6922268982671262,-1.1908505746151279,2639,361.42826086956524,-2.9800705384255926,4.442816918944624,0.4065934065934066,3848,-0.38221613299298485,0.6492976268742248,-0.09113805140843684,0.23844637507781385,-0.8660091336002114,-1.4935723861167844,5010,328.0977130977131,-2.777771614070786,4.644583675350372,0.4117764471057884,0.6319780807736539,0.6675238217552559,0.6492976268742248,-1.2530814346610888,-1.5138916340663697,-1.3806028506878343
XTIUSD|stretch|09:30|k2.0|16:55|none|none,XTIUSD,A_orb,stretch,09:30,2.0,16:55,none,none,2008,-0.6756314349457967,-0.07998785433042391,-0.13869935022817467,0.20528847986373222,-0.7404299636313905,-1.9071788922977058,1392,174.69322709163347,-7.939595171335486,-0.9395951713354864,0.47054597701149425,1840,-0.2900161849143957,0.413015007129285,-0.06315775003039537,0.21777319099979786,-0.5410854499346758,-0.7836657679164645,1597,218.7195652173913,-2.887613184838821,4.112386815161177,0.48090169067000627,3848,-0.4853765743126707,0.16300219100941496,-0.10257758713983943,0.21133608947876587,-0.8628942742974245,-1.8966887728799033,2989,195.74532224532223,-5.240359563294276,1.7596404367057215,0.47607895617263296,-0.07998785433042391,0.413015007129285,0.16300219100941496,-1.2700134166616432,-0.9927876848263893,-1.133057694828433
XTIUSD|stretch|09:30|k2.0|16:55|opp_rev|none,XTIUSD,A_orb,stretch,09:30,2.0,16:55,opp_rev,none,2008,-0.6152622344075545,0.08387238087655502,-0.1260906822572034,0.2049381145238308,-0.7117962707491643,-1.7367681342182513,1595,200.16932270916334,-6.299201123860883,0.8500151770795521,0.4664576802507837,1840,-0.5080561858294516,0.33330247747813346,-0.10953831743457339,0.21560276302067133,-0.6277459177508987,-1.372841454108047,1843,252.4108695652174,-4.339683058152575,2.818754272286924,0.4671730873575692,3848,-0.5625320436989074,0.2062686988739399,-0.11817583005511416,0.21007839709548567,-0.8900265407432988,-2.1981864559075244,3438,225.14968814968813,-5.248767210219112,1.9053921847779771,0.4668411867364747,0.08387238087655502,0.33330247747813346,0.2062686988739399,-1.2989914483500933,-1.331934741452001,-1.3149084520833425
XNGUSD|orb|08:00|15|14:30|none|none,XNGUSD,A_orb,range,08:00,15.0,14:30,none,none,2006,-0.6924740561701327,0.6138388248675056,-0.2969839593785396,0.42887377040674896,-0.9762111601460737,-1.953748695120104,1939,243.58325024925225,-12.192298077747296,10.807701922252686,0.4703455389375967,1840,-2.180042661554752,-0.2764438959929254,-0.6612418934443243,0.303316033720525,-0.9951603838048083,-5.890791256916351,1833,251.0413043478261,-26.339964061378186,-3.339964061378202,0.4462629569012548,3846,-1.2592637790613026,0.2597396169217992,-0.47125192575426605,0.3742281272519036,-0.999778939980577,-4.919501317712467,3772,247.1513260530421,-19.067343610089665,3.9326563899103157,0.4586426299045599,0.6138388248675056,-0.2764438959929254,0.2597396169217992,-1.9983007834046314,-4.083282131799111,-2.7775886467309374
XNGUSD|orb|08:00|15|14:30|none|narrow1.0,XNGUSD,A_orb,range,08:00,15.0,14:30,none,narrow1.0,2006,-0.2807153847062765,0.7445371548244457,-0.08760542594155848,0.3120791759711477,-0.8886518467217073,-0.7920113565023997,1108,139.1904287138584,-6.293926008494006,16.706073991505974,0.48646209386281586,1840,-1.5525257162479045,-0.03467049799126243,-0.3331213723502927,0.214567378088506,-0.9315301378189577,-4.195149515509267,1034,141.61304347826086,-23.52335379342584,-0.5233537934258535,0.45164410058027077,3846,-0.7596775468955095,0.43643828863428674,-0.2050649530845826,0.2699368355989972,-0.9877864067721502,-2.967793368737163,2142,140.34945397815912,-14.611026069007318,8.388973930992664,0.4696545284780579,0.7445371548244457,-0.03467049799126243,0.43643828863428674,-1.3031290836413454,-3.037699361109549,-1.9455783748874598
XNGUSD|orb|08:00|15|14:30|none|narrow0.75,XNGUSD,A_orb,range,08:00,15.0,14:30,none,narrow0.75,2006,-0.29254511976678393,0.5172292909584202,-0.07199195715904864,0.2460883887464622,-0.8325485971780783,-0.8253878118831404,690,86.67996011964108,-8.305490341675386,14.694509658324598,0.4811594202898551,1840,-1.3599952436106422,-0.20352616527109887,-0.22456570660788927,0.16512242058412743,-0.8300305856516024,-3.674904272192467,607,83.13260869565218,-27.012950770018843,-4.012950770018852,0.4514003294892916,3846,-0.6862002415824245,0.23927500507127275,-0.1449861586634342,0.21128841098785717,-0.9439095446063533,-2.680743342904501,1297,84.98283931357254,-17.06063951669811,5.939360483301873,0.4672320740169622,0.5172292909584202,-0.20352616527109887,0.23927500507127275,-1.0979876188756206,-2.473560916192929,-1.5980953996102487
XNGUSD|orb|08:00|15|14:30|none|trend,XNGUSD,A_orb,range,08:00,15.0,14:30,none,trend,2006,-2.5653319625269195,-1.3073768707659106,-0.9945013399884162,0.38766964841805746,-0.9998185601294988,-7.23783646431004,1691,212.42871385842471,-46.815768072258415,-23.815768072258443,0.41986989946777054,1840,-2.11166782814114,-0.2890854394210352,-0.5750490637505408,0.27231984883566906,-0.9891972216542372,-5.706032546470398,1576,215.84347826086957,-26.641947599432836,-3.641947599432849,0.4352791878172589,3846,-2.35099637771968,-0.894362628442437,-0.7938273440763801,0.3376557070012772,-0.9999979369940147,-9.184517152356026,3267,214.06240249609982,-37.08392201619073,-14.083922016190753,0.4273033363942455,-1.3073768707659106,-0.2890854394210352,-0.894362628442437,-3.814303312004014,-3.9203274699995303,-3.797141769740785
XNGUSD|orb|08:00|15|14:30|none|trend+narrow1.0,XNGUSD,A_orb,range,08:00,15.0,14:30,none,trend+narrow1.0,2006,-1.4210982115139672,-0.4327475461509133,-0.41269531403209087,0.29040590628315965,-0.9745851171973113,-4.009491404975873,995,124.9950149551346,-33.01694185005879,-10.016941850058808,0.43618090452261304,1840,-1.6150152997977536,-0.12116489257528235,-0.31589983066304095,0.1956017572728882,-0.9172763834781408,-4.364005427788189,928,127.09565217391305,-24.855282242918506,-1.8552822429185238,0.4364224137931034,3846,-1.4680642506845494,-0.30813539814285457,-0.3663865024358734,0.2495711630230282,-0.9978839912878422,-5.735211427357051,1923,126.0,-29.07829384411694,-6.078293844116955,0.43629745189807595,-0.4327475461509133,-0.12116489257528235,-0.30813539814285457,-2.392812227322008,-3.067512312403274,-2.604775582500678
XNGUSD|orb|08:00|15|14:30|opp|none,XNGUSD,A_orb,range,08:00,15.0,14:30,opp,none,2006,-1.7482760641389377,0.6994805954188713,-0.4421796097003984,0.25292321891862146,-0.9785593873579267,-4.932592129028391,1939,243.58325024925225,-18.153120514153898,7.218720641080756,0.1887570912841671,1840,-2.8030896705597748,0.4549431856604269,-0.5458903062387324,0.19474593052519742,-0.9867805082222048,-7.574354582542808,1833,251.0413043478261,-21.745039433127832,3.5004597485415596,0.2220403709765412,3846,-2.1669542109878903,0.5934122531853134,-0.4917967916116138,0.22695301502813442,-0.9997028156418416,-8.465529044537497,3772,247.1513260530421,-19.89861027515051,5.411835111912054,0.20493107104984093,0.6994805954188713,0.4549431856604269,0.5934122531853134,-4.162910080927376,-6.007207830812501,-4.886769952591
XNGUSD|orb|08:00|15|14:30|opp|narrow1.0,XNGUSD,A_orb,range,08:00,15.0,14:30,opp,narrow1.0,2006,-1.226564388428223,0.9058736545261,-0.20470283553390375,0.1668912267999396,-0.8707804819957331,-3.4606330042546203,1108,139.1904287138584,-14.706674692030932,10.778884874756065,0.1615523465703971,1840,-2.387592282054074,0.46806961898292065,-0.30205232439961105,0.12650917272179815,-0.9046333677453021,-6.451620414700705,1034,141.61304347826086,-21.329414083666624,4.107723247087727,0.1769825918762089,3846,-1.6869121227585966,0.7201566637930601,-0.25127669396159524,0.14895659979648737,-0.9869985804053225,-6.590173201807035,2142,140.34945397815912,-17.90364599499606,7.558538878953516,0.16900093370681607,0.9058736545261,0.46806961898292065,0.7201566637930601,-3.280133629907146,-5.024853064125514,-3.9713935666354385
XNGUSD|orb|08:00|15|14:30|opp|narrow0.75,XNGUSD,A_orb,range,08:00,15.0,14:30,opp,narrow0.75,2006,-0.9296712631673493,0.8527143475244694,-0.11584984941984432,0.1246137790955794,-0.6770788534656532,-2.6229777146446813,690,86.67996011964108,-13.365240276984563,12.16954233171108,0.1492753623188406,1840,-2.159624010297899,0.22709865555056763,-0.19267060017408824,0.08921488150500384,-0.7774970760782173,-5.835617101647247,607,83.13260869565218,-23.17629666590324,2.3690081116914823,0.14497528830313014,3846,-1.3983085741256556,0.5987328247004897,-0.15260236668136506,0.10913354141219178,-0.9214169650296914,-5.462700497990681,1297,84.98283931357254,-17.956844924689758,7.582862091501446,0.14726291441788744,0.8527143475244694,0.22709865555056763,0.5987328247004897,-2.6251369252604686,-4.239531075684062,-3.245369445059708
XNGUSD|orb|08:00|15|14:30|opp|trend,XNGUSD,A_orb,range,08:00,15.0,14:30,opp,trend,2006,-2.9330529707993294,-0.29026585068228894,-0.5984003051514686,0.2040196038424733,-0.9930771910791217,-8.275325787814687,1691,212.42871385842471,-28.16946420672106,-2.760238896253883,0.17622708456534594,1840,-2.848116172024122,0.33058919424608796,-0.4886384495690277,0.17156549103183466,-0.9769711253443543,-7.696022715847386,1576,215.84347826086957,-22.63855519315051,2.5981199337530434,0.2265228426395939,3846,-2.885302900523075,-0.020050197337387755,-0.5458881329539409,0.18919612663716423,-0.999833378338724,-11.271865082710267,3267,214.06240249609982,-25.501355052944753,-0.17536790877579425,0.2004897459442914,-0.29026585068228894,0.33058919424608796,-0.020050197337387755,-5.496482612965723,-5.917339927282432,-5.659719076003382
XNGUSD|orb|08:00|15|14:30|opp|trend+narrow1.0,XNGUSD,A_orb,range,08:00,15.0,14:30,opp,trend+narrow1.0,2006,-1.6495854877397638,0.5091834432903359,-0.24437358988120356,0.14814242226151034,-0.878351758139848,-4.654146195722316,995,124.9950149551346,-19.550666878108576,5.963905986213031,0.15477386934673368,1840,-2.091128048784262,0.6892544371165542,-0.24355464246873892,0.11647045842569828,-0.8462782192429694,-5.650531085518164,928,127.09565217391305,-19.16309789539202,6.206514173573493,0.1961206896551724,3846,-1.8219742362777074,0.5801705019199357,-0.24398178976707588,0.1339106694864855,-0.9797553930905127,-7.117813444048887,1923,126.0,-19.363634108498086,6.080983676213295,0.1747269890795632,0.5091834432903359,0.6892544371165542,0.5801705019199357,-3.69166148945939,-4.644880251027421,-4.070054558876862
XNGUSD|orb|08:00|15|14:30|mid|none,XNGUSD,A_orb,range,08:00,15.0,14:30,mid,none,2006,-3.176175734697303,0.21838456144981677,-0.5853617018873597,0.18429764307205315,-0.9921307563416155,-8.961273194056512,1939,243.58325024925225,-24.031278886720447,1.640716987441491,0.10366168127900979,1840,-4.193602389977408,0.20307700902756667,-0.6131359386564948,0.14620745641548483,-0.9902949583423217,-11.331721497708863,1833,251.0413043478261,-24.423707495041317,1.172037185809741,0.1282051282051282,3846,-3.5816821144866733,0.2105700037777345,-0.5986494282667691,0.16714197662752875,-0.9999220513570092,-13.992374095742651,3772,247.1513260530421,-24.22197921520723,1.4129624602964757,0.11558854718981973,0.21838456144981677,0.20307700902756667,0.2105700037777345,-6.513168569405516,-8.508710863644312,-7.307219279968697
XNGUSD|orb|08:00|15|14:30|mid|narrow1.0,XNGUSD,A_orb,range,08:00,15.0,14:30,mid,narrow1.0,2006,-2.4186012299106694,0.4880896473340317,-0.29875417035839785,0.1235235336291598,-0.9154269893424359,-6.823849868236637,1108,139.1904287138584,-21.46370070980696,4.262833586221911,0.08844765342960288,1840,-3.3925878574878223,0.38771754026889793,-0.32729389832802674,0.09647322695141185,-0.9158565223406353,-9.16726412819693,1034,141.61304347826086,-23.11184692378071,2.5690041400490715,0.10058027079303675,3846,-2.804530137502067,0.4429213941535822,-0.31240812237714904,0.1113941042029251,-0.9926599089783875,-10.956314265856522,2142,140.34945397815912,-22.259304437747605,3.4451773549694753,0.09430438842203548,0.4880896473340317,0.38771754026889793,0.4429213941535822,-5.103412547696606,-6.70156527187894,-5.7462844183282025
XNGUSD|orb|08:00|15|14:30|mid|narrow0.75,XNGUSD,A_orb,range,08:00,15.0,14:30,mid,narrow0.75,2006,-1.6296665332070148,0.6482733230590866,-0.1603353896118323,0.09838539746920427,-0.7313038471952875,-4.597946788567986,690,86.67996011964108,-18.497400020780745,7.2460782400888135,0.08550724637681159,1840,-2.984525465593085,0.19460657756716115,-0.20140071049369435,0.06748165254930133,-0.78518358214157,-8.064620398860205,607,83.13260869565218,-24.226439378441825,1.5066742953637682,0.085667215815486,3846,-2.1171109722717953,0.46724416837827865,-0.17998182497912982,0.08501293854520901,-0.9418658335876552,-8.270809016359072,1297,84.98283931357254,-21.1786081087532,4.56001949340562,0.08558211256746338,0.6482733230590866,0.19460657756716115,0.46724416837827865,-3.702453022203493,-5.4990106714393585,-4.370334168696966
XNGUSD|orb|08:00|15|14:30|mid|trend,XNGUSD,A_orb,range,08:00,15.0,14:30,mid,trend,2006,-4.122434408005469,-0.4487298182216655,-0.6116685188176153,0.14837556120475792,-0.9931590436243505,-11.63105068499502,1691,212.42871385842471,-28.794060261800016,-3.0921087538165755,0.09520993494973388,1840,-4.1202641081866735,0.2189991560099356,-0.5246558765746581,0.12733549665716912,-0.9803305770109194,-11.133550830322923,1576,215.84347826086957,-24.30723785596876,1.2720768648434126,0.13261421319796954,3846,-4.1093564764396575,-0.15447576949847497,-0.5700400056280569,0.1387175848326352,-0.9998625636527347,-16.053812502941067,3267,214.06240249609982,-26.629618231928553,-0.9868266800461005,0.11325374961738598,-0.4487298182216655,0.2189991560099356,-0.15447576949847497,-7.625420619138028,-8.229441862008274,-7.870395709632928
XNGUSD|orb|08:00|15|14:30|mid|trend+narrow1.0,XNGUSD,A_orb,range,08:00,15.0,14:30,mid,trend+narrow1.0,2006,-2.1821343361960834,0.5664953614985534,-0.2560911072994876,0.11735808517907656,-0.8795761064178207,-6.156681357131478,995,124.9950149551346,-20.48810565696627,5.234507408360357,0.09045226130653267,1840,-3.156537918788849,0.5626560965729636,-0.27779798624951063,0.08800717539173444,-0.8815279599504777,-8.529422979670109,928,127.09565217391305,-21.857394922477912,3.780536112004837,0.11314655172413793,3846,-2.553916045840276,0.5588598507840735,-0.26647609358863017,0.10434019318006031,-0.9852842666036911,-9.977253028117646,1923,126.0,-21.14889631655795,4.5328509533328365,0.10140405616224649,0.5664953614985534,0.5626560965729636,0.5588598507840735,-4.709564721450182,-6.352767291205652,-5.35035250354731
XNGUSD|orb|08:00|15|14:30|opp_rev|none,XNGUSD,A_orb,range,08:00,15.0,14:30,opp_rev,none,2006,-2.2731055689601467,1.0959817313472322,-0.7494506144759405,0.32970339112704905,-0.9983673168754487,-6.41334790762906,3449,433.2741774675972,-17.29737550611331,8.04069349939553,0.19831835314583937,1840,-3.591738488125892,0.7808114551334565,-0.9083047014346729,0.25288720335221593,-0.9992531079449418,-9.705397997988017,3173,434.5630434782609,-20.901563422525854,4.3184176679248205,0.22565395524739992,3846,-2.793775588270393,0.9578144760479053,-0.8254494496304043,0.2954601840949703,-0.9999987637501966,-10.91430001912256,6622,433.89079563182526,-19.02435953794312,6.257126417961437,0.21141649048625794,1.0959817313472322,0.7808114551334565,0.9578144760479053,-5.392116125648007,-7.5241917109229375,-6.231679622406434
XNGUSD|orb|08:00|15|14:30|opp_rev|narrow1.0,XNGUSD,A_orb,range,08:00,15.0,14:30,opp_rev,narrow1.0,2006,-1.8350297577454555,1.113425181348462,-0.4078128430616171,0.2222377273939481,-0.9687551564424567,-5.177359299971964,2014,253.0049850448654,-16.118767106082895,9.370309358663873,0.1618669314796425,1840,-3.1022589935516924,0.753947029203536,-0.5278484589259207,0.17014970704351196,-0.9837202585609325,-8.382753456242607,1861,254.87608695652173,-20.710003250166196,4.690319157141701,0.184846856528748,3846,-2.3374610270850487,0.9574186994379927,-0.46524017878452884,0.1990365500830235,-0.9994796719740588,-9.131639291188286,3875,253.90015600624022,-18.323745290376838,7.122706322526386,0.17290322580645162,1.113425181348462,0.753947029203536,0.9574186994379927,-4.43048218887694,-6.218394100106542,-5.151560753711848
XNGUSD|orb|08:00|15|14:30|opp_rev|narrow0.75,XNGUSD,A_orb,range,08:00,15.0,14:30,opp_rev,narrow0.75,2006,-1.2174651678103319,1.2240692762316456,-0.20622718711193794,0.16939062616702802,-0.8301837685944093,-3.4349604317583498,1265,158.91326021934196,-12.977342911931348,12.553091870677342,0.15019762845849802,1840,-2.4551435958861956,0.7269484451119649,-0.30513405029753493,0.12428358602275374,-0.910392367773174,-6.634153855872761,1114,152.5695652173913,-19.999667028136283,5.488663312976822,0.1606822262118492,3846,-1.6956023543571346,1.0137268999797715,-0.2535461232173718,0.14953159422422513,-0.9844090646297707,-6.62412288455905,2379,155.8783151326053,-16.265644326581324,9.245074462825984,0.15510718789407313,1.2240692762316456,0.7269484451119649,1.0137268999797715,-3.342617076108433,-4.877442382747696,-3.9508999289178615
XNGUSD|orb|08:00|15|14:30|opp_rev|trend,XNGUSD,A_orb,range,08:00,15.0,14:30,opp_rev,trend,2006,-2.9330529707993294,-0.29026585068228894,-0.5984003051514686,0.2040196038424733,-0.9930771910791217,-8.275325787814687,1691,212.42871385842471,-28.16946420672106,-2.760238896253883,0.17622708456534594,1840,-2.848116172024122,0.33058919424608796,-0.4886384495690277,0.17156549103183466,-0.9769711253443543,-7.696022715847386,1576,215.84347826086957,-22.63855519315051,2.5981199337530434,0.2265228426395939,3846,-2.885302900523075,-0.020050197337387755,-0.5458881329539409,0.18919612663716423,-0.999833378338724,-11.271865082710267,3267,214.06240249609982,-25.501355052944753,-0.17536790877579425,0.2004897459442914,-0.29026585068228894,0.33058919424608796,-0.020050197337387755,-5.496482612965723,-5.917339927282432,-5.659719076003382
XNGUSD|orb|08:00|15|14:30|opp_rev|trend+narrow1.0,XNGUSD,A_orb,range,08:00,15.0,14:30,opp_rev,trend+narrow1.0,2006,-1.6495854877397638,0.5091834432903359,-0.24437358988120356,0.14814242226151034,-0.878351758139848,-4.654146195722316,995,124.9950149551346,-19.550666878108576,5.963905986213031,0.15477386934673368,1840,-2.091128048784262,0.6892544371165542,-0.24355464246873892,0.11647045842569828,-0.8462782192429694,-5.650531085518164,928,127.09565217391305,-19.16309789539202,6.206514173573493,0.1961206896551724,3846,-1.8219742362777074,0.5801705019199357,-0.24398178976707588,0.1339106694864855,-0.9797553930905127,-7.117813444048887,1923,126.0,-19.363634108498086,6.080983676213295,0.1747269890795632,0.5091834432903359,0.6892544371165542,0.5801705019199357,-3.69166148945939,-4.644880251027421,-4.070054558876862
XNGUSD|orb|08:00|15|14:30|mid_rev|none,XNGUSD,A_orb,range,08:00,15.0,14:30,mid_rev,none,2006,-3.8895028230623745,0.6044880058881689,-0.9666768836585217,0.24853481990724333,-0.9996495453249903,-10.97385670627502,3449,433.2741774675972,-22.310973834364162,3.348057768999124,0.10872716729486807,1840,-4.813441224398082,0.860289238757456,-0.9486616468964135,0.19708595216409713,-0.9992932934751021,-13.006615870600852,3173,434.5630434782609,-21.830242150903715,3.7244379625535755,0.1393003466750709,3846,-4.251182354431288,0.7064799649119398,-0.9580580496381683,0.22536272729856463,-0.9999997482979055,-16.607876397469703,6622,433.89079563182526,-22.08062626087881,3.5284042435005247,0.12337662337662338,0.6044880058881689,0.860289238757456,0.7064799649119398,-8.034806697321208,-9.923730044093517,-8.7844189388577
XNGUSD|orb|08:00|15|14:30|mid_rev|narrow1.0,XNGUSD,A_orb,range,08:00,15.0,14:30,mid_rev,narrow1.0,2006,-3.171393799492405,0.7165181584293756,-0.5361799404413488,0.16906760066415175,-0.9878204519398451,-8.94778142554407,2014,253.0049850448654,-21.19246545068145,4.539411411284778,0.08738828202581926,1840,-4.118701728414762,0.8219585281853705,-0.5519803243204806,0.1340180378958714,-0.9855791299367885,-11.129329053720719,1861,254.87608695652173,-21.656810998304465,3.990152999546143,0.11015583019881783,3846,-3.547276158753071,0.7541771272977402,-0.5437391464573662,0.15328356804577065,-0.9998179912048375,-13.857962110435817,3875,253.90015600624022,-21.415471144649562,4.2756256295439785,0.09832258064516129,0.7165181584293756,0.8219585281853705,0.7541771272977402,-6.390436527989633,-7.84864893727526,-6.9892345811262855
XNGUSD|orb|08:00|15|14:30|mid_rev|narrow0.75,XNGUSD,A_orb,range,08:00,15.0,14:30,mid_rev,narrow0.75,2006,-2.1248887388766944,0.9344648008344942,-0.2885951018838121,0.13581657081790346,-0.9065608878498772,-5.995168431026059,1265,158.91326021934196,-18.16054251769016,7.592817166104297,0.08221343873517786,1840,-3.0894379497605198,0.8565073647507484,-0.3123835893918011,0.1011134045971099,-0.9159787249634568,-8.34810913757789,1114,152.5695652173913,-20.474829888038023,5.2127823202204935,0.09784560143626571,3846,-2.490361882708789,0.8918959153931355,-0.2999759695423404,0.12045477070025414,-0.9921231519122825,-9.728969233673462,2379,155.8783151326053,-19.244239924402024,6.478332585055724,0.08953341740226986,0.9344648008344942,0.8565073647507484,0.8918959153931355,-4.60775044010695,-5.853872428092207,-5.100679185318228
XNGUSD|orb|08:00|15|14:30|mid_rev|trend,XNGUSD,A_orb,range,08:00,15.0,14:30,mid_rev,trend,2006,-4.122434408005469,-0.4487298182216655,-0.6116685188176153,0.14837556120475792,-0.9931590436243505,-11.63105068499502,1691,212.42871385842471,-28.794060261800016,-3.0921087538165755,0.09520993494973388,1840,-4.1202641081866735,0.2189991560099356,-0.5246558765746581,0.12733549665716912,-0.9803305770109194,-11.133550830322923,1576,215.84347826086957,-24.30723785596876,1.2720768648434126,0.13261421319796954,3846,-4.1093564764396575,-0.15447576949847497,-0.5700400056280569,0.1387175848326352,-0.9998625636527347,-16.053812502941067,3267,214.06240249609982,-26.629618231928553,-0.9868266800461005,0.11325374961738598,-0.4487298182216655,0.2189991560099356,-0.15447576949847497,-7.625420619138028,-8.229441862008274,-7.870395709632928
XNGUSD|orb|08:00|15|14:30|mid_rev|trend+narrow1.0,XNGUSD,A_orb,range,08:00,15.0,14:30,mid_rev,trend+narrow1.0,2006,-2.1821343361960834,0.5664953614985534,-0.2560911072994876,0.11735808517907656,-0.8795761064178207,-6.156681357131478,995,124.9950149551346,-20.48810565696627,5.234507408360357,0.09045226130653267,1840,-3.156537918788849,0.5626560965729636,-0.27779798624951063,0.08800717539173444,-0.8815279599504777,-8.529422979670109,928,127.09565217391305,-21.857394922477912,3.780536112004837,0.11314655172413793,3846,-2.553916045840276,0.5588598507840735,-0.26647609358863017,0.10434019318006031,-0.9852842666036911,-9.977253028117646,1923,126.0,-21.14889631655795,4.5328509533328365,0.10140405616224649,0.5664953614985534,0.5626560965729636,0.5588598507840735,-4.709564721450182,-6.352767291205652,-5.35035250354731
XNGUSD|orb|08:00|15|16:55|none|none,XNGUSD,A_orb,range,08:00,15.0,16:55,none,none,2006,-0.5671576634059516,0.6789474935907922,-0.25498938842302454,0.4495917182741337,-0.9734873901939501,-1.6001805915086904,1939,243.58325024925225,-10.46826447065226,12.53173552934772,0.48323878287777206,1840,-2.215419570532491,-0.34646832469768274,-0.6844285413180885,0.30893856424387445,-0.9960488451316525,-5.98638479266586,1833,251.0413043478261,-27.263582903066414,-4.26358290306643,0.44571740316421166,3846,-1.1839906326546792,0.2777456765466029,-0.46044129724437594,0.38888930752095535,-0.9997776546820513,-4.625435571446196,3772,247.1513260530421,-18.629934323943655,4.370065676056328,0.4650053022269353,0.6789474935907922,-0.34646832469768274,0.2777456765466029,-1.812900479643955,-4.08401885978377,-2.645136150943129
XNGUSD|orb|08:00|15|16:55|none|narrow1.0,XNGUSD,A_orb,range,08:00,15.0,16:55,none,narrow1.0,2006,-0.17292907386603712,0.8015966087839311,-0.056762224671096775,0.32823991594998503,-0.8928600537043705,-0.48790268661139546,1108,139.1904287138584,-4.078026427218359,18.921973572781624,0.49097472924187724,1840,-1.627628060326372,-0.12313343610708818,-0.3522495622504445,0.21641895395918123,-0.941189804230651,-4.398086934887952,1034,141.61304347826086,-24.874090239047685,-1.8740902390477059,0.4526112185686654,3846,-0.7063865792421206,0.4447126829079691,-0.19812902164093554,0.280482426284921,-0.9893764602324822,-2.7596042744804805,2142,140.34945397815912,-14.116835942359133,8.883164057640853,0.47245564892623715,0.8015966087839311,-0.12313343610708818,0.4447126829079691,-1.145873023532131,-3.0984635152695796,-1.8486824477438744
XNGUSD|orb|08:00|15|16:55|none|narrow0.75,XNGUSD,A_orb,range,08:00,15.0,16:55,none,narrow0.75,2006,-0.21630538423877793,0.5483934278077924,-0.05635384706469389,0.26052909992515627,-0.8390951064398372,-0.6102847585962639,690,86.67996011964108,-6.501369749929607,16.498630250070377,0.48405797101449277,1840,-1.3653713504793048,-0.2275561631988626,-0.22910857811744278,0.1677994620562499,-0.8383615994162323,-3.689431292189213,607,83.13260869565218,-27.55941160901223,-4.559411609012238,0.4464579901153213,3846,-0.6286544657707221,0.255663817290475,-0.13900301636710105,0.22111195248837562,-0.947898380723709,-2.4559322075080026,1297,84.98283931357254,-16.356598283825633,6.643401716174352,0.4664610639938319,0.5483934278077924,-0.2275561631988626,0.255663817290475,-0.9781437175796386,-2.4614647374344205,-1.5015976959249566
XNGUSD|orb|08:00|15|16:55|none|trend,XNGUSD,A_orb,range,08:00,15.0,16:55,none,trend,2006,-2.6560307046696328,-1.4492238076956705,-1.0832449902965655,0.4078435495463535,-0.9999147653100864,-7.493734208826874,1707,214.43868394815553,-50.51537205658565,-27.51537205658566,0.4223784417106034,1840,-2.3120884264855217,-0.508007454243224,-0.642000988583278,0.2776714684563983,-0.993182628719189,-6.247598053078893,1591,217.8978260869565,-29.46339576270369,-6.463395762703707,0.42803268384663734,3846,-2.4786627128048067,-1.067895539243798,-0.8721454158939528,0.3518612723661179,-0.9999993995577403,-9.683264685733803,3298,216.09360374414976,-40.359612722575285,-17.359612722575296,0.42510612492419647,-1.4492238076956705,-0.508007454243224,-1.067895539243798,-3.854783790920236,-4.102210372680028,-3.879700016249563
XNGUSD|orb|08:00|15|16:55|none|trend+narrow1.0,XNGUSD,A_orb,range,08:00,15.0,16:55,none,trend+narrow1.0,2006,-1.4658800236103453,-0.5183265716572111,-0.44740900436701664,0.30521529535895037,-0.9816073418110355,-4.135838964380924,1003,126.0,-35.50865114023941,-12.50865114023943,0.43768693918245266,1840,-1.808647041716332,-0.32830382858374274,-0.3585865034866395,0.19826228955449238,-0.9382970040796326,-4.887226460326133,933,127.7804347826087,-28.062708042643486,-5.062708042643504,0.42229367631296894,3846,-1.5598447712656456,-0.43783391778909714,-0.4049146201704764,0.25958648426402836,-0.9988555856032371,-6.093765686954363,1936,126.85179407176287,-31.920291166036414,-8.920291166036433,0.4302685950413223,-0.5183265716572111,-0.32830382858374274,-0.43783391778909714,-2.397895372519753,-3.2440151136735267,-2.659065280618036
XNGUSD|orb|08:00|15|16:55|opp|none,XNGUSD,A_orb,range,08:00,15.0,16:55,opp,none,2006,-1.5797210869295053,0.806328912135957,-0.4103363915984978,0.2597524303458317,-0.972824899166968,-4.45703053383988,1939,243.58325024925225,-16.845837765060264,8.547664039993887,0.1887570912841671,1840,-2.8173528924773845,0.3921172415015873,-0.5571983348310047,0.1977737103217635,-0.9883616022230879,-7.6128958755410805,1833,251.0413043478261,-22.19548437571006,3.064744756859497,0.2204037097654119,3846,-2.069841740779317,0.6304190914877541,-0.48059795570349334,0.23219067730392917,-0.999671327275531,-8.086144730384097,3772,247.1513260530421,-19.44549371344867,5.883244356540722,0.20413573700954402,0.806328912135957,0.3921172415015873,0.6304190914877541,-3.934613138836692,-5.975323118033324,-4.731696887214079
XNGUSD|orb|08:00|15|16:55|opp|narrow1.0,XNGUSD,A_orb,range,08:00,15.0,16:55,opp,narrow1.0,2006,-1.0458030755742997,1.006094210827833,-0.1814846587782065,0.17353616853588305,-0.8553007260306863,-2.950632411496266,1108,139.1904287138584,-13.03858752754435,12.46321752660727,0.157942238267148,1840,-2.492241009564826,0.37810028812855545,-0.31364374939991446,0.12584808138386275,-0.912359284142909,-6.7343964447019316,1034,141.61304347826086,-22.147942145460796,3.297899247189108,0.17504835589941972,3846,-1.6033072368744687,0.7469376944954969,-0.24471209682915362,0.1526295716759828,-0.9867307510182051,-6.263558275599311,2142,140.34945397815912,-17.43591370631447,8.038876209651912,0.16619981325863678,1.006094210827833,0.37810028812855545,0.7469376944954969,-3.031516857166652,-5.135226071629116,-3.840870023405503
XNGUSD|orb|08:00|15|16:55|opp|narrow0.75,XNGUSD,A_orb,range,08:00,15.0,16:55,opp,narrow0.75,2006,-0.7597499334715583,0.961411080855332,-0.09804152138022933,0.12904446194847818,-0.6487871802996521,-2.1435610878293367,690,86.67996011964108,-11.310748325784449,14.237077761172067,0.14782608695652175,1840,-2.1171597853195694,0.2282775633667766,-0.192311401270102,0.09083461843720694,-0.7785528205964904,-5.72087261079601,607,83.13260869565218,-23.133088722639812,2.4270430730768227,0.14332784184514002,3846,-1.2732605777060053,0.6663651967656177,-0.14314203594012678,0.11242163501050305,-0.9121388189925664,-4.974181894190018,1297,84.98283931357254,-16.843640092084527,8.70994510452302,0.14572089437162683,0.961411080855332,0.2282775633667766,0.6663651967656177,-2.4100769145422123,-4.170783132687164,-3.0809513384926945
XNGUSD|orb|08:00|15|16:55|opp|trend,XNGUSD,A_orb,range,08:00,15.0,16:55,opp,trend,2006,-2.7602905654413443,-0.16697332930184722,-0.5799369334054326,0.21009995855733626,-0.9919177143335074,-7.78789334030788,1707,214.43868394815553,-27.044417673522137,-1.6208675856486803,0.1751611013473931,1840,-3.004556874612188,0.19120119349180834,-0.5175750663976827,0.1722633612866751,-0.981642651612499,-8.118748169474241,1591,217.8978260869565,-23.753108311926614,1.494534679902423,0.21684475172847265,3846,-2.851574805370374,-0.013346351797549741,-0.5501018228245017,0.19291158758609253,-0.9998487230412735,-11.140101260621039,3298,216.09360374414976,-25.456645328374027,-0.11795521315268102,0.1952698605215282,-0.16697332930184722,0.19120119349180834,-0.013346351797549741,-5.282088245113905,-6.0914363424829014,-5.604575601318256
XNGUSD|orb|08:00|15|16:55|opp|trend+narrow1.0,XNGUSD,A_orb,range,08:00,15.0,16:55,opp,trend+narrow1.0,2006,-1.5717791673102506,0.5565938065945328,-0.23812987135577415,0.1515033894763221,-0.870335800060824,-4.434623174380545,1003,126.0,-18.899196139347154,6.619248526654836,0.15154536390827517,1840,-2.193341910504366,0.6128256118762125,-0.25456177017951565,0.11606114348171938,-0.8575844959115287,-5.926727755232428,933,127.7804347826087,-19.921811239146155,5.464040850885993,0.1864951768488746,3846,-1.8128816271001944,0.5745387022125328,-0.24599120620644607,0.13569071611141142,-0.9804874510852722,-7.082291813415182,1936,126.85179407176287,-19.392016329487895,6.062529125057557,0.1683884297520661,0.5565938065945328,0.6128256118762125,0.5745387022125328,-3.5919249713585906,-4.762722252063163,-4.050371752714374
XNGUSD|orb|08:00|15|16:55|mid|none,XNGUSD,A_orb,range,08:00,15.0,16:55,mid,none,2006,-3.0677191204130954,0.2892196949060702,-0.5719321367368058,0.18643562669446417,-0.9912293531655152,-8.65527332771227,1939,243.58325024925225,-23.47994519949803,2.1982394317551894,0.10366168127900979,1840,-4.167390385784877,0.2018302840261381,-0.6133261289972682,0.1471727081507282,-0.9904071698591446,-11.260892863092375,1833,251.0413043478261,-24.43128355274494,1.1726444341617612,0.127114020731042,3846,-3.5059934319625956,0.2508507695026007,-0.5917358147813326,0.16877835805017152,-0.9999142157294602,-13.69668499580627,3772,247.1513260530421,-23.942247214742352,1.6998524671240243,0.11505832449628844,0.2892196949060702,0.2018302840261381,0.2508507695026007,-6.368470007808976,-8.45641080333191,-7.197468493640143
XNGUSD|orb|08:00|15|16:55|mid|narrow1.0,XNGUSD,A_orb,range,08:00,15.0,16:55,mid,narrow1.0,2006,-2.3338493695399314,0.5477462368274373,-0.29088986333138045,0.12463951921144045,-0.910131086232941,-6.584730676502399,1108,139.1904287138584,-20.89869727532624,4.830544601930073,0.08935018050541517,1840,-3.401489317963471,0.3756623910157982,-0.3285127309193298,0.09657908645616914,-0.9168911157314683,-9.191317164620695,1034,141.61304347826086,-23.197914743620352,2.4916403821049813,0.10251450676982592,3846,-2.7558070954928766,0.4727086801500211,-0.30888936316544874,0.11208671451301416,-0.992348954823663,-10.765970452786755,2142,140.34945397815912,-22.00859030157092,3.701493732042517,0.09570494864612512,0.5477462368274373,0.3756623910157982,0.4727086801500211,-5.002866826590506,-6.707147373183026,-5.6859821418945655
XNGUSD|orb|08:00|15|16:55|mid|narrow0.75,XNGUSD,A_orb,range,08:00,15.0,16:55,mid,narrow0.75,2006,-1.4851812411091583,0.7379244574355927,-0.1497215341636971,0.10081027824717377,-0.7081550439765273,-4.190295486132939,690,86.67996011964108,-17.272912211431812,8.470566049437746,0.08550724637681159,1840,-2.86256016426652,0.23314777229031883,-0.19853088946314046,0.06935431154999339,-0.7825831443871315,-7.735052476464916,607,83.13260869565218,-23.881229348878065,1.8617690036754715,0.085667215815486,3846,-1.9849783378503323,0.5358578515358775,-0.17307286379213596,0.08719131110497069,-0.9361984224218993,-7.754613220086937,1297,84.98283931357254,-20.365625012071654,5.377628650225949,0.08558211256746338,0.7379244574355927,0.23314777229031883,0.5358578515358775,-3.526296998974275,-5.346803111069249,-4.206101265019243
XNGUSD|orb|08:00|15|16:55|mid|trend,XNGUSD,A_orb,range,08:00,15.0,16:55,mid,trend,2006,-4.060479396910777,-0.38705282827216536,-0.6083732947969648,0.1498279477196256,-0.9929820956193662,-11.45625060258924,1707,214.43868394815553,-28.37050123587077,-2.6692710073997716,0.09607498535442296,1840,-4.333860444451624,0.1086411095027122,-0.5441927359465523,0.125567664884837,-0.9828972899699192,-11.710719090544758,1591,217.8978260869565,-24.974674861115005,0.6161485204060457,0.12759270898805783,3846,-4.16341716834728,-0.1712892714235194,-0.5776680872346247,0.13874854809803683,-0.9998776221097645,-16.265008639523543,3298,216.09360374414976,-26.732308463816057,-1.0843399980792574,0.11127956337174044,-0.38705282827216536,0.1086411095027122,-0.1712892714235194,-7.571422700660024,-8.53788974851346,-7.964431915625598
XNGUSD|orb|08:00|15|16:55|mid|trend+narrow1.0,XNGUSD,A_orb,range,08:00,15.0,16:55,mid,trend+narrow1.0,2006,-2.186679176204375,0.5828089754451115,-0.2567170473731402,0.11740041711045524,-0.8801181811499055,-6.169504184436864,1003,126.0,-20.37436883913811,5.344474630453106,0.09172482552342971,1840,-3.1857304783724025,0.5438519454870527,-0.2812164186820623,0.08827376345588925,-0.8840383095446036,-8.608305506968527,933,127.7804347826087,-22.007783833299083,3.6449492856719723,0.11146838156484459,3846,-2.569442269362374,0.5610281860610504,-0.26843801544605145,0.10447326201754527,-0.9857591515250307,-10.037908530440598,1936,126.85179407176287,-21.161546622997708,4.5254368480766605,0.1012396694214876,0.5828089754451115,0.5438519454870527,0.5610281860610504,-4.733968775102708,-6.3904089225697085,-5.381908470975877
XNGUSD|orb|08:00|15|16:55|opp_rev|none,XNGUSD,A_orb,range,08:00,15.0,16:55,opp_rev,none,2006,-1.9615048123274579,1.3545105187884297,-0.6657058126768559,0.3393852558979711,-0.9968879721255386,-5.534196456040265,3484,437.67098703888337,-15.210188301051668,10.135391492289314,0.20063145809414465,1840,-3.6715011617309052,0.6389518910384575,-0.9518389228410477,0.25925061191926996,-0.9994820213281176,-9.920928303236993,3210,439.6304347826087,-21.65088782608327,3.585560772047568,0.22180685358255453,3846,-2.6419313381755556,1.0515317554442343,-0.8025973682416279,0.30379191035141717,-0.9999983667704477,-10.3210978633475,6694,438.6084243369734,-18.29872213364077,6.994525550852803,0.21078577830893339,1.3545105187884297,0.6389518910384575,1.0515317554442343,-5.0389411001878885,-7.5597585337683455,-6.035777738884323
XNGUSD|orb|08:00|15|16:55|opp_rev|narrow1.0,XNGUSD,A_orb,range,08:00,15.0,16:55,opp_rev,narrow1.0,2006,-1.5923464721177785,1.2881514780911916,-0.3659145413341518,0.22979580621514814,-0.9569065002827877,-4.492651839240694,2031,255.14057826520437,-14.341683468076333,11.148715350239764,0.1605120630231413,1840,-3.229316543783058,0.6411480389906886,-0.5508381197517562,0.17057421045087892,-0.9861258541742876,-8.72608137327261,1875,256.79347826086956,-21.450627308851455,3.9637726911485367,0.18026666666666666,3846,-2.2308702162095226,1.0174162037336965,-0.45438552008828387,0.20368084023297936,-0.999394227025771,-8.715226428945018,3906,255.93135725429016,-17.75419491238083,7.6997221383104115,0.16999487967229904,1.2881514780911916,0.6411480389906886,1.0174162037336965,-4.152752044157101,-6.345219867377233,-5.022886133637059
XNGUSD|orb|08:00|15|16:55|opp_rev|narrow0.75,XNGUSD,A_orb,range,08:00,15.0,16:55,opp_rev,narrow0.75,2006,-1.009672599049108,1.381844888817921,-0.1763009592163936,0.17461200728080645,-0.7883435080518093,-2.8486937601689193,1276,160.2951146560319,-10.998523541700422,14.533608119741578,0.14968652037617555,1840,-2.4452741592592075,0.7042211394713724,-0.3094676020284002,0.1265574254144791,-0.9138300950830562,-6.607485207585167,1123,153.80217391304348,-20.121146155149056,5.376627664975604,0.15672306322350846,3846,-1.563096815184206,1.1000807649942472,-0.24001042951646956,0.15354802542297108,-0.9811205730751592,-6.106470280391127,2399,157.188767550702,-15.268930042285174,10.247118311195438,0.15298040850354314,1.381844888817921,0.7042211394713724,1.1000807649942472,-3.1177810234162266,-4.853507126785539,-3.804009546301055
XNGUSD|orb|08:00|15|16:55|opp_rev|trend,XNGUSD,A_orb,range,08:00,15.0,16:55,opp_rev,trend,2006,-2.7602905654413443,-0.16697332930184722,-0.5799369334054326,0.21009995855733626,-0.9919177143335074,-7.78789334030788,1707,214.43868394815553,-27.044417673522137,-1.6208675856486803,0.1751611013473931,1840,-3.004556874612188,0.19120119349180834,-0.5175750663976827,0.1722633612866751,-0.981642651612499,-8.118748169474241,1591,217.8978260869565,-23.753108311926614,1.494534679902423,0.21684475172847265,3846,-2.851574805370374,-0.013346351797549741,-0.5501018228245017,0.19291158758609253,-0.9998487230412735,-11.140101260621039,3298,216.09360374414976,-25.456645328374027,-0.11795521315268102,0.1952698605215282,-0.16697332930184722,0.19120119349180834,-0.013346351797549741,-5.282088245113905,-6.0914363424829014,-5.604575601318256
XNGUSD|orb|08:00|15|16:55|opp_rev|trend+narrow1.0,XNGUSD,A_orb,range,08:00,15.0,16:55,opp_rev,trend+narrow1.0,2006,-1.5717791673102506,0.5565938065945328,-0.23812987135577415,0.1515033894763221,-0.870335800060824,-4.434623174380545,1003,126.0,-18.899196139347154,6.619248526654836,0.15154536390827517,1840,-2.193341910504366,0.6128256118762125,-0.25456177017951565,0.11606114348171938,-0.8575844959115287,-5.926727755232428,933,127.7804347826087,-19.921811239146155,5.464040850885993,0.1864951768488746,3846,-1.8128816271001944,0.5745387022125328,-0.24599120620644607,0.13569071611141142,-0.9804874510852722,-7.082291813415182,1936,126.85179407176287,-19.392016329487895,6.062529125057557,0.1683884297520661,0.5565938065945328,0.6128256118762125,0.5745387022125328,-3.5919249713585906,-4.762722252063163,-4.050371752714374
XNGUSD|orb|08:00|15|16:55|mid_rev|none,XNGUSD,A_orb,range,08:00,15.0,16:55,mid_rev,none,2006,-3.6745613783021405,0.7645977333163797,-0.9350412524581527,0.2544633647921799,-0.9995536803571409,-10.367420171237,3484,437.67098703888337,-21.36402183714047,4.294990792021407,0.10935706084959816,1840,-4.897292080195915,0.7356819677428539,-0.9829564981861274,0.20071428905804706,-0.9994647176833796,-13.233193036694729,3210,439.6304347826087,-22.358699953796105,3.206720606951554,0.13582554517133957,3846,-4.159734469169273,0.7469768138748574,-0.9579648229572358,0.23029470512057665,-0.9999997573444943,-16.25062162723891,6694,438.6084243369734,-21.841003724571692,3.773128333988209,0.12204959665371976,0.7645977333163797,0.7356819677428539,0.7469768138748574,-7.7789789471987305,-9.977900221006763,-8.655540116014397
XNGUSD|orb|08:00|15|16:55|mid_rev|narrow1.0,XNGUSD,A_orb,range,08:00,15.0,16:55,mid_rev,narrow1.0,2006,-3.0616945577528942,0.8021536636898182,-0.5257221489766123,0.17170953504991754,-0.9868001048200968,-8.638275605803184,2031,255.14057826520437,-20.60519547894704,5.124494329029323,0.08813392417528311,1840,-4.190080386305605,0.7603073223172032,-0.564507237125312,0.13472467950025135,-0.9867486472424698,-11.322204533292265,1875,256.79347826086956,-21.982927329324323,3.6778726706756735,0.10933333333333334,3846,-3.509103786920884,0.7780482653415633,-0.5442776773680857,0.15510446838213082,-0.9998207996102814,-13.70883606023795,3906,255.93135725429016,-21.266549093759483,4.430071489957871,0.09831029185867896,0.8021536636898182,0.7603073223172032,0.7780482653415633,-6.277330011311292,-7.916814925326862,-6.9487852064778615
XNGUSD|orb|08:00|15|16:55|mid_rev|narrow0.75,XNGUSD,A_orb,range,08:00,15.0,16:55,mid_rev,narrow0.75,2006,-1.9866460933213184,1.0314229286489376,-0.2761443711505696,0.13900028398561187,-0.8971673732059964,-5.605130153119213,1276,160.2951146560319,-17.227248113152537,8.525886683085698,0.08150470219435736,1840,-3.033166926814844,0.8631167337301524,-0.3132504376996623,0.10327504066141506,-0.9170305796956836,-8.196056677398177,1123,153.80217391304348,-20.367100784724116,5.333700640030998,0.09706144256455922,3846,-2.3855662570550127,0.9520367053421258,-0.2938966234777486,0.1231978456303975,-0.9914539197132982,-9.319569529603074,2399,157.188767550702,-18.697049926480958,7.031587005574057,0.08878699458107545,1.0314229286489376,0.8631167337301524,0.9520367053421258,-4.462534457735681,-5.789175094589651,-4.9888184958816
XNGUSD|orb|08:00|15|16:55|mid_rev|trend,XNGUSD,A_orb,range,08:00,15.0,16:55,mid_rev,trend,2006,-4.060479396910777,-0.38705282827216536,-0.6083732947969648,0.1498279477196256,-0.9929820956193662,-11.45625060258924,1707,214.43868394815553,-28.37050123587077,-2.6692710073997716,0.09607498535442296,1840,-4.333860444451624,0.1086411095027122,-0.5441927359465523,0.125567664884837,-0.9828972899699192,-11.710719090544758,1591,217.8978260869565,-24.974674861115005,0.6161485204060457,0.12759270898805783,3846,-4.16341716834728,-0.1712892714235194,-0.5776680872346247,0.13874854809803683,-0.9998776221097645,-16.265008639523543,3298,216.09360374414976,-26.732308463816057,-1.0843399980792574,0.11127956337174044,-0.38705282827216536,0.1086411095027122,-0.1712892714235194,-7.571422700660024,-8.53788974851346,-7.964431915625598
XNGUSD|orb|08:00|15|16:55|mid_rev|trend+narrow1.0,XNGUSD,A_orb,range,08:00,15.0,16:55,mid_rev,trend+narrow1.0,2006,-2.186679176204375,0.5828089754451115,-0.2567170473731402,0.11740041711045524,-0.8801181811499055,-6.169504184436864,1003,126.0,-20.37436883913811,5.344474630453106,0.09172482552342971,1840,-3.1857304783724025,0.5438519454870527,-0.2812164186820623,0.08827376345588925,-0.8840383095446036,-8.608305506968527,933,127.7804347826087,-22.007783833299083,3.6449492856719723,0.11146838156484459,3846,-2.569442269362374,0.5610281860610504,-0.26843801544605145,0.10447326201754527,-0.9857591515250307,-10.037908530440598,1936,126.85179407176287,-21.161546622997708,4.5254368480766605,0.1012396694214876,0.5828089754451115,0.5438519454870527,0.5610281860610504,-4.733968775102708,-6.3904089225697085,-5.381908470975877
XNGUSD|orb|08:00|30|14:30|none|none,XNGUSD,A_orb,range,08:00,30.0,14:30,none,none,2006,-1.1232791149974024,0.22053902419247404,-0.4765128201358978,0.42421586387012966,-0.9912013786239761,-3.1692235768651695,1973,247.8544366899302,-19.22551100959402,3.774488990405963,0.45210339584389253,1840,-1.9853983966063622,-0.016857622504691177,-0.5836102551610721,0.29395120705176153,-0.9895728238334612,-5.364834240392119,1837,251.58913043478262,-23.196958237126886,-0.19695823712689692,0.45073489384866633,3846,-1.4354010077722636,0.12627231373993658,-0.5277502825504377,0.3676674878259309,-0.9998906322184807,-5.607607608983482,3810,249.64118564742589,-21.14035315053309,1.859646849466891,0.45144356955380577,0.22053902419247404,-0.016857622504691177,0.12627231373993658,-2.466693250257978,-3.953789519317147,-2.9966805263874536
XNGUSD|orb|08:00|30|14:30|none|narrow1.0,XNGUSD,A_orb,range,08:00,30.0,14:30,none,narrow1.0,2006,-0.8466012130588209,0.20022228822634042,-0.26760382630591417,0.3160919476349976,-0.9381215776997425,-2.388603588196218,1145,143.83848454636092,-18.60446647153475,4.395533528465229,0.43580786026200874,1840,-1.3286133063860246,0.15933386034331085,-0.30019440776771594,0.2259456580216542,-0.9246484941770498,-3.5901057291694443,1067,146.13260869565218,-20.54260239704101,2.457397602958987,0.45735707591377694,3846,-1.0237695687051849,0.18159137818371643,-0.28319578415555413,0.27662063106029483,-0.9948412475534966,-3.999508145968757,2212,144.93603744149766,-19.539362960013577,3.4606370399864046,0.4462025316455696,0.20022228822634042,0.15933386034331085,0.18159137818371643,-1.8851700557575723,-2.791516759531599,-2.216161244753454
XNGUSD|orb|08:00|30|14:30|none|narrow0.75,XNGUSD,A_orb,range,08:00,30.0,14:30,none,narrow0.75,2006,-0.2453950306347503,0.4893080330291847,-0.05729184874047339,0.2334678440401976,-0.6011109613951389,-0.6923583874654339,594,74.62013958125623,-7.6777997283275665,15.322200271672422,0.4393939393939394,1840,-0.5749797087255875,0.521917161438621,-0.09512009813690118,0.1654320955912165,-0.6608035227645652,-1.553678513176167,576,78.88695652173914,-12.057772581287074,10.942227418712916,0.4861111111111111,3846,-0.37001007746853853,0.49512651727960866,-0.07538960716206132,0.20375014561183571,-0.8361928607482177,-1.4454994211222798,1170,76.66146645865834,-9.8340940559384,13.165905944061587,0.4623931623931624,0.4893080330291847,0.521917161438621,0.49512651727960866,-0.9763693670554957,-1.6540820008212584,-1.227672644772315
XNGUSD|orb|08:00|30|14:30|none|trend,XNGUSD,A_orb,range,08:00,30.0,14:30,none,trend,2006,-2.152832793007829,-0.8768405548646601,-0.7671677163473226,0.3563526711591358,-0.9987629946276395,-6.0740098819202935,1576,197.98205383848455,-38.749356392331634,-15.749356392331652,0.4289340101522843,1840,-1.8985409399174868,-0.05480145870544008,-0.47808543415665433,0.25181728984861007,-0.9768840372915434,-5.130132802900104,1474,201.87391304347827,-23.68237812152021,-0.6823781215202226,0.4362279511533243,3846,-2.023026924796701,-0.5454585799320205,-0.6288652204474708,0.31085360888642993,-0.9999702993532347,-7.903255686210509,3050,199.8439937597504,-31.467806893585394,-8.467806893585408,0.43245901639344264,-0.8768405548646601,-0.05480145870544008,-0.5454585799320205,-3.417483462344037,-3.7233370135398696,-3.4869458718371877
XNGUSD|orb|08:00|30|14:30|none|trend+narrow1.0,XNGUSD,A_orb,range,08:00,30.0,14:30,none,trend+narrow1.0,2006,-1.4417210829370708,-0.44574638402524575,-0.4083244316530446,0.28322012938952595,-0.9747240640739306,-4.0676768456772345,978,122.85942173479562,-33.2350930752754,-10.23509307527542,0.4284253578732106,1840,-1.3061853886705483,0.10013570578185726,-0.2686447362314341,0.2056712152513542,-0.8950037929038267,-3.5295022446968316,918,125.72608695652174,-21.36746181596633,1.6325381840336575,0.4455337690631808,3846,-1.3706206132464975,-0.22466709963742004,-0.34149899234577386,0.2491564690077789,-0.9968907214213493,-5.354533359147598,1896,124.23088923556942,-27.489056421242847,-4.489056421242861,0.43670886075949367,-0.44574638402524575,0.10013570578185726,-0.22466709963742004,-2.4199739469761727,-2.6821221070018324,-2.4948110753666337
XNGUSD|orb|08:00|30|14:30|opp|none,XNGUSD,A_orb,range,08:00,30.0,14:30,opp,none,2006,-1.0755544610101422,1.0430113521635085,-0.31639409435963295,0.2941683622998329,-0.9464149135354543,-3.0345730731793537,1973,247.8544366899302,-12.765318974517568,12.308680011797684,0.26609224531170805,1840,-2.356782602683531,0.5711342046746716,-0.5054118782052857,0.21444993595497638,-0.9794633860052526,-6.368368195345074,1837,251.58913043478262,-20.088780359145904,4.830109134593887,0.2983124659771366,3846,-1.5698791083382144,0.8437768871492716,-0.40682381934039247,0.25914340612573233,-0.9988721247404018,-6.132966317729014,3810,249.64118564742589,-16.29634221954703,8.702870378878165,0.2816272965879265,1.0430113521635085,0.5711342046746716,0.8437768871492716,-3.169160931426678,-5.2386315065418945,-3.951851064855255
XNGUSD|orb|08:00|30|14:30|opp|narrow1.0,XNGUSD,A_orb,range,08:00,30.0,14:30,opp,narrow1.0,2006,-0.8425682783975716,0.9722715190652821,-0.16926713658249432,0.20089426687699777,-0.8250722343138139,-2.377225052406013,1145,143.83848454636092,-11.767861509131613,13.49851403671991,0.22183406113537119,1840,-1.8154674841874971,0.6157575700213337,-0.27557362478113206,0.15179210158339113,-0.893056791037366,-4.905656284469477,1067,146.13260869565218,-18.85777768841891,6.315605629294299,0.24835988753514526,3846,-1.2290755329351994,0.8187225690981703,-0.2201261948990553,0.17909899676658927,-0.9801971520928674,-4.801566442536833,2212,144.93603744149766,-15.187816555831228,10.03370243151054,0.23462929475587704,0.9722715190652821,0.6157575700213337,0.8187225690981703,-2.610772883966234,-4.1191509648944,-3.2050956906495958
XNGUSD|orb|08:00|30|14:30|opp|narrow0.75,XNGUSD,A_orb,range,08:00,30.0,14:30,opp,narrow0.75,2006,-0.2672146607675077,1.0548756166522708,-0.03824082209268159,0.14310899702450586,-0.46334954021361663,-0.7539203673259536,594,74.62013958125623,-5.124732050526378,20.203550777756448,0.21212121212121213,1840,-0.9904263627777032,0.9030412665471323,-0.10446372543523375,0.10547349036859206,-0.6295140759739217,-2.676275589170999,576,78.88695652173914,-13.24220505406953,11.95571161259713,0.24479166666666666,3846,-0.552711269564199,0.9823355461403251,-0.0699231263439286,0.12650931905018234,-0.7758850756774414,-2.159248812002271,1170,76.66146645865834,-9.121026452270701,16.143076111831856,0.2282051282051282,1.0548756166522708,0.9030412665471323,0.9823355461403251,-1.560261776118802,-2.7644577139925386,-2.0324135978468774
XNGUSD|orb|08:00|30|14:30|opp|trend,XNGUSD,A_orb,range,08:00,30.0,14:30,opp,trend,2006,-2.488115534020487,-0.24781690368629275,-0.5521612443288667,0.22191945541879338,-0.9905457962952063,-7.01997776607859,1576,197.98205383848455,-27.88945935369095,-2.74986544506151,0.24428934010152284,1840,-2.440317262808862,0.33100613178577076,-0.4433840882897906,0.18169116575417954,-0.9662846870640835,-6.594090954900998,1474,201.87391304347827,-21.963416748864297,2.945674160226607,0.29918588873812757,3846,-2.4555414812123524,0.0002645092249554941,-0.500120171236849,0.2036700153767833,-0.9996615054372892,-9.592938154329078,3050,199.8439937597504,-25.025529255489477,0.0026674658219929138,0.27081967213114755,-0.24781690368629275,0.33100613178577076,0.0002645092249554941,-4.659114354130361,-5.112463569195192,-4.830981295022011
XNGUSD|orb|08:00|30|14:30|opp|trend+narrow1.0,XNGUSD,A_orb,range,08:00,30.0,14:30,opp,trend+narrow1.0,2006,-1.3642165451760102,0.48133822082723987,-0.22999869998353423,0.16859398223605326,-0.8741751962694579,-3.849005274999133,978,122.85942173479562,-18.72047717105567,6.537191540600766,0.22392638036809817,1840,-1.3471115895328165,0.9165917917196666,-0.1883335057753223,0.13980542312804028,-0.7889501266421083,-3.6400907714581905,918,125.72608695652174,-14.979668128894467,10.085691348229712,0.27995642701525053,3846,-1.3511360073805059,0.6665380820898249,-0.21006527373727577,0.15547307790615145,-0.9704145091494517,-5.278413847233813,1896,124.23088923556942,-16.90926266646496,8.25529429556035,0.2510548523206751,0.48133822082723987,0.9165917917196666,0.6665380820898249,-3.1292237463470522,-3.495192096247048,-3.274986860790649
XNGUSD|orb|08:00|30|14:30|mid|none,XNGUSD,A_orb,range,08:00,30.0,14:30,mid,none,2006,-1.8442235323005034,0.9019010584392811,-0.42539496598788284,0.23066345187410162,-0.9740265506427963,-5.203298647273287,1973,247.8544366899302,-17.16309668162441,8.34121147853778,0.15762797769893563,1840,-2.8506075627499214,0.7627437473668623,-0.5048206446841634,0.17709229824577238,-0.9790326692663698,-7.70275481470211,1837,251.58913043478262,-20.06528039632554,5.32394116056068,0.19161676646706588,3846,-2.2411961021861075,0.837310185619156,-0.463393730626769,0.2067617957102306,-0.9994461771730998,-8.755566038892525,3810,249.64118564742589,-18.562391034355638,6.8864278632821545,0.17401574803149605,0.9019010584392811,0.7627437473668623,0.837310185619156,-4.554042784392625,-6.403100031096113,-5.274965339034844
XNGUSD|orb|08:00|30|14:30|mid|narrow1.0,XNGUSD,A_orb,range,08:00,30.0,14:30,mid,narrow1.0,2006,-1.5211281467374578,0.8261757789267031,-0.23946570788953944,0.15742638672694978,-0.8859165757439954,-4.291716209897413,1145,143.83848454636092,-16.648236293977128,8.961370692922426,0.125764192139738,1840,-1.9298868241868428,1.0246165349256158,-0.24435093472060143,0.12661412662038288,-0.8647420520909543,-5.214833925612329,1067,146.13260869565218,-16.721177901470774,8.767107009494548,0.16307403936269915,3846,-1.6850993035124298,0.9049453343163213,-0.24180289389295967,0.14349474442778803,-0.9838642488043764,-6.583091153694017,2212,144.93603744149766,-16.683421056723834,8.867663934234567,0.1437613019891501,0.8261757789267031,1.0246165349256158,0.9049453343163213,-3.766896059725153,-4.699152091185255,-4.1441509946016115
XNGUSD|orb|08:00|30|14:30|mid|narrow0.75,XNGUSD,A_orb,range,08:00,30.0,14:30,mid,narrow0.75,2006,-0.7275487788032434,0.964902981437342,-0.08234047047895841,0.11317518890541137,-0.5534104173065593,-2.052708638767875,594,74.62013958125623,-11.034617589973182,14.566392511036913,0.12962962962962962,1840,-1.0576633420115749,1.1707228978592346,-0.0958464480325022,0.09062094167905205,-0.5841554107945814,-2.857959652697482,576,78.88695652173914,-12.149847358617453,13.339735974715873,0.16145833333333334,3846,-0.8622341524006012,1.0455110222801716,-0.08880198860129868,0.1029905720552351,-0.7905219908789289,-3.3684460074547697,1170,76.66146645865834,-11.583653783767286,13.962500062386555,0.1452991452991453,0.964902981437342,1.1707228978592346,1.0455110222801716,-2.3426252173770714,-3.1210164388262602,-2.6623309627999037
XNGUSD|orb|08:00|30|14:30|mid|trend,XNGUSD,A_orb,range,08:00,30.0,14:30,mid,trend,2006,-3.0848740514406887,-0.12396363919528249,-0.5265681652417293,0.17069357012997438,-0.9871109697035972,-8.703674309397282,1576,197.98205383848455,-26.596762435412874,-1.0555187805905417,0.1446700507614213,1840,-2.822712990465841,0.6794744409755876,-0.41357990102932546,0.14651858067974216,-0.9590774560606898,-7.627379637223108,1474,201.87391304347827,-20.48704039041693,4.8677764345491426,0.1960651289009498,3846,-2.960520613819528,0.22915195245892336,-0.4725124174126022,0.15960450172410331,-0.9994537331837864,-11.56571427128381,3050,199.8439937597504,-23.644063978257456,1.8070835627261448,0.16950819672131148,-0.12396363919528249,0.6794744409755876,0.22915195245892336,-5.91902181205637,-6.163731884154887,-6.009874510508468
XNGUSD|orb|08:00|30|14:30|mid|trend+narrow1.0,XNGUSD,A_orb,range,08:00,30.0,14:30,mid,trend+narrow1.0,2006,-2.121419927405609,0.30819929001360746,-0.2753047107647725,0.12977379311292528,-0.899121333116876,-5.985381514354071,978,122.85942173479562,-22.40810732114997,3.2023221267027897,0.12576687116564417,1840,-1.6244038536086278,1.152368143682534,-0.18773254018673893,0.11557011501154063,-0.78772660067157,-4.389374661005278,918,125.72608695652174,-14.931868535100444,10.470092249213277,0.18845315904139434,3846,-1.8945809362171295,0.6875797039419649,-0.23340850851215114,0.12319796111650584,-0.9778070454800267,-7.401462320452688,1896,124.23088923556942,-18.788282845625993,6.721210825260083,0.15611814345991562,0.30819929001360746,1.152368143682534,0.6875797039419649,-4.371197465631442,-4.213978173144066,-4.293137162318501
XNGUSD|orb|08:00|30|14:30|opp_rev|none,XNGUSD,A_orb,range,08:00,30.0,14:30,opp_rev,none,2006,-1.607592815771748,1.3200305771868994,-0.580189268883521,0.3609056119132958,-0.9944757652842023,-4.535667925914096,3304,415.05882352941177,-13.97848295212565,11.051783391700011,0.274818401937046,1840,-2.9521017666898883,0.9072762861682457,-0.7826626869037216,0.26512049677111915,-0.9979089898685235,-7.977006864783941,2968,406.48695652173916,-19.25431245324263,5.620687546757366,0.30087601078167114,3846,-2.124326042243416,1.1408188901166718,-0.6770564267506997,0.31871587189868816,-0.9999879907805447,-8.298995760727463,6272,410.9578783151326,-16.475080841047077,8.481711250789651,0.28714923469387754,1.3200305771868994,0.9072762861682457,1.1408188901166718,-4.31580663849106,-6.419040849587774,-5.115873765906485
XNGUSD|orb|08:00|30|14:30|opp_rev|narrow1.0,XNGUSD,A_orb,range,08:00,30.0,14:30,opp_rev,narrow1.0,2006,-1.3467425909873338,1.2107926843103427,-0.34002489888339443,0.2524795021401327,-0.9500624781365312,-3.7997042002649666,1999,251.12063808574277,-13.540300848044842,11.671805204981668,0.23761880940470234,1840,-2.1840413347684033,1.1112168588343772,-0.422789298086643,0.19358117969478625,-0.9686023727828362,-5.901596251525697,1821,249.39782608695654,-16.952405107943115,8.133262107872367,0.2685337726523888,3846,-1.6781865094306856,1.158946435829751,-0.37962097130512545,0.22620904718982013,-0.998345304069047,-6.556085295064807,3820,250.29641185647424,-15.16685630806441,9.98497615266857,0.2523560209424084,1.2107926843103427,1.1112168588343772,1.158946435829751,-3.633863048267225,-4.978354453188364,-4.1682667782669105
XNGUSD|orb|08:00|30|14:30|opp_rev|narrow0.75,XNGUSD,A_orb,range,08:00,30.0,14:30,opp_rev,narrow0.75,2006,-0.643104011427963,1.2793762875880723,-0.11463666996902909,0.1782552556537273,-0.6536807133535187,-1.8144558802722697,1053,132.28115653040877,-8.666137564549976,16.624460726048312,0.22127255460588793,1840,-1.361140847810218,1.2402103991741342,-0.18310218752215937,0.13452111720600501,-0.8002822620866767,-3.677999860788855,988,135.31304347826088,-13.531747037496515,11.615014096106721,0.2540485829959514,3846,-0.9279501492328808,1.249626510618012,-0.14739188377499884,0.1588359933955989,-0.9216150586873597,-3.625175326908537,2041,133.73166926677067,-11.021464443173777,14.199505669516075,0.23713865752082314,1.2793762875880723,1.2402103991741342,1.249626510618012,-2.356719379112914,-3.4967134284030656,-2.814114858860512
XNGUSD|orb|08:00|30|14:30|opp_rev|trend,XNGUSD,A_orb,range,08:00,30.0,14:30,opp_rev,trend,2006,-2.488115534020487,-0.24781690368629275,-0.5521612443288667,0.22191945541879338,-0.9905457962952063,-7.01997776607859,1576,197.98205383848455,-27.88945935369095,-2.74986544506151,0.24428934010152284,1840,-2.440317262808862,0.33100613178577076,-0.4433840882897906,0.18169116575417954,-0.9662846870640835,-6.594090954900998,1474,201.87391304347827,-21.963416748864297,2.945674160226607,0.29918588873812757,3846,-2.4555414812123524,0.0002645092249554941,-0.500120171236849,0.2036700153767833,-0.9996615054372892,-9.592938154329078,3050,199.8439937597504,-25.025529255489477,0.0026674658219929138,0.27081967213114755,-0.24781690368629275,0.33100613178577076,0.0002645092249554941,-4.659114354130361,-5.112463569195192,-4.830981295022011
XNGUSD|orb|08:00|30|14:30|opp_rev|trend+narrow1.0,XNGUSD,A_orb,range,08:00,30.0,14:30,opp_rev,trend+narrow1.0,2006,-1.3642165451760102,0.48133822082723987,-0.22999869998353423,0.16859398223605326,-0.8741751962694579,-3.849005274999133,978,122.85942173479562,-18.72047717105567,6.537191540600766,0.22392638036809817,1840,-1.3471115895328165,0.9165917917196666,-0.1883335057753223,0.13980542312804028,-0.7889501266421083,-3.6400907714581905,918,125.72608695652174,-14.979668128894467,10.085691348229712,0.27995642701525053,3846,-1.3511360073805059,0.6665380820898249,-0.21006527373727577,0.15547307790615145,-0.9704145091494517,-5.278413847233813,1896,124.23088923556942,-16.90926266646496,8.25529429556035,0.2510548523206751,0.48133822082723987,0.9165917917196666,0.6665380820898249,-3.1292237463470522,-3.495192096247048,-3.274986860790649
XNGUSD|orb|08:00|30|14:30|mid_rev|none,XNGUSD,A_orb,range,08:00,30.0,14:30,mid_rev,none,2006,-2.6963606456389106,1.0588834901540565,-0.7670933554317036,0.28449211965483895,-0.9983998321861829,-7.607521243649213,3304,415.05882352941177,-18.48155759968673,7.0027039015239145,0.16162227602905568,1840,-3.572474700282739,1.238835444480118,-0.7736876896471129,0.21656911652471056,-0.9975461561063231,-9.653344451053938,2968,406.48695652173916,-19.0335182281731,6.301387432204254,0.2011455525606469,3846,-3.0296321878837587,1.1216449021525257,-0.7702482111145826,0.2542381924099546,-0.9999959246361931,-11.835708918419305,6272,410.9578783151326,-18.74275325423832,6.670830929435146,0.1803252551020408,1.0588834901540565,1.238835444480118,1.1216449021525257,-6.169946550661444,-7.913870181045849,-6.836510159814218
XNGUSD|orb|08:00|30|14:30|mid_rev|narrow1.0,XNGUSD,A_orb,range,08:00,30.0,14:30,mid_rev,narrow1.0,2006,-2.2197900343769237,1.0692022690387775,-0.43963429057124076,0.19805219582159378,-0.9751250676827741,-6.262923274108911,1999,251.12063808574277,-17.50689604496512,8.06088784698085,0.13906953476738368,1840,-2.52256651334284,1.5082563367893098,-0.4052979959169776,0.16066890358418626,-0.9636341787784782,-6.8163403514279155,1821,249.39782608695654,-16.251063703164117,9.182214715287277,0.17957166392092258,3846,-2.336707418082078,1.2480043533018528,-0.42320715012302323,0.18111259751568862,-0.9990575064861299,-9.128695205489324,3820,250.29641185647424,-16.908238795117047,8.595426126348913,0.15837696335078533,1.0692022690387775,1.5082563367893098,1.2480043533018528,-5.072693852992896,-5.872347672665306,-5.3960152402665145
XNGUSD|orb|08:00|30|14:30|mid_rev|narrow0.75,XNGUSD,A_orb,range,08:00,30.0,14:30,mid_rev,narrow0.75,2006,-1.300392636156804,1.1137699143196722,-0.18598057834691237,0.14301878769212478,-0.7948487108715896,-3.668932277530615,1053,132.28115653040877,-14.059491406408982,11.53879919188161,0.13200379867046533,1840,-1.4976836213766072,1.600243264223622,-0.17102985888709044,0.1141962537654562,-0.7765147654161905,-4.046958226101924,988,135.31304347826088,-12.639569289901287,12.804762693904374,0.17510121457489877,3846,-1.3754574590468767,1.3094599230341362,-0.17882786804892162,0.13001337618456074,-0.9483150646542916,-5.37342921693704,2041,133.73166926677067,-13.37214057294029,12.151622288402184,0.15286624203821655,1.1137699143196722,1.600243264223622,1.3094599230341362,-3.35222940984462,-3.9920193714592593,-3.6118379442828386
XNGUSD|orb|08:00|30|14:30|mid_rev|trend,XNGUSD,A_orb,range,08:00,30.0,14:30,mid_rev,trend,2006,-3.0848740514406887,-0.12396363919528249,-0.5265681652417293,0.17069357012997438,-0.9871109697035972,-8.703674309397282,1576,197.98205383848455,-26.596762435412874,-1.0555187805905417,0.1446700507614213,1840,-2.822712990465841,0.6794744409755876,-0.41357990102932546,0.14651858067974216,-0.9590774560606898,-7.627379637223108,1474,201.87391304347827,-20.48704039041693,4.8677764345491426,0.1960651289009498,3846,-2.960520613819528,0.22915195245892336,-0.4725124174126022,0.15960450172410331,-0.9994537331837864,-11.56571427128381,3050,199.8439937597504,-23.644063978257456,1.8070835627261448,0.16950819672131148,-0.12396363919528249,0.6794744409755876,0.22915195245892336,-5.91902181205637,-6.163731884154887,-6.009874510508468
XNGUSD|orb|08:00|30|14:30|mid_rev|trend+narrow1.0,XNGUSD,A_orb,range,08:00,30.0,14:30,mid_rev,trend+narrow1.0,2006,-2.121419927405609,0.30819929001360746,-0.2753047107647725,0.12977379311292528,-0.899121333116876,-5.985381514354071,978,122.85942173479562,-22.40810732114997,3.2023221267027897,0.12576687116564417,1840,-1.6244038536086278,1.152368143682534,-0.18773254018673893,0.11557011501154063,-0.78772660067157,-4.389374661005278,918,125.72608695652174,-14.931868535100444,10.470092249213277,0.18845315904139434,3846,-1.8945809362171295,0.6875797039419649,-0.23340850851215114,0.12319796111650584,-0.9778070454800267,-7.401462320452688,1896,124.23088923556942,-18.788282845625993,6.721210825260083,0.15611814345991562,0.30819929001360746,1.152368143682534,0.6875797039419649,-4.371197465631442,-4.213978173144066,-4.293137162318501
XNGUSD|orb|08:00|30|16:55|none|none,XNGUSD,A_orb,range,08:00,30.0,16:55,none,none,2006,-1.0286750076757167,0.25159405841579635,-0.4580409312207104,0.4452727322068904,-0.9902844077553388,-2.9023072215362786,1973,247.8544366899302,-18.480239342809373,4.519760657190606,0.46629498226051697,1840,-1.9273666009735602,0.014414876883981992,-0.5746720319255993,0.29816436148437897,-0.9890793201480874,-5.208023917197312,1838,251.72608695652175,-22.829260124512125,0.1707398754878615,0.45375408052230687,3846,-1.3451394482246204,0.15834649316971505,-0.51383948173995,0.38199718432028745,-0.9998764556012978,-5.254987396668301,3811,249.70670826833071,-20.577720370563153,2.422279629436829,0.4602466544214117,0.25159405841579635,0.014414876883981992,0.15834649316971505,-2.308608251428102,-3.869053891938533,-2.8482929196283715
XNGUSD|orb|08:00|30|16:55|none|narrow1.0,XNGUSD,A_orb,range,08:00,30.0,16:55,none,narrow1.0,2006,-0.7538286606070087,0.24798479637576268,-0.24898322885320812,0.330291539529312,-0.93192544275088,-2.1268547881066486,1145,143.83848454636092,-17.3099174145538,5.69008258544618,0.4558951965065502,1840,-1.5105678861811627,-0.03554750606613665,-0.3441777697417889,0.2278466084777547,-0.9446008534361441,-4.081773377108346,1067,146.13260869565218,-23.552427676057018,-0.5524276760570286,0.4498594189315839,3846,-1.030255006937478,0.13602452918365196,-0.29452611892990815,0.285876911004211,-0.9958932982844588,-4.024844475386167,2212,144.93603744149766,-20.321110203443464,2.678889796556522,0.45298372513562385,0.24798479637576268,-0.03554750606613665,0.13602452918365196,-1.7489051544178698,-2.9576253711484624,-2.1843109803488283
XNGUSD|orb|08:00|30|16:55|none|narrow0.75,XNGUSD,A_orb,range,08:00,30.0,16:55,none,narrow0.75,2006,-0.15748195577109156,0.5442403072178319,-0.038478430711597573,0.24433548925140372,-0.5854413677961517,-0.44432013423639183,594,74.62013958125623,-5.156574475406495,17.843425524593492,0.4478114478114478,1840,-0.6545222773242929,0.4330643256535,-0.10923844312356273,0.16689797568103082,-0.6984139914355776,-1.7686140627950684,576,78.88695652173914,-13.847465783961322,9.152534216038665,0.4739583333333333,3846,-0.3430440761273452,0.49290973506902996,-0.07233137476724395,0.21085154882660914,-0.8537024652860252,-1.3401527246340148,1170,76.66146645865834,-9.4351671196181,13.564832880381886,0.46068376068376066,0.5442403072178319,0.4330643256535,0.49290973506902996,-0.8570175187842517,-1.722218898065999,-1.1725227372701577
XNGUSD|orb|08:00|30|16:55|none|trend,XNGUSD,A_orb,range,08:00,30.0,16:55,none,trend,2006,-2.2439957135340776,-1.017412133013183,-0.843272257932558,0.37579049409345144,-0.9993429753057443,-6.331217260932537,1598,200.74576271186442,-42.00697671227704,-19.006976712277062,0.4286608260325407,1840,-2.1250436921712654,-0.27862345806528277,-0.5421838334321852,0.25514008743895916,-0.985105694590603,-5.742176069838961,1496,204.88695652173914,-26.462584179908884,-3.4625841799088932,0.4344919786096257,3846,-2.1592601020301023,-0.72082065876327,-0.6992257937930141,0.3238265705625798,-0.9999901527817613,-8.43547086309383,3094,202.72698907956317,-34.4910066966265,-11.491006696626519,0.4314802844214609,-1.017412133013183,-0.27862345806528277,-0.72082065876327,-3.4603497352630592,-3.951766366027364,-3.584833092289345
XNGUSD|orb|08:00|30|16:55|none|trend+narrow1.0,XNGUSD,A_orb,range,08:00,30.0,16:55,none,trend+narrow1.0,2006,-1.459475460324201,-0.49649702158712716,-0.4309102174314211,0.29525006013852456,-0.9791793777358312,-4.117769107392601,986,123.86440677966101,-34.78886539197297,-11.78886539197299,0.4300202839756592,1840,-1.5441936811349952,-0.14543613812783648,-0.3225590271124955,0.20888508420485954,-0.9281975196649339,-4.172635148950752,928,127.09565217391305,-25.379233797165423,-2.379233797165437,0.4385775862068966,3846,-1.4717836310874701,-0.35332452144416315,-0.3790729344915295,0.25756023268952954,-0.9982821908689302,-5.749741740304574,1914,125.41029641185646,-30.2266197702481,-7.226619770248115,0.4341692789968652,-0.49649702158712716,-0.14543613812783648,-0.35332452144416315,-2.4059350256895233,-2.9082051711491186,-2.568382456327804
XNGUSD|orb|08:00|30|16:55|opp|none,XNGUSD,A_orb,range,08:00,30.0,16:55,opp,none,2006,-0.8529960745692615,1.2013706480348698,-0.2591748855195522,0.303840654425553,-0.9165036701788986,-2.406646072561044,1973,247.8544366899302,-10.456737792585251,14.646151208935269,0.26913329954384185,1840,-2.3709799373689977,0.5088078131870948,-0.5176269013196391,0.21831770617765475,-0.9815858026833117,-6.406731451492097,1838,251.72608695652175,-20.563101249376825,4.379227368686286,0.2959738846572361,3846,-1.4366816525517208,0.9141593652870562,-0.38282327581392556,0.2664635377879192,-0.998435044239213,-5.6126106383605014,3811,249.70670826833071,-15.330916757052035,9.694535880051085,0.2820781946995539,1.2013706480348698,0.5088078131870948,0.9141593652870562,-2.883966944451824,-5.206833153058526,-3.757677409460575
XNGUSD|orb|08:00|30|16:55|opp|narrow1.0,XNGUSD,A_orb,range,08:00,30.0,16:55,opp,narrow1.0,2006,-0.6991987630712077,1.0532082851257867,-0.14560679938978882,0.2082480792017076,-0.8037224923354318,-1.9727218064099405,1145,143.83848454636092,-10.122937532956135,15.169638886257834,0.22270742358078602,1840,-2.0483767063732015,0.42964907260177837,-0.3051116525923704,0.14895290092055016,-0.9136587314983096,-5.535010761747571,1067,146.13260869565218,-20.879094359276177,4.316781929383615,0.2436738519212746,3846,-1.2169932877129477,0.7960618669869756,-0.221916973568871,0.18234856002033645,-0.9822168913574323,-4.754365353868897,2212,144.93603744149766,-15.311373036429679,9.934558247476284,0.23282097649186256,1.0532082851257867,0.42964907260177837,0.7960618669869756,-2.4119099696173465,-4.382654049672563,-3.161229029343204
XNGUSD|orb|08:00|30|16:55|opp|narrow0.75,XNGUSD,A_orb,range,08:00,30.0,16:55,opp,narrow0.75,2006,-0.1342338717684223,1.1346125104692806,-0.020007046786201986,0.14904618724488378,-0.45066191408525236,-0.37872790969087294,594,74.62013958125623,-2.681185923595824,22.662248419838512,0.20875420875420875,1840,-1.0794382322720093,0.8380535848063498,-0.11252197841283772,0.10424123868208807,-0.6415062976484152,-2.9167985623337733,576,78.88695652173914,-14.263698762650282,10.949842904016378,0.24479166666666666,3846,-0.49599086724566926,1.003175500375012,-0.0642679605129336,0.12957488687206217,-0.777894160789129,-1.937662120963487,1170,76.66146645865834,-8.38334609051494,16.896141088972232,0.2264957264957265,1.1346125104692806,0.8380535848063498,1.003175500375012,-1.3821135428152582,-2.866798773298329,-1.9456627953835601
XNGUSD|orb|08:00|30|16:55|opp|trend,XNGUSD,A_orb,range,08:00,30.0,16:55,opp,trend,2006,-2.3539504043397956,-0.1512296534403326,-0.5393429178853314,0.2291224644712084,-0.9895140857115382,-6.641443805551598,1598,200.74576271186442,-26.86696399462559,-1.7098926554516276,0.24217772215269087,1840,-2.701462201049316,0.11581731079349175,-0.49008268567393704,0.18141386005089263,-0.9762758622813403,-7.299742429573386,1496,204.88695652173914,-23.919662529710024,1.0134925505038734,0.2874331550802139,3846,-2.4838823844928646,-0.03877327136042304,-0.5157758801138894,0.20764907522752762,-0.999740110258641,-9.703656109813807,3094,202.72698907956317,-25.441895154446637,-0.39309101740720936,0.2640594699418229,-0.1512296534403326,0.11581731079349175,-0.03877327136042304,-4.494175989419809,-5.41548087985645,-4.852262333264316
XNGUSD|orb|08:00|30|16:55|opp|trend+narrow1.0,XNGUSD,A_orb,range,08:00,30.0,16:55,opp,trend+narrow1.0,2006,-1.2895366527575503,0.5305807166170075,-0.22240955608292007,0.1724724579230211,-0.8675375946653443,-3.638303168452013,986,123.86440677966101,-17.95588917472945,7.3169302978871755,0.22008113590263692,1840,-1.6206982332603181,0.7033077965504834,-0.22331921689224746,0.13779197898118378,-0.836381656898372,-4.379361537714514,928,127.09565217391305,-17.570956446776453,7.527103898051132,0.2629310344827586,3846,-1.4210192685952618,0.5997680018779635,-0.22284475522206787,0.15682036137508495,-0.9757266463342729,-5.551423205041524,1914,125.41029641185646,-17.769255124812847,7.41883264948182,0.24085684430512017,0.5305807166170075,0.7033077965504834,0.5997680018779635,-3.0350352564430305,-3.809066275324602,-3.3458789338382884
XNGUSD|orb|08:00|30|16:55|mid|none,XNGUSD,A_orb,range,08:00,30.0,16:55,mid,none,2006,-1.6309494357682641,1.0162833120232486,-0.39057961194445845,0.23947990255165372,-0.9659373787275676,-4.6015663742877315,1973,247.8544366899302,-15.758427291462194,9.76108613986066,0.15610745058286873,1840,-2.7741547706416934,0.7447083167705886,-0.5050380034268775,0.18205112734573806,-0.9793850700108975,-7.496168289006872,1838,251.72608695652175,-20.0629982189374,5.342877733184471,0.1893362350380849,3846,-2.0816040143085006,0.896558067517381,-0.4453386967930417,0.21394016043967962,-0.9992866393834826,-8.132095802024741,3811,249.70670826833071,-17.834470682881616,7.630236742990853,0.1721332983468906,1.0162833120232486,0.7447083167705886,0.896558067517381,-4.244885204038244,-6.236752190271446,-5.018622140393152
XNGUSD|orb|08:00|30|16:55|mid|narrow1.0,XNGUSD,A_orb,range,08:00,30.0,16:55,mid,narrow1.0,2006,-1.3611277018637564,0.8791918504363972,-0.2246457085091693,0.16504381492020762,-0.8713831373638693,-3.84029040180356,1145,143.83848454636092,-15.617914024724255,10.010033573529014,0.1240174672489083,1840,-2.084911504203788,0.900874290535237,-0.26130580503915474,0.12533184478683446,-0.8790571160601457,-5.633733081007202,1067,146.13260869565218,-17.881416568931012,7.620926448875915,0.16026241799437677,3846,-1.6433583131984575,0.8797282949730464,-0.24218460024478375,0.1473717559339944,-0.9838758559177899,-6.420023764425281,2212,144.93603744149766,-16.709757250162145,8.857602605172387,0.141500904159132,0.8791918504363972,0.900874290535237,0.8797282949730464,-3.515893841936927,-4.871466019294144,-4.0447525269080415
XNGUSD|orb|08:00|30|16:55|mid|narrow0.75,XNGUSD,A_orb,range,08:00,30.0,16:55,mid,narrow0.75,2006,-0.5797950169490845,1.0130766482108442,-0.0697172862004019,0.1202447143600136,-0.5145921382465288,-1.635835664467267,594,74.62013958125623,-9.342958428064117,16.278253693148,0.12626262626262627,1840,-1.1275633176992952,1.1280587846845898,-0.1010279505628637,0.08959847218957366,-0.5917719624654838,-3.0468395186292008,576,78.88695652173914,-12.806673627347141,12.693326372652855,0.16319444444444445,3846,-0.7939487803193699,1.0482567426382032,-0.08469690721624427,0.10667804941040972,-0.777418772707291,-3.1016790412957675,1170,76.66146645865834,-11.04817206463422,14.513366396904233,0.14444444444444443,1.0130766482108442,1.1280587846845898,1.0482567426382032,-2.1139222476312987,-3.206193994863466,-2.541587562493179
XNGUSD|orb|08:00|30|16:55|mid|trend,XNGUSD,A_orb,range,08:00,30.0,16:55,mid,trend,2006,-2.952283001984148,-0.03398589685810681,-0.5187975832213876,0.17572759212877562,-0.9862460299042017,-8.329581464254392,1598,200.74576271186442,-25.843513517445007,-0.29407672145001523,0.1439299123904881,1840,-2.9156754722771976,0.5957857326566386,-0.4324798463625559,0.14832921238137006,-0.9653156525080108,-7.878577737486447,1496,204.88695652173914,-21.108217609580652,4.25809255084715,0.18983957219251338,3846,-2.925933526911023,0.23976463406422296,-0.4775015260658363,0.16319630014628048,-0.9995107004134898,-11.430594670091864,3094,202.72698907956317,-23.55391989166444,1.9069721574628995,0.16612798965740141,-0.03398589685810681,0.5957857326566386,0.23976463406422296,-5.756061521640941,-6.270488710616161,-5.960942601486558
XNGUSD|orb|08:00|30|16:55|mid|trend+narrow1.0,XNGUSD,A_orb,range,08:00,30.0,16:55,mid,trend+narrow1.0,2006,-2.0901795347145957,0.3026298760788322,-0.27778568934842757,0.13290039670508874,-0.9013892747564439,-5.897239762455554,986,123.86440677966101,-22.426595062338844,3.1961229903994877,0.1206896551724138,1840,-1.7222752379215365,1.0780208211165547,-0.19959093478664094,0.115887943106881,-0.8070480924650857,-4.653837327346682,928,127.09565217391305,-15.703993911099964,9.707644019934513,0.1810344827586207,3846,-1.9221061317276038,0.646354748041192,-0.24037582237138974,0.12505855863189932,-0.980283896163128,-7.508993592165283,1914,125.41029641185646,-19.167152079919994,6.353224095628591,0.14994775339602925,0.3026298760788322,1.0780208211165547,0.646354748041192,-4.31295025133044,-4.32790024042351,-4.309998085697733
XNGUSD|orb|08:00|30|16:55|opp_rev|none,XNGUSD,A_orb,range,08:00,30.0,16:55,opp_rev,none,2006,-1.2298576401973706,1.6500882176617278,-0.45985477779157813,0.3739089491022551,-0.9861895587693227,-3.4699245961768646,3352,421.08873379860415,-10.920614608784923,14.118168207444189,0.28102625298329353,1840,-3.1192372661246206,0.6953490295014045,-0.8504552031930136,0.2726484491670715,-0.9987710806253075,-8.428631209643461,3023,414.0195652173913,-20.541425445593635,4.349080674154952,0.29606351306649026,3846,-1.9623971108504545,1.253417582699462,-0.6467254961323584,0.329558932061454,-0.9999824583633589,-7.666396296969946,6375,417.7067082683307,-15.482765378929667,9.485705209305621,0.28815686274509805,1.6500882176617278,0.6953490295014045,1.253417582699462,-3.8995456445763796,-6.547645742303374,-4.9140567488995055
XNGUSD|orb|08:00|30|16:55|opp_rev|narrow1.0,XNGUSD,A_orb,range,08:00,30.0,16:55,opp_rev,narrow1.0,2006,-1.1306711863796957,1.37062931144745,-0.29515413386277173,0.2610432965996312,-0.9294159125445263,-3.190079592608584,2017,253.38185443668993,-11.648590011267718,13.575009393789294,0.23847297967278136,1840,-2.445199443932082,0.8792555515317725,-0.47414615540500393,0.1939089903613498,-0.9787133007189718,-6.607283315941691,1845,252.68478260869566,-18.764333590252658,6.34460949917823,0.26178861788617885,3846,-1.6455270094774963,1.1596349389298233,-0.3807873422969129,0.2314075309027132,-0.9984229993440752,-6.428496099117861,3862,253.04836193447736,-15.048006609721165,10.12081783357246,0.24961160020714657,1.37062931144745,0.8792555515317725,1.1596349389298233,-3.3853046836286187,-5.241962042188762,-4.115785054388046
XNGUSD|orb|08:00|30|16:55|opp_rev|narrow0.75,XNGUSD,A_orb,range,08:00,30.0,16:55,opp_rev,narrow0.75,2006,-0.45255213144649836,1.4136067263369214,-0.08348452391435349,0.18447493252879132,-0.5812749625149378,-1.276832147586172,1057,132.78364905284147,-6.287259350820422,19.01453818938771,0.2185430463576159,1840,-1.5044618848644695,1.1302697651696123,-0.20219563974766178,0.13439731626426465,-0.8245990653581456,-4.065274076518768,1000,136.95652173913044,-14.763491156178477,10.402508843821519,0.251,3846,-0.8633737881652578,1.283462115030433,-0.14027819347579065,0.16247678050765668,-0.9173599955007783,-3.372898164134858,2057,134.78003120124805,-10.407935969856911,14.827844292661318,0.23432182790471562,1.4136067263369214,1.1302697651696123,1.283462115030433,-2.1377743788682193,-3.641605173413,-2.733955075289296
XNGUSD|orb|08:00|30|16:55|opp_rev|trend,XNGUSD,A_orb,range,08:00,30.0,16:55,opp_rev,trend,2006,-2.3539504043397956,-0.1512296534403326,-0.5393429178853314,0.2291224644712084,-0.9895140857115382,-6.641443805551598,1598,200.74576271186442,-26.86696399462559,-1.7098926554516276,0.24217772215269087,1840,-2.701462201049316,0.11581731079349175,-0.49008268567393704,0.18141386005089263,-0.9762758622813403,-7.299742429573386,1496,204.88695652173914,-23.919662529710024,1.0134925505038734,0.2874331550802139,3846,-2.4838823844928646,-0.03877327136042304,-0.5157758801138894,0.20764907522752762,-0.999740110258641,-9.703656109813807,3094,202.72698907956317,-25.441895154446637,-0.39309101740720936,0.2640594699418229,-0.1512296534403326,0.11581731079349175,-0.03877327136042304,-4.494175989419809,-5.41548087985645,-4.852262333264316
XNGUSD|orb|08:00|30|16:55|opp_rev|trend+narrow1.0,XNGUSD,A_orb,range,08:00,30.0,16:55,opp_rev,trend+narrow1.0,2006,-1.2895366527575503,0.5305807166170075,-0.22240955608292007,0.1724724579230211,-0.8675375946653443,-3.638303168452013,986,123.86440677966101,-17.95588917472945,7.3169302978871755,0.22008113590263692,1840,-1.6206982332603181,0.7033077965504834,-0.22331921689224746,0.13779197898118378,-0.836381656898372,-4.379361537714514,928,127.09565217391305,-17.570956446776453,7.527103898051132,0.2629310344827586,3846,-1.4210192685952618,0.5997680018779635,-0.22284475522206787,0.15682036137508495,-0.9757266463342729,-5.551423205041524,1914,125.41029641185646,-17.769255124812847,7.41883264948182,0.24085684430512017,0.5305807166170075,0.7033077965504834,0.5997680018779635,-3.0350352564430305,-3.809066275324602,-3.3458789338382884
XNGUSD|orb|08:00|30|16:55|mid_rev|none,XNGUSD,A_orb,range,08:00,30.0,16:55,mid_rev,none,2006,-2.372859431552777,1.2856096704299584,-0.7045245720042194,0.296909527229426,-0.997427713594912,-6.694793800275843,3352,421.08873379860415,-16.731024020727542,8.75704280504811,0.162291169451074,1840,-3.6539124237474305,1.1049755904926772,-0.8143343665469054,0.22286641607894067,-0.9982088879236273,-9.873400983813184,3023,414.0195652173913,-19.6689826993881,5.6780235857591,0.1964935494541846,3846,-2.8668041647222515,1.1995342305873118,-0.7570596791177246,0.26407791938975084,-0.9999952209520435,-11.199597018892847,6375,417.7067082683307,-18.124192504741792,7.296983965846436,0.17850980392156862,1.2856096704299584,1.1049755904926772,1.1995342305873118,-5.769029065405989,-7.951917618571234,-6.606594443819594
XNGUSD|orb|08:00|30|16:55|mid_rev|narrow1.0,XNGUSD,A_orb,range,08:00,30.0,16:55,mid_rev,narrow1.0,2006,-2.01971998596193,1.1633046107990412,-0.4174511072776615,0.20668761520367016,-0.9705498822589863,-5.6984449481117085,2017,253.38185443668993,-16.475177680174646,9.102412800737595,0.13634110064452157,1840,-2.7255070245418604,1.360358020398807,-0.43716733608112984,0.1603985358117412,-0.9710324336842552,-7.364715027817385,1845,252.68478260869566,-17.300896855277646,8.13812753496625,0.17560975609756097,3846,-2.2955378735255905,1.2335406469130026,-0.42688372844208733,0.18596239834042036,-0.999115800614506,-8.96786025409714,3862,253.04836193447736,-16.869649942749746,8.641743117840617,0.15510098394614188,1.1633046107990412,1.360358020398807,1.2335406469130026,-4.812294253624226,-6.093323893344432,-5.323095021987815
XNGUSD|orb|08:00|30|16:55|mid_rev|narrow0.75,XNGUSD,A_orb,range,08:00,30.0,16:55,mid_rev,narrow0.75,2006,-1.1216390736399322,1.1982024108776803,-0.16760053640535383,0.14942465927248613,-0.7640597250814958,-3.164596358511572,1057,132.78364905284147,-12.622076407815609,12.983410820188169,0.12771996215704826,1840,-1.6457499509639357,1.495673727509711,-0.18768638002835092,0.11404307192500339,-0.7986271446860389,-4.447054910060705,1000,136.95652173913044,-13.704084890958951,11.749915109041043,0.172,3846,-1.325870726533296,1.306052294695463,-0.1772099883726743,0.13365555542207236,-0.9469448602175546,-5.179711268404081,2057,134.78003120124805,-13.14808928245992,12.383753206601817,0.149246475449684,1.1982024108776803,1.495673727509711,1.306052294695463,-3.128267308313302,-4.139561384087525,-3.5342995114332627
XNGUSD|orb|08:00|30|16:55|mid_rev|trend,XNGUSD,A_orb,range,08:00,30.0,16:55,mid_rev,trend,2006,-2.952283001984148,-0.03398589685810681,-0.5187975832213876,0.17572759212877562,-0.9862460299042017,-8.329581464254392,1598,200.74576271186442,-25.843513517445007,-0.29407672145001523,0.1439299123904881,1840,-2.9156754722771976,0.5957857326566386,-0.4324798463625559,0.14832921238137006,-0.9653156525080108,-7.878577737486447,1496,204.88695652173914,-21.108217609580652,4.25809255084715,0.18983957219251338,3846,-2.925933526911023,0.23976463406422296,-0.4775015260658363,0.16319630014628048,-0.9995107004134898,-11.430594670091864,3094,202.72698907956317,-23.55391989166444,1.9069721574628995,0.16612798965740141,-0.03398589685810681,0.5957857326566386,0.23976463406422296,-5.756061521640941,-6.270488710616161,-5.960942601486558
XNGUSD|orb|08:00|30|16:55|mid_rev|trend+narrow1.0,XNGUSD,A_orb,range,08:00,30.0,16:55,mid_rev,trend+narrow1.0,2006,-2.0901795347145957,0.3026298760788322,-0.27778568934842757,0.13290039670508874,-0.9013892747564439,-5.897239762455554,986,123.86440677966101,-22.426595062338844,3.1961229903994877,0.1206896551724138,1840,-1.7222752379215365,1.0780208211165547,-0.19959093478664094,0.115887943106881,-0.8070480924650857,-4.653837327346682,928,127.09565217391305,-15.703993911099964,9.707644019934513,0.1810344827586207,3846,-1.9221061317276038,0.646354748041192,-0.24037582237138974,0.12505855863189932,-0.980283896163128,-7.508993592165283,1914,125.41029641185646,-19.167152079919994,6.353224095628591,0.14994775339602925,0.3026298760788322,1.0780208211165547,0.646354748041192,-4.31295025133044,-4.32790024042351,-4.309998085697733
XNGUSD|orb|08:00|60|14:30|none|none,XNGUSD,A_orb,range,08:00,60.0,14:30,none,none,2006,-0.2623044754061548,1.1606461158465287,-0.10550825960831048,0.40223583469149915,-0.8259780387214058,-0.7400667533788858,1981,248.8594217347956,-4.239673100291471,18.760326899708506,0.4790509843513377,1840,-1.512846800737174,0.5690626146089411,-0.41660085055764395,0.27537543811749104,-0.9731670354073167,-4.087931334555031,1820,249.2608695652174,-16.713447693748144,6.2865523062518465,0.4653846153846154,3846,-0.7319860785671753,0.9165628575483189,-0.25434090842442425,0.3474668656571767,-0.9938156712332802,-2.859612527522003,3801,249.05148205928236,-10.212382850381223,12.787617149618761,0.47250723493817415,1.1606461158465287,0.5690626146089411,0.9165628575483189,-1.68517524067888,-3.593898234724551,-2.3802546146902865
XNGUSD|orb|08:00|60|14:30|none|narrow1.0,XNGUSD,A_orb,range,08:00,60.0,14:30,none,narrow1.0,2006,-0.507524249569961,0.5595023167084523,-0.15776190675325782,0.3108460470350604,-0.8659056099049103,-1.4319306716315494,1148,144.21535393818544,-10.939328056628339,12.060671943371645,0.4625435540069686,1840,-1.296149832985757,0.32507230231554024,-0.2728614830091814,0.21051692949774872,-0.9140374852161773,-3.5023847186369954,1083,148.32391304347826,-18.396324463823802,4.603675536176185,0.45891043397968606,3846,-0.7954009732309082,0.461418175376026,-0.21282774666768822,0.2675729020083855,-0.9873173817999494,-3.1073522489752667,2231,146.18096723868953,-14.55919677424048,8.440803225759506,0.46077991931869117,0.5595023167084523,0.32507230231554024,0.461418175376026,-1.5694320202899616,-2.889417230069494,-2.0414750536040813
XNGUSD|orb|08:00|60|14:30|none|narrow0.75,XNGUSD,A_orb,range,08:00,60.0,14:30,none,narrow0.75,2006,-0.12698952502183167,0.6266328318069966,-0.02707465760703409,0.21320386545567044,-0.5299919202953101,-0.35828868474513476,557,69.97208374875373,-3.8693513407790014,19.130648659220988,0.4865350089766607,1840,-0.8626434374873243,0.28440501358628467,-0.12542039609953837,0.14539077288393712,-0.7238658434315297,-2.330987603592349,529,72.45,-17.311303809460085,5.688696190539902,0.44612476370510395,3846,-0.40305032805577906,0.4866696422532616,-0.0741251409211807,0.18391038478679106,-0.8300123277541636,-1.5745760760727177,1086,71.1575663026521,-10.417042736665092,12.5829572633349,0.46685082872928174,0.6266328318069966,0.28440501358628467,0.4866696422532616,-0.878386637229473,-1.9770066708965497,-1.2832216161066765
XNGUSD|orb|08:00|60|14:30|none|trend,XNGUSD,A_orb,range,08:00,60.0,14:30,none,trend,2006,-1.2176006374781976,0.05014943754717769,-0.37548348964685474,0.308379839899335,-0.9703483599140861,-3.4353426463474195,1353,169.9680957128614,-22.091410042104865,0.9085899578951196,0.4515890613451589,1840,-1.6742034594916555,0.14100938895888532,-0.37891826163174497,0.2263274869511961,-0.9525560341093113,-4.523940414284805,1304,178.59130434782608,-21.21706110022917,1.7829388997708178,0.4386503067484663,3846,-1.3855107297322087,0.08570450199263899,-0.37712675029485215,0.2721933090823073,-0.9983350601649472,-5.412703814687066,2657,174.09360374414976,-21.66229787793253,1.3377021220674605,0.4452389913436206,0.05014943754717769,0.14100938895888532,0.08570450199263899,-2.4741773804294214,-3.462717995517454,-2.84087881770214
XNGUSD|orb|08:00|60|14:30|none|trend+narrow1.0,XNGUSD,A_orb,range,08:00,60.0,14:30,none,trend+narrow1.0,2006,-1.0860018457154401,-0.1057491721961902,-0.27487665150555535,0.2531088253579083,-0.9133468512153498,-3.0640493604908,859,107.91026919242273,-25.472705569421073,-2.472705569421087,0.4412107101280559,1840,-1.286936551545006,0.16098515492330545,-0.23752082108189837,0.18456296139599696,-0.8728574678217111,-3.4774890967687613,848,116.13913043478261,-20.451403432478514,2.548596567521473,0.4375,3846,-1.152824437670192,0.0010956702017850292,-0.2570049073611121,0.22293499249591534,-0.9884512385847962,-4.503680193547087,1707,111.84711388455537,-22.97823327174838,0.021766728251608077,0.43936731107205623,-0.1057491721961902,0.16098515492330545,0.0010956702017850292,-2.0498538637306782,-2.698025097457901,-2.2841754109822454
XNGUSD|orb|08:00|60|14:30|opp|none,XNGUSD,A_orb,range,08:00,60.0,14:30,opp,none,2006,-0.3508960038166754,1.5744471376760794,-0.11200177600366588,0.31918794966437086,-0.7830194162838002,-0.9900191977896339,1981,248.8594217347956,-4.500604205494938,20.087987414898794,0.3690055527511358,1840,-1.963528609243438,0.7620426919219373,-0.43943775550349956,0.22380002686735395,-0.9724249524617341,-5.305738905030079,1820,249.2608695652174,-17.629632612210866,6.791246508668247,0.38351648351648354,3846,-0.9669787545646273,1.2373041067219868,-0.26865341466193265,0.27782762898745506,-0.9937885340298449,-3.7776463806707055,3801,249.05148205928236,-10.7870634794289,13.72122381338877,0.3759536963956853,1.5744471376760794,0.7620426919219373,1.2373041067219868,-2.2556741616052753,-4.647196760608654,-3.144581528835691
XNGUSD|orb|08:00|60|14:30|opp|narrow1.0,XNGUSD,A_orb,range,08:00,60.0,14:30,opp,narrow1.0,2006,-0.454841579001741,1.1282692675340396,-0.10323746383215254,0.22697455245567466,-0.762503592623589,-1.283291602830373,1148,144.21535393818544,-7.15856259496495,17.681158659390444,0.3240418118466899,1840,-1.902038699319334,0.3944859345194817,-0.3045137037938746,0.16009858469380686,-0.9180299150042708,-5.1395842557852065,1083,148.32391304347826,-20.530317569535292,4.200984369522878,0.3379501385041551,3846,-1.0082591707692101,0.8286320272490972,-0.1995318688060394,0.1978974003815058,-0.9797686649409849,-3.938914468652674,2231,146.18096723868953,-13.649647596067451,11.137443394519725,0.3307933662034962,1.1282692675340396,0.3944859345194817,0.8286320272490972,-2.009667488488536,-4.08057090782362,-2.792520951796184
XNGUSD|orb|08:00|60|14:30|opp|narrow0.75,XNGUSD,A_orb,range,08:00,60.0,14:30,opp,narrow0.75,2006,0.022289471032248813,1.1638635387326397,0.0034003327546484273,0.15255331765068647,-0.42884719619724454,0.06288759059801403,557,69.97208374875373,0.4859556229392688,25.397984348253445,0.3141831238779174,1840,-1.3180232128259666,0.3862958296410524,-0.13998353002352884,0.10620718107338256,-0.6759353260100542,-3.561489761393371,529,72.45,-19.32139820890666,5.567070600167052,0.3005671077504726,3846,-0.4921284986969833,0.849212440017736,-0.06519725110178583,0.1324801373511383,-0.8100137462966618,-1.9225732035494436,1086,71.1575663026521,-9.162377873420308,15.738174612767533,0.30755064456721914,1.1638635387326397,0.3862958296410524,0.849212440017736,-1.1064757878732105,-2.8879071216628764,-1.7894244380286164
XNGUSD|orb|08:00|60|14:30|opp|trend,XNGUSD,A_orb,range,08:00,60.0,14:30,opp,trend,2006,-1.0496118666168952,0.7571766794548578,-0.2436481865731724,0.23213169965246128,-0.8958787319453971,-2.96137854770621,1353,169.9680957128614,-14.334936539195198,10.27260226346555,0.35698447893569846,1840,-1.9174669813032985,0.4321302509953737,-0.35687825239033216,0.18611963380342683,-0.9438821019669339,-5.181273709951926,1304,178.59130434782608,-19.982957943757036,4.4572261053227145,0.370398773006135,3846,-1.4089626381661917,0.6159423265018347,-0.2978196169173154,0.21137509884927597,-0.9934734945159783,-5.504322184374355,2657,174.09360374414976,-17.10686725487026,7.418537336774447,0.36356793375987956,0.7571766794548578,0.4321302509953737,0.6159423265018347,-2.815337286601907,-4.182643419278652,-3.377601600958538
XNGUSD|orb|08:00|60|14:30|opp|trend+narrow1.0,XNGUSD,A_orb,range,08:00,60.0,14:30,opp,trend+narrow1.0,2006,-0.7318340600132563,0.7488714493173381,-0.13271883625702213,0.1813509967746214,-0.7102425584039967,-2.064799145982817,859,107.91026919242273,-12.298999645748399,12.506588247150319,0.32828870779976715,1840,-1.3991821768195496,0.5716845183838397,-0.2039309363588892,0.14575009583272436,-0.8236666891993415,-3.780793045657003,848,116.13913043478261,-17.559192633477284,7.089392272183093,0.34787735849056606,3846,-1.0091701478820907,0.6698638830256207,-0.16678806771501364,0.1652724944996102,-0.9475616150905927,-3.942473336287668,1707,111.84711388455537,-14.912147656055426,9.815444611079897,0.3380199179847686,0.7488714493173381,0.5716845183838397,0.6698638830256207,-2.1694539410472147,-3.2672539410537853,-2.6245560613748307
XNGUSD|orb|08:00|60|14:30|mid|none,XNGUSD,A_orb,range,08:00,60.0,14:30,mid,none,2006,-0.8085695996427091,1.583320061606329,-0.21279479282440605,0.2631743673252567,-0.8758616082393759,-2.2813010626749084,1981,248.8594217347956,-8.550803153885695,16.640514362520157,0.2458354366481575,1840,-2.5551655556902557,0.837006250076152,-0.4717008631570283,0.18460677121549662,-0.9785656701419965,-6.904427688905544,1820,249.2608695652174,-18.92398369546773,6.143049271565233,0.2703296703296703,3846,-1.4695501108700124,1.271560871801624,-0.3366604114962794,0.22909080065120582,-0.9970700998081163,-5.741016161251462,3801,249.05148205928236,-13.517703597368804,11.614103821731426,0.2575637990002631,1.583320061606329,0.837006250076152,1.271560871801624,-3.170115657925571,-5.88341029881581,-4.170715186251098
XNGUSD|orb|08:00|60|14:30|mid|narrow1.0,XNGUSD,A_orb,range,08:00,60.0,14:30,mid,narrow1.0,2006,-0.8260439632536156,1.1917214648363137,-0.15012212324204602,0.1817362391351983,-0.7817468812695528,-2.3306032925543696,1148,144.21535393818544,-10.409579780693281,14.93449687435898,0.20557491289198607,1840,-2.4166065112124833,0.49411275223639817,-0.31215663669481614,0.12917147878501656,-0.9191496657496685,-6.530021067342352,1083,148.32391304347826,-21.045604197572203,4.228634029574604,0.2188365650969529,3846,-1.4331890678240584,0.9045819207284003,-0.22764253529433331,0.1588363603972726,-0.9823541623994659,-5.598966336463114,2231,146.18096723868953,-15.572652144422495,9.737522665079966,0.212012550425818,1.1917214648363137,0.49411275223639817,0.9045819207284003,-2.7885563511489933,-5.114787163749795,-3.6720750814083
XNGUSD|orb|08:00|60|14:30|mid|narrow0.75,XNGUSD,A_orb,range,08:00,60.0,14:30,mid,narrow0.75,2006,-0.2615584293883424,1.170275987752008,-0.03241357046728847,0.12392477865495677,-0.49924675785124417,-0.7379618565660552,557,69.97208374875373,-4.6323574675401575,20.726708959748883,0.20466786355475763,1840,-1.763485099694991,0.44339512695988686,-0.14750942080596857,0.08364653652672288,-0.6883079851411863,-4.765192347005183,529,72.45,-20.360168503239276,4.993328661221967,0.19281663516068054,3846,-0.8204648698396039,0.8781510727633565,-0.08747762783160762,0.1066195897561208,-0.8382091247046036,-3.20526809031345,1086,71.1575663026521,-12.293510356936872,13.06284323422334,0.19889502762430938,1.170275987752008,0.44339512695988686,0.8781510727633565,-1.6585802177430853,-3.702244820198075,-2.42648488316305
XNGUSD|orb|08:00|60|14:30|mid|trend,XNGUSD,A_orb,range,08:00,60.0,14:30,mid,trend,2006,-1.4422694931458189,0.8882411330672331,-0.2659819290978653,0.18441902179995256,-0.9150206298974826,-4.069224132135384,1353,169.9680957128614,-15.648932700123115,9.552841135797058,0.24168514412416853,1840,-2.420234396314359,0.5396333433749806,-0.3670794401639003,0.1516710285263714,-0.9422679233681569,-6.539824138729948,1304,178.59130434782608,-20.55416088170637,4.520992492526754,0.2584355828220859,3846,-1.854008255692572,0.7351428054103423,-0.3143489130712153,0.16955097805310962,-0.9939234978815349,-7.242959107208141,2657,174.09360374414976,-18.05631604554448,7.083315117421266,0.2499059089198344,0.8882411330672331,0.5396333433749806,0.7351428054103423,-3.6947619078315332,-5.22942452283653,-4.338586000599044
XNGUSD|orb|08:00|60|14:30|mid|trend+narrow1.0,XNGUSD,A_orb,range,08:00,60.0,14:30,mid,trend+narrow1.0,2006,-1.0232734569404958,0.902374426648591,-0.14574066824342363,0.14242592461957954,-0.736055073033856,-2.8870672676253264,859,107.91026919242273,-13.505727428363905,11.813248124604657,0.21071012805587894,1840,-1.8944608264460168,0.5897628865720682,-0.2241994537987089,0.11834472936519047,-0.8378144370191469,-5.119107744909807,848,116.13913043478261,-19.304385434899316,5.910237206610115,0.22877358490566038,3846,-1.3941332735092777,0.7643191916702724,-0.18327685270045038,0.13146293556218658,-0.9549472911227528,-5.446389064893297,1707,111.84711388455537,-16.386372999273117,8.880762325858687,0.21968365553602812,0.902374426648591,0.5897628865720682,0.7643191916702724,-2.863380232059219,-4.184731409642931,-3.4276145301431185
XNGUSD|orb|08:00|60|14:30|opp_rev|none,XNGUSD,A_orb,range,08:00,60.0,14:30,opp_rev,none,2006,-0.9062326791413733,1.5762374918228805,-0.34199927577453704,0.377385724048895,-0.9644580743785218,-2.556848012675078,2966,372.59820538384844,-9.178768733526544,15.403159789737101,0.3614295347269049,1840,-2.471233203732735,0.8664019022310241,-0.6562303891352961,0.26554773873387455,-0.9953111320878507,-6.677630308375764,2619,358.6891304347826,-18.295240459052962,6.1033849705002945,0.3711340206185567,3846,-1.4974987067652312,1.2791414209556968,-0.49233345377344406,0.32877053686205904,-0.9998286586595598,-5.850201509564453,5585,365.94383775351014,-13.453798178316822,11.042173173518442,0.3659803043867502,1.5762374918228805,0.8664019022310241,1.2791414209556968,-3.212884954609242,-5.47747647612722,-4.053247178017468
XNGUSD|orb|08:00|60|14:30|opp_rev|narrow1.0,XNGUSD,A_orb,range,08:00,60.0,14:30,opp_rev,narrow1.0,2006,-0.7412234716059919,1.3610780215142197,-0.20455842925245368,0.27597403089414,-0.8631573499157397,-2.0912904642983525,1820,228.63409770687934,-8.946978219963851,15.843131670146034,0.3291208791208791,1840,-2.2606204253746256,0.5758797203394727,-0.4548023498778539,0.20118474767938316,-0.9739056905743615,-6.108524054068799,1670,228.71739130434784,-19.884904566468283,4.767790044310156,0.3389221556886228,3846,-1.3335067772174363,1.0361344646486093,-0.32427990973886456,0.24317829896262222,-0.996366350401786,-5.2095426365633,3490,228.67394695787831,-14.18088566943732,10.543469631422274,0.333810888252149,1.3610780215142197,0.5758797203394727,1.0361344646486093,-2.662388583625664,-4.678263779231275,-3.4497976546392044
XNGUSD|orb|08:00|60|14:30|opp_rev|narrow0.75,XNGUSD,A_orb,range,08:00,60.0,14:30,opp_rev,narrow0.75,2006,-0.1899317313308349,1.3817416701132155,-0.03491249481341778,0.18381601941281223,-0.5555111936785135,-0.5358740431401103,900,113.06081754735793,-3.087939356072138,21.778727310594526,0.31666666666666665,1840,-1.5461258753842946,0.6328848722933892,-0.20805537466364288,0.13456561200874415,-0.8070420312353009,-4.177856217873467,847,116.00217391304348,-17.935472038619164,6.863819578854267,0.3187721369539551,3846,-0.7259296073552697,1.0713928392334822,-0.11774736192845009,0.16220217598980582,-0.9128746027203632,-2.8359520215953835,1747,114.46801872074883,-10.28648553931045,14.547515605509236,0.31768746422438465,1.3817416701132155,0.6328848722933892,1.0713928392334822,-1.6276124572501254,-3.3210976262721457,-2.307572008775505
XNGUSD|orb|08:00|60|14:30|opp_rev|trend,XNGUSD,A_orb,range,08:00,60.0,14:30,opp_rev,trend,2006,-1.0496118666168952,0.7571766794548578,-0.2436481865731724,0.23213169965246128,-0.8958787319453971,-2.96137854770621,1353,169.9680957128614,-14.334936539195198,10.27260226346555,0.35698447893569846,1840,-1.9174669813032985,0.4321302509953737,-0.35687825239033216,0.18611963380342683,-0.9438821019669339,-5.181273709951926,1304,178.59130434782608,-19.982957943757036,4.4572261053227145,0.370398773006135,3846,-1.4089626381661917,0.6159423265018347,-0.2978196169173154,0.21137509884927597,-0.9934734945159783,-5.504322184374355,2657,174.09360374414976,-17.10686725487026,7.418537336774447,0.36356793375987956,0.7571766794548578,0.4321302509953737,0.6159423265018347,-2.815337286601907,-4.182643419278652,-3.377601600958538
XNGUSD|orb|08:00|60|14:30|opp_rev|trend+narrow1.0,XNGUSD,A_orb,range,08:00,60.0,14:30,opp_rev,trend+narrow1.0,2006,-0.7318340600132563,0.7488714493173381,-0.13271883625702213,0.1813509967746214,-0.7102425584039967,-2.064799145982817,859,107.91026919242273,-12.298999645748399,12.506588247150319,0.32828870779976715,1840,-1.3991821768195496,0.5716845183838397,-0.2039309363588892,0.14575009583272436,-0.8236666891993415,-3.780793045657003,848,116.13913043478261,-17.559192633477284,7.089392272183093,0.34787735849056606,3846,-1.0091701478820907,0.6698638830256207,-0.16678806771501364,0.1652724944996102,-0.9475616150905927,-3.942473336287668,1707,111.84711388455537,-14.912147656055426,9.815444611079897,0.3380199179847686,0.7488714493173381,0.5716845183838397,0.6698638830256207,-2.1694539410472147,-3.2672539410537853,-2.6245560613748307
XNGUSD|orb|08:00|60|14:30|mid_rev|none,XNGUSD,A_orb,range,08:00,60.0,14:30,mid_rev,none,2006,-1.5446941652444766,1.5725347685805868,-0.47330963060904907,0.3064099297184431,-0.9843342908190061,-4.358205455952217,2966,372.59820538384844,-12.70294982020776,12.502040065159731,0.23836817262306137,1840,-3.148353979599107,0.9924290750276653,-0.6906050396611634,0.21935431788680287,-0.9960432059024894,-8.507308789761694,2619,358.6891304347826,-19.253581473853167,5.803692294760799,0.2642229858724704,3846,-2.1510814556145097,1.3247311101673167,-0.5772679126308615,0.26836171690483507,-0.9999361158165037,-8.403519763977327,5585,365.94383775351014,-15.774767958237721,9.360952722156187,0.25049239033124443,1.5725347685805868,0.9924290750276653,1.3247311101673167,-4.443929396752286,-6.891499412303826,-5.355364123509084
XNGUSD|orb|08:00|60|14:30|mid_rev|narrow1.0,XNGUSD,A_orb,range,08:00,60.0,14:30,mid_rev,narrow1.0,2006,-1.3438144918767996,1.3366305463435506,-0.2957850300032932,0.22010852821671364,-0.9240322127181906,-3.7914428513156233,1820,228.63409770687934,-12.93704801558098,12.397017918484948,0.20549450549450549,1840,-2.8791533888156593,0.6925509706653559,-0.4705896148932358,0.16344721914479624,-0.9759552457978157,-7.779889774294863,1670,228.71739130434784,-20.575156624929992,4.657777506806531,0.2251497005988024,3846,-1.9445414404750851,1.0657475311303921,-0.379414888608986,0.1951179238002191,-0.9981602912027194,-7.5966404639182326,3490,228.67394695787831,-16.591959585097555,8.69371376733797,0.2148997134670487,1.3366305463435506,0.6925509706653559,1.0657475311303921,-3.750472464688523,-5.843248291057598,-4.576272351901162
XNGUSD|orb|08:00|60|14:30|mid_rev|narrow0.75,XNGUSD,A_orb,range,08:00,60.0,14:30,mid_rev,narrow0.75,2006,-0.5050695844824415,1.4347463124065702,-0.07616462590941615,0.150800262477623,-0.5492152559138817,-1.4250050710708264,900,113.06081754735793,-6.7366066831697,18.60672665016363,0.20444444444444446,1840,-2.123199154581373,0.6514540568276316,-0.22867194945168431,0.10770160159411477,-0.8299081773096623,-5.7371918619153215,847,116.00217391304348,-19.712729661695768,5.603681200169638,0.20543093270365997,3846,-1.1295803580430215,1.113528226939364,-0.14912704798892046,0.1320198664283438,-0.9194142403010498,-4.412873738016287,1747,114.46801872074883,-13.027835167892984,12.302445312931283,0.20492272467086434,1.4347463124065702,0.6514540568276316,1.113528226939364,-2.252724872322952,-4.237669774517366,-3.043756452740939
XNGUSD|orb|08:00|60|14:30|mid_rev|trend,XNGUSD,A_orb,range,08:00,60.0,14:30,mid_rev,trend,2006,-1.4422694931458189,0.8882411330672331,-0.2659819290978653,0.18441902179995256,-0.9150206298974826,-4.069224132135384,1353,169.9680957128614,-15.648932700123115,9.552841135797058,0.24168514412416853,1840,-2.420234396314359,0.5396333433749806,-0.3670794401639003,0.1516710285263714,-0.9422679233681569,-6.539824138729948,1304,178.59130434782608,-20.55416088170637,4.520992492526754,0.2584355828220859,3846,-1.854008255692572,0.7351428054103423,-0.3143489130712153,0.16955097805310962,-0.9939234978815349,-7.242959107208141,2657,174.09360374414976,-18.05631604554448,7.083315117421266,0.2499059089198344,0.8882411330672331,0.5396333433749806,0.7351428054103423,-3.6947619078315332,-5.22942452283653,-4.338586000599044
XNGUSD|orb|08:00|60|14:30|mid_rev|trend+narrow1.0,XNGUSD,A_orb,range,08:00,60.0,14:30,mid_rev,trend+narrow1.0,2006,-1.0232734569404958,0.902374426648591,-0.14574066824342363,0.14242592461957954,-0.736055073033856,-2.8870672676253264,859,107.91026919242273,-13.505727428363905,11.813248124604657,0.21071012805587894,1840,-1.8944608264460168,0.5897628865720682,-0.2241994537987089,0.11834472936519047,-0.8378144370191469,-5.119107744909807,848,116.13913043478261,-19.304385434899316,5.910237206610115,0.22877358490566038,3846,-1.3941332735092777,0.7643191916702724,-0.18327685270045038,0.13146293556218658,-0.9549472911227528,-5.446389064893297,1707,111.84711388455537,-16.386372999273117,8.880762325858687,0.21968365553602812,0.902374426648591,0.5897628865720682,0.7643191916702724,-2.863380232059219,-4.184731409642931,-3.4276145301431185
XNGUSD|orb|08:00|60|16:55|none|none,XNGUSD,A_orb,range,08:00,60.0,16:55,none,none,2006,-0.09846324834078984,1.2564407161648001,-0.04163621658178341,0.4228604812800493,-0.8259326666942545,-0.2778045491365546,1983,249.11066799601195,-1.6713943612583435,21.32860563874164,0.49924357034795763,1840,-1.4976023581190845,0.5643020304612775,-0.41823244254195946,0.27926801815886504,-0.9735541591154179,-4.046738641001428,1828,250.35652173913044,-16.70547424275827,6.294525757241721,0.4589715536105033,3846,-0.613569481360156,0.9751369118988721,-0.22180705791478486,0.3615027550312391,-0.9933951565843325,-2.3970004714258524,3811,249.70670826833071,-8.88270321021711,14.117296789782872,0.4799265284702178,1.2564407161648001,0.5643020304612775,0.9751369118988721,-1.4533422429588914,-3.5590090051087775,-2.202106533097339
XNGUSD|orb|08:00|60|16:55|none|narrow1.0,XNGUSD,A_orb,range,08:00,60.0,16:55,none,narrow1.0,2006,-0.5115389008945059,0.5018580100520869,-0.1674331927979663,0.32731272735110306,-0.8760881944847009,-1.4432576227523937,1148,144.21535393818544,-11.609942230543123,11.39005776945686,0.4808362369337979,1840,-1.4463162779931495,0.15999969398712657,-0.30725258194593175,0.21243803075511475,-0.9287792098333644,-3.9081562188611625,1083,148.32391304347826,-20.714972767463774,2.285027232536219,0.4533702677746999,3846,-0.8418861065422168,0.3663764671988606,-0.23432546425721126,0.2783339247866076,-0.9905565814180162,-3.2889533387401855,2231,146.18096723868953,-16.029820344162605,6.9701796558373825,0.46750336172120127,0.5018580100520869,0.15999969398712657,0.3663764671988606,-1.5202807194759607,-3.0220299409311018,-2.03963585459933
XNGUSD|orb|08:00|60|16:55|none|narrow0.75,XNGUSD,A_orb,range,08:00,60.0,16:55,none,narrow0.75,2006,-0.11820256536661869,0.5998277838680813,-0.0264537642075691,0.22380025446588023,-0.5373568891230804,-0.3334971264080705,557,69.97208374875373,-3.7806168960975444,19.219383103902445,0.5098743267504489,1840,-0.9923108838763612,0.15897370129179217,-0.1437193314972685,0.1448329690145528,-0.7367343233824544,-2.681367838330716,529,72.45,-19.83703678361194,3.1629632163880492,0.45746691871455575,3846,-0.4341178647979784,0.426510821058999,-0.0825558556826203,0.19016921987543314,-0.8525562770959902,-1.6959460308690508,1086,71.1575663026521,-11.601838001525826,11.39816199847416,0.4843462246777164,0.5998277838680813,0.15897370129179217,0.426510821058999,-0.834351828197119,-2.1057986162898383,-1.2851240140355453
XNGUSD|orb|08:00|60|16:55|none|trend,XNGUSD,A_orb,range,08:00,60.0,16:55,none,trend,2006,-1.2376449973514447,0.006678711998046848,-0.4017634442961419,0.3246192932189069,-0.976981380028231,-3.4918958725628038,1398,175.6211365902293,-22.876713594762954,0.12328640523703395,0.4613733905579399,1840,-1.9554877903446921,-0.12009964679152386,-0.44795830942873127,0.22907752819554558,-0.9713177598298217,-5.284011446892448,1335,182.83695652173913,-24.50042474730592,-1.5004247473059267,0.4299625468164794,3846,-1.4981113330466427,-0.04247345963428311,-0.4238639517958727,0.2829322110085633,-0.9992215408762666,-5.852594825284942,2733,179.0733229329173,-23.66985460780534,-0.6698546078053563,0.4460300036589828,0.006678711998046848,-0.12009964679152386,-0.04247345963428311,-2.472101372180625,-3.76153758813449,-2.9384747063025074
XNGUSD|orb|08:00|60|16:55|none|trend+narrow1.0,XNGUSD,A_orb,range,08:00,60.0,16:55,none,trend+narrow1.0,2006,-1.1292789005290687,-0.1791768997954039,-0.30134424023916734,0.2668466045881024,-0.9346000069841242,-3.1861513924981835,878,110.29710867397806,-27.321136869498208,-4.321136869498228,0.44533029612756264,1840,-1.6108631341700834,-0.16141989458187883,-0.3033259284314649,0.18830024847997928,-0.9225901625473856,-4.352785674428269,867,118.74130434782609,-25.54510665833174,-2.5451066583317554,0.4290657439446367,3846,-1.2997775238659948,-0.169728900634165,-0.3022923177934646,0.23257235353196534,-0.9944904088538868,-5.077774289798364,1745,114.33697347893916,-26.43871956687281,-3.438719566872823,0.4372492836676218,-0.1791768997954039,-0.16141989458187883,-0.169728900634165,-2.0639525061305357,-3.0160385332377957,-2.406368673310616
XNGUSD|orb|08:00|60|16:55|opp|none,XNGUSD,A_orb,range,08:00,60.0,16:55,opp,none,2006,-0.040753039368396644,1.8147105501492502,-0.013546008369280212,0.33239259155195516,-0.74901589590887,-0.1149807661077503,1983,249.11066799601195,-0.5437747198163778,24.090113328595113,0.3746848209783157,1840,-2.1007128056084423,0.5822211405744121,-0.4802473677917338,0.2286116248301904,-0.9797123695795327,-5.676430487715772,1828,250.35652173913044,-19.182538743374455,5.2780739480916266,0.36816192560175054,3846,-0.8228969858411963,1.314807856091665,-0.23682486987144205,0.28779406650681894,-0.9947503771823967,-3.214769513346186,3811,249.70670826833071,-9.484121252239404,15.066652822806509,0.37155602204145893,1.8147105501492502,0.5822211405744121,1.314807856091665,-1.876991854287311,-4.743989581906611,-2.935647756702679
XNGUSD|orb|08:00|60|16:55|opp|narrow1.0,XNGUSD,A_orb,range,08:00,60.0,16:55,opp,narrow1.0,2006,-0.3192224930793732,1.212266541892114,-0.07504687100810337,0.23509267872750847,-0.7628333966165802,-0.9006554451385554,1148,144.21535393818544,-5.2038059026829036,19.68818016003486,0.3240418118466899,1840,-2.208921200528962,0.11341909306613697,-0.34995611008614597,0.15842851705273298,-0.9388411915463065,-5.9688252550127325,1083,148.32391304347826,-23.59404514790297,1.19265845320506,0.3231763619575254,3846,-1.021419949202759,0.7797612223545295,-0.20656871185667292,0.20223680966668453,-0.9851313020931671,-3.9903290077846,2231,146.18096723868953,-14.1310264775701,10.709852052237157,0.32362169430748544,1.212266541892114,0.11341909306613697,0.7797612223545295,-1.8267724756005157,-4.397487703171668,-2.7715157097334377
XNGUSD|orb|08:00|60|16:55|opp|narrow0.75,XNGUSD,A_orb,range,08:00,60.0,16:55,opp,narrow0.75,2006,0.09710285387664422,1.2021397465369155,0.01531558122433202,0.15772534599022553,-0.406655089712158,0.27396632749418287,557,69.97208374875373,2.1888130814176,27.138543781597125,0.31956912028725315,1840,-1.6666135515548528,0.09716575414662414,-0.17095116153142248,0.10257396585545285,-0.7361903855749659,-4.50343138292345,529,72.45,-23.59574348259799,1.343765024018263,0.29678638941398866,3846,-0.5494627470857588,0.7762978133224079,-0.07379799305299203,0.1343093657293455,-0.841062017323968,-2.1465579755952886,1086,71.1575663026521,-10.371067602159053,14.573683779056413,0.30847145488029465,1.2021397465369155,0.09716575414662414,0.7762978133224079,-0.9986247587365638,-3.2579802690436885,-1.82932015097142
XNGUSD|orb|08:00|60|16:55|opp|trend,XNGUSD,A_orb,range,08:00,60.0,16:55,opp,trend,2006,-0.949026588951537,0.8524263146878767,-0.2285531529747402,0.24082903011942008,-0.88387582683363,-2.67758689770004,1398,175.6211365902293,-13.01398894302884,11.6169123445248,0.3590844062947067,1840,-2.261766800190875,0.13716798764768562,-0.4222044666872962,0.18667020253885835,-0.9661604674528176,-6.111621724983135,1335,182.83695652173913,-23.091855974811992,1.384548519570024,0.3543071161048689,3846,-1.482418742072759,0.5514649015498938,-0.32119964731460054,0.21667268376915574,-0.9956316428371362,-5.791289383757917,2733,179.0733229329173,-17.936767021122694,6.618666568339426,0.3567508232711306,0.8524263146878767,0.13716798764768562,0.5514649015498938,-2.7133352269895905,-4.56852851238033,-3.4610526945250064
XNGUSD|orb|08:00|60|16:55|opp|trend+narrow1.0,XNGUSD,A_orb,range,08:00,60.0,16:55,opp,trend+narrow1.0,2006,-0.7231752650527997,0.7433569421784469,-0.13551486289650325,0.18738868631881261,-0.7291628342134764,-2.0403691919584483,878,110.29710867397806,-12.286347713525757,12.551921079184943,0.31890660592255127,1840,-1.7117412360672613,0.3124895667682943,-0.24852727968455196,0.14518974857177908,-0.8748252646305754,-4.625372927489824,867,118.74130434782609,-20.930145668313266,3.765356061790535,0.3333333333333333,3846,-1.1248525170550947,0.5604995053803864,-0.18958216578002107,0.16853957554929438,-0.9643784006650089,-4.394403723745425,1745,114.33697347893916,-16.581002628597833,8.186332614955171,0.3260744985673352,0.7433569421784469,0.3124895667682943,0.5604995053803864,-2.148782421102836,-3.614947195689159,-2.743457896277525
XNGUSD|orb|08:00|60|16:55|mid|none,XNGUSD,A_orb,range,08:00,60.0,16:55,mid,none,2006,-0.5584061571671193,1.7419177743963192,-0.15318543710829177,0.2743261963396413,-0.8052798251941802,-1.575489061563122,1983,249.11066799601195,-6.149292534944513,19.068559204843684,0.24407463439233484,1840,-2.630904051626337,0.6961204526296315,-0.4978266754691916,0.1892226647951877,-0.982265201516489,-7.1090840828102735,1828,250.35652173913044,-19.884709693639348,5.215946761502885,0.2576586433260394,3846,-1.33830358959866,1.3141999863082972,-0.3180684008586962,0.23766535734547412,-0.9961615265537915,-5.2282820978442714,3811,249.70670826833071,-12.737679458611309,12.423957906909548,0.2505903962214642,1.7419177743963192,0.6961204526296315,1.3141999863082972,-2.8308537602258883,-5.8989758789670725,-3.954160335071237
XNGUSD|orb|08:00|60|16:55|mid|narrow1.0,XNGUSD,A_orb,range,08:00,60.0,16:55,mid,narrow1.0,2006,-0.6896730316765117,1.2553644784598708,-0.1301588512813776,0.1887254471368515,-0.7674464122179908,-1.9458458749340626,1148,144.21535393818544,-9.02531164172486,16.350123898344822,0.20209059233449478,1840,-2.6546406387092665,0.3135920015072148,-0.336513165998831,0.1267641130373299,-0.9302421412170513,-7.173223781598292,1083,148.32391304347826,-22.687721695974187,2.6280677777100188,0.21144967682363805,3846,-1.4113338222538945,0.8813461088520668,-0.22888270439633193,0.16217474617791502,-0.9837775596640346,-5.513585567819473,2231,146.18096723868953,-15.657490076844546,9.688991321631468,0.20663379650380995,1.2553644784598708,0.3135920015072148,0.8813461088520668,-2.587781979652457,-5.386228109130686,-3.6099675840699534
XNGUSD|orb|08:00|60|16:55|mid|narrow0.75,XNGUSD,A_orb,range,08:00,60.0,16:55,mid,narrow0.75,2006,-0.23676201647533499,1.1474927821354732,-0.030384993273682038,0.12833559084359056,-0.4837287295541891,-0.6680011714822157,557,69.97208374875373,-4.342445107506635,21.04893729823842,0.20107719928186715,1840,-2.110236560600996,0.22592587936051942,-0.1667483162960038,0.07901877894131161,-0.7240083219845578,-5.702165054122439,529,72.45,-23.015640620566426,2.3832251639326203,0.1890359168241966,3846,-0.8881050291035539,0.7968214946789021,-0.09562381656049225,0.10767174312368681,-0.8544825070973893,-3.469514436601065,1086,71.1575663026521,-13.438320269945523,11.956707354363864,0.19521178637200737,1.1474927821354732,0.22592587936051942,0.7968214946789021,-1.5901104627209877,-4.101002092373702,-2.4768873072703625
XNGUSD|orb|08:00|60|16:55|mid|trend,XNGUSD,A_orb,range,08:00,60.0,16:55,mid,trend,2006,-1.3192640031834144,1.0152312470222473,-0.25089209357421255,0.19017580481905377,-0.9024604609971082,-3.7221760176748875,1398,175.6211365902293,-14.285985072492178,10.905002051971337,0.24606580829756797,1840,-2.703293642911291,0.3351410933953698,-0.4090483894474256,0.15131481943149327,-0.9576450754830358,-7.304691250942035,1335,182.83695652173913,-22.372303566472358,2.733314411055727,0.24719101123595505,3846,-1.8905824003368477,0.7243429706424468,-0.3265570921198995,0.17272830428428637,-0.9950140519141141,-7.385841445097541,2733,179.0733229329173,-18.23594306351433,6.913343434839124,0.24661544090742774,1.0152312470222473,0.3351410933953698,0.7243429706424468,-3.5835204574683024,-5.58059190865891,-4.403973969289646
XNGUSD|orb|08:00|60|16:55|mid|trend+narrow1.0,XNGUSD,A_orb,range,08:00,60.0,16:55,mid,trend+narrow1.0,2006,-0.9999547972691291,0.9094469903585802,-0.14687657643063648,0.14688321595311665,-0.7421222710430515,-2.8212759206442497,878,110.29710867397806,-13.316448472351341,12.017264511703326,0.20842824601366744,1840,-2.1410045131019686,0.4459455381220962,-0.2489175241897716,0.11626202685071901,-0.8631787135868736,-5.785304521428407,867,118.74130434782609,-20.9630107700875,4.282663970396924,0.223760092272203,3846,-1.469876362215639,0.7105326364908121,-0.19569491857229235,0.13313699274496044,-0.9624719007973498,-5.742290710675819,1745,114.33697347893916,-17.115628708533148,8.174342638171721,0.2160458452722063,0.9094469903585802,0.4459455381220962,0.7105326364908121,-2.828966305006948,-4.504888699669082,-3.522015146241828
XNGUSD|orb|08:00|60|16:55|opp_rev|none,XNGUSD,A_orb,range,08:00,60.0,16:55,opp_rev,none,2006,-0.5358461058388192,1.94827803075256,-0.2095647648137537,0.39109132739837454,-0.9020349838904465,-1.5118380547827617,3055,383.7786640079761,-5.460563196118643,19.133217491279055,0.3711947626841244,1840,-2.7443758212737674,0.564014790059669,-0.7578073139639637,0.2761310269860332,-0.9978717367311426,-7.415701251517053,2709,371.01521739130436,-20.425235366147138,3.9900470258794374,0.3558508674787745,3846,-1.382293591763162,1.3850193121793029,-0.4718544919162983,0.3413562030005739,-0.99978677294371,-5.400135586535704,5764,377.6723868954758,-12.493751417598029,12.016137548397799,0.36398334489937545,1.94827803075256,0.564014790059669,1.3850193121793029,-2.8405550549659178,-5.720211090800619,-3.926311134160288
XNGUSD|orb|08:00|60|16:55|opp_rev|narrow1.0,XNGUSD,A_orb,range,08:00,60.0,16:55,opp_rev,narrow1.0,2006,-0.5389807979698121,1.5527820514242592,-0.15378299289881145,0.28532183980963405,-0.8189846382959574,-1.5206822859939682,1866,234.41276171485544,-6.560350715285555,18.24350780561476,0.3317256162915327,1840,-2.539598178305818,0.3420369811370194,-0.5168800348070796,0.2035282743634245,-0.9836360451426891,-6.862362378805622,1723,235.97608695652175,-21.903915836281918,2.765846206666426,0.3267556587347649,3846,-1.3110956316057287,1.064145552929834,-0.32749556625066084,0.24978770301413453,-0.9970189102948727,-5.1219901616954635,3589,235.16068642745708,-13.926459019402781,10.81302273038824,0.3293396489272778,1.5527820514242592,0.3420369811370194,1.064145552929834,-2.457657985570497,-4.971974418142883,-3.4326298159117834
XNGUSD|orb|08:00|60|16:55|opp_rev|narrow0.75,XNGUSD,A_orb,range,08:00,60.0,16:55,opp_rev,narrow0.75,2006,-0.11137728614647734,1.4420564025712188,-0.021112080525495645,0.18955463233078054,-0.5179174492340934,-0.3142402600296638,916,115.07078763708873,-1.8347037470603866,23.05175913503568,0.32096069868995636,1840,-1.887140628962052,0.33379469243483906,-0.2541122071082552,0.1346546214989922,-0.8583519766948814,-5.099327510285092,870,119.15217391304348,-21.32669499540182,3.4939946597705878,0.3045977011494253,3846,-0.8000579087745029,0.9983352803846395,-0.13258379995146488,0.16571775429925006,-0.9314366173883124,-3.125545260577882,1786,117.02340093603743,-11.329682686622002,13.52474060565123,0.31298992161254197,1.4420564025712188,0.33379469243483906,0.9983352803846395,-1.5380040516523494,-3.6507480652170465,-2.3763893291841085
XNGUSD|orb|08:00|60|16:55|opp_rev|trend,XNGUSD,A_orb,range,08:00,60.0,16:55,opp_rev,trend,2006,-0.949026588951537,0.8524263146878767,-0.2285531529747402,0.24082903011942008,-0.88387582683363,-2.67758689770004,1398,175.6211365902293,-13.01398894302884,11.6169123445248,0.3590844062947067,1840,-2.261766800190875,0.13716798764768562,-0.4222044666872962,0.18667020253885835,-0.9661604674528176,-6.111621724983135,1335,182.83695652173913,-23.091855974811992,1.384548519570024,0.3543071161048689,3846,-1.482418742072759,0.5514649015498938,-0.32119964731460054,0.21667268376915574,-0.9956316428371362,-5.791289383757917,2733,179.0733229329173,-17.936767021122694,6.618666568339426,0.3567508232711306,0.8524263146878767,0.13716798764768562,0.5514649015498938,-2.7133352269895905,-4.56852851238033,-3.4610526945250064
XNGUSD|orb|08:00|60|16:55|opp_rev|trend+narrow1.0,XNGUSD,A_orb,range,08:00,60.0,16:55,opp_rev,trend+narrow1.0,2006,-0.7231752650527997,0.7433569421784469,-0.13551486289650325,0.18738868631881261,-0.7291628342134764,-2.0403691919584483,878,110.29710867397806,-12.286347713525757,12.551921079184943,0.31890660592255127,1840,-1.7117412360672613,0.3124895667682943,-0.24852727968455196,0.14518974857177908,-0.8748252646305754,-4.625372927489824,867,118.74130434782609,-20.930145668313266,3.765356061790535,0.3333333333333333,3846,-1.1248525170550947,0.5604995053803864,-0.18958216578002107,0.16853957554929438,-0.9643784006650089,-4.394403723745425,1745,114.33697347893916,-16.581002628597833,8.186332614955171,0.3260744985673352,0.7433569421784469,0.3124895667682943,0.5604995053803864,-2.148782421102836,-3.614947195689159,-2.743457896277525
XNGUSD|orb|08:00|60|16:55|mid_rev|none,XNGUSD,A_orb,range,08:00,60.0,16:55,mid_rev,none,2006,-1.2135057327821075,1.888744976540757,-0.3861330739644899,0.3181963327682298,-0.9690367735946421,-3.4237892680867597,3055,383.7786640079761,-10.061348120083741,15.132432567313966,0.2448445171849427,1840,-3.4042160498924927,0.7316163861257435,-0.7718643736925385,0.22673777527043693,-0.9978394784385017,-9.19868518951796,2709,371.01521739130436,-20.804116314142025,4.270080806566721,0.25249169435215946,3846,-2.0494886128280094,1.4122809122230697,-0.5706743094038058,0.27844717254435225,-0.9999314699887469,-8.006632207717349,5764,377.6723868954758,-15.110300069720083,10.027278001064088,0.24843858431644691,1.888744976540757,0.7316163861257435,1.4122809122230697,-4.0992447447972085,-7.137053718322336,-5.240481745261258
XNGUSD|orb|08:00|60|16:55|mid_rev|narrow1.0,XNGUSD,A_orb,range,08:00,60.0,16:55,mid_rev,narrow1.0,2006,-1.1658082464694752,1.487593004098815,-0.2661777899745404,0.22832038697670154,-0.9040587829560491,-3.2892154153720248,1866,234.41276171485544,-11.35508954492523,13.9793155997693,0.20793140407288319,1840,-3.116148401812381,0.5549499543889994,-0.5105651158250024,0.16384492969848707,-0.9818031108855025,-8.42028465055761,1723,235.97608695652175,-21.63630740766852,3.6097750067249716,0.2211259431224608,3846,-1.9135173576852362,1.105959545927929,-0.3830973634443402,0.20020584705213723,-0.9982512311267346,-7.475440268452234,3589,235.16068642745708,-16.290876220184824,9.001127123364904,0.21426581220395655,1.487593004098815,0.5549499543889994,1.105959545927929,-3.561216159656188,-6.12533822812955,-4.555578679459776
XNGUSD|orb|08:00|60|16:55|mid_rev|narrow0.75,XNGUSD,A_orb,range,08:00,60.0,16:55,mid_rev,narrow0.75,2006,-0.4660273832340939,1.4519555497603789,-0.07236823977648117,0.1552875268278588,-0.5156866841556922,-1.3148512695472716,916,115.07078763708873,-6.28901924306947,19.069059359550614,0.2074235807860262,1840,-2.463209295750314,0.431314878814896,-0.26017140671720296,0.10562293962030239,-0.8627877289306181,-6.655948545985189,870,119.15217391304348,-21.835221143936025,3.495813338822592,0.2,3846,-1.2109353117134833,1.0492626908276128,-0.16221686878608288,0.13395997888321937,-0.9310528776894837,-4.730698969265783,1786,117.02340093603743,-13.861917145507265,11.482987669722293,0.2038073908174692,1.4519555497603789,0.431314878814896,1.0492626908276128,-2.2006192090491137,-4.585285298040259,-3.1288087384396426
XNGUSD|orb|08:00|60|16:55|mid_rev|trend,XNGUSD,A_orb,range,08:00,60.0,16:55,mid_rev,trend,2006,-1.3192640031834144,1.0152312470222473,-0.25089209357421255,0.19017580481905377,-0.9024604609971082,-3.7221760176748875,1398,175.6211365902293,-14.285985072492178,10.905002051971337,0.24606580829756797,1840,-2.703293642911291,0.3351410933953698,-0.4090483894474256,0.15131481943149327,-0.9576450754830358,-7.304691250942035,1335,182.83695652173913,-22.372303566472358,2.733314411055727,0.24719101123595505,3846,-1.8905824003368477,0.7243429706424468,-0.3265570921198995,0.17272830428428637,-0.9950140519141141,-7.385841445097541,2733,179.0733229329173,-18.23594306351433,6.913343434839124,0.24661544090742774,1.0152312470222473,0.3351410933953698,0.7243429706424468,-3.5835204574683024,-5.58059190865891,-4.403973969289646
XNGUSD|orb|08:00|60|16:55|mid_rev|trend+narrow1.0,XNGUSD,A_orb,range,08:00,60.0,16:55,mid_rev,trend+narrow1.0,2006,-0.9999547972691291,0.9094469903585802,-0.14687657643063648,0.14688321595311665,-0.7421222710430515,-2.8212759206442497,878,110.29710867397806,-13.316448472351341,12.017264511703326,0.20842824601366744,1840,-2.1410045131019686,0.4459455381220962,-0.2489175241897716,0.11626202685071901,-0.8631787135868736,-5.785304521428407,867,118.74130434782609,-20.9630107700875,4.282663970396924,0.223760092272203,3846,-1.469876362215639,0.7105326364908121,-0.19569491857229235,0.13313699274496044,-0.9624719007973498,-5.742290710675819,1745,114.33697347893916,-17.115628708533148,8.174342638171721,0.2160458452722063,0.9094469903585802,0.4459455381220962,0.7105326364908121,-2.828966305006948,-4.504888699669082,-3.522015146241828
XNGUSD|orb|09:00|15|14:30|none|none,XNGUSD,A_orb,range,09:00,15.0,14:30,none,none,2006,-0.4344315232130277,1.039080470297909,-0.16968780473859713,0.3905973569403919,-0.8986819307597413,-1.2257066008953255,1992,250.24127617148554,-6.780967845700773,16.219032154299207,0.4738955823293173,1840,-2.607124144178331,-0.46122481563948864,-0.7014887763626756,0.2690661194362722,-0.9965019960708074,-7.0448273261167635,1833,251.0413043478261,-27.943161711378757,-4.943161711378774,0.4097108565193672,3846,-1.2535676595473395,0.45023742707806746,-0.42411156651402737,0.33832363437580476,-0.9995632484752857,-4.89724857931029,3825,250.6240249609984,-16.922223102115872,6.077776897884112,0.44313725490196076,1.039080470297909,-0.46122481563948864,0.45023742707806746,-1.907864562187786,-4.752477464163875,-2.9571348669718156
XNGUSD|orb|09:00|15|14:30|none|narrow1.0,XNGUSD,A_orb,range,09:00,15.0,14:30,none,narrow1.0,2006,-0.6512518002161851,0.45522058617039546,-0.19916710148018726,0.3058219592085168,-0.8611508793898839,-1.8374440797163687,1171,147.1046859421735,-13.539140524624713,9.460859475375267,0.4551665243381725,1840,-2.3569857294045886,-0.6646954109789557,-0.4768959518838406,0.20233298230630867,-0.9767687934034974,-6.368917073187491,1090,149.2826086956522,-31.945847949114125,-8.945847949114134,0.4018348623853211,3846,-1.2693284604670712,0.03333113129456277,-0.33203789834516967,0.26158548294346967,-0.9967045757493906,-4.958820493139671,2261,148.1466458658346,-22.41278541303403,0.5872145869659601,0.4294559929234852,0.45522058617039546,-0.6646954109789557,0.03333113129456277,-1.7509914283838148,-3.995008021758062,-2.5541943165988434
XNGUSD|orb|09:00|15|14:30|none|narrow0.75,XNGUSD,A_orb,range,09:00,15.0,14:30,none,narrow0.75,2006,-0.8803312546989256,-0.039120217412641906,-0.21072354600121418,0.23936847053474425,-0.8532030315160557,-2.483769644243393,697,87.5593220338983,-24.066374785272227,-1.0663747852722452,0.430416068866571,1840,-1.921147691290555,-0.6552220034935208,-0.3064148569806786,0.15949573183248636,-0.9112873224338263,-5.191219521836502,645,88.33695652173914,-34.68705160849322,-11.687051608493228,0.40310077519379844,3846,-1.2508065716892716,-0.26607763813439045,-0.2565041003959658,0.20507095677435183,-0.9864002962503763,-4.8864619787727825,1342,87.93135725429016,-29.17094747601555,-6.170947476015564,0.4172876304023845,-0.039120217412641906,-0.6552220034935208,-0.26607763813439045,-1.707773961494705,-3.1210682086740604,-2.2090512287432484
XNGUSD|orb|09:00|15|14:30|none|trend,XNGUSD,A_orb,range,09:00,15.0,14:30,none,trend,2006,-1.7098102554068562,-0.3793272349767433,-0.5793540229443703,0.3388411205935309,-0.9944433581348869,-4.824064563342119,1561,196.0977068793619,-29.54415082991181,-6.544150829911823,0.44714926329276106,1840,-2.143381852462319,-0.1854787083746435,-0.4967977731577725,0.23178220557715873,-0.9794754550156494,-5.7917284369625595,1441,197.35434782608695,-25.172882109268844,-2.1728821092688544,0.41429562803608605,3846,-1.845500081178173,-0.2995022586491524,-0.5398575331868717,0.2925264207207322,-0.9998721958694464,-7.2097206575434365,3002,196.69890795631824,-27.445883599250077,-4.445883599250092,0.43137908061292474,-0.3793272349767433,-0.1854787083746435,-0.2995022586491524,-3.0300666506025937,-4.074450204427969,-3.3768248355498436
XNGUSD|orb|09:00|15|14:30|none|trend+narrow1.0,XNGUSD,A_orb,range,09:00,15.0,14:30,none,trend+narrow1.0,2006,-1.3689020982145657,-0.34259809373048955,-0.3760581828164022,0.2747151774454054,-0.9632558258564783,-3.8622251105343786,977,122.73379860418744,-30.640148605615778,-7.6401486056157975,0.4390992835209826,1840,-1.8002952931575769,-0.22523453665358373,-0.32445408293198547,0.18022270244506303,-0.9190498639479414,-4.864658825179585,902,123.53478260869565,-26.26418860182192,-3.264188601821938,0.4124168514412417,3846,-1.4997341798527286,-0.2924155018448434,-0.3513697938961404,0.23428804825308736,-0.9970255541039614,-5.858934717794942,1879,123.11700468018721,-28.539501493629587,-5.539501493629602,0.4262905800957956,-0.34259809373048955,-0.22523453665358373,-0.2924155018448434,-2.377313024786133,-3.3213438749698887,-2.6801978173519196
XNGUSD|orb|09:00|15|14:30|opp|none,XNGUSD,A_orb,range,09:00,15.0,14:30,opp,none,2006,-0.8219595416274831,1.5841103243696912,-0.21395735717911682,0.26030156758747575,-0.8654594833584316,-2.319079491263515,1992,250.24127617148554,-8.550042600985455,16.373150170098874,0.2956827309236948,1840,-3.2018324318272775,0.10925516606455217,-0.6037674545352285,0.1885693481437628,-0.9928374082313468,-8.651815319094682,1833,251.0413043478261,-24.050522526710928,0.8136345927653361,0.27277686852154936,3846,-1.7478771741202002,0.9823615750043775,-0.40044996745869194,0.22910646891436168,-0.9990422812218834,-6.828342245890385,3825,250.6240249609984,-15.978115726176252,8.916786234608058,0.2847058823529412,1.5841103243696912,0.10925516606455217,0.9823615750043775,-3.1969972524166828,-6.455105017702979,-4.438900205660044
XNGUSD|orb|09:00|15|14:30|opp|narrow1.0,XNGUSD,A_orb,range,09:00,15.0,14:30,opp,narrow1.0,2006,-1.1483046244869717,0.91376656472921,-0.20712325894995504,0.18037309485058597,-0.830748808969725,-3.2398306358218294,1171,147.1046859421735,-14.07999056069327,11.118130703183754,0.23569598633646455,1840,-3.0734650583406626,-0.008786273867892339,-0.37620130589479617,0.12240298775282125,-0.9499536518365885,-8.304948069777195,1090,149.2826086956522,-25.20061172442205,-0.07033649506425829,0.22935779816513763,3846,-1.852971891394437,0.5524577379396634,-0.2880134322152977,0.15543324405129308,-0.9915070950096274,-7.238910395877695,2261,148.1466458658346,-19.4411038152109,5.724309718623677,0.232640424590889,0.91376656472921,-0.008786273867892339,0.5524577379396634,-3.14209435974244,-5.856711919886617,-4.135462201177711
XNGUSD|orb|09:00|15|14:30|opp|narrow0.75,XNGUSD,A_orb,range,09:00,15.0,14:30,opp,narrow0.75,2006,-1.3018641111075244,0.4574068499290056,-0.16449808810257424,0.12635580526344806,-0.7486032721583527,-3.6730839020416792,697,87.5593220338983,-18.78704451810275,6.515681450333401,0.20373027259684362,1840,-2.736992734875767,-0.17964265861663808,-0.23807799969820123,0.08698525087937717,-0.8429388614804085,-7.395751081931206,645,88.33695652173914,-26.951120920677383,-1.699958129979716,0.20310077519379846,3846,-1.8268351358463841,0.21085921991989445,-0.1997001258914337,0.10931480458903667,-0.9596573893045987,-7.136803271463124,1342,87.93135725429016,-22.710911343483257,2.5670320246240417,0.20342771982116245,0.4574068499290056,-0.17964265861663808,0.21085921991989445,-2.9513470941059974,-4.8935565430468095,-3.6763282514762055
XNGUSD|orb|09:00|15|14:30|opp|trend,XNGUSD,A_orb,range,09:00,15.0,14:30,opp,trend,2006,-1.556581732900158,0.8217551401125751,-0.321334362610379,0.20643590748793014,-0.9351054046803953,-4.391745080416839,1561,196.0977068793619,-16.38644162259694,8.581527627883517,0.2754644458680333,1840,-2.79085537725016,0.19346633616793776,-0.45880029492385166,0.1643941490712103,-0.9730550466719969,-7.54129574872557,1441,197.35434782608695,-23.247539260100652,1.590767471335845,0.28313671061762663,3846,-2.0642270009905976,0.5535675947818564,-0.3871006952824512,0.1875281619205089,-0.9982357929091203,-8.064209913987005,3002,196.69890795631824,-19.679859908953652,5.225869604703904,0.279147235176549,0.8217551401125751,0.19346633616793776,0.5535675947818564,-3.872840451394411,-5.645689764204178,-4.596917869073701
XNGUSD|orb|09:00|15|14:30|opp|trend+narrow1.0,XNGUSD,A_orb,range,09:00,15.0,14:30,opp,trend+narrow1.0,2006,-1.2361380588571758,0.7377588438359899,-0.19420609859223656,0.15710712666818336,-0.8065009209726799,-3.487644191087418,977,122.73379860418744,-15.823359237706395,9.356784058097078,0.23541453428863868,1840,-2.673375016354642,0.08567725865460878,-0.3003050160378072,0.11233179565181124,-0.8999629421643364,-7.223846785442833,902,123.53478260869565,-24.3093491319803,0.7593870099265634,0.24168514412416853,3846,-1.7810511253628754,0.47492004696351975,-0.24496585108829738,0.13754004452757498,-0.9806429214401964,-6.957941222344488,1879,123.11700468018721,-19.89699568509068,5.229667433589465,0.23842469398616284,0.7377588438359899,0.08567725865460878,0.47492004696351975,-3.12473278294097,-5.147128491326412,-3.8949167374750218
XNGUSD|orb|09:00|15|14:30|mid|none,XNGUSD,A_orb,range,09:00,15.0,14:30,mid,none,2006,-1.244404765008605,1.6829699215775147,-0.2709658581378012,0.21774736464941732,-0.9040973295459432,-3.5109679043910225,1992,250.24127617148554,-10.828183994398808,14.54229793331203,0.19477911646586346,1840,-3.9828447937065454,0.2227125231696699,-0.6037049113051897,0.15157630853683485,-0.9907650971461843,-10.762223924411066,1833,251.0413043478261,-24.048031174532785,1.3316742264492043,0.18166939443535188,3846,-2.272717373654577,1.0959034808155255,-0.4301545887223031,0.189268843415671,-0.9991195095004343,-8.878708575907845,3825,250.6240249609984,-17.163342133270856,8.211559827513453,0.18849673202614378,1.6829699215775147,0.2227125231696699,1.0959034808155255,-4.130169808388984,-8.104941822045033,-5.5875699989731356
XNGUSD|orb|09:00|15|14:30|mid|narrow1.0,XNGUSD,A_orb,range,09:00,15.0,14:30,mid,narrow1.0,2006,-1.0116705313765013,1.4441146105503633,-0.15504707991664796,0.15325847210918309,-0.7344196948728076,-2.8543307333418526,1171,147.1046859421735,-10.539914410177024,14.9579506624105,0.16225448334756618,1840,-4.020108900350419,0.0347284196664411,-0.3780367199062093,0.09403643763810907,-0.9430584693410747,-10.862916941793566,1090,149.2826086956522,-25.323560675237555,0.2113017100835395,0.14311926605504588,3846,-2.035915997059637,0.9164264922322617,-0.261729590988097,0.12855618373552682,-0.9848774509131932,-7.95360876476,2261,148.1466458658346,-17.66692654149767,7.8487744757513305,0.15302963290579388,1.4441146105503633,0.0347284196664411,0.9164264922322617,-3.382735831930634,-7.505288138278848,-4.801309180045874
XNGUSD|orb|09:00|15|14:30|mid|narrow0.75,XNGUSD,A_orb,range,09:00,15.0,14:30,mid,narrow0.75,2006,-1.0317351560831998,1.0375836471576805,-0.1119577517200157,0.10851404167038714,-0.6135614365751041,-2.910941134828367,697,87.5593220338983,-12.78650280968046,12.761560318009634,0.14347202295552366,1840,-3.5207588412816837,-0.06345095300174576,-0.2298335104041062,0.06527953795336874,-0.825881419266568,-9.513600704098971,645,88.33695652173914,-26.0178207914086,-0.4410766053620914,0.13023255813953488,3846,-1.8600154286322998,0.6361768566836663,-0.16835177043523322,0.09051095375000467,-0.930901222297871,-7.266427022099449,1342,87.93135725429016,-19.14581733890151,6.41603064917598,0.13710879284649777,1.0375836471576805,-0.06345095300174576,0.6361768566836663,-2.9783030826890973,-6.1428453838959065,-4.082975001771418
XNGUSD|orb|09:00|15|14:30|mid|trend,XNGUSD,A_orb,range,09:00,15.0,14:30,mid,trend,2006,-2.043134547910783,0.957395635466675,-0.34051936901175694,0.16666517110190154,-0.94221606017247,-5.764506874109902,1561,196.0977068793619,-17.364780773354084,8.05674389032304,0.1780909673286355,1840,-3.451838781936987,0.3021667762787303,-0.4611219641853993,0.13358734092634603,-0.9719539196070041,-9.327368714159679,1441,197.35434782608695,-23.36517889090289,2.012336723253944,0.183206106870229,3846,-2.6238161586564948,0.6763914000493308,-0.3982179584864064,0.15177052598468294,-0.9983299231351926,-10.250328219213806,3002,196.69890795631824,-20.245051821784404,5.155347911726581,0.18054630246502332,0.957395635466675,0.3021667762787303,0.6763914000493308,-4.936281183384035,-6.983523038181325,-5.776897713082539
XNGUSD|orb|09:00|15|14:30|mid|trend+narrow1.0,XNGUSD,A_orb,range,09:00,15.0,14:30,mid,trend+narrow1.0,2006,-1.3963803981297929,1.0739944727171262,-0.17775964878939543,0.12730030371915374,-0.7720656879958299,-3.9397524808743065,977,122.73379860418744,-14.483349396091342,11.03149195498337,0.15455475946775846,1840,-3.2984424628695246,0.24725791137812775,-0.29371113087119566,0.08904540072397617,-0.8925244367838624,-8.912869626072423,902,123.53478260869565,-23.775581635298984,1.7222010698007888,0.15188470066518847,3846,-2.1067581158876942,0.7425035231158145,-0.23323305675364722,0.11070708829588309,-0.9753878649573037,-8.230364042501698,1879,123.11700468018721,-18.944016495487453,6.562635979233137,0.15327301756253325,1.0739944727171262,0.24725791137812775,0.7425035231158145,-3.727891157217801,-6.319744176182177,-4.711228412990411
XNGUSD|orb|09:00|15|14:30|opp_rev|none,XNGUSD,A_orb,range,09:00,15.0,14:30,opp_rev,none,2006,-1.39543654861136,1.7699808807716886,-0.452868836825233,0.32453559946949656,-0.9820654548868336,-3.937089500581259,3205,402.6221335992024,-11.247986611586777,13.70739560370183,0.28330733229329175,1840,-3.5657577446536597,0.613695230864934,-0.8515670195888215,0.2388179681767848,-0.9989134455463948,-9.635194263357768,2914,399.0913043478261,-21.337649062046275,3.4825293868212537,0.28757721345229925,3846,-2.2427140452478933,1.2904838574443542,-0.6436136772529509,0.2869798218888894,-0.9999806332576661,-8.761496109316877,6119,400.9329173166926,-16.05290185601217,8.838093404651332,0.2853407419512992,1.7699808807716886,0.613695230864934,1.2904838574443542,-4.309441003454259,-7.296666776949417,-5.463169454356952
XNGUSD|orb|09:00|15|14:30|opp_rev|narrow1.0,XNGUSD,A_orb,range,09:00,15.0,14:30,opp_rev,narrow1.0,2006,-1.446729647410424,1.296276381662411,-0.34007660811345086,0.2350657627858609,-0.9463713804567546,-4.081808026790877,2000,251.24626121635094,-13.535588807055206,11.628911192944791,0.24,1840,-3.1426587055195925,0.6335997778205285,-0.5297352443800674,0.1685627661220958,-0.9845796166899704,-8.491919333699666,1834,251.17826086956524,-21.090011633417372,3.9546993807592874,0.25463467829880043,3846,-2.091254872023837,1.021733699888537,-0.430812929156242,0.20600689802066913,-0.9991730261302554,-8.169798313632787,3834,251.21372854914196,-17.149258985341124,7.957939762702689,0.24700052164840897,1.296276381662411,0.6335997778205285,1.021733699888537,-3.890857743396412,-6.202022986084969,-4.7811112444113775
XNGUSD|orb|09:00|15|14:30|opp_rev|narrow0.75,XNGUSD,A_orb,range,09:00,15.0,14:30,opp_rev,narrow0.75,2006,-1.3624848551381143,0.9065796408917208,-0.2352460897390138,0.1726595997393065,-0.8640869434057469,-3.8441194787418644,1213,152.38085742771685,-15.43803425903445,9.8348429050216,0.2110469909315746,1840,-2.5097766089485876,0.5569375248692188,-0.3191846165133788,0.1271765046240884,-0.91879027145814,-6.781780175927163,1116,152.84347826086957,-20.883103430072573,4.283563236594091,0.23207885304659498,3846,-1.804696260806876,0.7579641807844221,-0.2754038872597708,0.1526040105699772,-0.9882958584986935,-7.050314462096496,2329,152.6021840873635,-18.04717861063537,7.174805073349166,0.2211249463288965,0.9065796408917208,0.5569375248692188,0.7579641807844221,-3.32674966206189,-4.859564664917528,-3.9339145937632565
XNGUSD|orb|09:00|15|14:30|opp_rev|trend,XNGUSD,A_orb,range,09:00,15.0,14:30,opp_rev,trend,2006,-1.556581732900158,0.8217551401125751,-0.321334362610379,0.20643590748793014,-0.9351054046803953,-4.391745080416839,1561,196.0977068793619,-16.38644162259694,8.581527627883517,0.2754644458680333,1840,-2.79085537725016,0.19346633616793776,-0.45880029492385166,0.1643941490712103,-0.9730550466719969,-7.54129574872557,1441,197.35434782608695,-23.247539260100652,1.590767471335845,0.28313671061762663,3846,-2.0642270009905976,0.5535675947818564,-0.3871006952824512,0.1875281619205089,-0.9982357929091203,-8.064209913987005,3002,196.69890795631824,-19.679859908953652,5.225869604703904,0.279147235176549,0.8217551401125751,0.19346633616793776,0.5535675947818564,-3.872840451394411,-5.645689764204178,-4.596917869073701
XNGUSD|orb|09:00|15|14:30|opp_rev|trend+narrow1.0,XNGUSD,A_orb,range,09:00,15.0,14:30,opp_rev,trend+narrow1.0,2006,-1.2361380588571758,0.7377588438359899,-0.19420609859223656,0.15710712666818336,-0.8065009209726799,-3.487644191087418,977,122.73379860418744,-15.823359237706395,9.356784058097078,0.23541453428863868,1840,-2.673375016354642,0.08567725865460878,-0.3003050160378072,0.11233179565181124,-0.8999629421643364,-7.223846785442833,902,123.53478260869565,-24.3093491319803,0.7593870099265634,0.24168514412416853,3846,-1.7810511253628754,0.47492004696351975,-0.24496585108829738,0.13754004452757498,-0.9806429214401964,-6.957941222344488,1879,123.11700468018721,-19.89699568509068,5.229667433589465,0.23842469398616284,0.7377588438359899,0.08567725865460878,0.47492004696351975,-3.12473278294097,-5.147128491326412,-3.8949167374750218
XNGUSD|orb|09:00|15|14:30|mid_rev|none,XNGUSD,A_orb,range,09:00,15.0,14:30,mid_rev,none,2006,-1.9478056358937457,1.9360059868066626,-0.5222564319119184,0.26812553690567914,-0.988168541425745,-5.495545552308776,3205,402.6221335992024,-12.971379075543028,12.42487677469097,0.18627145085803432,1840,-4.780642976467055,0.5391989841784834,-0.9136623024418704,0.19111703319813195,-0.9990446008694717,-12.917990250762534,2914,399.0913043478261,-22.8935657702422,2.4547526923521645,0.19011667810569663,3846,-3.022362352400171,1.366069628265327,-0.7095124906157957,0.23475427757771838,-0.9999887621101294,-11.8073082244299,6119,400.9329173166926,-17.696538746788885,7.676888283771658,0.18810263114888054,1.9360059868066626,0.5391989841784834,1.366069628265327,-5.532772255828547,-9.513665512573008,-7.027432907788942
XNGUSD|orb|09:00|15|14:30|mid_rev|narrow1.0,XNGUSD,A_orb,range,09:00,15.0,14:30,mid_rev,narrow1.0,2006,-1.538208858530954,1.7871952551979315,-0.3025655960779429,0.19669994383396297,-0.9227718172742229,-4.339907789178857,2000,251.24626121635094,-12.042590986753048,13.453409013246945,0.161,1840,-4.276525142862383,0.5860416070176997,-0.5682271586963578,0.13287123066369474,-0.986198465333845,-11.555790795208699,1834,251.17826086956524,-22.622465683502494,2.8540882968682753,0.1613958560523446,3846,-2.5366861183656613,1.3091026058726747,-0.429663171537611,0.16937971490711468,-0.9989341325589061,-9.909941752811497,3834,251.21372854914196,-17.10349088081629,8.383207084754908,0.16118935837245696,1.7871952551979315,0.5860416070176997,1.3091026058726747,-4.4764504786523345,-7.956736753936117,-5.781768459413885
XNGUSD|orb|09:00|15|14:30|mid_rev|narrow0.75,XNGUSD,A_orb,range,09:00,15.0,14:30,mid_rev,narrow0.75,2006,-1.3433902126868755,1.4295174829181239,-0.19249726487089666,0.14329214479379637,-0.8007627548630345,-3.7902457885429532,1213,152.38085742771685,-12.632640878937785,12.912289046866,0.14179719703215168,1840,-3.3224020678144877,0.6304486577623833,-0.33291019873226774,0.10020165890134414,-0.9247858633182664,-8.97761195144889,1116,152.84347826086957,-21.781118993122142,3.753827243436994,0.14695340501792115,3846,-2.083829554804933,1.1048977693028734,-0.2596734994795609,0.12461359849743994,-0.9838739211427511,-8.140790207110372,2329,152.6021840873635,-17.01636847680371,8.523777508597744,0.14426792614856163,1.4295174829181239,0.6304486577623833,1.1048977693028734,-3.70661400447946,-6.048285906197992,-4.626579496684232
XNGUSD|orb|09:00|15|14:30|mid_rev|trend,XNGUSD,A_orb,range,09:00,15.0,14:30,mid_rev,trend,2006,-2.043134547910783,0.957395635466675,-0.34051936901175694,0.16666517110190154,-0.94221606017247,-5.764506874109902,1561,196.0977068793619,-17.364780773354084,8.05674389032304,0.1780909673286355,1840,-3.451838781936987,0.3021667762787303,-0.4611219641853993,0.13358734092634603,-0.9719539196070041,-9.327368714159679,1441,197.35434782608695,-23.36517889090289,2.012336723253944,0.183206106870229,3846,-2.6238161586564948,0.6763914000493308,-0.3982179584864064,0.15177052598468294,-0.9983299231351926,-10.250328219213806,3002,196.69890795631824,-20.245051821784404,5.155347911726581,0.18054630246502332,0.957395635466675,0.3021667762787303,0.6763914000493308,-4.936281183384035,-6.983523038181325,-5.776897713082539
XNGUSD|orb|09:00|15|14:30|mid_rev|trend+narrow1.0,XNGUSD,A_orb,range,09:00,15.0,14:30,mid_rev,trend+narrow1.0,2006,-1.3963803981297929,1.0739944727171262,-0.17775964878939543,0.12730030371915374,-0.7720656879958299,-3.9397524808743065,977,122.73379860418744,-14.483349396091342,11.03149195498337,0.15455475946775846,1840,-3.2984424628695246,0.24725791137812775,-0.29371113087119566,0.08904540072397617,-0.8925244367838624,-8.912869626072423,902,123.53478260869565,-23.775581635298984,1.7222010698007888,0.15188470066518847,3846,-2.1067581158876942,0.7425035231158145,-0.23323305675364722,0.11070708829588309,-0.9753878649573037,-8.230364042501698,1879,123.11700468018721,-18.944016495487453,6.562635979233137,0.15327301756253325,1.0739944727171262,0.24725791137812775,0.7425035231158145,-3.727891157217801,-6.319744176182177,-4.711228412990411
XNGUSD|orb|09:00|15|16:55|none|none,XNGUSD,A_orb,range,09:00,15.0,16:55,none,none,2006,-0.296554573894499,1.101272965261306,-0.12235034309158856,0.4125727736545228,-0.8628012701126881,-0.8367000996148884,1996,250.74376869391824,-4.879496855650322,18.12050314434966,0.4879759519038076,1840,-2.6506705020327925,-0.542052280640584,-0.7262109509332566,0.2739725478426411,-0.9974244111731048,-7.1624958968486165,1834,251.17826086956524,-28.912173705604722,-5.912173705604735,0.40130861504907306,3846,-1.1630850850267338,0.4693122288754879,-0.41124881382187173,0.35358446180437364,-0.9995670380346785,-4.543764939118597,3830,250.95163806552262,-16.387572402077573,6.612427597922412,0.4464751958224543,1.101272965261306,-0.542052280640584,0.4693122288754879,-1.6943475370830938,-4.758829526298351,-2.7953282352676996
XNGUSD|orb|09:00|15|16:55|none|narrow1.0,XNGUSD,A_orb,range,09:00,15.0,16:55,none,narrow1.0,2006,-0.5288183768734035,0.5239110036568355,-0.16995960771041851,0.3213950481738006,-0.8316418074649347,-1.4920099959934148,1171,147.1046859421735,-11.553650152057646,11.446349847942338,0.47566182749786506,1840,-2.2104687760142263,-0.5488612209774811,-0.4558184438848772,0.20620894935543016,-0.9746703297094306,-5.973007028286615,1090,149.2826086956522,-30.533928088982602,-7.533928088982614,0.40091743119266054,3846,-1.125380429856008,0.1250301731479417,-0.3067199453497852,0.2725477866973659,-0.9956329363941384,-4.396466093649899,2261,148.1466458658346,-20.703806256103732,2.296193743896254,0.43962848297213625,0.5239110036568355,-0.5488612209774811,0.1250301731479417,-1.576593682795176,-3.822970823514681,-2.3612382386065125
XNGUSD|orb|09:00|15|16:55|none|narrow0.75,XNGUSD,A_orb,range,09:00,15.0,16:55,none,narrow0.75,2006,-0.8063103923130961,-0.00792071208860589,-0.2033794713461338,0.2522347141808388,-0.8491194351701139,-2.2749269273078028,697,87.5593220338983,-23.227620614444238,-0.22762061444425527,0.4490674318507891,1840,-1.7352298038132548,-0.49009344168129915,-0.2820068853317574,0.16251846568796424,-0.8978976943849227,-4.6888424420803805,645,88.33695652173914,-31.923998339512337,-8.923998339512345,0.3953488372093023,3846,-1.1259181350628737,-0.18189066958562464,-0.2409963308712371,0.21404427494879935,-0.9837682430962618,-4.39856671904523,1342,87.93135725429016,-27.40732525875789,-4.407325258757905,0.4232488822652757,-0.00792071208860589,-0.49009344168129915,-0.18189066958562464,-1.5933253188054584,-2.922630614737957,-2.0479992335522117
XNGUSD|orb|09:00|15|16:55|none|trend,XNGUSD,A_orb,range,09:00,15.0,16:55,none,trend,2006,-1.8449912443132515,-0.5519552791603684,-0.661258101376706,0.3584071758686539,-0.9972466854746924,-5.205464672599103,1605,201.62512462612162,-32.79641377050073,-9.796413770500735,0.44984423676012464,1840,-2.418208815042539,-0.44749269616377274,-0.5686058637609007,0.23513513813359344,-0.9874866989712572,-6.534350724536439,1472,201.6,-28.20465594052087,-5.204655940520877,0.3953804347826087,3846,-2.0182709989631284,-0.5022115962842045,-0.6169314978371632,0.3056732709106494,-0.9999616415336758,-7.884675954311409,3077,201.61310452418095,-30.599771740689103,-7.599771740689118,0.42378940526486836,-0.5519552791603684,-0.44749269616377274,-0.5022115962842045,-3.1288854462601767,-4.361217186749965,-3.5206024539788356
XNGUSD|orb|09:00|15|16:55|none|trend+narrow1.0,XNGUSD,A_orb,range,09:00,15.0,16:55,none,trend+narrow1.0,2006,-1.5646794820847227,-0.5771236529633087,-0.45298216407348973,0.28950476392133206,-0.9809316855560166,-4.414592097950253,992,124.61814556331007,-36.34961522063093,-13.34961522063095,0.4465725806451613,1840,-1.9400944393098662,-0.37239903469359953,-0.35724505818874425,0.18413797336372145,-0.9350892337690416,-5.242416381213354,918,125.72608695652174,-28.41455316367921,-5.414553163679215,0.39433551198257083,3846,-1.6632612300850762,-0.4899781570320116,-0.4071797005196853,0.24480802723866651,-0.9987622610987081,-6.497777470581294,1910,125.14820592823712,-32.53580005399131,-9.53580005399132,0.4214659685863874,-0.5771236529633087,-0.37239903469359953,-0.4899781570320116,-2.533838010332514,-3.4520721630468465,-2.809284290203914
XNGUSD|orb|09:00|15|16:55|opp|none,XNGUSD,A_orb,range,09:00,15.0,16:55,opp,none,2006,-0.5768408350410841,1.7407738931199033,-0.1565054390597116,0.2713147709949572,-0.7913828959302724,-1.6275007254230158,1996,250.74376869391824,-6.241648192292948,18.719774653398428,0.2905811623246493,1840,-3.392018130245868,-0.11855150379755813,-0.6481634779146292,0.1910849096398101,-0.9950778991388489,-9.165724642610288,1834,251.17826086956524,-25.804919409455387,-0.8943414378087206,0.26553980370774266,3846,-1.654029809623709,0.9951579625534215,-0.3917240535924855,0.23683010506419022,-0.9989800931546338,-6.461713553013596,3830,250.95163806552262,-15.609543600197888,9.327532117817773,0.27859007832898175,1.7407738931199033,-0.11855150379755813,0.9951579625534215,-2.865672942385799,-6.6097937534699325,-4.266646821769158
XNGUSD|orb|09:00|15|16:55|opp|narrow1.0,XNGUSD,A_orb,range,09:00,15.0,16:55,opp,narrow1.0,2006,-1.0384989018725743,0.9523784391914238,-0.19423467448925608,0.18703406824891283,-0.814148685760778,-2.930024390572562,1171,147.1046859421735,-13.203840057522662,12.025024161093897,0.23057216054654142,1840,-3.0641251803141314,-0.07572541394806767,-0.3850215837956206,0.12565465218889935,-0.9556401596499783,-8.279710365584693,1090,149.2826086956522,-25.791456028248938,-0.6226486887994033,0.22660550458715598,3846,-1.7765085157916114,0.5528663542641776,-0.28551078294575916,0.160714559152302,-0.9917556653715064,-6.940194842163248,2261,148.1466458658346,-19.272173276492868,5.927738267071918,0.22865988500663423,0.9523784391914238,-0.07572541394806767,0.5528663542641776,-2.9694540302261716,-5.785851619793125,-3.9941417585899304
XNGUSD|orb|09:00|15|16:55|opp|narrow0.75,XNGUSD,A_orb,range,09:00,15.0,16:55,opp,narrow0.75,2006,-1.1267791356792403,0.5561302567855259,-0.14905947683499848,0.1322881051974246,-0.7165739952004103,-3.179098547312227,697,87.5593220338983,-17.02382720337768,8.31333205056779,0.20086083213773315,1840,-2.5627876892640034,-0.09783848817255249,-0.23180643302084614,0.09045089220302042,-0.8419419072096512,-6.925023798608857,645,88.33695652173914,-26.24116136079469,-0.9667427561435343,0.19844961240310077,3846,-1.6516667252614194,0.30202563184740205,-0.18864720418340197,0.11421626487846308,-0.9543556138237068,-6.452481812350957,1342,87.93135725429016,-21.45391701823161,3.8530874527072805,0.19970193740685543,0.5561302567855259,-0.09783848817255249,0.30202563184740205,-2.7192633354660543,-4.673823306536008,-3.4452875816120754
XNGUSD|orb|09:00|15|16:55|opp|trend,XNGUSD,A_orb,range,09:00,15.0,16:55,opp,trend,2006,-1.4481908510611825,0.8933753269373134,-0.31237420957088385,0.21569961538010493,-0.9312978228836418,-4.085930671820733,1605,201.62512462612162,-15.492821648597955,9.486617603738484,0.27102803738317754,1840,-3.198024112244363,-0.11788282869284718,-0.5204377487560226,0.16273728104907287,-0.9829551103194133,-8.641524687586315,1472,201.6,-25.815364521628105,-0.9383264781498454,0.2669836956521739,3846,-2.1422904482772576,0.4763693690290412,-0.4119157883802066,0.19227821732177003,-0.9988192072810311,-8.369176385807686,3077,201.61310452418095,-20.431002704529178,4.499449034177347,0.2690932726681833,0.8933753269373134,-0.11788282869284718,0.4763693690290412,-3.7353675564469304,-6.137692543607794,-4.67996233984951
XNGUSD|orb|09:00|15|16:55|opp|trend+narrow1.0,XNGUSD,A_orb,range,09:00,15.0,16:55,opp,trend+narrow1.0,2006,-1.2507744456138383,0.6990292862050769,-0.20219879601336624,0.16165888000224837,-0.8194295076486406,-3.5289393432628766,992,124.61814556331007,-16.22546982218113,8.985215661689834,0.23084677419354838,1840,-2.932010857162598,-0.15312679740114152,-0.33264885020340096,0.11345416726229864,-0.9227465056703804,-7.922718315172506,918,125.72608695652174,-26.45822026724149,-1.3438411822741732,0.22657952069716775,3846,-1.880454480616884,0.36296953043854513,-0.26460859832997147,0.14071523722454932,-0.9860502984930376,-7.346275219786758,1910,125.14820592823712,-21.143618988969298,4.020778916789856,0.22879581151832462,0.6990292862050769,-0.15312679740114152,0.36296953043854513,-3.118688850911315,-5.409129417896305,-3.981662154930411
XNGUSD|orb|09:00|15|16:55|mid|none,XNGUSD,A_orb,range,09:00,15.0,16:55,mid,none,2006,-1.0283292875767958,1.7818338379248604,-0.23390396744236458,0.2274601825194993,-0.8731607831951271,-2.9013318056544484,1996,250.74376869391824,-9.328405992329568,16.056864548752593,0.18937875751503006,1840,-4.056096873808335,0.10018850166336438,-0.6227058482287493,0.15352341613184423,-0.9925423469926122,-10.960161662339008,1834,251.17826086956524,-24.79139102536088,0.6066460520655074,0.17448200654307525,3846,-2.142816054817988,1.11707864476972,-0.4199142276209781,0.19596373038032225,-0.9990601409236732,-8.37122974596361,3830,250.95163806552262,-16.73287454339469,8.658509268615747,0.18224543080939948,1.7818338379248604,0.10018850166336438,1.11707864476972,-3.800880414283781,-8.133143992454402,-5.353672882293007
XNGUSD|orb|09:00|15|16:55|mid|narrow1.0,XNGUSD,A_orb,range,09:00,15.0,16:55,mid,narrow1.0,2006,-0.9188677665201168,1.4431518260482246,-0.1464161988090345,0.15934414520114631,-0.7175147525255858,-2.5924966918696146,1171,147.1046859421735,-9.953197470989494,15.552353340282917,0.15798462852263023,1840,-3.871175030563015,0.03249883103103408,-0.3784025181290825,0.09774874944728307,-0.9473479760931311,-10.460476038468922,1090,149.2826086956522,-25.34806441522906,0.20606402513790673,0.13853211009174313,3846,-1.9258956468059811,0.9147139284251457,-0.25740289343953066,0.1336536036448407,-0.9851265799966393,-7.523797896657759,2261,148.1466458658346,-17.374871495412815,8.154097987117035,0.14860681114551083,1.4431518260482246,0.03249883103103408,0.9147139284251457,-3.207271031023665,-7.262170004266403,-4.600845271723697
XNGUSD|orb|09:00|15|16:55|mid|narrow0.75,XNGUSD,A_orb,range,09:00,15.0,16:55,mid,narrow0.75,2006,-0.883868058659854,1.0952684511422393,-0.10024950341429709,0.11342134431953368,-0.5827033905807127,-2.4937483951611914,697,87.5593220338983,-11.449323851032762,14.10734759803466,0.14347202295552366,1840,-3.2524407446490966,0.027971440285011778,-0.2242310074359709,0.06894238051988341,-0.8262709739133673,-8.78856631574052,645,88.33695652173914,-25.383601186304077,0.2070964881145243,0.12558139534883722,3846,-1.6822620602052365,0.7003975641555876,-0.15956462754323097,0.09485123115940927,-0.9259949883625406,-6.572007040563397,1342,87.93135725429016,-18.1464988743189,7.426526461001511,0.13487332339791355,1.0952684511422393,0.027971440285011778,0.7003975641555876,-2.762416848080445,-5.821875500152353,-3.8344688618085607
XNGUSD|orb|09:00|15|16:55|mid|trend,XNGUSD,A_orb,range,09:00,15.0,16:55,mid,trend,2006,-1.9094217434577472,1.0431442229919057,-0.33251334302993496,0.1741434778195156,-0.9378928837495817,-5.387249105543357,1605,201.62512462612162,-16.491662120309783,8.928898627353764,0.1763239875389408,1840,-3.7412325348405315,0.1012098034297311,-0.498849669528754,0.133338322299717,-0.9791073303024679,-10.10935258056467,1472,201.6,-24.74452725837073,0.6583260024988282,0.16983695652173914,3846,-2.6411519540694672,0.6500449787038936,-0.41209182476623946,0.15602730624085884,-0.9986868269050813,-10.318053083373153,3077,201.61310452418095,-20.439734100558635,4.972355597198917,0.17322066948326292,1.0431442229919057,0.1012098034297311,0.6500449787038936,-4.769395440857174,-7.3558666824841135,-5.796747543482622
XNGUSD|orb|09:00|15|16:55|mid|trend+narrow1.0,XNGUSD,A_orb,range,09:00,15.0,16:55,mid,trend+narrow1.0,2006,-1.4074855089003568,1.0449852904717718,-0.18337076228889687,0.1302825223629913,-0.7826701776326779,-3.9710844787792547,992,124.61814556331007,-14.714611701209966,10.819662492338415,0.15120967741935484,1840,-3.4307191279536298,0.07701998191822622,-0.3143203771789021,0.09161938516557877,-0.9115455986388274,-9.270300347917006,918,125.72608695652174,-25.000410399124213,0.542073261006505,0.13616557734204793,3846,-2.167534648021623,0.6596973822263875,-0.246019564004344,0.11350202139970117,-0.9805188129336074,-8.467796608172517,1910,125.14820592823712,-19.65825735811325,5.879962537174701,0.14397905759162305,1.0449852904717718,0.07701998191822622,0.6596973822263875,-3.725747905687316,-6.424429028454494,-4.755380457260899
XNGUSD|orb|09:00|15|16:55|opp_rev|none,XNGUSD,A_orb,range,09:00,15.0,16:55,opp_rev,none,2006,-1.0716302401278703,2.0512695844175926,-0.36372358065697447,0.33941145652400945,-0.9648584419933567,-3.0235012628208473,3293,413.67696909272183,-8.792454205383844,16.17080118483783,0.2842392954752505,1840,-3.875868090940845,0.32653468816543585,-0.942195631114545,0.24309280114995668,-0.9994602627630629,-10.473157367843543,2991,409.63695652173914,-23.000747762477413,1.8357617661083356,0.2774991641591441,3846,-2.150906631600376,1.3509180753528436,-0.6404756796798372,0.297770098557599,-0.999981160755653,-8.402836787954193,6284,411.74414976599064,-15.55518590959563,9.347742161696532,0.281031190324634,2.0512695844175926,0.32653468816543585,1.3509180753528436,-3.949768560811858,-7.622941737736215,-5.34601757296132
XNGUSD|orb|09:00|15|16:55|opp_rev|narrow1.0,XNGUSD,A_orb,range,09:00,15.0,16:55,opp_rev,narrow1.0,2006,-1.2757355841691405,1.4053538985800818,-0.3131227887637906,0.2454448967712387,-0.9347620121184682,-3.5993647858431426,2038,256.0199401794616,-12.230406293521582,12.95114424622326,0.23895976447497547,1840,-3.364294004824691,0.38860924488559845,-0.580381656165029,0.17251216907104763,-0.9899356648222418,-9.090810037260203,1872,256.38260869565215,-22.637325484662306,2.4251745153376945,0.2419871794871795,3846,-2.0624126991517047,0.9968486526718282,-0.4409845453988084,0.21381973917256752,-0.9993434230236378,-8.05712207390491,3910,256.1934477379095,-17.212951747694326,7.91160068197319,0.24040920716112532,1.4053538985800818,0.38860924488559845,0.9968486526718282,-3.6832733519242242,-6.387918253843474,-4.717586967985027
XNGUSD|orb|09:00|15|16:55|opp_rev|narrow0.75,XNGUSD,A_orb,range,09:00,15.0,16:55,opp_rev,narrow0.75,2006,-1.1136861230739807,1.08801549598731,-0.2028211734397138,0.182116997992118,-0.8253471286327415,-3.142157876301107,1239,155.64705882352942,-13.030838807540189,12.250032863161985,0.21307506053268765,1840,-2.564134349023262,0.47643769788756307,-0.33305248881467503,0.1298888605199421,-0.9307483857978875,-6.928662668469423,1131,154.8978260869565,-21.50143079656302,3.684245596009916,0.22192749778956675,3846,-1.6641759453559097,0.8377062964688887,-0.26512632692123456,0.15931388003840738,-0.9871443524417287,-6.501350941886528,2370,155.28861154446176,-17.073133971921973,8.162309066052707,0.21729957805907174,1.08801549598731,0.47643769788756307,0.8377062964688887,-3.051993416964938,-4.887408461560395,-3.768543946260048
XNGUSD|orb|09:00|15|16:55|opp_rev|trend,XNGUSD,A_orb,range,09:00,15.0,16:55,opp_rev,trend,2006,-1.4481908510611825,0.8933753269373134,-0.31237420957088385,0.21569961538010493,-0.9312978228836418,-4.085930671820733,1605,201.62512462612162,-15.492821648597955,9.486617603738484,0.27102803738317754,1840,-3.198024112244363,-0.11788282869284718,-0.5204377487560226,0.16273728104907287,-0.9829551103194133,-8.641524687586315,1472,201.6,-25.815364521628105,-0.9383264781498454,0.2669836956521739,3846,-2.1422904482772576,0.4763693690290412,-0.4119157883802066,0.19227821732177003,-0.9988192072810311,-8.369176385807686,3077,201.61310452418095,-20.431002704529178,4.499449034177347,0.2690932726681833,0.8933753269373134,-0.11788282869284718,0.4763693690290412,-3.7353675564469304,-6.137692543607794,-4.67996233984951
XNGUSD|orb|09:00|15|16:55|opp_rev|trend+narrow1.0,XNGUSD,A_orb,range,09:00,15.0,16:55,opp_rev,trend+narrow1.0,2006,-1.2507744456138383,0.6990292862050769,-0.20219879601336624,0.16165888000224837,-0.8194295076486406,-3.5289393432628766,992,124.61814556331007,-16.22546982218113,8.985215661689834,0.23084677419354838,1840,-2.932010857162598,-0.15312679740114152,-0.33264885020340096,0.11345416726229864,-0.9227465056703804,-7.922718315172506,918,125.72608695652174,-26.45822026724149,-1.3438411822741732,0.22657952069716775,3846,-1.880454480616884,0.36296953043854513,-0.26460859832997147,0.14071523722454932,-0.9860502984930376,-7.346275219786758,1910,125.14820592823712,-21.143618988969298,4.020778916789856,0.22879581151832462,0.6990292862050769,-0.15312679740114152,0.36296953043854513,-3.118688850911315,-5.409129417896305,-3.981662154930411
XNGUSD|orb|09:00|15|16:55|mid_rev|none,XNGUSD,A_orb,range,09:00,15.0,16:55,mid_rev,none,2006,-1.6838628754277785,2.1295965858707033,-0.4732608414987994,0.2810566397091981,-0.9829688796417684,-4.750856535800573,3293,413.67696909272183,-11.440347828325013,13.94926650510954,0.18675979350136654,1840,-5.048879585056096,0.28900383148983094,-0.9852304371462559,0.19513843032865863,-0.9994699909226449,-13.642804446616074,2991,409.63695652173914,-24.051307418938173,1.307769812756908,0.18020728853226345,3846,-2.940283226135532,1.3927584977252208,-0.7181968934986225,0.24426112665430597,-0.9999910312164821,-11.486653905192211,6284,411.74414976599064,-17.442795335569436,7.932284231585236,0.1836409929980904,2.1295965858707033,0.28900383148983094,1.3927584977252208,-5.211810809757524,-9.796810422998666,-6.903106899762548
XNGUSD|orb|09:00|15|16:55|mid_rev|narrow1.0,XNGUSD,A_orb,range,09:00,15.0,16:55,mid_rev,narrow1.0,2006,-1.4250138989277805,1.8159166583855837,-0.2930402738809224,0.205640291720252,-0.9178027551942294,-4.020539138976981,2038,256.0199401794616,-11.445994154811176,14.054987199457706,0.15848871442590776,1840,-4.473218561624238,0.32858534915979987,-0.6124921602012054,0.13692426421006532,-0.9907753772509856,-12.08728492235068,1872,256.38260869565215,-23.8897701882847,1.6102298117152904,0.14797008547008547,3846,-2.527522105398646,1.2368783318133272,-0.4458721695723736,0.17640683285025108,-0.9992417614256583,-9.87414117264999,3910,256.1934477379095,-17.40373040408546,8.096781104865942,0.1534526854219949,1.8159166583855837,0.32858534915979987,1.2368783318133272,-4.310659757003015,-8.091060861815556,-5.720113338311511
XNGUSD|orb|09:00|15|16:55|mid_rev|narrow0.75,XNGUSD,A_orb,range,09:00,15.0,16:55,mid_rev,narrow0.75,2006,-1.1501744312732745,1.5389101801961784,-0.17360124618738806,0.15093471169864797,-0.7703954441034286,-3.2451061151503544,1239,155.64705882352942,-11.153519218388498,14.396117585485587,0.14527845036319612,1840,-3.357734142812943,0.5409910951196706,-0.345254117522839,0.10282354195963898,-0.9348112308521631,-9.073084339287934,1131,154.8978260869565,-22.2891519038505,3.2546146743988364,0.13793103448275862,3846,-1.9633085315324321,1.1421410161933898,-0.2557232647150089,0.13025118599948618,-0.9839079557637328,-7.669956897473616,2370,155.28861154446176,-16.46761228474188,9.079223158296088,0.14177215189873418,1.5389101801961784,0.5409910951196706,1.1421410161933898,-3.479725681928469,-6.047715366901368,-4.474438779556563
XNGUSD|orb|09:00|15|16:55|mid_rev|trend,XNGUSD,A_orb,range,09:00,15.0,16:55,mid_rev,trend,2006,-1.9094217434577472,1.0431442229919057,-0.33251334302993496,0.1741434778195156,-0.9378928837495817,-5.387249105543357,1605,201.62512462612162,-16.491662120309783,8.928898627353764,0.1763239875389408,1840,-3.7412325348405315,0.1012098034297311,-0.498849669528754,0.133338322299717,-0.9791073303024679,-10.10935258056467,1472,201.6,-24.74452725837073,0.6583260024988282,0.16983695652173914,3846,-2.6411519540694672,0.6500449787038936,-0.41209182476623946,0.15602730624085884,-0.9986868269050813,-10.318053083373153,3077,201.61310452418095,-20.439734100558635,4.972355597198917,0.17322066948326292,1.0431442229919057,0.1012098034297311,0.6500449787038936,-4.769395440857174,-7.3558666824841135,-5.796747543482622
XNGUSD|orb|09:00|15|16:55|mid_rev|trend+narrow1.0,XNGUSD,A_orb,range,09:00,15.0,16:55,mid_rev,trend+narrow1.0,2006,-1.4074855089003568,1.0449852904717718,-0.18337076228889687,0.1302825223629913,-0.7826701776326779,-3.9710844787792547,992,124.61814556331007,-14.714611701209966,10.819662492338415,0.15120967741935484,1840,-3.4307191279536298,0.07701998191822622,-0.3143203771789021,0.09161938516557877,-0.9115455986388274,-9.270300347917006,918,125.72608695652174,-25.000410399124213,0.542073261006505,0.13616557734204793,3846,-2.167534648021623,0.6596973822263875,-0.246019564004344,0.11350202139970117,-0.9805188129336074,-8.467796608172517,1910,125.14820592823712,-19.65825735811325,5.879962537174701,0.14397905759162305,1.0449852904717718,0.07701998191822622,0.6596973822263875,-3.725747905687316,-6.424429028454494,-4.755380457260899
XNGUSD|orb|09:00|30|14:30|none|none,XNGUSD,A_orb,range,09:00,30.0,14:30,none,none,2006,-0.8746181508287311,0.6480512319104884,-0.32827544450535584,0.37533573273582704,-0.9612283797641666,-2.4676506732407657,1978,248.48255234297108,-13.21120704089717,9.788792959102812,0.46865520728008087,1840,-2.6381373190934108,-0.43568127021312825,-0.6817698083775013,0.25842847657823587,-0.9950459559601221,-7.128629419929313,1807,247.4804347826087,-27.548432625648985,-4.548432625648996,0.4034311012728279,3846,-1.5311515735581125,0.22477672829970446,-0.4973939129205269,0.324849558665623,-0.9998091850051317,-5.981671440872882,3785,248.00312012480498,-20.055953839218578,2.944046160781407,0.43751651254953766,0.6480512319104884,-0.43568127021312825,0.22477672829970446,-2.396945707054487,-4.8378120108752825,-3.2861742491189525
XNGUSD|orb|09:00|30|14:30|none|narrow1.0,XNGUSD,A_orb,range,09:00,30.0,14:30,none,narrow1.0,2006,-1.1300428918916,-0.0016045842968251756,-0.3356382140540555,0.29701369431404895,-0.9532550214545641,-3.1883069203686194,1160,145.72283150548355,-23.03264427314024,-0.03264427314025492,0.4482758620689655,1840,-2.161789996441267,-0.35505371297061794,-0.4110765362075001,0.1901556288465638,-0.9593507306648649,-5.841469910154607,1092,149.55652173913043,-27.486366453783663,-4.486366453783669,0.3974358974358974,3846,-1.4774756535783662,-0.12896497676791546,-0.37172935101774207,0.25159761524153285,-0.9980763252636355,-5.771978473076549,2252,147.5569422776911,-25.1922644424398,-2.1922644424398143,0.42362344582593253,-0.0016045842968251756,-0.35505371297061794,-0.12896497676791546,-2.246084296333474,-3.912152766579535,-2.803607573070797
XNGUSD|orb|09:00|30|14:30|none|narrow0.75,XNGUSD,A_orb,range,09:00,30.0,14:30,none,narrow0.75,2006,-0.8445317736711575,-0.009580248615063545,-0.19112404268593264,0.22630769930078704,-0.8404917114233842,-2.3827648647563264,654,82.15752741774676,-23.263120092955493,-0.2631200929555087,0.43577981651376146,1840,-1.4400008389707493,-0.13263027238758088,-0.20556520510588014,0.142753531486002,-0.8268631133928851,-3.891090987233901,593,81.21521739130435,-25.311168486497195,-2.311168486497202,0.40809443507588533,3846,-1.0372139427012323,-0.053175622199641885,-0.19803297114477386,0.19092779511720945,-0.9674722545653897,-4.052030593361533,1247,81.70670826833073,-24.237051686676605,-1.2370516866766186,0.42261427425821974,-0.009580248615063545,-0.13263027238758088,-0.053175622199641885,-1.6651713320385213,-2.6877079918183595,-1.9967757760448297
XNGUSD|orb|09:00|30|14:30|none|trend,XNGUSD,A_orb,range,09:00,30.0,14:30,none,trend,2006,-1.4831618664186739,-0.18083258711784123,-0.4661515411572873,0.31429579718286793,-0.9853294163011127,-4.184598015402681,1417,178.00797607178464,-26.18711540034049,-3.1871154003405056,0.4565984474241355,1840,-2.20074340609539,-0.34444505784599305,-0.4836368084952255,0.21976065322095192,-0.9770666942906351,-5.946727669126139,1296,177.49565217391304,-27.247811570130775,-4.247811570130785,0.4027777777777778,3846,-1.7372211182558757,-0.240983451238436,-0.4745168276632172,0.27314705231054276,-0.9996135561601684,-6.7867127781507195,2713,177.76287051482058,-26.69380992155251,-3.6938099215525226,0.4308883155178769,-0.18083258711784123,-0.34444505784599305,-0.240983451238436,-2.77311902612161,-4.0196412588861,-3.2142876972800414
XNGUSD|orb|09:00|30|14:30|none|trend+narrow1.0,XNGUSD,A_orb,range,09:00,30.0,14:30,none,trend+narrow1.0,2006,-1.3105569952831313,-0.3144235231105225,-0.3405513985128267,0.2598524136977761,-0.949455755585039,-3.697610035495478,897,112.6839481555334,-30.221819885364354,-7.2218198853643765,0.451505016722408,1840,-2.1106848640311884,-0.5316262680659992,-0.3508170340883284,0.16621004872243433,-0.9325631330745469,-5.703376434969977,836,114.49565217391304,-30.6402057569361,-7.640205756936109,0.39354066985645936,3846,-1.5699037082096674,-0.3852377123617477,-0.3454626750232071,0.22005341679024118,-0.9965267148052352,-6.13306242078704,1733,113.55070202808112,-30.423649422948877,-7.423649422948894,0.4235429890363531,-0.3144235231105225,-0.5316262680659992,-0.3852377123617477,-2.287767488780286,-3.6166024107252333,-2.723107434345439
XNGUSD|orb|09:00|30|14:30|opp|none,XNGUSD,A_orb,range,09:00,30.0,14:30,opp,none,2006,-0.8701008239457318,1.3844522344914227,-0.23688117220354565,0.2722456589908021,-0.8878632819302453,-2.4549054715621597,1978,248.48255234297108,-9.533110875188838,15.077607021676679,0.3417593528816987,1840,-3.12535968757975,-0.012171216185812557,-0.6089455322445264,0.19484014421267729,-0.9920206317991289,-8.445174879827103,1807,247.4804347826087,-24.605805011593553,-0.09501364468708332,0.3193137797454344,3846,-1.7386240171272027,0.8196982110105184,-0.41488388215554894,0.23862771828096455,-0.9991101748584589,-6.792193411327713,3785,248.00312012480498,-16.728978326835687,7.834033562199976,0.3310435931307794,1.3844522344914227,-0.012171216185812557,0.8196982110105184,-3.0968037888367954,-6.181645381190936,-4.260772696837761
XNGUSD|orb|09:00|30|14:30|opp|narrow1.0,XNGUSD,A_orb,range,09:00,30.0,14:30,opp,narrow1.0,2006,-1.2480347639900318,0.664032522111589,-0.2374689376837825,0.19027429726763542,-0.8835243751922931,-3.521209596061717,1160,145.72283150548355,-16.29593216316597,8.597171285109885,0.28879310344827586,1840,-2.9661900375950507,-0.21494558451811605,-0.399320294547087,0.13462397536431983,-0.9546431531471921,-8.015075414788376,1092,149.55652173913043,-26.70029296640212,-1.8926006587098156,0.28296703296703296,3846,-1.8964085904242376,0.31597023956758313,-0.3149017241186448,0.16605162289852288,-0.9946717745651528,-7.408602323547903,2252,147.5569422776911,-21.34103074093412,3.5106566480534402,0.28596802841918295,0.664032522111589,-0.21494558451811605,0.31597023956758313,-3.096136209372248,-5.4937821365249135,-4.000474769900569
XNGUSD|orb|09:00|30|14:30|opp|narrow0.75,XNGUSD,A_orb,range,09:00,30.0,14:30,opp,narrow0.75,2006,-1.3367120251361746,0.17140295586981494,-0.18321147163506396,0.13706128783901658,-0.8090306654312213,-3.771403927109023,654,82.15752741774676,-22.300022577783746,2.819243477262126,0.23547400611620795,1840,-2.1588014007104315,-0.014125625818819685,-0.2044036266787186,0.09468384938579909,-0.7898019616024481,-5.833394291309098,593,81.21521739130435,-25.16814375979297,-0.1597120565889281,0.26475548060708265,3846,-1.6292128866371758,0.09843221621430714,-0.19335020415724924,0.11867706531363091,-0.9590344681199932,-6.364762550877391,1247,81.70670826833073,-23.663932650703927,1.4026270926801894,0.24939855653568566,0.17140295586981494,-0.014125625818819685,0.09843221621430714,-2.7538992573701924,-4.036917694740321,-3.217900275590768
XNGUSD|orb|09:00|30|14:30|opp|trend,XNGUSD,A_orb,range,09:00,30.0,14:30,opp,trend,2006,-0.9919246739195648,1.0462392642113942,-0.21415257400113555,0.21589600463805095,-0.8540880417128318,-2.798619702875407,1417,178.00797607178464,-12.0305044036215,12.608168849730646,0.3387438249823571,1840,-2.1811782046400077,0.39914018023931436,-0.36801595019303296,0.1687234676241285,-0.9433713836002215,-5.8938596589235415,1296,177.49565217391304,-20.733800838819715,3.7499954574765844,0.3333333333333333,3846,-1.4772725103153892,0.770781858528401,-0.28776375761868395,0.1947939568422945,-0.9914175728970666,-5.771184863694212,2713,177.76287051482058,-16.188068789915967,8.3766197467593,0.3361592333210468,1.0462392642113942,0.39914018023931436,0.770781858528401,-2.984076363780348,-4.652131939088583,-3.6585541863657802
XNGUSD|orb|09:00|30|14:30|opp|trend+narrow1.0,XNGUSD,A_orb,range,09:00,30.0,14:30,opp,trend+narrow1.0,2006,-0.7900118388002519,0.9210020837692976,-0.12964933340684953,0.1641106209291002,-0.6793303306085712,-2.228942132102362,897,112.6839481555334,-11.505572490937169,13.327203428795265,0.31215161649944256,1840,-2.397119628205557,0.019056631992415394,-0.2810038702918653,0.11722563487672916,-0.8820289838906339,-6.477364684939318,836,114.49565217391304,-24.542754677272356,0.19049891124438575,0.30023923444976075,3846,-1.4064825367445049,0.5591343139167092,-0.20206024028891634,0.14366352585977518,-0.9621702732664387,-5.494633299158309,1733,113.55070202808112,-17.79471519594364,6.990051105268123,0.3064050778995961,0.9210020837692976,0.019056631992415394,0.5591343139167092,-2.444880471361054,-4.58318849601975,-3.2672582029993706
XNGUSD|orb|09:00|30|14:30|mid|none,XNGUSD,A_orb,range,09:00,30.0,14:30,mid,none,2006,-1.3273164523043162,1.4153069288800566,-0.3042255599823838,0.22920348757391393,-0.9296572229428275,-3.744895225452135,1978,248.48255234297108,-12.243336890812065,12.963437628904813,0.23407482305358948,1840,-3.6828621029383757,0.2569816793458699,-0.5812890325968484,0.15783621986092455,-0.988274928518398,-9.951627213086573,1807,247.4804347826087,-23.488282340681323,1.621844942107825,0.23353624792473712,3846,-2.200861540298614,0.9509492350567823,-0.43677802737983956,0.19845774910518782,-0.9991756023174596,-8.597993071533145,3785,248.00312012480498,-17.611795656443178,7.5488384254590635,0.23381770145310435,1.4153069288800566,0.2569816793458699,0.9509492350567823,-4.029946617840936,-7.532418918706413,-5.29908751716187
XNGUSD|orb|09:00|30|14:30|mid|narrow1.0,XNGUSD,A_orb,range,09:00,30.0,14:30,mid,narrow1.0,2006,-1.4483109282646964,0.8922099065547707,-0.22985863958160319,0.15870807510719392,-0.8567962246557405,-4.086269458057688,1160,145.72283150548355,-15.773687431605637,9.62631256839436,0.18620689655172415,1840,-3.8336218156285935,-0.15407437615735445,-0.3941548438661621,0.10281526525629214,-0.9497674141901427,-10.359001808580675,1092,149.55652173913043,-26.354908450845187,-1.0252381211748638,0.18772893772893773,3846,-2.2853837096037672,0.4954979219881377,-0.3084610878092653,0.13497124640953415,-0.9927459217938889,-8.928191501906939,2252,147.5569422776911,-20.90454593649444,4.4613510439673645,0.1869449378330373,0.8922099065547707,-0.15407437615735445,0.4954979219881377,-3.6889054542793533,-7.049390395237633,-4.8799000594009785
XNGUSD|orb|09:00|30|14:30|mid|narrow0.75,XNGUSD,A_orb,range,09:00,30.0,14:30,mid,narrow0.75,2006,-1.0522338422716264,0.7309624542251171,-0.12399219700595365,0.11783711188975994,-0.6781695657501198,-2.9687761988794534,654,82.15752741774676,-15.092006892501761,10.38505732768172,0.1636085626911315,1840,-2.653743807780542,0.18972874198404527,-0.1930478720179166,0.07274548185545165,-0.7620747943323165,-7.1708004144380855,593,81.21521739130435,-23.76991384358297,1.6280625476480535,0.1821247892074199,3846,-1.5881468307541298,0.5233380056830578,-0.15702975343393383,0.09887609281023998,-0.9229252359545753,-6.204331893386,1247,81.70670826833073,-19.218710037643024,6.220744653615991,0.1724137931034483,0.7309624542251171,0.18972874198404527,0.5233380056830578,-2.7334885289749935,-4.976016872643494,-3.5050720377237923
XNGUSD|orb|09:00|30|14:30|mid|trend,XNGUSD,A_orb,range,09:00,30.0,14:30,mid,trend,2006,-1.4177384014839667,1.1145103588895386,-0.2522817849858185,0.17794664003017174,-0.8814721263523517,-4.0000120253464475,1417,178.00797607178464,-14.172498926906608,11.048390275633967,0.23288637967537051,1840,-2.878586140010714,0.39841018804669237,-0.3925629614267292,0.13637353281540784,-0.949770926742633,-7.778356985804253,1296,177.49565217391304,-22.11676492459037,3.0105498902244427,0.2368827160493827,3846,-2.0030215029771603,0.8127022136572695,-0.3193949843231237,0.15945659287650976,-0.9939978459338673,-7.825101529282411,2713,177.76287051482058,-17.96747450117795,7.208714219795137,0.23479542941393292,1.1145103588895386,0.39841018804669237,0.8127022136572695,-3.8682527366762565,-5.94797611090188,-4.696967654138538
XNGUSD|orb|09:00|30|14:30|mid|trend+narrow1.0,XNGUSD,A_orb,range,09:00,30.0,14:30,mid,trend+narrow1.0,2006,-1.0065973424834522,1.1069168618949368,-0.1363968361474087,0.13550287725864027,-0.6856640057155956,-2.8400172206671517,897,112.6839481555334,-12.104371419356486,13.21335433315187,0.21070234113712374,1840,-2.962077427843462,0.18959415240624716,-0.2726356090302646,0.09204202647354727,-0.8709000637437511,-8.003962547139038,836,114.49565217391304,-23.81187441215192,1.474010755312192,0.20454545454545456,3846,-1.725663661693641,0.745035754845643,-0.2015760722640116,0.11681075329950226,-0.9594192431748387,-6.741561854466008,1733,113.55070202808112,-17.75207626758325,7.550289572001282,0.20773225620311597,1.1069168618949368,0.18959415240624716,0.745035754845643,-3.0251010152901356,-5.671953531218687,-4.011824678275252
XNGUSD|orb|09:00|30|14:30|opp_rev|none,XNGUSD,A_orb,range,09:00,30.0,14:30,opp_rev,none,2006,-0.9792439530452636,1.8513528617123989,-0.32342974371719846,0.33028515796435926,-0.9491860202716541,-2.762842273178804,2950,370.5882352941176,-8.727469274908533,15.913886657294855,0.34067796610169493,1840,-3.211406391880581,0.5467051943713037,-0.7620743831316916,0.23730238099371329,-0.9977188362125461,-8.677685546852446,2642,361.8391304347826,-21.061137921042153,3.4070679835755593,0.33232399697199094,3846,-1.8399156917245547,1.3172226695503368,-0.5332857334526815,0.28984248346337665,-0.9998843156818576,-7.187904409246219,5592,366.402496099844,-14.554642480038185,10.004906876184988,0.3367310443490701,1.8513528617123989,0.5467051943713037,1.3172226695503368,-3.603907782200216,-6.573809511188581,-4.735269599336544
XNGUSD|orb|09:00|30|14:30|opp_rev|narrow1.0,XNGUSD,A_orb,range,09:00,30.0,14:30,opp_rev,narrow1.0,2006,-0.9616970529846893,1.4561151857608798,-0.2352187694620909,0.24458717922871256,-0.8808117632925185,-2.71333538870958,1854,232.90528414755732,-10.099331594085596,14.748564846043847,0.3058252427184466,1840,-3.1815833002975022,0.14991900007029474,-0.5527122384650034,0.1737223848306347,-0.9859537318918542,-8.59709923069911,1704,233.37391304347827,-23.68354848478851,1.0365219377467008,0.3022300469483568,3846,-1.8102631178352662,0.9354792353510233,-0.387113720831139,0.21384389761752098,-0.9983005507413245,-7.072062217365926,3558,233.12948517940717,-16.605094826732522,8.18158308220508,0.3041034288926363,1.4561151857608798,0.14991900007029474,0.9354792353510233,-3.157016053974355,-5.897495041338333,-4.219187223060458
XNGUSD|orb|09:00|30|14:30|opp_rev|narrow0.75,XNGUSD,A_orb,range,09:00,30.0,14:30,opp_rev,narrow0.75,2006,-1.1273816082291503,0.8414002653093453,-0.2002816094473839,0.17765201062839667,-0.8240207630626036,-3.180798365446559,1093,137.3060817547358,-14.586506794734605,10.4473449893459,0.2698993595608417,1840,-2.273349066160921,0.3741613483737427,-0.285673419017674,0.125661924633554,-0.8876978261267581,-6.142918686421021,965,132.16304347826087,-21.615227033165564,3.2749284072489435,0.2860103626943005,3846,-1.5559652078158512,0.6504798461411324,-0.24113468526884352,0.15497434265084278,-0.9799263656761669,-6.078609595100724,2058,134.84555382215288,-17.882286692735516,7.084185610471478,0.27745383867832846,0.8414002653093453,0.3741613483737427,0.6504798461411324,-2.856394793886972,-4.314431071078729,-3.4150229866005346
XNGUSD|orb|09:00|30|14:30|opp_rev|trend,XNGUSD,A_orb,range,09:00,30.0,14:30,opp_rev,trend,2006,-0.9919246739195648,1.0462392642113942,-0.21415257400113555,0.21589600463805095,-0.8540880417128318,-2.798619702875407,1417,178.00797607178464,-12.0305044036215,12.608168849730646,0.3387438249823571,1840,-2.1811782046400077,0.39914018023931436,-0.36801595019303296,0.1687234676241285,-0.9433713836002215,-5.8938596589235415,1296,177.49565217391304,-20.733800838819715,3.7499954574765844,0.3333333333333333,3846,-1.4772725103153892,0.770781858528401,-0.28776375761868395,0.1947939568422945,-0.9914175728970666,-5.771184863694212,2713,177.76287051482058,-16.188068789915967,8.3766197467593,0.3361592333210468,1.0462392642113942,0.39914018023931436,0.770781858528401,-2.984076363780348,-4.652131939088583,-3.6585541863657802
XNGUSD|orb|09:00|30|14:30|opp_rev|trend+narrow1.0,XNGUSD,A_orb,range,09:00,30.0,14:30,opp_rev,trend+narrow1.0,2006,-0.7900118388002519,0.9210020837692976,-0.12964933340684953,0.1641106209291002,-0.6793303306085712,-2.228942132102362,897,112.6839481555334,-11.505572490937169,13.327203428795265,0.31215161649944256,1840,-2.397119628205557,0.019056631992415394,-0.2810038702918653,0.11722563487672916,-0.8820289838906339,-6.477364684939318,836,114.49565217391304,-24.542754677272356,0.19049891124438575,0.30023923444976075,3846,-1.4064825367445049,0.5591343139167092,-0.20206024028891634,0.14366352585977518,-0.9621702732664387,-5.494633299158309,1733,113.55070202808112,-17.79471519594364,6.990051105268123,0.3064050778995961,0.9210020837692976,0.019056631992415394,0.5591343139167092,-2.444880471361054,-4.58318849601975,-3.2672582029993706
XNGUSD|orb|09:00|30|14:30|mid_rev|none,XNGUSD,A_orb,range,09:00,30.0,14:30,mid_rev,none,2006,-1.6267872446402063,1.8074641037701766,-0.4503048474654168,0.2768062320066998,-0.9790747704661895,-4.58982315385539,2950,370.5882352941176,-12.151083185574741,13.070950712730339,0.23254237288135593,1840,-4.075982718839512,0.6342327807484384,-0.7908668150835537,0.19403095391648872,-0.9974317153442208,-11.013896097958956,2642,361.8391304347826,-21.856862582365128,3.240412209459237,0.24110522331566994,3846,-2.544654333994906,1.3294681908580723,-0.6132362100284361,0.24098998509778097,-0.9999465570249466,-9.941070772751312,5592,366.402496099844,-16.736682106590518,8.426408022164845,0.23658798283261803,1.8074641037701766,0.6342327807484384,1.3294681908580723,-4.8242267792495905,-8.277588030333,-6.105485141681938
XNGUSD|orb|09:00|30|14:30|mid_rev|narrow1.0,XNGUSD,A_orb,range,09:00,30.0,14:30,mid_rev,narrow1.0,2006,-1.401792534128537,1.5215391279135804,-0.28806992470676934,0.20550111210704652,-0.9157548093601203,-3.955022300084344,1854,232.90528414755732,-12.368543966750986,12.985824965287847,0.20064724919093851,1840,-3.990582404023604,0.32529861107364766,-0.5484885241327023,0.13744573312899772,-0.9836115836141045,-10.783132069012533,1704,233.37391304347827,-23.502563631887906,1.770323692055751,0.20598591549295775,3846,-2.3390709611951954,1.0536178533759266,-0.41265916624179716,0.1764201142623483,-0.9986148403774713,-9.137928738330329,3558,233.12948517940717,-17.700856926108298,7.614488773723066,0.20320404721753793,1.5215391279135804,0.32529861107364766,1.0536178533759266,-4.032234280591722,-7.336061255055672,-5.260709626091431
XNGUSD|orb|09:00|30|14:30|mid_rev|narrow0.75,XNGUSD,A_orb,range,09:00,30.0,14:30,mid_rev,narrow0.75,2006,-1.0925584347523438,1.2413004737451232,-0.16639388136577943,0.15229746627098883,-0.7607334856894763,-3.082548143457685,1093,137.3060817547358,-12.11846403591954,13.302395982378716,0.18298261665141813,1840,-2.715072732097346,0.6482292126769422,-0.27487350760462065,0.10123983212497063,-0.8738040728440983,-7.336520057238039,965,132.16304347826087,-20.798061271177804,4.542871371309239,0.19896373056994818,3846,-1.6737969557036085,0.9988818000225965,-0.21829261050760673,0.13041761712121397,-0.9693829649851072,-6.538936850311935,2058,134.84555382215288,-16.188343205999338,9.195038718198907,0.19047619047619047,1.2413004737451232,0.6482292126769422,0.9988818000225965,-3.136649648270153,-5.140697151030451,-3.885056723788737
XNGUSD|orb|09:00|30|14:30|mid_rev|trend,XNGUSD,A_orb,range,09:00,30.0,14:30,mid_rev,trend,2006,-1.4177384014839667,1.1145103588895386,-0.2522817849858185,0.17794664003017174,-0.8814721263523517,-4.0000120253464475,1417,178.00797607178464,-14.172498926906608,11.048390275633967,0.23288637967537051,1840,-2.878586140010714,0.39841018804669237,-0.3925629614267292,0.13637353281540784,-0.949770926742633,-7.778356985804253,1296,177.49565217391304,-22.11676492459037,3.0105498902244427,0.2368827160493827,3846,-2.0030215029771603,0.8127022136572695,-0.3193949843231237,0.15945659287650976,-0.9939978459338673,-7.825101529282411,2713,177.76287051482058,-17.96747450117795,7.208714219795137,0.23479542941393292,1.1145103588895386,0.39841018804669237,0.8127022136572695,-3.8682527366762565,-5.94797611090188,-4.696967654138538
XNGUSD|orb|09:00|30|14:30|mid_rev|trend+narrow1.0,XNGUSD,A_orb,range,09:00,30.0,14:30,mid_rev,trend+narrow1.0,2006,-1.0065973424834522,1.1069168618949368,-0.1363968361474087,0.13550287725864027,-0.6856640057155956,-2.8400172206671517,897,112.6839481555334,-12.104371419356486,13.21335433315187,0.21070234113712374,1840,-2.962077427843462,0.18959415240624716,-0.2726356090302646,0.09204202647354727,-0.8709000637437511,-8.003962547139038,836,114.49565217391304,-23.81187441215192,1.474010755312192,0.20454545454545456,3846,-1.725663661693641,0.745035754845643,-0.2015760722640116,0.11681075329950226,-0.9594192431748387,-6.741561854466008,1733,113.55070202808112,-17.75207626758325,7.550289572001282,0.20773225620311597,1.1069168618949368,0.18959415240624716,0.745035754845643,-3.0251010152901356,-5.671953531218687,-4.011824678275252
XNGUSD|orb|09:00|30|16:55|none|none,XNGUSD,A_orb,range,09:00,30.0,16:55,none,none,2006,-0.7801330938575318,0.663270565387558,-0.31029648334620125,0.3977481352725022,-0.957008251002262,-2.2010702069821493,1987,249.61316051844466,-12.431094686743192,10.56890531325679,0.4781077000503271,1840,-2.720596118166011,-0.5372304933894221,-0.7143367017472881,0.2625662431029387,-0.9964022280119268,-7.3514450469805155,1820,249.2608695652174,-28.658196651295352,-5.658196651295367,0.40274725274725276,3846,-1.4809671709143137,0.20623274103768965,-0.5035970558521815,0.34004606296659007,-0.9998475024536411,-5.785618605049386,3807,249.44461778471137,-20.18873208508439,2.811267914915597,0.44208037825059104,0.663270565387558,-0.5372304933894221,0.20623274103768965,-2.223351663058661,-4.902265013892258,-3.1676529353964202
XNGUSD|orb|09:00|30|16:55|none|narrow1.0,XNGUSD,A_orb,range,09:00,30.0,16:55,none,narrow1.0,2006,-1.0377546250634127,0.03612171002682358,-0.32390571461429185,0.31212167769861726,-0.9499010552398143,-2.927924485411132,1160,145.72283150548355,-22.227519961558205,0.7724800384417783,0.46120689655172414,1840,-2.2592544530588623,-0.4800893010454393,-0.43601659783454605,0.19299136369708692,-0.9669067509524277,-6.104832998881305,1092,149.55652173913043,-29.153967527747426,-6.153967527747433,0.3901098901098901,3846,-1.4411805828628856,-0.14609255174872535,-0.37754170658654035,0.26196696727384355,-0.9983231270489773,-5.630186379013164,2252,147.5569422776911,-25.586170379976778,-2.586170379976791,0.42673179396092364,0.03612171002682358,-0.4800893010454393,-0.14609255174872535,-2.1013115517512153,-3.9812715104721943,-2.716117759809309
XNGUSD|orb|09:00|30|16:55|none|narrow0.75,XNGUSD,A_orb,range,09:00,30.0,16:55,none,narrow0.75,2006,-0.741192005302833,0.05425942886409798,-0.1760997599612369,0.23758993445873292,-0.8370688328756094,-2.091201685161879,654,82.15752741774676,-21.434403577632228,1.5655964223677588,0.44648318042813456,1840,-1.4145389341547234,-0.1382237460548959,-0.20683859553118314,0.14622333153013023,-0.8271656429185666,-3.8222892298555786,593,81.21521739130435,-25.467960583619544,-2.467960583619547,0.40640809443507586,3846,-0.9580743855251523,-0.014518174070749046,-0.1908058071397863,0.1991555248971606,-0.9674982552318876,-3.742860138144339,1247,81.70670826833073,-23.35252651632547,-0.35252651632548293,0.42742582197273454,0.05425942886409798,-0.1382237460548959,-0.014518174070749046,-1.5252247178517055,-2.6349166288243104,-1.8808079650299985
XNGUSD|orb|09:00|30|16:55|none|trend,XNGUSD,A_orb,range,09:00,30.0,16:55,none,trend,2006,-1.6004244843210778,-0.31594753449116386,-0.5329373887097654,0.3329975228014866,-0.9914976721981188,-4.515443170786959,1481,186.04785643070787,-28.645177586781493,-5.64517758678151,0.45577312626603644,1840,-2.53395093843379,-0.6324652737423814,-0.5646119465464741,0.22281881546430224,-0.986977337199937,-6.847102718134519,1347,184.4804347826087,-30.605519073706187,-7.605519073706199,0.39717891610987377,3846,-1.919057297910935,-0.4279059115981448,-0.5480911033274316,0.28560434538566287,-0.9998785912707316,-7.497082869227021,2828,185.29797191887675,-29.57890459628912,-6.5789045962891315,0.42786421499292787,-0.31594753449116386,-0.6324652737423814,-0.4279059115981448,-2.87381525719445,-4.396006776895447,-3.3920592585992897
XNGUSD|orb|09:00|30|16:55|none|trend+narrow1.0,XNGUSD,A_orb,range,09:00,30.0,16:55,none,trend+narrow1.0,2006,-1.3968629329867648,-0.4215790884507891,-0.3808662771335768,0.2726583032160576,-0.9643432895589074,-3.941113906387304,922,115.82452642073778,-32.88304203809675,-9.88304203809676,0.4598698481561822,1840,-2.4334482008592055,-0.817040840703937,-0.40823395400094764,0.16775945913161733,-0.9548901917569088,-6.57552975387964,866,118.60434782608696,-34.419813563626946,-11.419813563626963,0.3891454965357968,3846,-1.7238583973735826,-0.5481561606098199,-0.3939594974757407,0.22853356057316848,-0.9983723259374343,-6.734509320795924,1788,117.1544461778471,-33.6273620275314,-10.62736202753141,0.4256152125279642,-0.4215790884507891,-0.817040840703937,-0.5481561606098199,-2.353744443382082,-3.9670837686296596,-2.8674076265182706
XNGUSD|orb|09:00|30|16:55|opp|none,XNGUSD,A_orb,range,09:00,30.0,16:55,opp,none,2006,-0.5817650863544496,1.5938610588623374,-0.16527022081223397,0.284084116920589,-0.8051448968605747,-1.6413940250957006,1987,249.61316051844466,-6.621053972834164,18.03370194060317,0.34373427277302465,1840,-3.356549388918863,-0.2693960338461605,-0.6651980948340137,0.19817914702225564,-0.9948955399261777,-9.06988296254246,1820,249.2608695652174,-26.686823968571975,-2.124186605934618,0.31153846153846154,3846,-1.636001280502491,0.8528331124104995,-0.40444528274673086,0.24721574950265757,-0.9990133315559492,-6.391282421551717,3807,249.44461778471137,-16.213830802947854,8.396886297130942,0.3283425269240872,1.5938610588623374,-0.2693960338461605,0.8528331124104995,-2.7315395835311813,-6.390033455095805,-4.091305005683903
XNGUSD|orb|09:00|30|16:55|opp|narrow1.0,XNGUSD,A_orb,range,09:00,30.0,16:55,opp,narrow1.0,2006,-1.03167616955047,0.8147584931850658,-0.20366846867910302,0.19741511405448772,-0.855878583279448,-2.9107747100210783,1160,145.72283150548355,-13.976428166744686,10.958054591876,0.2913793103448276,1840,-3.125687845318339,-0.40922618373226405,-0.42647858895365187,0.13644311590245084,-0.9617316309204846,-8.446061609601461,1092,149.55652173913043,-28.516214739037135,-3.6480828709052693,0.2692307692307692,3846,-1.8133363453526634,0.33828203551107966,-0.31026509408346337,0.17110178973615733,-0.9944534986165653,-7.084068237925603,2252,147.5569422776911,-21.026804248868732,3.8755048097458267,0.28063943161634103,0.8147584931850658,-0.40922618373226405,0.33828203551107966,-2.8243826160555647,-5.615142596455785,-3.8654493485829513
XNGUSD|orb|09:00|30|16:55|opp|narrow0.75,XNGUSD,A_orb,range,09:00,30.0,16:55,opp,narrow0.75,2006,-1.1648566123550759,0.2803983370567729,-0.16711286543595405,0.14346217694389848,-0.7869191455403867,-3.2865304715930153,654,82.15752741774676,-20.34054221060408,4.838356871964719,0.23700305810397554,1840,-2.1669814537965104,-0.07932280226185474,-0.21092584658190372,0.09733624910003989,-0.8009644301285487,-5.855497980402145,593,81.21521739130435,-25.9712223099322,-0.9223184313487319,0.2580101180438449,3846,-1.5221977389091563,0.1412207472656243,-0.18807383405492112,0.12355414099465119,-0.957130783234586,-5.94669195358313,1247,81.70670826833073,-23.018163139955785,2.0989178544307365,0.24699278267842822,0.2803983370567729,-0.07932280226185474,0.1412207472656243,-2.534586892222462,-4.001016081140473,-3.0633040781224055
XNGUSD|orb|09:00|30|16:55|opp|trend,XNGUSD,A_orb,range,09:00,30.0,16:55,opp,trend,2006,-0.920859631341308,1.107069571563752,-0.20897387238966558,0.22693347094092714,-0.8475171676112553,-2.5981165461595808,1481,186.04785643070787,-11.232264450598294,13.42269841233215,0.3362592842673869,1840,-2.601471515487806,0.0792851938886569,-0.43927665512375,0.16885699209409974,-0.9663322607608243,-7.029553104077002,1347,184.4804347826087,-23.81155788370689,0.7162817599456703,0.3192279138827023,3846,-1.5850326368663954,0.6839471437668185,-0.319155130899992,0.20135555790886472,-0.9947874836633319,-6.192165831605249,2828,185.29797191887675,-17.223886888503976,7.370526124225861,0.32814710042432815,1.107069571563752,0.0792851938886569,0.6839471437668185,-2.9080375410547568,-5.1613847852808945,-3.789376588673178
XNGUSD|orb|09:00|30|16:55|opp|trend+narrow1.0,XNGUSD,A_orb,range,09:00,30.0,16:55,opp,trend+narrow1.0,2006,-0.772588701815979,0.922438218140782,-0.13168773213298546,0.17044998434930755,-0.6870044112877024,-2.179784433204313,922,115.82452642073778,-11.369589516353717,13.491581850240635,0.31344902386117135,1840,-2.806526173755832,-0.2893426425288039,-0.32664995746832703,0.11638942138607886,-0.9136493151957075,-7.583640512281111,866,118.60434782608696,-27.54114528308048,-2.760544821186712,0.2852193995381062,3846,-1.5283108527971339,0.45300712648737734,-0.22496139167979473,0.14719609644076503,-0.9729726165739704,-5.970573742551641,1788,117.1544461778471,-19.202121559969694,5.62002609103701,0.29977628635346754,0.922438218140782,-0.2893426425288039,0.45300712648737734,-2.415268850280136,-5.05589046012213,-3.4018276253763733
XNGUSD|orb|09:00|30|16:55|mid|none,XNGUSD,A_orb,range,09:00,30.0,16:55,mid,none,2006,-1.1016716195936835,1.5445360338279623,-0.26313664552119576,0.23885215961017978,-0.9032792933962651,-3.1082601146622513,1987,249.61316051844466,-10.541777724165781,14.680668174173418,0.23200805234021138,1840,-3.751449956124521,0.1325490161309813,-0.6056098704765666,0.16143354637794477,-0.9909021092849726,-10.136961533833974,1820,249.2608695652174,-24.29622714278917,0.8499267033646689,0.22582417582417583,3846,-2.0753263127358323,0.9857456026283488,-0.42698239016963113,0.20574229100712105,-0.999121513775412,-8.107571026777123,3807,249.44461778471137,-17.117322232149647,8.068650975100153,0.22905174678224324,1.5445360338279623,0.1325490161309813,0.9857456026283488,-3.7116443867437496,-7.5536229933654475,-5.088083513518193
XNGUSD|orb|09:00|30|16:55|mid|narrow1.0,XNGUSD,A_orb,range,09:00,30.0,16:55,mid,narrow1.0,2006,-1.2911994044176052,0.9606664664543969,-0.21312632748718421,0.16506073868839394,-0.8443369231158724,-3.642994461731804,1160,145.72283150548355,-14.625458844392842,10.792644603883014,0.18362068965517242,1840,-3.8589570211489783,-0.24154391843256343,-0.40387074290711417,0.10465800492042392,-0.9538385067792217,-10.427461206097798,1092,149.55652173913043,-27.00455574993786,-1.6364238818059986,0.1794871794871795,3846,-2.1807365293403826,0.5112624524309068,-0.3043821060552214,0.13957766193208554,-0.9927538438194733,-8.519371721841184,2252,147.5569422776911,-20.628111517951975,4.765760595724753,0.1816163410301954,0.9606664664543969,-0.24154391843256343,0.5112624524309068,-3.457311084720861,-7.026076721431201,-4.704303123282063
XNGUSD|orb|09:00|30|16:55|mid|narrow0.75,XNGUSD,A_orb,range,09:00,30.0,16:55,mid,narrow0.75,2006,-0.8909807243288347,0.8015970664957905,-0.11064321345439168,0.12418137725452807,-0.6515740450752994,-2.5138160946594996,654,82.15752741774676,-13.46720342395452,12.028209420082169,0.15902140672782875,1840,-2.566999950595076,0.17808054958343572,-0.19361325637720386,0.07542394238547644,-0.7671998883860427,-6.9364059392699176,593,81.21521739130435,-23.839529412862706,1.58880110990289,0.17537942664418213,3846,-1.4487021292999727,0.5647755127309325,-0.1503376697669175,0.10377403796566669,-0.9183533589739725,-5.659570419294277,1247,81.70670826833073,-18.3996727995941,7.063839630237491,0.16680032076984763,0.8015970664957905,0.17808054958343572,0.5647755127309325,-2.502183010883273,-4.837474159845404,-3.297449597552232
XNGUSD|orb|09:00|30|16:55|mid|trend,XNGUSD,A_orb,range,09:00,30.0,16:55,mid,trend,2006,-1.3289964362090778,1.2027476946699913,-0.2470662280998793,0.18590435712877326,-0.8778031986625181,-3.7496351378466932,1481,186.04785643070787,-13.279713770413538,11.926228160714073,0.23295070898041864,1840,-3.2722834055211525,0.15166694271417433,-0.44375091122136223,0.13560894831805967,-0.9652209428840359,-8.842184061503211,1347,184.4804347826087,-24.054090708550053,1.0951297814276704,0.22271714922049,3846,-2.0818318367071713,0.7736114381119188,-0.34116394441384923,0.16387680234224275,-0.9957478746489825,-8.132985824122654,2828,185.29797191887675,-18.411639419518874,6.7672856158418,0.22807637906647807,1.2027476946699913,0.15166694271417433,0.7736114381119188,-3.788880740339533,-6.472390364782287,-4.82139757036256
XNGUSD|orb|09:00|30|16:55|mid|trend+narrow1.0,XNGUSD,A_orb,range,09:00,30.0,16:55,mid,trend+narrow1.0,2006,-1.0125394186940089,1.1123722096292767,-0.14032951857665107,0.13859165972782625,-0.6963200619791154,-2.8567822150221565,922,115.82452642073778,-12.115699749714308,13.214018254624083,0.21149674620390455,1840,-3.2639438033876655,0.012878456407402022,-0.2990166684783791,0.09161207621529148,-0.8918702734733209,-8.819649247758296,866,118.60434782608696,-25.211273782040102,0.09588557130862302,0.1928406466512702,3846,-1.8240526801211823,0.6885776923923486,-0.21624848784840864,0.11855386097403835,-0.9671631713501628,-7.125933194173351,1788,117.1544461778471,-18.458410662462704,6.860381283846014,0.20246085011185683,1.1123722096292767,0.012878456407402022,0.6885776923923486,-3.0446772827428465,-6.053765716983521,-4.147175155077861
XNGUSD|orb|09:00|30|16:55|opp_rev|none,XNGUSD,A_orb,range,09:00,30.0,16:55,opp_rev,none,2006,-0.6280542304825667,2.2016637600065767,-0.217450226857508,0.3462284247180848,-0.8856224347090011,-1.7719943763041162,3073,386.0398803589232,-5.632843597799591,19.01310498664557,0.3442889684347543,1840,-3.5428465351853515,0.27207887780589296,-0.8618216538519071,0.24325684030985528,-0.9989076286105543,-9.573284854518477,2757,377.58913043478265,-22.824323699666493,1.6609864200288227,0.32317736670293795,3846,-1.7406528274752064,1.425995606484528,-0.5257298487165029,0.30203027302064994,-0.9998759501655538,-6.800119260817193,5830,381.99687987519496,-13.762673896401141,10.80730895094019,0.3343053173241852,2.2016637600065767,0.27207887780589296,1.425995606484528,-3.2465627578344085,-6.941752153346138,-4.638751470307826
XNGUSD|orb|09:00|30|16:55|opp_rev|narrow1.0,XNGUSD,A_orb,range,09:00,30.0,16:55,opp_rev,narrow1.0,2006,-0.7251616027923101,1.6628152424734863,-0.18510451097940214,0.2552596693849178,-0.824967908507483,-2.0459734521210597,1905,239.31206380857427,-7.73485916395202,17.128132962032225,0.3102362204724409,1840,-3.420492012469814,-0.04291052274904233,-0.6050240469670972,0.1768821692205126,-0.990244429906054,-9.242665199514647,1765,241.72826086956522,-25.029098575013688,-0.29028837671341046,0.288385269121813,3846,-1.7417253353362785,0.9959016363146663,-0.38600205289759215,0.22162050758885354,-0.9982655396965293,-6.804309172354023,3670,240.46801872074883,-16.052115992432633,8.751153762335756,0.2997275204359673,1.6628152424734863,-0.04291052274904233,0.9959016363146663,-2.9048945301584763,-6.14584352284741,-4.14749571936844
XNGUSD|orb|09:00|30|16:55|opp_rev|narrow0.75,XNGUSD,A_orb,range,09:00,30.0,16:55,opp_rev,narrow0.75,2006,-1.0048903103855318,0.9322039020406349,-0.18750948200835849,0.18659696493283873,-0.80655520916349,-2.8352009944069425,1127,141.57726819541375,-13.244321238741957,11.810692070929733,0.26974267968056787,1840,-2.4162104570021348,0.2508036382528078,-0.31014980225336153,0.1283620809414813,-0.9059299289316526,-6.528950871460074,996,136.40869565217392,-22.736805800431295,2.160784561014485,0.2740963855421687,3846,-1.525243766766158,0.6622920107950888,-0.2461829581526137,0.16140564775070287,-0.9816485280045611,-5.9585917146224565,2123,139.10452418096722,-17.697696002492584,7.283462735142833,0.2717852096090438,0.9322039020406349,0.2508036382528078,0.6622920107950888,-2.7184625580866806,-4.447882548360223,-3.3737983500031077
XNGUSD|orb|09:00|30|16:55|opp_rev|trend,XNGUSD,A_orb,range,09:00,30.0,16:55,opp_rev,trend,2006,-0.920859631341308,1.107069571563752,-0.20897387238966558,0.22693347094092714,-0.8475171676112553,-2.5981165461595808,1481,186.04785643070787,-11.232264450598294,13.42269841233215,0.3362592842673869,1840,-2.601471515487806,0.0792851938886569,-0.43927665512375,0.16885699209409974,-0.9663322607608243,-7.029553104077002,1347,184.4804347826087,-23.81155788370689,0.7162817599456703,0.3192279138827023,3846,-1.5850326368663954,0.6839471437668185,-0.319155130899992,0.20135555790886472,-0.9947874836633319,-6.192165831605249,2828,185.29797191887675,-17.223886888503976,7.370526124225861,0.32814710042432815,1.107069571563752,0.0792851938886569,0.6839471437668185,-2.9080375410547568,-5.1613847852808945,-3.789376588673178
XNGUSD|orb|09:00|30|16:55|opp_rev|trend+narrow1.0,XNGUSD,A_orb,range,09:00,30.0,16:55,opp_rev,trend+narrow1.0,2006,-0.772588701815979,0.922438218140782,-0.13168773213298546,0.17044998434930755,-0.6870044112877024,-2.179784433204313,922,115.82452642073778,-11.369589516353717,13.491581850240635,0.31344902386117135,1840,-2.806526173755832,-0.2893426425288039,-0.32664995746832703,0.11638942138607886,-0.9136493151957075,-7.583640512281111,866,118.60434782608696,-27.54114528308048,-2.760544821186712,0.2852193995381062,3846,-1.5283108527971339,0.45300712648737734,-0.22496139167979473,0.14719609644076503,-0.9729726165739704,-5.970573742551641,1788,117.1544461778471,-19.202121559969694,5.62002609103701,0.29977628635346754,0.922438218140782,-0.2893426425288039,0.45300712648737734,-2.415268850280136,-5.05589046012213,-3.4018276253763733
XNGUSD|orb|09:00|30|16:55|mid_rev|none,XNGUSD,A_orb,range,09:00,30.0,16:55,mid_rev,none,2006,-1.3493180062540728,2.0708827445270592,-0.39153655211113253,0.29017366573066194,-0.9675237488726679,-3.806970485798626,3073,386.0398803589232,-10.14238611169133,15.05709322446226,0.2356003904978848,1840,-4.383045127121675,0.3901249681086728,-0.8741475046132138,0.1994383993913525,-0.9986504170850442,-11.843623232173027,2757,377.58913043478265,-23.150759228864953,1.9580546993178471,0.230322814653609,3846,-2.4766303327052226,1.3995437984742234,-0.6224268674007398,0.2513200533730293,-0.9999567464508026,-9.675324890478635,5830,381.99687987519496,-16.29403013982987,8.862573633755032,0.23310463121783875,2.0708827445270592,0.3901249681086728,1.3995437984742234,-4.532864991722594,-8.62664174098661,-6.037145116947382
XNGUSD|orb|09:00|30|16:55|mid_rev|narrow1.0,XNGUSD,A_orb,range,09:00,30.0,16:55,mid_rev,narrow1.0,2006,-1.249016854295031,1.6332697800901332,-0.2677181460207675,0.2143431012160943,-0.9018374440555591,-3.5239804690421352,1905,239.31206380857427,-11.186989145474723,14.165766760037084,0.2010498687664042,1840,-4.207772677046657,0.15423237276157978,-0.5914353329748038,0.14055781487461894,-0.9882738935169246,-11.37001166727646,1765,241.72826086956522,-24.46695023772739,0.8242678925842205,0.1954674220963173,3846,-2.308505958599373,1.0661941556460721,-0.42259064315946404,0.18305806904473407,-0.9988464550794919,-9.018522007948455,3670,240.46801872074883,-17.57367343098588,7.7494873319568915,0.1983651226158038,1.6332697800901332,0.15423237276157978,1.0661941556460721,-3.8560374975158593,-7.551276596365915,-5.219512287319802
XNGUSD|orb|09:00|30|16:55|mid_rev|narrow0.75,XNGUSD,A_orb,range,09:00,30.0,16:55,mid_rev,narrow0.75,2006,-1.0156769583600465,1.2707589185083052,-0.1628890345119781,0.16037484474885144,-0.7551441322420394,-2.865634480278578,1127,141.57726819541375,-11.50530989813622,13.919712284649929,0.1774622892635315,1840,-2.851523541520546,0.5245935886698176,-0.29632096142169634,0.10391671578614645,-0.892759848386103,-7.705229922106507,996,136.40869565217392,-21.723025794285125,3.6323958924618576,0.18674698795180722,3846,-1.6626829498488989,0.9750621699590353,-0.22672542180107885,0.13636118769467337,-0.9735448744518136,-6.4955183327968316,2123,139.10452418096722,-16.29892508069124,9.093444208051098,0.18181818181818182,1.2707589185083052,0.5245935886698176,0.9750621699590353,-3.0307094193184465,-5.254810800328856,-3.8511713270253805
XNGUSD|orb|09:00|30|16:55|mid_rev|trend,XNGUSD,A_orb,range,09:00,30.0,16:55,mid_rev,trend,2006,-1.3289964362090778,1.2027476946699913,-0.2470662280998793,0.18590435712877326,-0.8778031986625181,-3.7496351378466932,1481,186.04785643070787,-13.279713770413538,11.926228160714073,0.23295070898041864,1840,-3.2722834055211525,0.15166694271417433,-0.44375091122136223,0.13560894831805967,-0.9652209428840359,-8.842184061503211,1347,184.4804347826087,-24.054090708550053,1.0951297814276704,0.22271714922049,3846,-2.0818318367071713,0.7736114381119188,-0.34116394441384923,0.16387680234224275,-0.9957478746489825,-8.132985824122654,2828,185.29797191887675,-18.411639419518874,6.7672856158418,0.22807637906647807,1.2027476946699913,0.15166694271417433,0.7736114381119188,-3.788880740339533,-6.472390364782287,-4.82139757036256
XNGUSD|orb|09:00|30|16:55|mid_rev|trend+narrow1.0,XNGUSD,A_orb,range,09:00,30.0,16:55,mid_rev,trend+narrow1.0,2006,-1.0125394186940089,1.1123722096292767,-0.14032951857665107,0.13859165972782625,-0.6963200619791154,-2.8567822150221565,922,115.82452642073778,-12.115699749714308,13.214018254624083,0.21149674620390455,1840,-3.2639438033876655,0.012878456407402022,-0.2990166684783791,0.09161207621529148,-0.8918702734733209,-8.819649247758296,866,118.60434782608696,-25.211273782040102,0.09588557130862302,0.1928406466512702,3846,-1.8240526801211823,0.6885776923923486,-0.21624848784840864,0.11855386097403835,-0.9671631713501628,-7.125933194173351,1788,117.1544461778471,-18.458410662462704,6.860381283846014,0.20246085011185683,1.1123722096292767,0.012878456407402022,0.6885776923923486,-3.0446772827428465,-6.053765716983521,-4.147175155077861
XNGUSD|orb|09:00|60|14:30|none|none,XNGUSD,A_orb,range,09:00,60.0,14:30,none,none,2006,-1.2201507131875466,0.3231368084399085,-0.4351833910544176,0.35666363700065845,-0.9824220558520282,-3.442537438766292,1905,239.31206380857427,-18.184766122050615,4.8152338779493675,0.46561679790026245,1840,-2.3968406412826213,-0.009856734904367974,-0.5513107635048436,0.23001561055382502,-0.989440868631631,-6.476610821835901,1743,238.71521739130435,-23.094914917013003,-0.09491491701301362,0.40734366035570857,3846,-1.6209944531724738,0.19500690318799466,-0.4907409483369927,0.30274067093601453,-0.9998073542894829,-6.332656017733658,3648,239.0265210608424,-20.530815834117348,2.4691841658826377,0.43777412280701755,0.3231368084399085,-0.009856734904367974,0.19500690318799466,-2.761604923024272,-4.774797640398563,-3.4335459539517563
XNGUSD|orb|09:00|60|14:30|none|narrow1.0,XNGUSD,A_orb,range,09:00,60.0,14:30,none,narrow1.0,2006,-1.2718767131311406,-0.08264641520375617,-0.3534514101690497,0.2778975403197008,-0.9568070055444425,-3.5884773537610997,1144,143.71286141575274,-24.594278249497506,-1.5942782494975203,0.458041958041958,1840,-1.96529524101941,-0.1284997788043824,-0.3503740734500849,0.17828062987032114,-0.9433926981314895,-5.310512600152477,1040,142.43478260869566,-24.59891236065919,-1.5989123606592048,0.40673076923076923,3846,-1.4944412527325255,-0.09732720833987372,-0.35197915339242586,0.23552558707065013,-0.9974038544537926,-5.838257110469647,2184,143.10140405616224,-24.59648496909831,-1.5964849690983223,0.4336080586080586,-0.08264641520375617,-0.1284997788043824,-0.09732720833987372,-2.445119984742467,-3.7427502047557484,-2.865477174882058
XNGUSD|orb|09:00|60|14:30|none|narrow0.75,XNGUSD,A_orb,range,09:00,60.0,14:30,none,narrow0.75,2006,-0.619942465060514,0.2304449225167236,-0.1262236921676783,0.20360549451207108,-0.7043731195918721,-1.7491078133098164,599,75.2482552342971,-16.774301513657853,6.2256984863421305,0.4590984974958264,1840,-1.6936732833862016,-0.31361206369185246,-0.2201227474677092,0.12996765647009118,-0.8375849011129595,-4.576550700493561,571,78.20217391304348,-28.147906439592536,-5.147906439592545,0.3957968476357268,3846,-0.9930145043046577,0.030158687721185937,-0.17114679714741227,0.17235075258770266,-0.9500097955640642,-3.879358910867666,1170,76.66146645865834,-22.32500955870803,0.6749904412919594,0.4282051282051282,0.2304449225167236,-0.31361206369185246,0.030158687721185937,-1.457946118935171,-2.9916737128507016,-1.9884582019256738
XNGUSD|orb|09:00|60|14:30|none|trend,XNGUSD,A_orb,range,09:00,60.0,14:30,none,trend,2006,-1.3584250484284044,-0.09501893672710862,-0.3907508484418275,0.2876499140632727,-0.9720981711404995,-3.8326651260612676,1258,158.03389830508473,-24.725761538039276,-1.7257615380392948,0.4546899841017488,1840,-2.0037765667967635,-0.19983620152762263,-0.38185597402467614,0.19056814035664216,-0.9514621038830665,-5.414494720062974,1092,149.55652173913043,-25.532552481445293,-2.532552481445299,0.4056776556776557,3846,-1.5711178342796286,-0.13189515151515596,-0.3864953703015367,0.24600024381923477,-0.9983956741997946,-6.1378055849281505,2350,153.97815912636506,-25.100661840251774,-2.100661840251787,0.4319148936170213,-0.09501893672710862,-0.19983620152762263,-0.13189515151515596,-2.6066080231564075,-3.755595575843217,-2.9859681475368167
XNGUSD|orb|09:00|60|14:30|none|trend+narrow1.0,XNGUSD,A_orb,range,09:00,60.0,14:30,none,trend+narrow1.0,2006,-1.1107761654062707,-0.10352069070326544,-0.2621369042697263,0.23599435460865217,-0.9131218093227326,-3.133947711681241,823,103.38783649052841,-25.354714168309467,-2.354714168309481,0.4532199270959903,1840,-2.057980209784747,-0.5787945622908768,-0.30745893013559633,0.14939839006894767,-0.9099876557883579,-5.560960819941456,705,96.55434782608695,-31.843095319683506,-8.843095319683513,0.39290780141843973,3846,-1.424111719882821,-0.27027765211842664,-0.2838198287609382,0.19929604173490792,-0.9908138230587418,-5.563504326119626,1528,100.1185647425897,-28.348371702156772,-5.3483717021567925,0.42539267015706805,-0.10352069070326544,-0.5787945622908768,-0.27027765211842664,-2.098995155077774,-3.453710057426235,-2.544349090228745
XNGUSD|orb|09:00|60|14:30|opp|none,XNGUSD,A_orb,range,09:00,60.0,14:30,opp,none,2006,-1.0300309808672212,1.1209701888302546,-0.27929653221162454,0.27115352586431385,-0.9206897627780101,-2.9061329689847413,1905,239.31206380857427,-11.67080872425361,12.63155348047079,0.3763779527559055,1840,-2.707206093828428,0.2581702598982196,-0.5242945354707799,0.19366628077042425,-0.9862011021337442,-7.315263260408744,1743,238.71521739130435,-21.96318027817016,2.0781278113306927,0.36259323006310956,3846,-1.670520345447629,0.7690147674663241,-0.39650826544013357,0.2373561426657669,-0.9988778047574288,-6.526136284822838,3648,239.0265210608424,-16.588463224932486,7.5891683540148716,0.3697916666666667,1.1209701888302546,0.2581702598982196,0.7690147674663241,-3.1544205574780984,-5.615489085792945,-4.074709964763299
XNGUSD|orb|09:00|60|14:30|opp|narrow1.0,XNGUSD,A_orb,range,09:00,60.0,14:30,opp,narrow1.0,2006,-1.0285525338765065,0.7824827583371596,-0.20093148146056974,0.1953536400355557,-0.8290291145635963,-2.901961673535944,1144,143.71286141575274,-13.981454372360382,10.560503669597654,0.3487762237762238,1840,-2.3502026737425545,0.10727484588094977,-0.3321768896173905,0.14133967820248416,-0.9306291536929482,-6.350588273621436,1040,142.43478260869566,-23.321332299145247,1.0459753931624443,0.34326923076923077,3846,-1.5361755613944907,0.5079187241503046,-0.2637217963353877,0.17167425583569992,-0.9874297131387929,-6.001298396870662,2184,143.10140405616224,-18.429015289876983,6.029775918914221,0.34615384615384615,0.7824827583371596,0.10727484588094977,0.5079187241503046,-2.7871191684846726,-4.642367144244536,-3.4953376567654866
XNGUSD|orb|09:00|60|14:30|opp|narrow0.75,XNGUSD,A_orb,range,09:00,60.0,14:30,opp,narrow0.75,2006,-0.596846215913117,0.7314426987131859,-0.08391122636542278,0.14059103354965016,-0.5362704190442853,-1.6839439761496717,599,75.2482552342971,-11.151252092709946,13.586644401446977,0.31552587646076796,1840,-1.9712029843531425,-0.04004831461504428,-0.19619198530456597,0.09952906263935428,-0.7918758574867126,-5.326476178935673,571,78.20217391304348,-25.087791743835748,-0.4958477858672765,0.3204903677758319,3846,-1.121587870685721,0.4247661371829016,-0.13762849013245954,0.12270861136213582,-0.8999863970730738,-4.38164989695945,1170,76.66146645865834,-17.95275990535339,6.713906761313268,0.31794871794871793,0.7314426987131859,-0.04004831461504428,0.4247661371829016,-1.8795729485455788,-3.6886368310556437,-2.5761839276579965
XNGUSD|orb|09:00|60|14:30|opp|trend,XNGUSD,A_orb,range,09:00,60.0,14:30,opp,trend,2006,-0.7445284602210285,1.104214140780005,-0.15523632143109933,0.20850287091109224,-0.767916047386784,-2.100615170598148,1258,158.03389830508473,-9.822976152332542,14.495783784074447,0.3751987281399046,1840,-1.9041340944310943,0.39635551344595565,-0.29871658617465746,0.15687791476886834,-0.908002321771799,-5.145246317093374,1092,149.55652173913043,-19.973491139069488,4.108926443348091,0.3727106227106227,3846,-1.2060152215748607,0.807814587968085,-0.22388002583259362,0.18563615270149125,-0.9771440556699389,-4.711477905083138,2350,153.97815912636506,-14.539726095105626,9.669210075107136,0.3740425531914894,1.104214140780005,0.39635551344595565,0.807814587968085,-2.5545597552757022,-4.0944902443713955,-3.159464541377913
XNGUSD|orb|09:00|60|14:30|opp|trend+narrow1.0,XNGUSD,A_orb,range,09:00,60.0,14:30,opp,trend+narrow1.0,2006,-0.3301455011482452,1.2683596028201343,-0.052294399586552937,0.15839803784898826,-0.4277925213319477,-0.9314736578516419,823,103.38783649052841,-5.058080463009177,19.3854189294574,0.36938031591737547,1840,-2.154617702740418,-0.08535830840288174,-0.24489495109205295,0.11366051192310156,-0.8496839568112748,-5.822089332989724,705,96.55434782608695,-25.36343071087343,-0.9804519874691824,0.34609929078014184,3846,-1.0397195961833086,0.7265441301557233,-0.14443818917836784,0.13892032977793617,-0.9092197634764414,-4.06181930150336,1528,100.1185647425897,-14.42671392161147,9.98886199461889,0.3586387434554974,1.2683596028201343,-0.08535830840288174,0.7265441301557233,-1.8936246309837832,-4.023657585084641,-2.7244014898469144
XNGUSD|orb|09:00|60|14:30|mid|none,XNGUSD,A_orb,range,09:00,60.0,14:30,mid,none,2006,-1.3754405213502001,1.2468649656399489,-0.3148670560092588,0.2289208810717383,-0.9357343059701274,-3.880672640164644,1905,239.31206380857427,-13.157174402253323,11.841250794597064,0.2782152230971129,1840,-3.4577884291253973,0.23013339614474432,-0.5551695622868181,0.1605562554407764,-0.9857888106269225,-9.343445523231951,1743,238.71521739130435,-23.256563546880162,1.5300113240320583,0.2897303499713138,3846,-2.156904488033011,0.8364675992403416,-0.4298323736251478,0.19928206186688105,-0.9990660415046774,-8.426268306524348,3648,239.0265210608424,-17.982622669546245,6.914581277822172,0.2837171052631579,1.2468649656399489,0.23013339614474432,0.8364675992403416,-3.954449107986992,-7.040621082962609,-5.089969503934385
XNGUSD|orb|09:00|60|14:30|mid|narrow1.0,XNGUSD,A_orb,range,09:00,60.0,14:30,mid,narrow1.0,2006,-1.0621946471308126,1.1297195006693457,-0.17596447519246036,0.1656612332473841,-0.779139251297877,-2.9968796481315643,1144,143.71286141575274,-12.244170317046684,12.924535976659604,0.24825174825174826,1840,-2.8369657767405396,0.3066854969629606,-0.32208453235401324,0.11353134218068155,-0.916856452498764,-7.6658927316016445,1040,142.43478260869566,-22.612772418016807,2.3862660435216587,0.26153846153846155,3846,-1.7173814207347908,0.8001567826122015,-0.2458711068038117,0.14316627851873143,-0.9809196831068334,-6.709206047852521,2184,143.10140405616224,-17.181599888937214,7.906312198974868,0.25457875457875456,1.1297195006693457,0.3066854969629606,0.8001567826122015,-3.1769208448503075,-5.6757069710534145,-4.098294778986815
XNGUSD|orb|09:00|60|14:30|mid|narrow0.75,XNGUSD,A_orb,range,09:00,60.0,14:30,mid,narrow0.75,2006,-0.5439745969136565,1.0404426942336273,-0.06544473759399334,0.12030844448491998,-0.44866779431959103,-1.5347718075916277,599,75.2482552342971,-8.697176750506834,16.57160455166344,0.22036727879799667,1840,-2.232818621054686,0.19299413741206867,-0.18147133586074118,0.08127455322592306,-0.7614646586645049,-6.0333995490751215,571,78.20217391304348,-23.205408082712296,1.9381996230670309,0.23642732049036777,3846,-1.1682004517434317,0.7071025539641971,-0.12095408257860492,0.10353880825682964,-0.8637324053043383,-4.563748880308533,1170,76.66146645865834,-15.777689648531895,9.430002659160404,0.2282051282051282,1.0404426942336273,0.19299413741206867,0.7071025539641971,-2.0689622642738543,-4.300961159605631,-2.9086384830156415
XNGUSD|orb|09:00|60|14:30|mid|trend,XNGUSD,A_orb,range,09:00,60.0,14:30,mid,trend,2006,-1.0631821517050497,1.206189782410666,-0.18576845792905475,0.17472872134952,-0.8045796635596325,-2.9996657969499214,1258,158.03389830508473,-11.754975351581114,13.238665347941934,0.2845786963434022,1840,-2.173083796923026,0.6536119453250028,-0.2862689985112423,0.13173398969546612,-0.9016809545071283,-5.871987396031629,1092,149.55652173913043,-19.141191248789386,5.66650105890292,0.3067765567765568,3846,-1.5023068584304564,0.9712875596290833,-0.23384983979884805,0.15566050203828796,-0.9786335110433098,-5.86898526944554,2350,153.97815912636506,-15.187208440837043,9.720025601716145,0.2948936170212766,1.206189782410666,0.6536119453250028,0.9712875596290833,-3.260923921061696,-4.812771020769941,-3.8686864339474005
XNGUSD|orb|09:00|60|14:30|mid|trend+narrow1.0,XNGUSD,A_orb,range,09:00,60.0,14:30,mid,trend+narrow1.0,2006,-0.46108550556341105,1.5130115170963716,-0.060643817310043285,0.13152401578085002,-0.48045311268025204,-1.3009082388091386,823,103.38783649052841,-5.865662670637176,19.19387560396792,0.27946537059538273,1840,-2.17338567194999,0.4304805755331678,-0.2022191764531954,0.09304339264911124,-0.7938912527430165,-5.872803106109639,705,96.55434782608695,-20.94355987132047,4.039418852083778,0.275177304964539,3846,-1.1181831797719182,1.0746923250683962,-0.1283761784185716,0.11480782463992813,-0.8784551811862585,-4.368348965323553,1528,100.1185647425897,-12.822414978544066,12.201799681141793,0.2774869109947644,1.5130115170963716,0.4304805755331678,1.0746923250683962,-2.3722538160204523,-4.467312407870272,-3.179763363650612
XNGUSD|orb|09:00|60|14:30|opp_rev|none,XNGUSD,A_orb,range,09:00,60.0,14:30,opp_rev,none,2006,-0.942943671081244,1.6319188374408657,-0.301161683363581,0.31938459591997514,-0.9377526723117846,-2.660424532199537,2635,331.0169491525424,-9.098074407809156,15.25107170224776,0.371157495256167,1840,-2.7802346899307504,0.5738883314639014,-0.6189770754318533,0.22263482923712127,-0.993482740745553,-7.512597112177328,2251,308.28913043478263,-20.07781054618777,3.963060177934837,0.36650377609951135,3846,-1.63327130030628,1.2014431194940927,-0.4532106488876635,0.2774864462521781,-0.9995888140574871,-6.380617347723738,4886,320.14352574102963,-14.156483340983584,10.050639049519885,0.36901350798198934,1.6319188374408657,0.5738883314639014,1.2014431194940927,-3.346845457165408,-5.812016605678727,-4.254862600776137
XNGUSD|orb|09:00|60|14:30|opp_rev|narrow1.0,XNGUSD,A_orb,range,09:00,60.0,14:30,opp_rev,narrow1.0,2006,-0.6705278661479072,1.541158793279072,-0.1602582214310214,0.23900307432662485,-0.7794159187644123,-1.891829638750075,1677,210.66999002991025,-7.607074050189512,16.92602076197506,0.35360763267740014,1840,-2.447331320571655,0.40863986487388215,-0.4158722331409793,0.1699288648191037,-0.9634852584091789,-6.61304395562581,1445,197.90217391304347,-21.014030564601576,3.2918517883395957,0.35155709342560554,3846,-1.3521959721673578,1.083666350283385,-0.28254885625845827,0.20895555235649524,-0.9916037878470192,-5.282554757384928,3122,204.5616224648986,-13.812407862913867,10.615522950667163,0.3526585522101217,1.541158793279072,0.40863986487388215,1.083666350283385,-2.7009304873180904,-4.846938519344449,-3.5268044901726894
XNGUSD|orb|09:00|60|14:30|opp_rev|narrow0.75,XNGUSD,A_orb,range,09:00,60.0,14:30,opp_rev,narrow0.75,2006,-0.4944467567620548,1.1978779698497455,-0.08540966027105235,0.17273783092514952,-0.5538951190184516,-1.3950337882303148,920,115.57328015952143,-7.390087064515655,17.325130326788685,0.32282608695652176,1840,-2.058987482541751,0.21771231447963343,-0.2542257123655007,0.12347122773746422,-0.8659511049250653,-5.56368261692962,832,113.94782608695652,-22.310711936838047,2.182076524700412,0.33413461538461536,3846,-1.0986126198935768,0.805870371190037,-0.16617449018623304,0.1512584938286349,-0.9387025490148333,-4.291893661271499,1752,114.795631825273,-14.4756806111893,10.133908429906583,0.3281963470319635,1.1978779698497455,0.21771231447963343,0.805870371190037,-2.0260382599490194,-3.858484539291846,-2.748282744440953
XNGUSD|orb|09:00|60|14:30|opp_rev|trend,XNGUSD,A_orb,range,09:00,60.0,14:30,opp_rev,trend,2006,-0.7445284602210285,1.104214140780005,-0.15523632143109933,0.20850287091109224,-0.767916047386784,-2.100615170598148,1258,158.03389830508473,-9.822976152332542,14.495783784074447,0.3751987281399046,1840,-1.9041340944310943,0.39635551344595565,-0.29871658617465746,0.15687791476886834,-0.908002321771799,-5.145246317093374,1092,149.55652173913043,-19.973491139069488,4.108926443348091,0.3727106227106227,3846,-1.2060152215748607,0.807814587968085,-0.22388002583259362,0.18563615270149125,-0.9771440556699389,-4.711477905083138,2350,153.97815912636506,-14.539726095105626,9.669210075107136,0.3740425531914894,1.104214140780005,0.39635551344595565,0.807814587968085,-2.5545597552757022,-4.0944902443713955,-3.159464541377913
XNGUSD|orb|09:00|60|14:30|opp_rev|trend+narrow1.0,XNGUSD,A_orb,range,09:00,60.0,14:30,opp_rev,trend+narrow1.0,2006,-0.3301455011482452,1.2683596028201343,-0.052294399586552937,0.15839803784898826,-0.4277925213319477,-0.9314736578516419,823,103.38783649052841,-5.058080463009177,19.3854189294574,0.36938031591737547,1840,-2.154617702740418,-0.08535830840288174,-0.24489495109205295,0.11366051192310156,-0.8496839568112748,-5.822089332989724,705,96.55434782608695,-25.36343071087343,-0.9804519874691824,0.34609929078014184,3846,-1.0397195961833086,0.7265441301557233,-0.14443818917836784,0.13892032977793617,-0.9092197634764414,-4.06181930150336,1528,100.1185647425897,-14.42671392161147,9.98886199461889,0.3586387434554974,1.2683596028201343,-0.08535830840288174,0.7265441301557233,-1.8936246309837832,-4.023657585084641,-2.7244014898469144
XNGUSD|orb|09:00|60|14:30|mid_rev|none,XNGUSD,A_orb,range,09:00,60.0,14:30,mid_rev,none,2006,-1.4029606856844639,1.6861778800348057,-0.3820020343252186,0.27228277899950626,-0.9639510481073919,-3.9583181269211165,2635,331.0169491525424,-11.540256029282075,13.48744795553765,0.27362428842504743,1840,-3.428901519275562,0.7371484009594158,-0.6332032660953253,0.18466650690775885,-0.9923800708411262,-9.265388905816316,2251,308.28913043478263,-20.539266668348432,4.241275312993192,0.29631274988893824,3846,-2.1406771455679414,1.2992002385649648,-0.5021815107830959,0.23459002765681533,-0.9997228996256385,-8.362873778731776,4886,320.14352574102963,-15.686136698242036,9.227698749977362,0.28407695456406057,1.6861778800348057,0.7371484009594158,1.2992002385649648,-4.299079139428903,-7.195722961755424,-5.332810109155751
XNGUSD|orb|09:00|60|14:30|mid_rev|narrow1.0,XNGUSD,A_orb,range,09:00,60.0,14:30,mid_rev,narrow1.0,2006,-0.827684537381332,1.807962885462249,-0.16942371485368876,0.20469600095432453,-0.7797970297844312,-2.3352320140677802,1677,210.66999002991025,-8.042138077171526,17.10276353284636,0.2558139534883721,1840,-2.813376756960123,0.7965164025481084,-0.3900954069516837,0.13865736467275896,-0.9514322579204624,-7.602151781054096,1445,197.90217391304347,-19.711527126684732,5.246258340443291,0.2740484429065744,3846,-1.5595443526488604,1.3976097453850933,-0.2749972752957872,0.17633180795961903,-0.9888580624791206,-6.092592056928855,3122,204.5616224648986,-13.443248639806564,11.615047324318995,0.26425368353619477,1.807962885462249,0.7965164025481084,1.3976097453850933,-3.249980746705487,-5.774911910852429,-4.187563985862234
XNGUSD|orb|09:00|60|14:30|mid_rev|narrow0.75,XNGUSD,A_orb,range,09:00,60.0,14:30,mid_rev,narrow0.75,2006,-0.4191143384723902,1.5475524383285624,-0.06321831555862992,0.15083787347636765,-0.44686646070489744,-1.1824906429351885,920,115.57328015952143,-5.46997675166544,19.763718900508465,0.23152173913043478,1840,-2.3406618183290098,0.4967992330754046,-0.23910340624228127,0.10215205134288746,-0.8489240855764622,-6.324807499398637,832,113.94782608695652,-20.983586475780175,4.114971216527512,0.2512019230769231,3846,-1.1340556685370282,1.131537361392399,-0.14736510881341888,0.12994521600824505,-0.9123374151452915,-4.430357204338846,1752,114.795631825273,-12.83717041060577,12.332350137339429,0.2408675799086758,1.5475524383285624,0.4967992330754046,1.131537361392399,-2.2188628032863384,-4.488967418722958,-3.0920780857250527
XNGUSD|orb|09:00|60|14:30|mid_rev|trend,XNGUSD,A_orb,range,09:00,60.0,14:30,mid_rev,trend,2006,-1.0631821517050497,1.206189782410666,-0.18576845792905475,0.17472872134952,-0.8045796635596325,-2.9996657969499214,1258,158.03389830508473,-11.754975351581114,13.238665347941934,0.2845786963434022,1840,-2.173083796923026,0.6536119453250028,-0.2862689985112423,0.13173398969546612,-0.9016809545071283,-5.871987396031629,1092,149.55652173913043,-19.141191248789386,5.66650105890292,0.3067765567765568,3846,-1.5023068584304564,0.9712875596290833,-0.23384983979884805,0.15566050203828796,-0.9786335110433098,-5.86898526944554,2350,153.97815912636506,-15.187208440837043,9.720025601716145,0.2948936170212766,1.206189782410666,0.6536119453250028,0.9712875596290833,-3.260923921061696,-4.812771020769941,-3.8686864339474005
XNGUSD|orb|09:00|60|14:30|mid_rev|trend+narrow1.0,XNGUSD,A_orb,range,09:00,60.0,14:30,mid_rev,trend+narrow1.0,2006,-0.46108550556341105,1.5130115170963716,-0.060643817310043285,0.13152401578085002,-0.48045311268025204,-1.3009082388091386,823,103.38783649052841,-5.865662670637176,19.19387560396792,0.27946537059538273,1840,-2.17338567194999,0.4304805755331678,-0.2022191764531954,0.09304339264911124,-0.7938912527430165,-5.872803106109639,705,96.55434782608695,-20.94355987132047,4.039418852083778,0.275177304964539,3846,-1.1181831797719182,1.0746923250683962,-0.1283761784185716,0.11480782463992813,-0.8784551811862585,-4.368348965323553,1528,100.1185647425897,-12.822414978544066,12.201799681141793,0.2774869109947644,1.5130115170963716,0.4304805755331678,1.0746923250683962,-2.3722538160204523,-4.467312407870272,-3.179763363650612
XNGUSD|orb|09:00|60|16:55|none|none,XNGUSD,A_orb,range,09:00,60.0,16:55,none,none,2006,-1.0689911810837995,0.40725591796293,-0.40590289429817955,0.37970649475953006,-0.9784603143727298,-3.0160554125138845,1940,243.70887337986042,-16.655236580799958,6.344763419200028,0.47680412371134023,1840,-2.546317455863843,-0.1596380140197961,-0.599531720385869,0.23545050088127245,-0.9925981104018667,-6.880518840690352,1784,244.3304347826087,-24.537742132669567,-1.537742132669578,0.40919282511210764,3846,-1.5630263649780776,0.19653266390482396,-0.4985386301279634,0.318957275000896,-0.9998369081991046,-6.106195056178659,3724,244.00624024960996,-20.431388542275624,2.568611457724363,0.4444146079484425,0.40725591796293,-0.1596380140197961,0.19653266390482396,-2.544294807837005,-4.927582645656042,-3.320699200136479
XNGUSD|orb|09:00|60|16:55|none|narrow1.0,XNGUSD,A_orb,range,09:00,60.0,16:55,none,narrow1.0,2006,-1.1723500084212881,-0.039164996270265415,-0.3443309346486391,0.2937100116647951,-0.9549552252064878,-3.307672365149795,1152,144.71784646061815,-23.793259993150976,-0.7932599931509902,0.4670138888888889,1840,-1.9375532821912345,-0.12118745926538085,-0.35369430382438805,0.18254687862022823,-0.9441021659305083,-5.235549806351828,1053,144.21521739130435,-24.525449548413228,-1.5254495484132355,0.42165242165242167,3846,-1.4131983183835206,-0.06709811990994283,-0.3488105496469173,0.24682349611475796,-0.9973492173193614,-5.520869499366685,2205,144.4773790951638,-24.142917862398665,-1.1429178623986747,0.4453514739229025,-0.039164996270265415,-0.12118745926538085,-0.06709811990994283,-2.2923562961921475,-3.698269012016333,-2.7368808289827573
XNGUSD|orb|09:00|60|16:55|none|narrow0.75,XNGUSD,A_orb,range,09:00,60.0,16:55,none,narrow0.75,2006,-0.5250238808600928,0.2913839693212139,-0.11152142555548826,0.2124121008987137,-0.7057480498976644,-1.4813041918284964,600,75.37387836490528,-14.795765850814114,8.20423414918587,0.47,1840,-1.822990778935582,-0.4956632250614765,-0.24577436171292522,0.13481931151425208,-0.8618124014412485,-4.925985317339693,571,78.20217391304348,-31.428072829051118,-8.428072829051127,0.39929947460595444,3846,-0.9788303688639209,0.0040357744234730585,-0.17575059938015905,0.17955164139844162,-0.9576128592156065,-3.8239464753227224,1171,76.72698907956318,-22.90596848495018,0.09403151504981073,0.43552519214346713,0.2913839693212139,-0.4956632250614765,0.0040357744234730585,-1.3317703093626756,-3.068444723933965,-1.9364701750931914
XNGUSD|orb|09:00|60|16:55|none|trend,XNGUSD,A_orb,range,09:00,60.0,16:55,none,trend,2006,-1.4402478808378272,-0.1790623746270271,-0.4420141384738308,0.3069014329788151,-0.9817329560306887,-4.063520348183358,1340,168.33499501495513,-26.258006449256822,-3.258006449256839,0.45671641791044776,1840,-2.431283568949871,-0.5367452150704735,-0.47332285404467433,0.19468023396757206,-0.9750091351369374,-6.569680604708927,1173,160.65,-29.46298500122467,-6.462985001224678,0.4075021312872975,3846,-1.76232045819686,-0.30283174766889953,-0.45699282715046935,0.2593131260690506,-0.9994807252899031,-6.884767084140072,2513,164.65834633385336,-27.754003202722114,-4.754003202722129,0.43374452845204936,-0.1790623746270271,-0.5367452150704735,-0.30283174766889953,-2.6879721941194763,-4.267865887078174,-3.198351435873417
XNGUSD|orb|09:00|60|16:55|none|trend+narrow1.0,XNGUSD,A_orb,range,09:00,60.0,16:55,none,trend+narrow1.0,2006,-1.2447177751946445,-0.24742821039148885,-0.31091060443284546,0.24978401580569246,-0.9429143288929224,-3.5118510324116103,863,108.41276171485544,-28.67841382461917,-5.678413824619187,0.4542294322132097,1840,-2.273768621572493,-0.7342049675041628,-0.34668468931285024,0.15247140189360608,-0.9308827917495136,-6.144052385955378,750,102.71739130434783,-33.75131366855262,-10.751313668552624,0.408,3846,-1.5699693727364827,-0.4091415357030533,-0.328025611239712,0.20893758625874206,-0.9953755489607902,-6.133318949031214,1613,105.68798751950078,-31.037170726634102,-8.037170726634116,0.43273403595784254,-0.24742821039148885,-0.7342049675041628,-0.4091415357030533,-2.222723429972972,-3.723106970244968,-2.696549217585979
XNGUSD|orb|09:00|60|16:55|opp|none,XNGUSD,A_orb,range,09:00,60.0,16:55,opp,none,2006,-0.6803722472096788,1.4196402842165794,-0.19286508470037309,0.2834699467700884,-0.8448963049279423,-1.9196046094978256,1940,243.70887337986042,-7.913748975391678,16.423879890587692,0.3845360824742268,1840,-3.040200364948928,-0.05548474533633342,-0.5994811836815018,0.19718476143646296,-0.9921417950417953,-8.215062046695298,1784,244.3304347826087,-24.535673757339566,-0.4443060443350911,0.3598654708520179,3846,-1.572891898147514,0.8315900463597213,-0.38739800776986794,0.24629665155382205,-0.9987628875809569,-6.14473622938953,3724,244.00624024960996,-15.876561491770582,8.343094791795469,0.3727175080558539,1.4196402842165794,-0.05548474533633342,0.8315900463597213,-2.7562357545717737,-5.9719558844727345,-3.945294332942657
XNGUSD|orb|09:00|60|16:55|opp|narrow1.0,XNGUSD,A_orb,range,09:00,60.0,16:55,opp,narrow1.0,2006,-0.7780429120803999,0.9769279833355464,-0.158276493782619,0.20342900285461804,-0.762444444617301,-2.1951729608929296,1152,144.71784646061815,-10.93690223103828,13.65163943562838,0.3541666666666667,1840,-2.449389023147695,-0.010714797211648768,-0.35338710782120686,0.14427561505402328,-0.9395211134972358,-6.61860416623913,1053,144.21521739130435,-24.504148328698825,-0.10528792983843141,0.3475783475783476,3846,-1.4160843650314625,0.5814129135611388,-0.25162114532474106,0.17768796234054218,-0.9849745513167711,-5.532144270009348,2205,144.4773790951638,-17.415954449104746,7.082004734568719,0.3510204081632653,0.9769279833355464,-0.010714797211648768,0.5814129135611388,-2.490265203889737,-4.723804652359236,-3.337424444774339
XNGUSD|orb|09:00|60|16:55|opp|narrow0.75,XNGUSD,A_orb,range,09:00,60.0,16:55,opp,narrow0.75,2006,-0.44003424049421047,0.8529522129379233,-0.06373727908470268,0.14484618063612095,-0.5194730492515962,-1.241514126794243,600,75.37387836490528,-8.45614959285143,16.323850407148566,0.32,1840,-2.096738099646169,-0.19105272308928195,-0.2113387877090381,0.10079407997818239,-0.8114529650421977,-5.665690256093573,571,78.20217391304348,-27.02466915357561,-2.3906936719644003,0.30823117338003503,3846,-1.068141218679563,0.44433154628927723,-0.1343526654260384,0.12578174409571546,-0.9063848469899665,-4.17285259861453,1171,76.72698907956318,-17.510483212982514,7.198312687956846,0.3142613151152861,0.8529522129379233,-0.19105272308928195,0.44433154628927723,-1.6965032688805932,-3.7833988199924073,-2.4957496710550964
XNGUSD|orb|09:00|60|16:55|opp|trend,XNGUSD,A_orb,range,09:00,60.0,16:55,opp,trend,2006,-0.6780319562699775,1.183011492435427,-0.14966461004093679,0.22073385871704196,-0.7559734422338052,-1.913001704553009,1340,168.33499501495513,-8.890879167913976,15.438971578354671,0.3753731343283582,1840,-2.5069562407123005,-0.05144436601067678,-0.3955721352691838,0.15778980456267958,-0.9549674096602336,-6.774159132155591,1173,160.65,-24.62322659627661,-0.49790690318198655,0.3648763853367434,3846,-1.3826938824825785,0.6866726093354045,-0.26731147598476784,0.19332657746689344,-0.9886571035811682,-5.401699381790028,2513,164.65834633385336,-16.234310737141737,8.00007048052638,0.37047353760445684,1.183011492435427,-0.05144436601067678,0.6866726093354045,-2.5045704501204495,-4.828675287079325,-3.390434675729183
XNGUSD|orb|09:00|60|16:55|opp|trend+narrow1.0,XNGUSD,A_orb,range,09:00,60.0,16:55,opp,trend+narrow1.0,2006,-0.3480128504656944,1.2494563359280915,-0.0579179841702534,0.16642484348710193,-0.4392050930754998,-0.981884658961617,863,108.41276171485544,-5.34235852441319,19.12809338752191,0.36732329084588644,1840,-2.521404064319501,-0.34343003624408225,-0.2887939736386656,0.11453696681361063,-0.8882496706807136,-6.813199245676153,750,102.71739130434783,-28.11539214260025,-3.723392142600261,0.3466666666666667,3846,-1.1682983427926372,0.6298625051073221,-0.1683734757516051,0.14411856080282906,-0.936593836817304,-4.564131306257383,1613,105.68798751950078,-15.931183827352,8.5027901342103,0.3577185368877867,1.2494563359280915,-0.34343003624408225,0.6298625051073221,-1.9113990267403245,-4.4690536687943485,-2.8812976452146297
XNGUSD|orb|09:00|60|16:55|mid|none,XNGUSD,A_orb,range,09:00,60.0,16:55,mid,none,2006,-1.0816518455818958,1.4690690168842464,-0.25932991849142123,0.23975359497668094,-0.9010776263764373,-3.0517762550813514,1940,243.70887337986042,-10.640971536855485,14.35387382396925,0.2809278350515464,1840,-3.855871753418624,-0.08022638169043489,-0.6190701796253871,0.16055258556680946,-0.9911567720340014,-10.419124365497506,1784,244.3304347826087,-25.337415708206827,-0.5212722104489785,0.2830717488789238,3846,-2.0944705011064038,0.8631241955148279,-0.4314365436829182,0.20598836004374949,-0.9991184538559807,-8.182360647094612,3724,244.00624024960996,-17.681373363303067,7.2278640158591205,0.2819548872180451,1.4690690168842464,-0.08022638169043489,0.8631241955148279,-3.5946483245931597,-7.534202838613455,-4.999058931014848
XNGUSD|orb|09:00|60|16:55|mid|narrow1.0,XNGUSD,A_orb,range,09:00,60.0,16:55,mid,narrow1.0,2006,-0.8496254612520779,1.2532032603820784,-0.14773264296181218,0.17387972665520313,-0.7258909868001502,-2.3971362124998263,1152,144.71784646061815,-10.208322371768737,14.966156794897923,0.2439236111111111,1840,-3.0305103021091604,0.13685904327833254,-0.3459269762079447,0.11414809445365953,-0.9291215155779484,-8.188878092380035,1053,144.21521739130435,-23.986856759320254,1.0558782834147897,0.2611585944919278,3846,-1.6339294276147078,0.8194215922196452,-0.2425526047852349,0.1484474180377089,-0.9800568555888027,-6.383188419976325,2205,144.4773790951638,-16.788275528272926,8.323289097577407,0.25215419501133784,1.2532032603820784,0.13685904327833254,0.8194215922196452,-2.890334483077786,-5.880142453430077,-3.9641418558642982
XNGUSD|orb|09:00|60|16:55|mid|narrow0.75,XNGUSD,A_orb,range,09:00,60.0,16:55,mid,narrow0.75,2006,-0.4029345712885067,1.1206130343884166,-0.05045930623086376,0.12522952813282978,-0.42900620617988616,-1.1368409918887774,600,75.37387836490528,-6.694534940417502,18.58046505958249,0.215,1840,-2.435603192373487,-0.0018051244843697845,-0.19730326446928842,0.0810079675897522,-0.7851633767567519,-6.581352853305595,571,78.20217391304348,-25.229895103514487,-0.01798617181571878,0.22066549912434325,3846,-1.1336759412985817,0.693693037209372,-0.12071226597051571,0.10647863430200741,-0.8738535471581863,-4.428873743382556,1171,76.72698907956318,-15.732699460595455,9.511536235390878,0.21776259607173357,1.1206130343884166,-0.0018051244843697845,0.693693037209372,-1.8802582063774997,-4.4832129894646755,-2.835977245737406
XNGUSD|orb|09:00|60|16:55|mid|trend,XNGUSD,A_orb,range,09:00,60.0,16:55,mid,trend,2006,-0.9669200738915595,1.3162062474108787,-0.1786263497657268,0.18473745099407238,-0.7888992693855104,-2.7280716379458623,1340,168.33499501495513,-10.611361573976781,14.349832455873958,0.2865671641791045,1840,-2.9436476717587885,0.1803990748273469,-0.3756600650562392,0.12761719707840838,-0.947854177663575,-7.9541626749047625,1173,160.65,-23.383757550964155,1.4039662342020793,0.29241261722080136,3846,-1.7047676387739745,0.8635799167572645,-0.27289104974870726,0.1600752170219301,-0.9882202279648955,-6.659928431828475,2513,164.65834633385336,-16.573168371034555,8.307054470191064,0.2892956625547155,1.3162062474108787,0.1803990748273469,0.8635799167572645,-3.188152247363303,-5.822791347345572,-4.163654491391
XNGUSD|orb|09:00|60|16:55|mid|trend+narrow1.0,XNGUSD,A_orb,range,09:00,60.0,16:55,mid,trend+narrow1.0,2006,-0.44597291843760195,1.5297589426494775,-0.061423945366345656,0.1377302137123821,-0.451217213180619,-1.2582695332665237,863,108.41276171485544,-5.665748606967637,19.381760083646498,0.27578215527230593,1840,-2.7238441785323992,0.10136128891977517,-0.2475630980933401,0.09088739364919418,-0.8473619774014022,-7.360221776879283,750,102.71739130434783,-24.101380978399245,0.8666190216007468,0.26666666666666666,3846,-1.2773814794872482,0.9774773270438408,-0.15047647813225043,0.11780073576192211,-0.9119885569237567,-4.9902808101439895,1613,105.68798751950078,-14.237803336399569,10.772736031238368,0.27154370737755734,1.5297589426494775,0.10136128891977517,0.9774773270438408,-2.363219672409863,-5.151811984970887,-3.391538658893997
XNGUSD|orb|09:00|60|16:55|opp_rev|none,XNGUSD,A_orb,range,09:00,60.0,16:55,opp_rev,none,2006,-0.5072375271433989,2.113276658138997,-0.17007410757416613,0.33529480464895733,-0.8284513750880387,-1.431121711986396,2793,350.86540378863407,-4.8472749304351765,19.498589731218953,0.38059434300035805,1840,-3.18690650125954,0.27994290159377194,-0.7356966293977193,0.23084976892386236,-0.9972780585193256,-8.61148329126773,2419,331.29782608695655,-22.206503377556707,1.8526119593593675,0.3625465068210004,3846,-1.5166194149112073,1.3825841046622163,-0.44067874620009906,0.2905664676763348,-0.9995308777689182,-5.924899400890958,5212,341.50390015600624,-12.904061886226998,11.308716317917275,0.37221795855717577,2.113276658138997,0.27994290159377194,1.3825841046622163,-2.942894653178087,-6.284318757680349,-4.181758699881113
XNGUSD|orb|09:00|60|16:55|opp_rev|narrow1.0,XNGUSD,A_orb,range,09:00,60.0,16:55,opp_rev,narrow1.0,2006,-0.3714916780501917,1.8515463523710691,-0.09302135874044935,0.25039957618614916,-0.6308970663006446,-1.0481279042463059,1757,220.7198404785643,-4.214453876858581,20.322256424791952,0.3614114968696642,1840,-2.6061886455339085,0.31203245802948953,-0.460861458764272,0.1768334995833961,-0.9736309001528142,-7.042299473184064,1539,210.77608695652174,-21.86497839573884,2.4410644892514046,0.3541260558804418,3846,-1.2305811119311045,1.2360083948272786,-0.26900310186157095,0.2185984322800425,-0.9899247091538657,-4.8074482108981815,3296,215.96255850234007,-12.456006435886714,11.972998418482213,0.3580097087378641,1.8515463523710691,0.31203245802948953,1.2360083948272786,-2.4161537441211514,-5.029670082105695,-3.4282142059599834
XNGUSD|orb|09:00|60|16:55|opp_rev|narrow0.75,XNGUSD,A_orb,range,09:00,60.0,16:55,opp_rev,narrow0.75,2006,-0.3134755408699974,1.3914878589295008,-0.05587439103222043,0.1782416289231073,-0.476898431979328,-0.8844409743147893,953,119.71884346959122,-4.667134213204505,20.057944485641244,0.3315844700944386,1840,-2.1301996336805002,0.21086350373870907,-0.270816060394563,0.1271317749344715,-0.8796582875412605,-5.756108171122754,881,120.65869565217392,-22.4448025839142,2.043279141397944,0.32690124858115777,3846,-1.0172095018554432,0.9215658931869608,-0.15870659894348157,0.15602154586050607,-0.9310087767690961,-3.9738802687533554,1834,120.16848673946957,-13.207006533049238,11.404225746121966,0.3293347873500545,1.3914878589295008,0.21086350373870907,0.9215658931869608,-1.8631372135329265,-3.956563014860204,-2.694643605579346
XNGUSD|orb|09:00|60|16:55|opp_rev|trend,XNGUSD,A_orb,range,09:00,60.0,16:55,opp_rev,trend,2006,-0.6780319562699775,1.183011492435427,-0.14966461004093679,0.22073385871704196,-0.7559734422338052,-1.913001704553009,1340,168.33499501495513,-8.890879167913976,15.438971578354671,0.3753731343283582,1840,-2.5069562407123005,-0.05144436601067678,-0.3955721352691838,0.15778980456267958,-0.9549674096602336,-6.774159132155591,1173,160.65,-24.62322659627661,-0.49790690318198655,0.3648763853367434,3846,-1.3826938824825785,0.6866726093354045,-0.26731147598476784,0.19332657746689344,-0.9886571035811682,-5.401699381790028,2513,164.65834633385336,-16.234310737141737,8.00007048052638,0.37047353760445684,1.183011492435427,-0.05144436601067678,0.6866726093354045,-2.5045704501204495,-4.828675287079325,-3.390434675729183
XNGUSD|orb|09:00|60|16:55|opp_rev|trend+narrow1.0,XNGUSD,A_orb,range,09:00,60.0,16:55,opp_rev,trend+narrow1.0,2006,-0.3480128504656944,1.2494563359280915,-0.0579179841702534,0.16642484348710193,-0.4392050930754998,-0.981884658961617,863,108.41276171485544,-5.34235852441319,19.12809338752191,0.36732329084588644,1840,-2.521404064319501,-0.34343003624408225,-0.2887939736386656,0.11453696681361063,-0.8882496706807136,-6.813199245676153,750,102.71739130434783,-28.11539214260025,-3.723392142600261,0.3466666666666667,3846,-1.1682983427926372,0.6298625051073221,-0.1683734757516051,0.14411856080282906,-0.936593836817304,-4.564131306257383,1613,105.68798751950078,-15.931183827352,8.5027901342103,0.3577185368877867,1.2494563359280915,-0.34343003624408225,0.6298625051073221,-1.9113990267403245,-4.4690536687943485,-2.8812976452146297
XNGUSD|orb|09:00|60|16:55|mid_rev|none,XNGUSD,A_orb,range,09:00,60.0,16:55,mid_rev,none,2006,-1.039062095750545,2.0700200144276804,-0.29876877850078915,0.28753698140146255,-0.9319904705958335,-2.9316133877261454,2793,350.86540378863407,-8.515196291076089,16.468692001082875,0.28105979233798783,1840,-3.9521533306766985,0.41721033831209026,-0.7453179185137251,0.18858527393877955,-0.9966982937319637,-10.679291142742814,2419,331.29782608695655,-22.496915458723826,2.2666231936118426,0.2889623811492352,3846,-2.0863326650399183,1.42062833673245,-0.5124064325891412,0.24560150026665922,-0.999775757369672,-8.150568979679031,5212,341.50390015600624,-15.004409389030787,9.87720995095386,0.2847275518035303,2.0700200144276804,0.41721033831209026,1.42062833673245,-3.9506729596254253,-7.858561895193853,-5.3307148631786285
XNGUSD|orb|09:00|60|16:55|mid_rev|narrow1.0,XNGUSD,A_orb,range,09:00,60.0,16:55,mid_rev,narrow1.0,2006,-0.6061715782809525,2.009392904348472,-0.1311071218449256,0.2162871479668075,-0.7067142377438034,-1.710254585760733,1757,220.7198404785643,-5.939979005088956,19.17214393173517,0.257256687535572,1840,-3.0987139760526365,0.6328391715049367,-0.44163996939987454,0.14252363167847687,-0.9657362572913999,-8.37317430512904,1539,210.77608695652174,-20.953039587027472,3.9904301985475716,0.2729044834307992,3846,-1.5121894525421116,1.4659240964326936,-0.27967197870948773,0.18494506639980643,-0.9897489343714349,-5.907593093765672,3296,215.96255850234007,-12.950021552298718,12.083352234109041,0.2645631067961165,2.009392904348472,0.6328391715049367,1.4659240964326936,-3.0189590517248734,-6.10459847356595,-4.155566722869857
XNGUSD|orb|09:00|60|16:55|mid_rev|narrow0.75,XNGUSD,A_orb,range,09:00,60.0,16:55,mid_rev,narrow0.75,2006,-0.2892117777744694,1.6613256605614721,-0.04556894355955183,0.15756254434107803,-0.37686274922752316,-0.8159831092667097,953,119.71884346959122,-3.8063300846308596,21.409829411696517,0.23189926547743966,1840,-2.511500628109126,0.418703170862772,-0.2626097586551235,0.10456288790691594,-0.8704356170361677,-6.786438725586193,881,120.65869565217392,-21.764677401466013,3.32612850091764,0.24063564131668558,3846,-1.1068108231756786,1.177717518276655,-0.14940542296044937,0.13498731656036128,-0.9150513439362444,-4.323921162196871,1834,120.16848673946957,-12.432995289719067,12.722948003628803,0.2360959651035987,1.6613256605614721,0.418703170862772,1.177717518276655,-2.0834777397775905,-4.682889768771808,-3.079121907720594
XNGUSD|orb|09:00|60|16:55|mid_rev|trend,XNGUSD,A_orb,range,09:00,60.0,16:55,mid_rev,trend,2006,-0.9669200738915595,1.3162062474108787,-0.1786263497657268,0.18473745099407238,-0.7888992693855104,-2.7280716379458623,1340,168.33499501495513,-10.611361573976781,14.349832455873958,0.2865671641791045,1840,-2.9436476717587885,0.1803990748273469,-0.3756600650562392,0.12761719707840838,-0.947854177663575,-7.9541626749047625,1173,160.65,-23.383757550964155,1.4039662342020793,0.29241261722080136,3846,-1.7047676387739745,0.8635799167572645,-0.27289104974870726,0.1600752170219301,-0.9882202279648955,-6.659928431828475,2513,164.65834633385336,-16.573168371034555,8.307054470191064,0.2892956625547155,1.3162062474108787,0.1803990748273469,0.8635799167572645,-3.188152247363303,-5.822791347345572,-4.163654491391
XNGUSD|orb|09:00|60|16:55|mid_rev|trend+narrow1.0,XNGUSD,A_orb,range,09:00,60.0,16:55,mid_rev,trend+narrow1.0,2006,-0.44597291843760195,1.5297589426494775,-0.061423945366345656,0.1377302137123821,-0.451217213180619,-1.2582695332665237,863,108.41276171485544,-5.665748606967637,19.381760083646498,0.27578215527230593,1840,-2.7238441785323992,0.10136128891977517,-0.2475630980933401,0.09088739364919418,-0.8473619774014022,-7.360221776879283,750,102.71739130434783,-24.101380978399245,0.8666190216007468,0.26666666666666666,3846,-1.2773814794872482,0.9774773270438408,-0.15047647813225043,0.11780073576192211,-0.9119885569237567,-4.9902808101439895,1613,105.68798751950078,-14.237803336399569,10.772736031238368,0.27154370737755734,1.5297589426494775,0.10136128891977517,0.9774773270438408,-2.363219672409863,-5.151811984970887,-3.391538658893997
XNGUSD|orb|09:30|15|14:30|none|none,XNGUSD,A_orb,range,09:30,15.0,14:30,none,none,2006,-1.7551909987303942,-0.34642153355609756,-0.5937865325514783,0.3383030866617877,-0.9949266611284231,-4.952101949381257,1650,207.27816550348953,-28.646844259217545,-5.646844259217559,0.44,1840,-2.630762692366267,-0.34961176842732045,-0.6669740361179546,0.2535287724937432,-0.9939831229289815,-7.108702109600303,1836,251.45217391304348,-26.524886452109417,-3.524886452109429,0.4095860566448802,3846,-2.0910365182978516,-0.34432848941424127,-0.6288008348297718,0.3007125075661659,-0.9999668992238103,-8.168945282313558,3486,228.41185647425897,-27.529255465800873,-4.529255465800886,0.4239816408491107,-0.34642153355609756,-0.34961176842732045,-0.34432848941424127,-3.1550456145030585,-4.911558404559658,-3.829922770538551
XNGUSD|orb|09:30|15|14:30|none|narrow1.0,XNGUSD,A_orb,range,09:30,15.0,14:30,none,narrow1.0,2006,-1.656125472799262,-0.5699810586664414,-0.4244235222091075,0.2562749798731896,-0.9770651708934284,-4.672598132169968,966,121.3519441674975,-34.97459600839123,-11.97459600839125,0.42857142857142855,1840,-2.3747897802877382,-0.6010306528725072,-0.44248391862485786,0.18632551070320205,-0.9661793571427686,-6.417026199274663,1052,144.0782608695652,-30.711358948553713,-7.711358948553725,0.41254752851711024,3846,-1.9204164873817255,-0.5753017505900322,-0.43306396147197296,0.22550522989021385,-0.9991206308761323,-7.5023927451273345,2018,132.22464898595942,-32.752135459853534,-9.752135459853553,0.42021803766105054,-0.5699810586664414,-0.6010306528725072,-0.5753017505900322,-2.717528062538815,-4.083390543514231,-3.2286483253990332
XNGUSD|orb|09:30|15|14:30|none|narrow0.75,XNGUSD,A_orb,range,09:30,15.0,14:30,none,narrow0.75,2006,-1.309129020345221,-0.5333348843994048,-0.25944643944031376,0.19818248271044897,-0.9011909786051258,-3.6935811420708835,535,67.20837487537388,-38.60329012885843,-15.603290128858445,0.4280373831775701,1840,-2.19141480419376,-0.9119446389203577,-0.312884808036966,0.14277753688539083,-0.9101789041212699,-5.921520434657532,587,80.39347826086957,-38.91917787431501,-15.919177874315023,0.3798977853492334,3846,-1.6391471418507157,-0.6740216672198076,-0.2850123776144791,0.17387845809417668,-0.9902380808898477,-6.403572196978648,1122,73.5163806552262,-38.768554038468956,-15.768554038468972,0.4028520499108734,-0.5333348843994048,-0.9119446389203577,-0.6740216672198076,-2.0595302869935255,-3.3826614773066974,-2.5610832522276836
XNGUSD|orb|09:30|15|14:30|none|trend,XNGUSD,A_orb,range,09:30,15.0,14:30,none,trend,2006,-1.6737733010886084,-0.3696068527841883,-0.5020964653490706,0.2999787755142893,-0.9901571631313719,-4.722389775892636,1355,170.21934197407776,-29.497027748205802,-6.4970277482058245,0.4398523985239852,1840,-2.4497650211734765,-0.42998379161296807,-0.5647261673801988,0.23052258583955368,-0.9881545494836498,-6.6196201674036725,1479,202.55869565217392,-27.87963091695283,-4.879630916952841,0.4056795131845842,3846,-1.978140980041339,-0.391312156467566,-0.5320597133306815,0.2689695621793158,-0.9998655212946108,-7.727902064481328,2834,185.69110764430576,-28.652945209947816,-5.652945209947827,0.42201834862385323,-0.3696068527841883,-0.42998379161296807,-0.391312156467566,-2.961777485223068,-4.440765489970688,-3.543971880758127
XNGUSD|orb|09:30|15|14:30|none|trend+narrow1.0,XNGUSD,A_orb,range,09:30,15.0,14:30,none,trend+narrow1.0,2006,-1.0155687271093987,0.027436717209161788,-0.235493184236723,0.2318830601519254,-0.9265457816313455,-2.8653291162539767,837,105.14656031904288,-22.396660767805766,0.6033392321942216,0.45997610513739545,1840,-2.4536089864271147,-0.8284572501421258,-0.4227316398844013,0.1722897341112093,-0.9626431631076718,-6.630007118680981,894,122.43913043478261,-34.525861004017,-11.525861004017017,0.4004474272930649,3846,-1.5811027841139704,-0.31412637665116655,-0.32507164455698506,0.2055980470233319,-0.9967234797088995,-6.176813277108381,1731,113.41965678627145,-28.660961756351604,-5.660961756351616,0.4292316580011554,0.027436717209161788,-0.8284572501421258,-0.31412637665116655,-2.0404385601180706,-3.999279706624329,-2.8118380837959687
XNGUSD|orb|09:30|15|14:30|opp|none,XNGUSD,A_orb,range,09:30,15.0,14:30,opp,none,2006,-1.7088955497367748,0.7506349975042074,-0.3618784327467974,0.21176158648346785,-0.959163819089682,-4.821483809603525,1650,207.27816550348953,-17.45858913155545,7.605047232080913,0.26666666666666666,1840,-3.303150433631967,0.37697574025004615,-0.5652665618867557,0.17112952414498997,-0.9872767338210935,-8.925591245467446,1836,251.45217391304348,-22.48008251788806,2.5411593121772946,0.26034858387799564,3846,-2.373386588000557,0.5883807180957367,-0.4591832059182803,0.19347172864287396,-0.999480633922374,-9.271987840239024,3486,228.41185647425897,-20.103299933995693,4.938008155505169,0.2633390705679862,0.7506349975042074,0.37697574025004615,0.5883807180957367,-4.107067830116491,-6.9125890438316,-5.262605818154459
XNGUSD|orb|09:30|15|14:30|opp|narrow1.0,XNGUSD,A_orb,range,09:30,15.0,14:30,opp,narrow1.0,2006,-1.3863809957175837,0.6844302369304514,-0.20590708744290998,0.14852128533133385,-0.8320984389379841,-3.9115401323527115,966,121.3519441674975,-16.96776173265953,8.286896652433636,0.2246376811594203,1840,-3.025798531947591,0.23119938990868105,-0.3384865064776647,0.1118668354498123,-0.9238731247504176,-8.176146206457867,1052,144.0782608695652,-23.493239329429326,1.7510572485174398,0.21292775665399238,3846,-2.0356762615647885,0.4954690533900045,-0.26933561865038497,0.13230768749219066,-0.9872231856039676,-7.952672202379329,2018,132.22464898595942,-20.369546882214443,4.879709807577423,0.21853320118929634,0.6844302369304514,0.23119938990868105,0.4954690533900045,-3.3541170719652067,-5.953316190045308,-4.392415219641493
XNGUSD|orb|09:30|15|14:30|opp|narrow0.75,XNGUSD,A_orb,range,09:30,15.0,14:30,opp,narrow0.75,2006,-1.069774866695443,0.5541502371705453,-0.11268217525050062,0.1053326066619776,-0.6095740928346293,-3.0182665058068245,535,67.20837487537388,-16.766091347908638,8.577833885736217,0.19813084112149532,1840,-3.0826189538453677,-0.44265830187096566,-0.23720777167302864,0.07695007888572389,-0.8319345725803583,-8.329683222238563,587,80.39347826086957,-29.505847589192605,-4.022031575563987,0.14821124361158433,3846,-1.8539518770231704,0.1611911864687265,-0.17225760359617184,0.09291374049727774,-0.9343829030365505,-7.2427388555475885,1122,73.5163806552262,-23.43118663635221,1.9859256631130258,0.17201426024955438,0.5541502371705453,-0.44265830187096566,0.1611911864687265,-2.5832960891993255,-5.202609453016176,-3.639287869896208
XNGUSD|orb|09:30|15|14:30|opp|trend,XNGUSD,A_orb,range,09:30,15.0,14:30,opp,trend,2006,-1.3487942899588645,0.9380452167243206,-0.2517355171967586,0.18663744284121783,-0.8884427598697614,-3.8054928708334743,1355,170.21934197407776,-14.788890279877515,10.199301602041299,0.2826568265682657,1840,-3.020473051339054,0.31025910988406596,-0.4605990489265623,0.15249235503768752,-0.9716851083897059,-8.161755985953985,1479,202.55869565217392,-22.739041019373737,2.303555329510639,0.2521974306964165,3846,-2.053390650456868,0.6663360121364713,-0.35165982774871873,0.17125812259370926,-0.9968412688373687,-8.021876098295417,2834,185.69110764430576,-18.937892730023922,6.07869160307417,0.2667607621736062,0.9380452167243206,0.31025910988406596,0.6663360121364713,-3.5630939616197868,-6.196497386830805,-4.6672407740192305
XNGUSD|orb|09:30|15|14:30|opp|trend+narrow1.0,XNGUSD,A_orb,range,09:30,15.0,14:30,opp,trend+narrow1.0,2006,-0.7594375809214691,1.224593307905789,-0.10146268637923986,0.13360240384223465,-0.5842819333151887,-2.1426798152650917,837,105.14656031904288,-9.649643894329483,15.468635675562984,0.2616487455197133,1840,-3.152194817708616,-0.04825354330740009,-0.31399502685068187,0.0996115548083193,-0.9087825541990568,-8.517687291042304,894,122.43913043478261,-25.644989941996673,-0.3798892708557397,0.21029082774049218,3846,-1.7108705482373436,0.7065319007164701,-0.2031422252423323,0.11873617524810592,-0.9620792597837057,-6.683770355693945,1731,113.41965678627145,-17.910671835758983,7.283435616580698,0.23512420566146736,1.224593307905789,-0.04825354330740009,0.7065319007164701,-2.6636477179096145,-5.84801954526584,-3.9496213483091873
XNGUSD|orb|09:30|15|14:30|mid|none,XNGUSD,A_orb,range,09:30,15.0,14:30,mid,none,2006,-1.990020905528713,1.1225755713073682,-0.3384701719239471,0.17008372675061,-0.9418093765161467,-5.614651859943782,1650,207.27816550348953,-16.32927284462333,9.127090791740306,0.17212121212121212,1840,-4.7128680332512864,0.1557304700451754,-0.6200313856429325,0.13156137224050146,-0.9910887207047121,-12.734852530581994,1836,251.45217391304348,-24.65802446620923,0.8060278213724651,0.16067538126361655,3846,-3.0904803756136903,0.7155214575739626,-0.4731744447380222,0.1531070860283531,-0.9994802343738212,-12.073421417337485,3486,228.41185647425897,-20.715844266663403,4.744568814231599,0.16609294320137694,1.1225755713073682,0.1557304700451754,0.7155214575739626,-5.005748772809739,-9.475240725499624,-6.77617822754371
XNGUSD|orb|09:30|15|14:30|mid|narrow1.0,XNGUSD,A_orb,range,09:30,15.0,14:30,mid,narrow1.0,2006,-1.401592830349061,1.1367542929922767,-0.17188070225861746,0.1226324068851089,-0.7616543317327367,-3.954458855150797,966,121.3519441674975,-14.16381941284575,11.37965884802381,0.14699792960662525,1840,-3.919054649578247,0.29364466402016326,-0.3434742829239923,0.08764212638906571,-0.9259152985923434,-10.58985370893995,1052,144.0782608695652,-23.839424549616226,1.7242636633115271,0.13307984790874525,3846,-2.3637072469135516,0.7953361204556981,-0.2539743549950423,0.10744746640121078,-0.9823009365123188,-9.234174054101533,2018,132.22464898595942,-19.207791961846016,6.346221913277861,0.13974231912784935,1.1367542929922767,0.29364466402016326,0.7953361204556981,-3.7923847546523692,-7.496724465493608,-5.2349618344872795
XNGUSD|orb|09:30|15|14:30|mid|narrow0.75,XNGUSD,A_orb,range,09:30,15.0,14:30,mid,narrow0.75,2006,-1.1173981274103657,0.8648904287459792,-0.0974516746315966,0.08721302841042562,-0.5646489317461647,-3.1526309381636732,535,67.20837487537388,-14.499930226300457,11.10193893257804,0.12897196261682242,1840,-3.6470428369948387,-0.31275537312843027,-0.2248610997768227,0.061655733104058676,-0.8146484851828991,-9.854838364698226,587,80.39347826086957,-27.970067304112497,-2.2358253961056884,0.0817717206132879,3846,-2.079894077253355,0.40995654933929565,-0.15840678182536053,0.07616098509908145,-0.9193070200219087,-8.125415678498705,1122,73.5163806552262,-21.54714097913082,4.12398201552158,0.10427807486631016,0.8648904287459792,-0.31275537312843027,0.40995654933929565,-2.937629313045128,-6.089691227547189,-4.203561848404675
XNGUSD|orb|09:30|15|14:30|mid|trend,XNGUSD,A_orb,range,09:30,15.0,14:30,mid,trend,2006,-1.7296988930764223,1.2661962952696966,-0.250756789985038,0.14497135367823752,-0.8749936829368021,-4.880178434393896,1355,170.21934197407776,-14.731392277572366,10.673035766708072,0.18745387453874537,1840,-4.00787456302017,0.3442435586506129,-0.47539424347346343,0.11861505044589662,-0.9736423725803238,-10.829857989026197,1479,202.55869565217392,-23.46945619603477,1.978819666034189,0.16362407031778228,3846,-2.6896806114545444,0.8677517639133762,-0.358227646568164,0.133185942242577,-0.9967051300697424,-10.507637503986494,2834,185.69110764430576,-19.29158865562667,6.135722565262527,0.17501764290755117,1.2661962952696966,0.3442435586506129,0.8677517639133762,-4.588914475660201,-8.063071663556267,-6.0442437282118355
XNGUSD|orb|09:30|15|14:30|mid|trend+narrow1.0,XNGUSD,A_orb,range,09:30,15.0,14:30,mid,trend+narrow1.0,2006,-0.8580680271816433,1.5075615278518364,-0.09735769845046456,0.11346151513212722,-0.5619334060534481,-2.4209560971891975,837,105.14656031904288,-9.259237597031722,16.19595953558476,0.17443249701314217,1840,-3.9104014725481147,0.08609318756622694,-0.3066729048814081,0.07842491545543849,-0.9008797844022218,-10.566471570373315,894,122.43913043478261,-25.046968546118332,0.5268569572373613,0.1319910514541387,3846,-2.0054920108997814,0.9497060269432729,-0.19749809882304284,0.0984786265662727,-0.9565787447618335,-7.8347529360669474,1731,113.41965678627145,-17.413039716317357,8.103424755086449,0.15251299826689774,1.5075615278518364,0.08609318756622694,0.9497060269432729,-3.108950602945802,-7.15047082287669,-4.675374580575193
XNGUSD|orb|09:30|15|14:30|opp_rev|none,XNGUSD,A_orb,range,09:30,15.0,14:30,opp_rev,none,2006,-1.6572562045068953,1.4713943170926727,-0.46101580158212846,0.2781801632894176,-0.9823295128793303,-4.67578838251745,2718,341.44366899302094,-13.501957817573464,11.51349472105788,0.27483443708609273,1840,-4.14411429620207,0.6215223570477991,-0.8981655243097134,0.216732807088079,-0.999006121174582,-11.197997495296311,2995,410.1847826086957,-21.89660763613791,3.0917062202894625,0.26176961602671117,3846,-2.6697933453097877,1.110957556087655,-0.6701565945667245,0.25101440744244696,-0.9999825383588645,-10.429944939782226,5713,374.33073322932916,-17.90279384183401,7.098431433853012,0.26798529669175564,1.4713943170926727,0.6215223570477991,1.110957556087655,-4.501325727228567,-8.33549035509485,-6.0555823137213
XNGUSD|orb|09:30|15|14:30|opp_rev|narrow1.0,XNGUSD,A_orb,range,09:30,15.0,14:30,opp_rev,narrow1.0,2006,-1.1924606734039866,1.510729596682278,-0.2368951726439286,0.19866078431558667,-0.87021602485376,-3.364412664830122,1661,208.66001994017947,-11.353165436859625,13.825040463200574,0.24443106562311862,1840,-3.6375358564044666,0.47156820901570695,-0.5570832630097986,0.15314852828982128,-0.9857042827414215,-9.829149125157613,1806,247.34347826086957,-22.522658245399583,2.683321821045596,0.22148394241417496,3846,-2.184049137838437,1.0786615816720848,-0.39007928243935264,0.17860371164790545,-0.9981552814253559,-8.532312919819093,3467,227.16692667706707,-17.171482140702473,8.021191640664698,0.23247764638015575,1.510729596682278,0.47156820901570695,1.0786615816720848,-3.584957992983436,-6.830682184232222,-4.934603966110995
XNGUSD|orb|09:30|15|14:30|opp_rev|narrow0.75,XNGUSD,A_orb,range,09:30,15.0,14:30,opp_rev,narrow0.75,2006,-0.7311813301687855,1.3424048228556387,-0.10701137378438616,0.14635408395846722,-0.6078419020097736,-2.062957531743933,937,117.70887337986042,-9.091190044700182,16.169215504926278,0.22518676627534684,1840,-3.3632283572189707,-0.018495223156552037,-0.3689286978697419,0.10969481066543053,-0.9381446310368967,-9.087930502969689,1056,144.62608695652173,-25.509139162470134,-0.125616435197406,0.17424242424242425,3846,-1.7821904702064593,0.7998927661190993,-0.23231763387722407,0.13035510949080042,-0.9757429161569457,-6.962392242498119,1993,130.5865834633385,-17.79031411312219,7.5353256259646075,0.19819367787255393,1.3424048228556387,-0.018495223156552037,0.7998927661190993,-2.564318047710784,-5.661142322905861,-3.870658415273733
XNGUSD|orb|09:30|15|14:30|opp_rev|trend,XNGUSD,A_orb,range,09:30,15.0,14:30,opp_rev,trend,2006,-1.3487942899588645,0.9380452167243206,-0.2517355171967586,0.18663744284121783,-0.8884427598697614,-3.8054928708334743,1355,170.21934197407776,-14.788890279877515,10.199301602041299,0.2826568265682657,1840,-3.020473051339054,0.31025910988406596,-0.4605990489265623,0.15249235503768752,-0.9716851083897059,-8.161755985953985,1479,202.55869565217392,-22.739041019373737,2.303555329510639,0.2521974306964165,3846,-2.053390650456868,0.6663360121364713,-0.35165982774871873,0.17125812259370926,-0.9968412688373687,-8.021876098295417,2834,185.69110764430576,-18.937892730023922,6.07869160307417,0.2667607621736062,0.9380452167243206,0.31025910988406596,0.6663360121364713,-3.5630939616197868,-6.196497386830805,-4.6672407740192305
XNGUSD|orb|09:30|15|14:30|opp_rev|trend+narrow1.0,XNGUSD,A_orb,range,09:30,15.0,14:30,opp_rev,trend+narrow1.0,2006,-0.7594375809214691,1.224593307905789,-0.10146268637923986,0.13360240384223465,-0.5842819333151887,-2.1426798152650917,837,105.14656031904288,-9.649643894329483,15.468635675562984,0.2616487455197133,1840,-3.152194817708616,-0.04825354330740009,-0.31399502685068187,0.0996115548083193,-0.9087825541990568,-8.517687291042304,894,122.43913043478261,-25.644989941996673,-0.3798892708557397,0.21029082774049218,3846,-1.7108705482373436,0.7065319007164701,-0.2031422252423323,0.11873617524810592,-0.9620792597837057,-6.683770355693945,1731,113.41965678627145,-17.910671835758983,7.283435616580698,0.23512420566146736,1.224593307905789,-0.04825354330740009,0.7065319007164701,-2.6636477179096145,-5.84801954526584,-3.9496213483091873
XNGUSD|orb|09:30|15|14:30|mid_rev|none,XNGUSD,A_orb,range,09:30,15.0,14:30,mid_rev,none,2006,-2.378971354092959,1.6078588668070368,-0.5271490084426692,0.22158695082045562,-0.9876819250902035,-6.712037999652205,2718,341.44366899302094,-15.438828020953702,10.011503104874105,0.17402501839587933,1840,-5.879671658933339,0.3315488382810038,-0.9907339376333075,0.16850157544563324,-0.9994303293072769,-15.88772504905106,2995,410.1847826086957,-24.153356722120012,1.2837050474960072,0.1652754590984975,3846,-3.7732535151958038,1.0767179515356538,-0.7489369100835362,0.19848571188428937,-0.9999930011682958,-14.740776276362118,5713,374.33073322932916,-20.007358295764327,5.436016463556513,0.169438123577805,1.6078588668070368,0.3315488382810038,1.0767179515356538,-5.953603710307673,-11.294667859230957,-8.056928805763224
XNGUSD|orb|09:30|15|14:30|mid_rev|narrow1.0,XNGUSD,A_orb,range,09:30,15.0,14:30,mid_rev,narrow1.0,2006,-1.4649293210800522,1.8052621901341261,-0.24331952824526315,0.16609642850610046,-0.870958655742561,-4.133156648976532,1661,208.66001994017947,-11.661051710577814,13.851290252095268,0.15653220951234195,1840,-4.770271626624646,0.4435910962809975,-0.5827668510602403,0.12216638729912226,-0.987682186912497,-12.889965360217264,1806,247.34347826086957,-23.561035656076793,1.9838148422620727,0.1378737541528239,3846,-2.7581157636298745,1.2548942465209794,-0.4057176234037545,0.14709956295300733,-0.9984146640040519,-10.774989608368749,3467,227.16692667706707,-17.859889612386624,7.669386418764218,0.1468128064609172,1.8052621901341261,0.4435910962809975,1.2548942465209794,-4.313849031532102,-8.499583850111021,-6.01898756086622
XNGUSD|orb|09:30|15|14:30|mid_rev|narrow0.75,XNGUSD,A_orb,range,09:30,15.0,14:30,mid_rev,narrow0.75,2006,-0.8368754632239948,1.605092934148029,-0.10470793003946245,0.12511769628910335,-0.5913248145435186,-2.361163324002136,937,117.70887337986042,-8.89550014649767,16.649857377515133,0.14834578441835647,1840,-4.1152035647946175,0.05809372908478383,-0.3665381979630175,0.0890692749925509,-0.9362570260311256,-11.119876508579187,1056,144.62608695652173,-25.343850869256258,0.3123991307437372,0.10511363636363637,3846,-2.0971347998702066,1.0089430912925654,-0.22997254079852156,0.10966035221615454,-0.9739498282917227,-8.192769126634202,1993,130.5865834633385,-17.610732641847928,7.993381758553468,0.1254390366281987,1.605092934148029,0.05809372908478383,1.0089430912925654,-2.9757041212315687,-6.6396846863457695,-4.505248855282328
XNGUSD|orb|09:30|15|14:30|mid_rev|trend,XNGUSD,A_orb,range,09:30,15.0,14:30,mid_rev,trend,2006,-1.7296988930764223,1.2661962952696966,-0.250756789985038,0.14497135367823752,-0.8749936829368021,-4.880178434393896,1355,170.21934197407776,-14.731392277572366,10.673035766708072,0.18745387453874537,1840,-4.00787456302017,0.3442435586506129,-0.47539424347346343,0.11861505044589662,-0.9736423725803238,-10.829857989026197,1479,202.55869565217392,-23.46945619603477,1.978819666034189,0.16362407031778228,3846,-2.6896806114545444,0.8677517639133762,-0.358227646568164,0.133185942242577,-0.9967051300697424,-10.507637503986494,2834,185.69110764430576,-19.29158865562667,6.135722565262527,0.17501764290755117,1.2661962952696966,0.3442435586506129,0.8677517639133762,-4.588914475660201,-8.063071663556267,-6.0442437282118355
XNGUSD|orb|09:30|15|14:30|mid_rev|trend+narrow1.0,XNGUSD,A_orb,range,09:30,15.0,14:30,mid_rev,trend+narrow1.0,2006,-0.8580680271816433,1.5075615278518364,-0.09735769845046456,0.11346151513212722,-0.5619334060534481,-2.4209560971891975,837,105.14656031904288,-9.259237597031722,16.19595953558476,0.17443249701314217,1840,-3.9104014725481147,0.08609318756622694,-0.3066729048814081,0.07842491545543849,-0.9008797844022218,-10.566471570373315,894,122.43913043478261,-25.046968546118332,0.5268569572373613,0.1319910514541387,3846,-2.0054920108997814,0.9497060269432729,-0.19749809882304284,0.0984786265662727,-0.9565787447618335,-7.8347529360669474,1731,113.41965678627145,-17.413039716317357,8.103424755086449,0.15251299826689774,1.5075615278518364,0.08609318756622694,0.9497060269432729,-3.108950602945802,-7.15047082287669,-4.675374580575193
XNGUSD|orb|09:30|15|16:55|none|none,XNGUSD,A_orb,range,09:30,15.0,16:55,none,none,2006,-1.7490708385405918,-0.4168436177177972,-0.6260458715647271,0.35793054104492067,-0.9964265260875786,-4.934834508271788,1651,207.4037886340977,-30.184881177325018,-7.1848811773250345,0.44700181708055725,1840,-2.470253941770962,-0.2155519737647858,-0.6336283498695303,0.2565033250853848,-0.992580181147102,-6.674984200616327,1836,251.45217391304348,-25.19876205519106,-2.1987620551910743,0.4199346405228758,3846,-2.0086097698621055,-0.33257857643574135,-0.629673474289854,0.3134872107751832,-0.999970372044461,-7.846932925342027,3487,228.4773790951638,-27.55955433240447,-4.5595543324044865,0.43275021508459993,-0.4168436177177972,-0.2155519737647858,-0.33257857643574135,-3.073377346084955,-4.724630058526438,-3.6777427449276043
XNGUSD|orb|09:30|15|16:55|none|narrow1.0,XNGUSD,A_orb,range,09:30,15.0,16:55,none,narrow1.0,2006,-1.6460908209270524,-0.6121344265045708,-0.4430367211244684,0.2691447613291211,-0.9807349773608157,-4.644286330700113,966,121.3519441674975,-36.508415597607694,-13.508415597607707,0.4306418219461698,1840,-2.393446745223409,-0.6365691920387845,-0.45015103185183813,0.18807647705143327,-0.9685670433219495,-6.467440022757028,1052,144.0782608695652,-31.24350815556846,-8.24350815556847,0.4220532319391635,3846,-1.908980851494541,-0.6121903612885031,-0.44644034352133793,0.2338631857788515,-0.9993135093235214,-7.457717732035303,2018,132.22464898595942,-33.76377603912143,-10.763776039121446,0.4261645193260654,-0.6121344265045708,-0.6365691920387845,-0.6121903612885031,-2.6577349880341505,-4.085874624083545,-3.171657645694962
XNGUSD|orb|09:30|15|16:55|none|narrow0.75,XNGUSD,A_orb,range,09:30,15.0,16:55,none,narrow0.75,2006,-1.3346965678268785,-0.6015549623464681,-0.2796224072177902,0.2095026045306049,-0.9156083445136609,-3.7657175088915875,535,67.20837487537388,-41.60529215835093,-18.60529215835094,0.4261682242990654,1840,-2.2525603442099906,-0.9857782871539774,-0.3243301707105491,0.1439828999672357,-0.9185808784707927,-6.086744546496774,587,80.39347826086957,-40.34284592813946,-17.34284592813947,0.3969335604770017,3846,-1.6619378181330726,-0.7363348775148463,-0.30101145683471076,0.18112076971258173,-0.9925882035283623,-6.492607364881429,1122,73.5163806552262,-40.944814496021046,-17.944814496021056,0.410873440285205,-0.6015549623464681,-0.9857782871539774,-0.7363348775148463,-2.044669419627425,-3.430351598903777,-2.5471786095272404
XNGUSD|orb|09:30|15|16:55|none|trend,XNGUSD,A_orb,range,09:30,15.0,16:55,none,trend,2006,-1.8509749625545184,-0.5879248603185123,-0.5920653655771893,0.31986676079080173,-0.9952695784448538,-5.222347155923459,1400,175.87238285144565,-33.66448762323815,-10.664487623238161,0.43,1840,-2.7523329324527834,-0.6932049399054718,-0.6423097957130135,0.2333692222112858,-0.9931437876320868,-7.437202519262992,1527,209.13260869565218,-30.713038952608212,-7.713038952608218,0.40929927963326784,3846,-2.1864263633461727,-0.6227418783497549,-0.6161032624700433,0.2817855075288886,-0.9999634245073717,-8.541599904970468,2927,191.78471138845552,-32.12473288458016,-9.124732884580174,0.4192005466347796,-0.5879248603185123,-0.6932049399054718,-0.6227418783497549,-3.098904740186376,-4.783209344742668,-3.7302736505913803
XNGUSD|orb|09:30|15|16:55|none|trend+narrow1.0,XNGUSD,A_orb,range,09:30,15.0,16:55,none,trend+narrow1.0,2006,-1.1535983667165128,-0.14723532701002726,-0.28303547443400606,0.2453500998268661,-0.9505571186636617,-3.2547664184422933,855,107.40777666999003,-26.35148805878661,-3.35148805878662,0.4502923976608187,1840,-2.6367515625949345,-0.9936085197730407,-0.4586480539234374,0.1739443565445594,-0.9706893795481645,-7.124884905012519,914,125.17826086956522,-36.6395930681083,-13.63959306810831,0.4037199124726477,3846,-1.7134057209889761,-0.471945539960174,-0.3670518931184974,0.21422357158153726,-0.9982385032890179,-6.693674385254441,1769,115.90951638065522,-31.667105909843713,-8.667105909843727,0.4262295081967213,-0.14723532701002726,-0.9936085197730407,-0.471945539960174,-2.1414656908498846,-4.196237870519492,-2.918591552423833
XNGUSD|orb|09:30|15|16:55|opp|none,XNGUSD,A_orb,range,09:30,15.0,16:55,opp,none,2006,-1.5582946558959472,0.8366058507560614,-0.33959295301769343,0.21792602043061185,-0.9550479745594413,-4.396577927276653,1651,207.4037886340977,-16.373517342868034,8.721576539627423,0.26589945487583283,1840,-3.4610152846743976,0.21220950567418334,-0.5940322031855922,0.1716352440903702,-0.989897093114425,-9.352164954640612,1836,251.45217391304348,-23.62406313460702,1.4347603948047425,0.2559912854030501,3846,-2.338434442737601,0.5708686727198636,-0.4613215594422732,0.19727795272387663,-0.9995460656824615,-9.135442084268687,3487,228.4773790951638,-20.19112619679197,4.884870361854426,0.26068253513048467,0.8366058507560614,0.21220950567418334,0.5708686727198636,-3.8972143889466984,-7.0639211061102465,-5.178275418775219
XNGUSD|orb|09:30|15|16:55|opp|narrow1.0,XNGUSD,A_orb,range,09:30,15.0,16:55,opp,narrow1.0,2006,-1.259665571507543,0.7486867328704578,-0.19314609027897608,0.15333124493338549,-0.8249041411661668,-3.5540247965851974,966,121.3519441674975,-15.916192493165486,9.369521792548797,0.2204968944099379,1840,-3.3222138284917775,0.029083373619167276,-0.361094476954525,0.10869091984920642,-0.9354949466092284,-8.977103301514656,1052,144.0782608695652,-25.062384482932213,0.2132809163073322,0.21102661596958175,3846,-2.0420413165476026,0.4610175089675167,-0.2734958124534456,0.13393255574075946,-0.9887165761037775,-7.9775382367209255,2018,132.22464898595942,-20.684177613697987,4.596298104835209,0.2155599603567889,0.7486867328704578,0.029083373619167276,0.4610175089675167,-3.1771278492593162,-6.298955852041427,-4.374178136471962
XNGUSD|orb|09:30|15|16:55|opp|narrow0.75,XNGUSD,A_orb,range,09:30,15.0,16:55,opp,narrow0.75,2006,-0.990554458373179,0.5845575620871559,-0.10769917771093446,0.10872615513518807,-0.604974263380375,-2.794753771997663,535,67.20837487537388,-16.02466625783522,9.352903835622714,0.19439252336448598,1840,-3.32628315651195,-0.5772669784671016,-0.245067418369241,0.07367605427381196,-0.8426432295130926,-8.988099215652253,587,80.39347826086957,-30.48349488922713,-4.984346677983522,0.151618398637138,3846,-1.8508365508523366,0.14904773904047117,-0.17341877282567286,0.09369750815965411,-0.9378400258263241,-7.230568370334438,1122,73.5163806552262,-23.589133643420833,1.8520428271674012,0.17201426024955438,0.5845575620871559,-0.5772669784671016,0.14904773904047117,-2.4675385056040984,-5.477099477998647,-3.624557556599798
XNGUSD|orb|09:30|15|16:55|opp|trend,XNGUSD,A_orb,range,09:30,15.0,16:55,opp,trend,2006,-1.2471586762153746,0.9968796958779833,-0.24502176771624382,0.19646398841548088,-0.8846311592082657,-3.5187377989867277,1400,175.87238285144565,-13.931793255067605,11.052492459218104,0.28,1840,-3.6519932781872635,-0.11639084555429732,-0.5409173900720582,0.1481156587288553,-0.9841291471450766,-9.86821517433984,1527,209.13260869565218,-25.86480384124352,-0.8117586546030495,0.24426981008513424,3846,-2.206111945016421,0.5380494099723871,-0.3865838959363942,0.17523312758887072,-0.9981794770156655,-8.618504558766604,2927,191.78471138845552,-20.157180055576873,4.862977101922272,0.2613597540143492,0.9968796958779833,-0.11639084555429732,0.5380494099723871,-3.4287675845604935,-7.012792451121814,-4.8473904199844275
XNGUSD|orb|09:30|15|16:55|opp|trend+narrow1.0,XNGUSD,A_orb,range,09:30,15.0,16:55,opp,trend+narrow1.0,2006,-0.6290632207496223,1.2995980307303623,-0.0883074780795395,0.1403793373491269,-0.5553095195207027,-1.7748411449304407,855,107.40777666999003,-8.221702451849822,16.908122109553684,0.26198830409356727,1840,-3.676940139096032,-0.3760783706316489,-0.35081678244269654,0.09540997926850779,-0.9283208030830304,-9.935625208427924,914,125.17826086956522,-28.025375972290018,-2.754041180167487,0.2024070021881838,3846,-1.7643059204880802,0.6553769592839988,-0.21389695286586527,0.12123575077427191,-0.9683073659641005,-6.892523587996005,1769,115.90951638065522,-18.453787018091962,6.749152495757669,0.2312040700960995,1.2995980307303623,-0.3760783706316489,0.6553769592839988,-2.491732474573094,-6.476289587155626,-4.0070195606644505
XNGUSD|orb|09:30|15|16:55|mid|none,XNGUSD,A_orb,range,09:30,15.0,16:55,mid,none,2006,-1.8181273553614352,1.2060103450681818,-0.31869121407188594,0.1752854183355773,-0.932959182956951,-5.129670803474615,1651,207.4037886340977,-15.365737346009709,10.105492211834015,0.17201695941853423,1840,-4.8872376653295895,0.04212858681972596,-0.6354564464954965,0.13002364321331653,-0.9921531315067301,-13.20602455039285,1836,251.45217391304348,-25.271463618972266,0.21546448560289172,0.1574074074074074,3846,-3.022362429699471,0.7269249355092356,-0.4702377631253034,0.1555861595235822,-0.9994730230692138,-11.807308526411116,3487,228.4773790951638,-20.581370680440237,4.8981245876985575,0.1643246343561801,1.2060103450681818,0.04212858681972596,0.7269249355092356,-4.7548956843044605,-9.707452363998412,-6.65641331897473
XNGUSD|orb|09:30|15|16:55|mid|narrow1.0,XNGUSD,A_orb,range,09:30,15.0,16:55,mid,narrow1.0,2006,-1.2823840540316669,1.178830795414573,-0.16222380647675025,0.12650173399048234,-0.7538815355733172,-3.6181228016889593,966,121.3519441674975,-13.368043469731218,12.187857151386787,0.14596273291925466,1840,-4.210364264835041,0.15375874609855983,-0.3560668036174129,0.08456912067948195,-0.932499254398224,-11.377014513117311,1052,144.0782608695652,-24.713430150282143,0.867368328805304,0.12927756653992395,3846,-2.3468594473784337,0.7789807200703973,-0.25496200583681766,0.10863965719021809,-0.983357878140585,-9.168355618447524,2018,132.22464898595942,-19.282486873070944,6.286393206215468,0.13726461843409316,1.178830795414573,0.15375874609855983,0.7789807200703973,-3.6133243825726056,-7.8554766233106195,-5.19258556618939
XNGUSD|orb|09:30|15|16:55|mid|narrow0.75,XNGUSD,A_orb,range,09:30,15.0,16:55,mid,narrow0.75,2006,-1.0240958550849928,0.8908581790668392,-0.09243012871027789,0.09025534890247831,-0.5628505177331117,-2.889387584592242,535,67.20837487537388,-13.752769484706828,11.854707150807185,0.12897196261682242,1840,-3.9309862107086713,-0.426475927970312,-0.22992367144421552,0.05849007325893552,-0.8229420302026973,-10.622094516529623,587,80.39347826086957,-28.599791477877588,-2.860438837332452,0.08347529812606473,3846,-2.059230555884555,0.4093277884067749,-0.15820967073587464,0.07682950813048456,-0.9225992001718828,-8.044690557763344,1122,73.5163806552262,-21.52032911928012,4.156141468955164,0.1051693404634581,0.8908581790668392,-0.426475927970312,0.4093277884067749,-2.797529415769301,-6.398297955728104,-4.1705432195597005
XNGUSD|orb|09:30|15|16:55|mid|trend,XNGUSD,A_orb,range,09:30,15.0,16:55,mid,trend,2006,-1.5729472610016475,1.3345951010165429,-0.24278914032811053,0.15435300747051317,-0.8682254240584455,-4.437918837958134,1400,175.87238285144565,-13.8048473780666,11.608009764790538,0.18571428571428572,1840,-4.687982482353449,-0.001607911321807318,-0.5326248530298167,0.11361494097615096,-0.9825381819353679,-12.667608165029998,1527,209.13260869565218,-25.468283322804922,-0.008558371920842658,0.16175507531106745,3846,-2.790896104288052,0.7893219996934815,-0.38145209180266576,0.13667728125621964,-0.9977085520947037,-10.90305088650952,2927,191.78471138845552,-19.88959855251669,5.547709271193585,0.17321489579774513,1.3345951010165429,-0.001607911321807318,0.7893219996934815,-4.3673562375430395,-9.036135402042005,-6.1793871541827015
XNGUSD|orb|09:30|15|16:55|mid|trend+narrow1.0,XNGUSD,A_orb,range,09:30,15.0,16:55,mid,trend+narrow1.0,2006,-0.7470182851121395,1.5472848449778267,-0.08927176160819285,0.11950411842300718,-0.5370899149787144,-2.107639971150229,855,107.40777666999003,-8.311480264830356,17.158695173766127,0.17192982456140352,1840,-4.489500522187038,-0.18545128444868658,-0.3333085004930689,0.07424177786501276,-0.9166488435501823,-12.131281139773506,914,125.17826086956522,-26.626708038416808,-1.0402747780229467,0.12691466083150985,3846,-2.0457370575243194,0.908329255798379,-0.20602360756455584,0.10070874299646237,-0.9615764777034008,-7.991976198732694,1769,115.90951638065522,-17.774520505111884,7.75572257007183,0.14867156585641605,1.5472848449778267,-0.18545128444868658,0.908329255798379,-2.9451639981560276,-7.856346662746187,-4.720080158227071
XNGUSD|orb|09:30|15|16:55|opp_rev|none,XNGUSD,A_orb,range,09:30,15.0,16:55,opp_rev,none,2006,-1.35686439443129,1.7466069489872225,-0.392923259150223,0.2895818187600914,-0.9709697021307935,-3.8282618914805244,2798,351.49351944167495,-11.178677199350837,13.8338317356027,0.2791279485346676,1840,-4.550403130526293,0.27289265163199966,-1.0017442864731085,0.22014407465416108,-0.9995348443186768,-12.295848815009926,3091,423.3326086956522,-23.66329136703229,1.3321793544170746,0.25816887738595923,3846,-2.637877611567141,1.1358833405062703,-0.684194889486705,0.2593732501032262,-0.9999866510877307,-10.30526137720112,5889,385.8627145085803,-17.731562645488275,7.27200332496511,0.2681270164713873,1.7466069489872225,0.27289265163199966,1.1358833405062703,-4.188989457884814,-8.776059062628685,-6.0191509746955125
XNGUSD|orb|09:30|15|16:55|opp_rev|narrow1.0,XNGUSD,A_orb,range,09:30,15.0,16:55,opp_rev,narrow1.0,2006,-0.9260225942478907,1.72334098025356,-0.19223527851582048,0.20759242777650874,-0.8213415091913653,-2.6126833475463047,1699,213.43369890329012,-9.006791312880962,16.17566895786653,0.24661565626839319,1840,-3.9904330793981186,0.23305073511045338,-0.6057318833731931,0.15179602597534508,-0.9897860374891032,-10.782728572230674,1848,253.09565217391304,-23.93292331062914,1.2748688971630586,0.22132034632034633,3846,-2.1259929117599112,1.1251561534231567,-0.39005996726713754,0.18347190393228702,-0.9981960936902446,-8.30550763450578,3547,232.40873634945396,-16.783360789012523,8.412297513778563,0.2334367070764026,1.72334098025356,0.23305073511045338,1.1251561534231567,-3.3006391067887755,-7.209657665425679,-4.879207897532169
XNGUSD|orb|09:30|15|16:55|opp_rev|narrow0.75,XNGUSD,A_orb,range,09:30,15.0,16:55,opp_rev,narrow0.75,2006,-0.5052836906230441,1.5067994902803021,-0.07781112601777734,0.15399492891177968,-0.515681570231687,-1.4256091508758273,958,120.3469591226321,-6.465566440984079,18.79226236903679,0.2265135699373695,1840,-3.5679971484501376,-0.13300518779296447,-0.3863646051283875,0.10828613058063012,-0.9453681125737452,-9.641245457005322,1075,147.22826086956522,-26.24255715896023,-0.8676734380300084,0.18325581395348836,3846,-1.6770540264252676,0.878336513795252,-0.2254290151398581,0.13441964992646802,-0.973540770066437,-6.551661081702938,2033,133.20748829953197,-16.923148842274966,8.396575702732408,0.20363994097393015,1.5067994902803021,-0.13300518779296447,0.878336513795252,-2.319329642226425,-5.867658388681179,-3.768677350514853
XNGUSD|orb|09:30|15|16:55|opp_rev|trend,XNGUSD,A_orb,range,09:30,15.0,16:55,opp_rev,trend,2006,-1.2471586762153746,0.9968796958779833,-0.24502176771624382,0.19646398841548088,-0.8846311592082657,-3.5187377989867277,1400,175.87238285144565,-13.931793255067605,11.052492459218104,0.28,1840,-3.6519932781872635,-0.11639084555429732,-0.5409173900720582,0.1481156587288553,-0.9841291471450766,-9.86821517433984,1527,209.13260869565218,-25.86480384124352,-0.8117586546030495,0.24426981008513424,3846,-2.206111945016421,0.5380494099723871,-0.3865838959363942,0.17523312758887072,-0.9981794770156655,-8.618504558766604,2927,191.78471138845552,-20.157180055576873,4.862977101922272,0.2613597540143492,0.9968796958779833,-0.11639084555429732,0.5380494099723871,-3.4287675845604935,-7.012792451121814,-4.8473904199844275
XNGUSD|orb|09:30|15|16:55|opp_rev|trend+narrow1.0,XNGUSD,A_orb,range,09:30,15.0,16:55,opp_rev,trend+narrow1.0,2006,-0.6290632207496223,1.2995980307303623,-0.0883074780795395,0.1403793373491269,-0.5553095195207027,-1.7748411449304407,855,107.40777666999003,-8.221702451849822,16.908122109553684,0.26198830409356727,1840,-3.676940139096032,-0.3760783706316489,-0.35081678244269654,0.09540997926850779,-0.9283208030830304,-9.935625208427924,914,125.17826086956522,-28.025375972290018,-2.754041180167487,0.2024070021881838,3846,-1.7643059204880802,0.6553769592839988,-0.21389695286586527,0.12123575077427191,-0.9683073659641005,-6.892523587996005,1769,115.90951638065522,-18.453787018091962,6.749152495757669,0.2312040700960995,1.2995980307303623,-0.3760783706316489,0.6553769592839988,-2.491732474573094,-6.476289587155626,-4.0070195606644505
XNGUSD|orb|09:30|15|16:55|mid_rev|none,XNGUSD,A_orb,range,09:30,15.0,16:55,mid_rev,none,2006,-2.1637220704631015,1.7748629645627043,-0.5003307152618917,0.23123612874864558,-0.9852270772959341,-6.104732926963605,2798,351.49351944167495,-14.234422189536666,11.212325487375406,0.17619728377412439,1840,-6.369042753862816,0.039360209967795906,-1.0709947708791172,0.16815631677610585,-0.9996911077876814,-17.210076679244487,3091,423.3326086956522,-25.29913238148613,0.1466780358545274,0.16370106761565836,3846,-3.7857768363746085,1.0730821622071784,-0.7733473201333672,0.20427704895409302,-0.9999954704569229,-14.789700493881652,5889,385.8627145085803,-20.042032854049452,5.404222876974485,0.1696383087111564,1.7748629645627043,0.039360209967795906,1.0730821622071784,-5.710509583935264,-11.918212885078331,-8.078314066508204
XNGUSD|orb|09:30|15|16:55|mid_rev|narrow1.0,XNGUSD,A_orb,range,09:30,15.0,16:55,mid_rev,narrow1.0,2006,-1.3055411034805968,1.9060889630934086,-0.2259079534278812,0.1730377946934083,-0.8529841619686802,-3.683458181029962,1699,213.43369890329012,-10.584455715694792,14.931730276065055,0.1583284284873455,1840,-5.159904464535908,0.2546682611821667,-0.6193287594426033,0.12002717563847515,-0.9904406401092647,-13.942809763426446,1848,253.09565217391304,-24.4701461334087,1.0818019185393437,0.13690476190476192,3846,-2.75125916335199,1.2620343635248412,-0.4141279958270202,0.15052307733978373,-0.9986050008412793,-10.748203279195344,3547,232.40873634945396,-17.81895131533824,7.715866840850081,0.14716661967860165,1.9060889630934086,0.2546682611821667,1.2620343635248412,-4.13038509742375,-8.921095111173484,-6.0190454993051645
XNGUSD|orb|09:30|15|16:55|mid_rev|narrow0.75,XNGUSD,A_orb,range,09:30,15.0,16:55,mid_rev,narrow0.75,2006,-0.6802619036654566,1.692145922245221,-0.08940775670817766,0.13143137404347013,-0.575449338180126,-1.9192932858408334,958,120.3469591226321,-7.429166250646364,18.107368196117722,0.15031315240083507,1840,-4.362428719835797,-0.043009625325838796,-0.3809323677827292,0.08732116723206143,-0.9425151882126929,-11.787914711449828,1075,147.22826086956522,-25.87359013363683,-0.21963664526474247,0.10883720930232559,3846,-2.0278725727286693,1.050034940348936,-0.2288787094843542,0.11286641604722683,-0.9755947851111079,-7.922185930836664,2033,133.20748829953197,-17.18212034519371,8.416502379843177,0.12838170191834727,1.692145922245221,-0.043009625325838796,1.050034940348936,-2.791809180250644,-6.87310192220368,-4.438194384109207
XNGUSD|orb|09:30|15|16:55|mid_rev|trend,XNGUSD,A_orb,range,09:30,15.0,16:55,mid_rev,trend,2006,-1.5729472610016475,1.3345951010165429,-0.24278914032811053,0.15435300747051317,-0.8682254240584455,-4.437918837958134,1400,175.87238285144565,-13.8048473780666,11.608009764790538,0.18571428571428572,1840,-4.687982482353449,-0.001607911321807318,-0.5326248530298167,0.11361494097615096,-0.9825381819353679,-12.667608165029998,1527,209.13260869565218,-25.468283322804922,-0.008558371920842658,0.16175507531106745,3846,-2.790896104288052,0.7893219996934815,-0.38145209180266576,0.13667728125621964,-0.9977085520947037,-10.90305088650952,2927,191.78471138845552,-19.88959855251669,5.547709271193585,0.17321489579774513,1.3345951010165429,-0.001607911321807318,0.7893219996934815,-4.3673562375430395,-9.036135402042005,-6.1793871541827015
XNGUSD|orb|09:30|15|16:55|mid_rev|trend+narrow1.0,XNGUSD,A_orb,range,09:30,15.0,16:55,mid_rev,trend+narrow1.0,2006,-0.7470182851121395,1.5472848449778267,-0.08927176160819285,0.11950411842300718,-0.5370899149787144,-2.107639971150229,855,107.40777666999003,-8.311480264830356,17.158695173766127,0.17192982456140352,1840,-4.489500522187038,-0.18545128444868658,-0.3333085004930689,0.07424177786501276,-0.9166488435501823,-12.131281139773506,914,125.17826086956522,-26.626708038416808,-1.0402747780229467,0.12691466083150985,3846,-2.0457370575243194,0.908329255798379,-0.20602360756455584,0.10070874299646237,-0.9615764777034008,-7.991976198732694,1769,115.90951638065522,-17.774520505111884,7.75572257007183,0.14867156585641605,1.5472848449778267,-0.18545128444868658,0.908329255798379,-2.9451639981560276,-7.856346662746187,-4.720080158227071
XNGUSD|orb|09:30|30|14:30|none|none,XNGUSD,A_orb,range,09:30,30.0,14:30,none,none,2006,-1.6934259102771905,-0.2514552798270738,-0.5580595669048549,0.3295447196821905,-0.9925536864171103,-4.777837715372501,1645,206.65004985044865,-27.005053582552684,-4.005053582552701,0.44376899696048633,1840,-1.9062030024324,0.503181462267731,-0.4545731403302664,0.23847047756729522,-0.9812680023666441,-5.150836806389929,1824,249.80869565217392,-18.196850159419604,4.8031498405803825,0.40789473684210525,3846,-1.7563393449695774,0.04919731770336534,-0.5085496800360971,0.2895509239103825,-0.9998506361776248,-6.861400975392834,3469,227.29797191887675,-22.37370073049309,0.6262992695068962,0.4249063130585183,-0.2514552798270738,0.503181462267731,0.04919731770336534,-3.1262326675723515,-4.314431732938009,-3.5544895315370413
XNGUSD|orb|09:30|30|14:30|none|narrow1.0,XNGUSD,A_orb,range,09:30,30.0,14:30,none,narrow1.0,2006,-1.1052076571897127,0.034462728057808194,-0.27125114934134753,0.24543003079717748,-0.911236970182616,-3.1182367033554748,968,121.60319042871386,-22.306252688358544,0.6937473116414349,0.4493801652892562,1840,-1.6381161508753967,0.18854527476338798,-0.3020961690168826,0.1844168185848389,-0.9201320078769123,-4.426427275743428,1069,146.40652173913043,-20.634065028548566,2.3659349714514297,0.40037418147801684,3846,-1.309848901542821,0.09633713833539974,-0.28600799702803104,0.21835190050635092,-0.9926287665189404,-5.117119625204786,2037,133.46957878315132,-21.42870305245434,1.571296947545649,0.42366224840451644,0.034462728057808194,0.18854527476338798,0.09633713833539974,-2.2267657822643785,-3.418758430692534,-2.689053896973296
XNGUSD|orb|09:30|30|14:30|none|narrow0.75,XNGUSD,A_orb,range,09:30,30.0,14:30,none,narrow0.75,2006,-0.978036181864756,-0.18134090958377921,-0.18564256477394622,0.1898115511636737,-0.8068752578647723,-2.759434663396322,524,65.82652043868394,-28.201789117331273,-5.2017891173312885,0.45038167938931295,1840,-1.614952562651425,-0.2575028151696606,-0.22815723003497854,0.1412779764009852,-0.8432425504316499,-4.363835902925398,610,83.54347826086956,-27.30999891129069,-4.3099989112907,0.38688524590163936,3846,-1.2236747045465322,-0.2098897677207154,-0.20598239422800224,0.16833100615930027,-0.9698098056848778,-4.7804673028517435,1134,74.30265210608424,-27.722078336304158,-4.722078336304164,0.41622574955908287,-0.18134090958377921,-0.2575028151696606,-0.2098897677207154,-1.754174252820873,-2.90336787395961,-2.202466367754194
XNGUSD|orb|09:30|30|14:30|none|trend,XNGUSD,A_orb,range,09:30,30.0,14:30,none,trend,2006,-1.4185911250274668,-0.12786855183210283,-0.39240445043151645,0.27661561073414914,-0.975644087447237,-4.002417902498908,1236,155.2701894317049,-25.27236244560095,-2.272362445600967,0.44660194174757284,1840,-2.2188025342443,-0.20791012010384755,-0.4600007368103365,0.2073193669607051,-0.9739457848206146,-5.995526050957466,1324,181.3304347826087,-25.36809319195737,-2.368093191957378,0.3987915407854985,3846,-1.7273767870913215,-0.15886002137470326,-0.42474380740942314,0.24588949590126,-0.9992753321037566,-6.748254433726548,2560,167.73790951638065,-25.32187319098216,-2.3218731909821733,0.421875,-0.12786855183210283,-0.20791012010384755,-0.15886002137470326,-2.691944852653748,-4.188645697320422,-3.27076037733348
XNGUSD|orb|09:30|30|14:30|none|trend+narrow1.0,XNGUSD,A_orb,range,09:30,30.0,14:30,none,trend+narrow1.0,2006,-0.8517052232358514,0.1789618974327869,-0.18081553371941056,0.2122982562352324,-0.8510083917682595,-2.4030040601480556,757,95.09670987038884,-19.013857994230438,3.9861420057695462,0.45046235138705415,1840,-1.8554235360547675,-0.2780470724374129,-0.303755536086357,0.16371223614649186,-0.9127065602754585,-5.0136233280285,821,112.44130434782609,-27.014586663519953,-4.014586663519959,0.3909866017052375,3846,-1.2571187638737795,-0.00961525888853913,-0.23963238352575003,0.19062032197127418,-0.9845391864224495,-4.911121496727384,1578,103.39469578783151,-23.176467777175112,-0.1764677771751208,0.41951837769328265,0.1789618974327869,-0.2780470724374129,-0.00961525888853913,-1.8648416453333398,-3.3664910633857645,-2.4717954078647617
XNGUSD|orb|09:30|30|14:30|opp|none,XNGUSD,A_orb,range,09:30,30.0,14:30,opp,none,2006,-1.6081925464699762,0.6415417463098033,-0.365967055790148,0.22756420342418268,-0.9585129714320686,-4.537360008178617,1645,206.65004985044865,-17.709507259010877,7.010249579894896,0.3221884498480243,1840,-2.692147213542841,0.6384060452601573,-0.49788334691935493,0.18493912383942224,-0.9824456318223975,-7.27457198317382,1824,249.80869565217392,-19.930585107117036,4.684546471830328,0.31085526315789475,3846,-2.0601265699757665,0.6368883363081417,-0.4290783339174857,0.20827765641726229,-0.9992458458921427,-8.048190970127852,3469,227.29797191887675,-18.877349863492178,5.787395019759476,0.31622946093975207,0.6415417463098033,0.6384060452601573,0.6368883363081417,-3.8069859472636134,-5.961659343260229,-4.698009554237542
XNGUSD|orb|09:30|30|14:30|opp|narrow1.0,XNGUSD,A_orb,range,09:30,30.0,14:30,opp,narrow1.0,2006,-0.8636863222527651,1.017653299366906,-0.13940313269709398,0.16140481689403954,-0.7419890964650967,-2.4368075743184825,968,121.60319042871386,-11.463772636690381,13.414326536863333,0.3037190082644628,1840,-2.287329467838578,0.553012333643704,-0.29435808155967763,0.12869072238982374,-0.900761461754508,-6.180695758137675,1069,146.40652173913043,-20.105530686957362,4.7775376011623765,0.27595884003741816,3846,-1.4553087589577727,0.8169073250893288,-0.21353654556946888,0.1467293756428665,-0.9740617654064796,-5.685380201047401,2037,133.46957878315132,-15.99889259532337,8.88181432662066,0.28915071183112423,1.017653299366906,0.553012333643704,0.8169073250893288,-2.6798992682008165,-4.924298939710564,-3.6147259799821976
XNGUSD|orb|09:30|30|14:30|opp|narrow0.75,XNGUSD,A_orb,range,09:30,30.0,14:30,opp,narrow0.75,2006,-0.7101747253514598,0.733453541061213,-0.0812050720384843,0.11434520145489066,-0.5578285194774899,-2.0036894243180137,524,65.82652043868394,-12.336224290348927,12.64469174018542,0.2786259541984733,1840,-2.059571222464744,0.19486598259840265,-0.19183350148527684,0.09314244605520589,-0.7819798091186806,-5.565259966811492,610,83.54347826086956,-22.962115712523378,2.1132941235421923,0.23770491803278687,3846,-1.280094298433136,0.5026253521406512,-0.13413182975613855,0.10478277258192535,-0.899861640640168,-5.000878840994173,1134,74.30265210608424,-18.05209181021349,6.979654221532537,0.2566137566137566,0.733453541061213,0.19486598259840265,0.5026253521406512,-2.0849769594049787,-4.04402266692322,-2.9256740564476287
XNGUSD|orb|09:30|30|14:30|opp|trend,XNGUSD,A_orb,range,09:30,30.0,14:30,opp,trend,2006,-1.0713189414803233,0.9387106691026011,-0.20450091359402492,0.1908870511627941,-0.8403913655602179,-3.022622963740877,1236,155.2701894317049,-13.170648811758808,11.457991964940215,0.3422330097087379,1840,-2.5102152242896674,0.3956188859280797,-0.38730881800820327,0.15429307186908753,-0.95056332901605,-6.782965378153683,1324,181.3304347826087,-21.359283590343534,3.319719430804495,0.31419939577039274,3846,-1.673951999767962,0.7041628244104265,-0.2919597134177608,0.17441343208062798,-0.992088297166808,-6.539542553018209,2560,167.73790951638065,-17.405708361308097,7.248979138691897,0.327734375,0.9387106691026011,0.3956188859280797,0.7041628244104265,-3.0232784561113526,-5.270516123169791,-3.961790790884945
XNGUSD|orb|09:30|30|14:30|opp|trend+narrow1.0,XNGUSD,A_orb,range,09:30,30.0,14:30,opp,trend+narrow1.0,2006,-0.40895575938005313,1.2943136279966814,-0.05671138769950411,0.13867364965216386,-0.44218967330679615,-1.1538291927781998,757,95.09670987038884,-5.963548873225831,18.819806476840213,0.32628797886393657,1840,-2.175342101987449,0.35449628366475266,-0.24162312386183676,0.11107362085305278,-0.8510593202383099,-5.878089663644808,821,112.44130434782609,-21.488822569542542,3.425915554696187,0.2801461632155907,3846,-1.1490727226114015,0.8938628274392103,-0.14517670089209175,0.1263424829737154,-0.9111956184016654,-4.489023560455362,1578,103.39469578783151,-14.041020168964753,10.810690857651212,0.30228136882129275,1.2943136279966814,0.35449628366475266,0.8938628274392103,-2.06377465403174,-4.466781483127239,-3.080098519127432
XNGUSD|orb|09:30|30|14:30|mid|none,XNGUSD,A_orb,range,09:30,30.0,14:30,mid,none,2006,-2.116510839894215,0.784434513975667,-0.3824297914406479,0.18068879413807404,-0.9587636873793451,-5.9715309978846705,1645,206.65004985044865,-18.50615529574805,6.791717044677477,0.2121580547112462,1840,-4.130885235166031,0.27508789513675996,-0.5908748791534678,0.14303831879021425,-0.9886360885762122,-11.162250654896068,1824,249.80869565217392,-23.653094925734056,1.5574313900554122,0.21655701754385964,3846,-2.9422919346711813,0.5664931870074587,-0.48215391036721805,0.16387018048265212,-0.9995257411902875,-11.494501223960796,3469,227.29797191887675,-21.212415856455596,4.039529949252096,0.21447102911501872,0.784434513975667,0.27508789513675996,0.5664931870074587,-4.926064783430131,-8.432664360610701,-6.342375082560634
XNGUSD|orb|09:30|30|14:30|mid|narrow1.0,XNGUSD,A_orb,range,09:30,30.0,14:30,mid,narrow1.0,2006,-1.294084305750966,1.1302520941081962,-0.16547760564792285,0.1278723533795544,-0.7488364829759253,-3.651133932323348,968,121.60319042871386,-13.607998693498834,11.772166595757358,0.1952479338842975,1840,-3.4850524756201353,0.2715965594935193,-0.34559158944939355,0.09916395574155552,-0.9277836294864492,-9.417116928636846,1069,146.40652173913043,-23.604931347605834,1.786088296921754,0.1824134705332086,3846,-2.1851984850646375,0.7701678592487547,-0.2516475822976124,0.11516005709209923,-0.9819375860421208,-8.536803015768664,2037,133.46957878315132,-18.8543025753056,6.531558985813686,0.18851251840942562,1.1302520941081962,0.2715965594935193,0.7701678592487547,-3.5864294479825545,-6.780357815846846,-4.899440163205297
XNGUSD|orb|09:30|30|14:30|mid|narrow0.75,XNGUSD,A_orb,range,09:30,30.0,14:30,mid,narrow0.75,2006,-0.6931888476840574,1.1058223850444162,-0.06457423137386521,0.09315532353067654,-0.45331629045927235,-1.9557654103676574,524,65.82652043868394,-9.809759188777837,15.57764539137483,0.19083969465648856,1840,-2.9360225634838946,0.1025513533819019,-0.20604098973726143,0.0701769095033018,-0.7972201920925797,-7.933558527127787,610,83.54347826086956,-24.66272580773881,0.8208807496382351,0.15737704918032788,3846,-1.5921095336697708,0.6970507038667243,-0.13225463579109065,0.08306880462316382,-0.8826087018475062,-6.21981278193322,1134,74.30265210608424,-17.799450227195997,7.639703211957438,0.1728395061728395,1.1058223850444162,0.1025513533819019,0.6970507038667243,-2.391461586999082,-5.361565550075988,-3.62625433202231
XNGUSD|orb|09:30|30|14:30|mid|trend,XNGUSD,A_orb,range,09:30,30.0,14:30,mid,trend,2006,-1.6346572172697995,1.0417234358692058,-0.24012040764952744,0.14689343130333832,-0.8642683412996169,-4.61202752182946,1236,155.2701894317049,-15.464681825170548,9.746483223373136,0.2354368932038835,1840,-3.1606375042349133,0.5810847953835516,-0.3868202295415455,0.12238677451091691,-0.9484265550299015,-8.540500653758116,1324,181.3304347826087,-21.332338942731372,3.8496852264529147,0.22885196374622357,3846,-2.285290706170491,0.8392666820622815,-0.3103044098027549,0.13578334212137877,-0.9929574703961518,-8.92782817015694,2560,167.73790951638065,-18.499360740659032,6.69673300934096,0.23203125,1.0417234358692058,0.5810847953835516,0.8392666820622815,-4.181359157832986,-6.631401263491236,-5.224803162634571
XNGUSD|orb|09:30|30|14:30|mid|trend+narrow1.0,XNGUSD,A_orb,range,09:30,30.0,14:30,mid,trend+narrow1.0,2006,-0.5812457502026518,1.5133739027183417,-0.06683104181947543,0.11497897713002588,-0.48439813315709246,-1.6399287682823043,757,95.09670987038884,-7.027692326113296,18.251039510082208,0.22457067371202113,1840,-2.803835133904705,0.430407735019862,-0.24796775434534152,0.08843877849551525,-0.8538201301680567,-7.576368932551691,821,112.44130434782609,-22.05308412096303,3.2818732480990804,0.19488428745432398,3846,-1.486133851778261,1.0611671564388436,-0.15349031146263548,0.10328161980764641,-0.9188206522172279,-5.80580301259054,1578,103.39469578783151,-14.84508564903575,10.46289914183877,0.20912547528517111,1.5133739027183417,0.430407735019862,1.0611671564388436,-2.592082044444684,-5.587085987936777,-3.8339229582261845
XNGUSD|orb|09:30|30|14:30|opp_rev|none,XNGUSD,A_orb,range,09:30,30.0,14:30,opp_rev,none,2006,-1.193635922698748,1.548507465088932,-0.34445636371202526,0.2885774105501345,-0.9562388195745171,-3.3677285172517712,2504,314.56031904287136,-10.950407373699269,13.711333840358234,0.33586261980830673,1840,-3.345322309764882,0.7804194674012725,-0.7468620343445734,0.22325562836337434,-0.9970430405363614,-9.039545767363988,2705,370.4673913043478,-20.15999388542697,4.443702972244,0.3134935304990758,3846,-2.067969839030233,1.2216750195404364,-0.5369749372855792,0.25966284766386716,-0.9998689039600457,-8.078831867682599,5209,341.3073322932917,-15.732886067157407,8.898713088150707,0.3242464964484546,1.548507465088932,0.7804194674012725,1.2216750195404364,-3.717658328800539,-6.996451090871387,-5.047265549462502
XNGUSD|orb|09:30|30|14:30|opp_rev|narrow1.0,XNGUSD,A_orb,range,09:30,30.0,14:30,opp_rev,narrow1.0,2006,-0.4853209584169563,1.8585287927121543,-0.10073050528916432,0.2075544102149061,-0.6554847506985159,-1.369286229242654,1522,191.19840478564308,-5.268375821550162,19.54108541366665,0.3193166885676741,1840,-2.710840177178271,0.894553510482133,-0.4404118541972095,0.16246323110631952,-0.9680863499785116,-7.32508308036075,1692,231.7304347826087,-19.005352258125672,5.82798107520766,0.2895981087470449,3846,-1.4030375050836623,1.4498559547526209,-0.263240563009082,0.18762190038062104,-0.9888858106432756,-5.481174770391835,3214,210.58970358814352,-12.500163043294332,12.321865581472311,0.30367143746110764,1.8585287927121543,0.894553510482133,1.4498559547526209,-2.6219259551866902,-5.640846784655693,-3.891533718078804
XNGUSD|orb|09:30|30|14:30|opp_rev|narrow0.75,XNGUSD,A_orb,range,09:30,30.0,14:30,opp_rev,narrow0.75,2006,-0.0848479463919662,1.659870554552294,-0.013090540251220154,0.1542823463369012,-0.4125181890188888,-0.2393902891665827,845,106.15154536390827,-1.233193563630489,23.662664424535187,0.30532544378698223,1840,-2.2764564548075157,0.5940321372594236,-0.27816461123454805,0.12219193152019599,-0.8872718497663454,-6.151315300943303,1007,137.91521739130434,-20.169247201004417,4.847634626205113,0.2542204568023833,3846,-0.998749412390798,1.2137932768228719,-0.13990704846997304,0.14008223357555197,-0.9163883005872856,-3.901763182598373,1852,121.34789391575663,-11.529417112677761,13.432245954276882,0.2775377969762419,1.659870554552294,0.5940321372594236,1.2137932768228719,-1.7034643090745774,-4.475050238805354,-2.90605754951203
XNGUSD|orb|09:30|30|14:30|opp_rev|trend,XNGUSD,A_orb,range,09:30,30.0,14:30,opp_rev,trend,2006,-1.0713189414803233,0.9387106691026011,-0.20450091359402492,0.1908870511627941,-0.8403913655602179,-3.022622963740877,1236,155.2701894317049,-13.170648811758808,11.457991964940215,0.3422330097087379,1840,-2.5102152242896674,0.3956188859280797,-0.38730881800820327,0.15429307186908753,-0.95056332901605,-6.782965378153683,1324,181.3304347826087,-21.359283590343534,3.319719430804495,0.31419939577039274,3846,-1.673951999767962,0.7041628244104265,-0.2919597134177608,0.17441343208062798,-0.992088297166808,-6.539542553018209,2560,167.73790951638065,-17.405708361308097,7.248979138691897,0.327734375,0.9387106691026011,0.3956188859280797,0.7041628244104265,-3.0232784561113526,-5.270516123169791,-3.961790790884945
XNGUSD|orb|09:30|30|14:30|opp_rev|trend+narrow1.0,XNGUSD,A_orb,range,09:30,30.0,14:30,opp_rev,trend+narrow1.0,2006,-0.40895575938005313,1.2943136279966814,-0.05671138769950411,0.13867364965216386,-0.44218967330679615,-1.1538291927781998,757,95.09670987038884,-5.963548873225831,18.819806476840213,0.32628797886393657,1840,-2.175342101987449,0.35449628366475266,-0.24162312386183676,0.11107362085305278,-0.8510593202383099,-5.878089663644808,821,112.44130434782609,-21.488822569542542,3.425915554696187,0.2801461632155907,3846,-1.1490727226114015,0.8938628274392103,-0.14517670089209175,0.1263424829737154,-0.9111956184016654,-4.489023560455362,1578,103.39469578783151,-14.041020168964753,10.810690857651212,0.30228136882129275,1.2943136279966814,0.35449628366475266,0.8938628274392103,-2.06377465403174,-4.466781483127239,-3.080098519127432
XNGUSD|orb|09:30|30|14:30|mid_rev|none,XNGUSD,A_orb,range,09:30,30.0,14:30,mid_rev,none,2006,-1.918593178619123,1.564129278389311,-0.4441435820557215,0.23149440277661515,-0.9764909372154582,-5.413125424402174,2504,314.56031904287136,-14.119504437404558,11.125703230327067,0.22523961661341854,1840,-4.743257684878744,0.6067576174258382,-0.8323485610031448,0.17548035892222938,-0.9981539525464035,-12.816969774095059,2705,370.4673913043478,-22.467525632218205,2.722862537837242,0.22070240295748614,3846,-3.0438048132144258,1.162941956307504,-0.6298682729718055,0.2069345150639373,-0.999956795619431,-11.891076388006683,5209,341.3073322932917,-18.454577835747983,6.762162421499082,0.22288347091572278,1.564129278389311,0.6067576174258382,1.162941956307504,-5.0998013420156,-9.449938408046336,-6.823761708076815
XNGUSD|orb|09:30|30|14:30|mid_rev|narrow1.0,XNGUSD,A_orb,range,09:30,30.0,14:30,mid_rev,narrow1.0,2006,-1.0064789745712872,1.8855224220930693,-0.17173678187433333,0.17063126623930236,-0.7727155350427615,-2.839683257030715,1522,191.19840478564308,-8.982124200610947,16.33784951818011,0.2102496714848883,1840,-3.7431616934078558,0.826953285511562,-0.4873228780202175,0.1301901755615981,-0.9755269345080192,-10.114565446634682,1692,231.7304347826087,-21.029731311615823,4.300055922426727,0.19680851063829788,3846,-2.1102441754825723,1.4429650587996616,-0.32271920956763206,0.15292979519482972,-0.994462576603334,-8.243982852996995,3214,210.58970358814352,-15.32454835487985,10.000591657565696,0.20317361543248288,1.8855224220930693,0.826953285511562,1.4429650587996616,-3.5990783256091876,-7.265100496835798,-5.120644505884183
XNGUSD|orb|09:30|30|14:30|mid_rev|narrow0.75,XNGUSD,A_orb,range,09:30,30.0,14:30,mid_rev,narrow0.75,2006,-0.19493470003690053,1.893697552124172,-0.0253543078744667,0.13006564695596634,-0.38386257311860916,-0.5499894363365898,845,106.15154536390827,-2.388501061152445,22.926291838255832,0.21420118343195266,1840,-2.85271461902028,0.7779508081722821,-0.280209537027396,0.09822557614390097,-0.8855855352801789,-7.708448386151032,1007,137.91521739130434,-20.31752132415979,5.077712042275158,0.17775571002979146,3846,-1.2675796842983933,1.43399407089144,-0.14728192660597733,0.116191454020895,-0.9121041036137163,-4.95198863883778,1852,121.34789391575663,-12.137163806750934,13.221367510743663,0.19438444924406048,1.893697552124172,0.7779508081722821,1.43399407089144,-2.1241413449483164,-5.439710877525984,-3.5388547230791736
XNGUSD|orb|09:30|30|14:30|mid_rev|trend,XNGUSD,A_orb,range,09:30,30.0,14:30,mid_rev,trend,2006,-1.6346572172697995,1.0417234358692058,-0.24012040764952744,0.14689343130333832,-0.8642683412996169,-4.61202752182946,1236,155.2701894317049,-15.464681825170548,9.746483223373136,0.2354368932038835,1840,-3.1606375042349133,0.5810847953835516,-0.3868202295415455,0.12238677451091691,-0.9484265550299015,-8.540500653758116,1324,181.3304347826087,-21.332338942731372,3.8496852264529147,0.22885196374622357,3846,-2.285290706170491,0.8392666820622815,-0.3103044098027549,0.13578334212137877,-0.9929574703961518,-8.92782817015694,2560,167.73790951638065,-18.499360740659032,6.69673300934096,0.23203125,1.0417234358692058,0.5810847953835516,0.8392666820622815,-4.181359157832986,-6.631401263491236,-5.224803162634571
XNGUSD|orb|09:30|30|14:30|mid_rev|trend+narrow1.0,XNGUSD,A_orb,range,09:30,30.0,14:30,mid_rev,trend+narrow1.0,2006,-0.5812457502026518,1.5133739027183417,-0.06683104181947543,0.11497897713002588,-0.48439813315709246,-1.6399287682823043,757,95.09670987038884,-7.027692326113296,18.251039510082208,0.22457067371202113,1840,-2.803835133904705,0.430407735019862,-0.24796775434534152,0.08843877849551525,-0.8538201301680567,-7.576368932551691,821,112.44130434782609,-22.05308412096303,3.2818732480990804,0.19488428745432398,3846,-1.486133851778261,1.0611671564388436,-0.15349031146263548,0.10328161980764641,-0.9188206522172279,-5.80580301259054,1578,103.39469578783151,-14.84508564903575,10.46289914183877,0.20912547528517111,1.5133739027183417,0.430407735019862,1.0611671564388436,-2.592082044444684,-5.587085987936777,-3.8339229582261845
XNGUSD|orb|09:30|30|16:55|none|none,XNGUSD,A_orb,range,09:30,30.0,16:55,none,none,2006,-1.68185183544485,-0.32106266629550656,-0.5890587372508871,0.3502441325903604,-0.9946231665519583,-4.745182580643017,1650,207.27816550348953,-28.418754856307828,-5.418754856307848,0.45212121212121215,1840,-1.890550420374867,0.4939959492653681,-0.4582798216014098,0.24240550088610702,-0.9824163288434643,-5.108541260913346,1835,251.31521739130434,-18.235259542117426,4.764740457882564,0.42942779291553135,3846,-1.7349558146833324,-0.004270186801018661,-0.5264916013187398,0.3034611007743942,-0.9998999621337912,-6.777863032691946,3485,228.3463338533541,-23.0567135646179,-0.056713564617917905,0.44017216642754664,-0.32106266629550656,0.4939959492653681,-0.004270186801018661,-3.034668357660179,-4.274747941300582,-3.459249098306192
XNGUSD|orb|09:30|30|16:55|none|narrow1.0,XNGUSD,A_orb,range,09:30,30.0,16:55,none,narrow1.0,2006,-1.0488006700977148,0.0290219330091512,-0.27217351884206975,0.25950929151934266,-0.9207386209644746,-2.959089835043673,968,121.60319042871386,-22.382103453249695,0.6178965467502872,0.4597107438016529,1840,-1.6536063192867703,0.13838673907170082,-0.3111146834420657,0.18814313891607223,-0.9267571939840229,-4.4682839560071095,1070,146.54347826086956,-21.23019646689663,1.7698035331033561,0.4280373831775701,3846,-1.2746554740201932,0.07176978867661589,-0.29080371719464193,0.22814299481056086,-0.9939845155575094,-4.979631264186855,2038,133.53510140405615,-21.777324024693378,1.222675975306609,0.44308145240431795,0.0290219330091512,0.13838673907170082,0.07176978867661589,-2.1112309163433998,-3.400968302213137,-2.597006398362684
XNGUSD|orb|09:30|30|16:55|none|narrow0.75,XNGUSD,A_orb,range,09:30,30.0,16:55,none,narrow0.75,2006,-0.9247582475272792,-0.16216676744733377,-0.1834147669927438,0.1983380710398404,-0.8172469595878271,-2.6091161153394604,524,65.82652043868394,-27.863354430770933,-4.863354430770947,0.4618320610687023,1840,-1.6550245199904718,-0.31714673242186603,-0.23710227036941584,0.14326208917483643,-0.8589708067464321,-4.472116139869034,610,83.54347826086956,-28.38070371322697,-5.380703713226984,0.40491803278688526,3846,-1.2006096190999571,-0.2208237603473195,-0.20909989601330445,0.1741614365625833,-0.9741797044664853,-4.690360114719834,1134,74.30265210608424,-28.141646372832827,-5.141646372832836,0.4312169312169312,-0.16216676744733377,-0.31714673242186603,-0.2208237603473195,-1.6695145922337595,-2.924138899990666,-2.1482805254241035
XNGUSD|orb|09:30|30|16:55|none|trend,XNGUSD,A_orb,range,09:30,30.0,16:55,none,trend,2006,-1.5929145950200314,-0.32923518402561464,-0.47132761676494855,0.29589007360373987,-0.9872898176644155,-4.494254743160422,1295,162.68195413758724,-28.97233557732692,-5.9723355773269375,0.43938223938223936,1840,-2.5803960669760366,-0.4959643417586429,-0.5426720527462627,0.21030571999833328,-0.9857315179972584,-6.972604187425904,1393,190.7804347826087,-28.44484830766996,-5.4448483076699725,0.4048815506101938,3846,-1.9554967369333125,-0.3895433172461529,-0.5054601602401483,0.2584817201141593,-0.9997987305636419,-7.639438959561739,2688,176.12480499219967,-28.698976289145325,-5.698976289145333,0.42150297619047616,-0.32923518402561464,-0.4959643417586429,-0.3895433172461529,-2.840099851417021,-4.62254361770341,-3.4970991051577323
XNGUSD|orb|09:30|30|16:55|none|trend+narrow1.0,XNGUSD,A_orb,range,09:30,30.0,16:55,none,trend+narrow1.0,2006,-1.068184840445627,-0.06234780628617667,-0.24143303113035844,0.22602177262657752,-0.9066780738990222,-3.0137804002508037,787,98.8654037886341,-24.420375771338765,-1.4203757713387795,0.44726810673443457,1840,-2.0724740378935405,-0.47379807179560973,-0.3457223485872477,0.16681625065790423,-0.9361420215648524,-5.600125244293426,849,116.27608695652174,-29.73288469163235,-6.732884691632357,0.4075382803297998,3846,-1.4573763633030528,-0.22526240790809546,-0.2913270363619435,0.19989828550647615,-0.9926566941573025,-5.693457605059367,1636,107.19500780031201,-27.17729513156447,-4.17729513156448,0.42665036674816625,-0.06234780628617667,-0.47379807179560973,-0.22526240790809546,-2.054366312025995,-3.5995836555457044,-2.654581575906473
XNGUSD|orb|09:30|30|16:55|opp|none,XNGUSD,A_orb,range,09:30,30.0,16:55,opp,none,2006,-1.373254349302849,0.7990368712859687,-0.3252902698510819,0.2368754703134346,-0.9478795871095844,-3.8745045667953066,1650,207.27816550348953,-15.69341705919361,9.066582940806384,0.3236363636363636,1840,-2.9370217996471317,0.4079276483242053,-0.5447002525242949,0.18546006454216238,-0.9877117404793507,-7.936258608074732,1835,251.31521739130434,-21.673986087208657,2.983779580366272,0.31444141689373295,3846,-2.0114103158190075,0.6310521323185108,-0.43026020435932727,0.21390971348585017,-0.9993443746812863,-7.857873674813568,3485,228.3463338533541,-18.842439775522912,5.863729521464173,0.3187948350071736,0.7990368712859687,0.4079276483242053,0.6310521323185108,-3.501005555896935,-6.2222167616942485,-4.598335965224861
XNGUSD|orb|09:30|30|16:55|opp|narrow1.0,XNGUSD,A_orb,range,09:30,30.0,16:55,opp,narrow1.0,2006,-0.6639008838644569,1.1281806487937176,-0.11266413691270329,0.16970023636194612,-0.7056647316637179,-1.8731322480341206,968,121.60319042871386,-9.264899754316,15.6596870225435,0.3006198347107438,1840,-2.464814428124475,0.36013710707547214,-0.31942443561578,0.12959370570499146,-0.9165232759963018,-6.66028584631543,1070,146.54347826086956,-21.797246756157662,3.1261177298236467,0.2775700934579439,3846,-1.392353561908474,0.8061840031065494,-0.21158222053560005,0.15196012444252172,-0.9751245390173453,-5.43943635672295,2038,133.53510140405615,-15.844689397088608,9.07925564707233,0.2885181550539745,1.1281806487937176,0.36013710707547214,0.8061840031065494,-2.404648968242978,-5.0783427130245045,-3.4885510279530205
XNGUSD|orb|09:30|30|16:55|opp|narrow0.75,XNGUSD,A_orb,range,09:30,30.0,16:55,opp,narrow0.75,2006,-0.5868596161299315,0.8015565602611167,-0.06984849372700178,0.11902078760781051,-0.5477412261305279,-1.6557677490098468,524,65.82652043868394,-10.610995881525321,14.40999648488689,0.2824427480916031,1840,-2.3171682470242447,-0.029838099872728008,-0.21254855998560898,0.09172771992649574,-0.809162762142145,-6.26132446446704,610,83.54347826086956,-25.441669943632615,-0.317079779698191,0.22950819672131148,3846,-1.2918268021521835,0.4579446098786339,-0.1381189362428201,0.10691753415606023,-0.9086360735395157,-5.046713612442094,1134,74.30265210608424,-18.58869533292342,6.488024243796149,0.25396825396825395,0.8015565602611167,-0.029838099872728008,0.4579446098786339,-1.9189955667857168,-4.299338395712479,-2.908573226207304
XNGUSD|orb|09:30|30|16:55|opp|trend,XNGUSD,A_orb,range,09:30,30.0,16:55,opp,trend,2006,-0.9795138611804717,1.009142177218769,-0.19798797931990397,0.2021288183520922,-0.8357997343581858,-2.7636037929242248,1295,162.68195413758724,-12.170248407051766,12.458323021519654,0.33745173745173745,1840,-3.174501369465469,-0.057439302074473446,-0.47933671131346206,0.150995906293836,-0.9745136924583266,-8.577962827103377,1393,190.7804347826087,-25.12504554566398,-0.4473714609547229,0.3036611629576454,3846,-1.8509329306678821,0.5713590313854815,-0.33259059681032177,0.17968808663980673,-0.995841705580568,-7.230944892424138,2688,176.12480499219967,-18.88380213253049,5.77021572461236,0.31994047619047616,1.009142177218769,-0.057439302074473446,0.5713590313854815,-2.9182258200290425,-6.121209123061057,-4.183881898996578
XNGUSD|orb|09:30|30|16:55|opp|trend+narrow1.0,XNGUSD,A_orb,range,09:30,30.0,16:55,opp,trend+narrow1.0,2006,-0.3326717641502936,1.3450697295879768,-0.048702615014064206,0.14639840305792068,-0.42715481737088423,-0.9386012650158441,787,98.8654037886341,-4.926153451837033,19.873084159344668,0.3240152477763659,1840,-2.5570952522948,0.07143666912957222,-0.28218700282287146,0.11035451361056256,-0.8854493051161286,-6.909642008830112,849,116.27608695652174,-24.2687047878028,0.6606238341053211,0.27326266195524146,3846,-1.2282834738516601,0.8216437287552165,-0.1604060142777681,0.13059364364381276,-0.9279608890368958,-4.798472145877175,1636,107.19500780031201,-14.963944456870616,9.90280370938855,0.29767726161369196,1.3450697295879768,0.07143666912957222,0.8216437287552165,-1.9692212078409723,-4.909400520974377,-3.1662428669646845
XNGUSD|orb|09:30|30|16:55|mid|none,XNGUSD,A_orb,range,09:30,30.0,16:55,mid,none,2006,-1.8937427447312396,0.8928032693460132,-0.3576380748812917,0.18885251224133287,-0.9511170572068071,-5.3430123243531344,1650,207.27816550348953,-17.25401583001133,8.0623478063523,0.20787878787878789,1840,-4.4415427277560955,0.051059818813598175,-0.6271441921536931,0.1411996305325496,-0.9911035238314037,-12.001692227998122,1835,251.31521739130434,-24.95448539342579,0.2836617455387824,0.21471389645776567,3846,-2.89722789859995,0.5450118356786654,-0.4865749588597677,0.16794500670620327,-0.9995651883375873,-11.318451862008116,3485,228.3463338533541,-21.30863897172311,3.9665403683055844,0.2114777618364419,0.8928032693460132,0.051059818813598175,0.5450118356786654,-4.601498275504699,-8.831932595585501,-6.238449355301059
XNGUSD|orb|09:30|30|16:55|mid|narrow1.0,XNGUSD,A_orb,range,09:30,30.0,16:55,mid,narrow1.0,2006,-1.1219982770461658,1.1898160067502777,-0.15055897700200704,0.13418824260441548,-0.7189292367003315,-3.1656098162432498,968,121.60319042871386,-12.381169973518713,13.026887877720949,0.18801652892561985,1840,-3.573897286281466,0.13738098330841558,-0.35915163347034523,0.10049299257954664,-0.9344863423878003,-9.657188484618645,1070,146.54347826086956,-24.50819632048046,0.9142335860615902,0.1766355140186916,3846,-2.09629099660545,0.7575549004451883,-0.25035369564520576,0.11942697652692619,-0.9816685370135287,-8.189472683631646,2038,133.53510140405615,-18.748156328400498,6.6674472044748665,0.18204121687929342,1.1898160067502777,0.13738098330841558,0.7575549004451883,-3.3247543796655203,-6.827714974111968,-4.73267714717417
XNGUSD|orb|09:30|30|16:55|mid|narrow0.75,XNGUSD,A_orb,range,09:30,30.0,16:55,mid,narrow0.75,2006,-0.5880013177034782,1.1291190489747502,-0.05741782238428648,0.0976491389654361,-0.4217800720148158,-1.658988949774927,524,65.82652043868394,-8.72259721486722,16.699158510323613,0.19083969465648856,1840,-3.0860159278341692,-0.04987972467068817,-0.21638415422743917,0.0701176401183717,-0.8099966378504653,-8.338862338329315,610,83.54347826086956,-25.90078348806194,-0.39750479953735185,0.14754098360655737,3846,-1.556959694764376,0.6627466426758863,-0.13347035763946097,0.08572499216793138,-0.8845650511438967,-6.082494706334022,1134,74.30265210608424,-17.963067785104236,7.5025406805042225,0.1675485008818342,1.1291190489747502,-0.04987972467068817,0.6627466426758863,-2.2228939625419173,-5.485359451845169,-3.5410552000817153
XNGUSD|orb|09:30|30|16:55|mid|trend,XNGUSD,A_orb,range,09:30,30.0,16:55,mid,trend,2006,-1.4913964900206358,1.1122404479401429,-0.2360068288954153,0.1582455305980704,-0.8616043414038256,-4.207831210890348,1295,162.68195413758724,-14.507253133670499,10.716685090267719,0.2308880308880309,1840,-3.8816287580687097,0.17586467956523585,-0.45997514540729045,0.11850055069051721,-0.9685004872852714,-10.488723525400584,1393,190.7804347826087,-24.11018435571891,1.0692844167146824,0.22254127781765973,3846,-2.4372347609298703,0.7253455224861481,-0.34315755754384236,0.14079790877958698,-0.9956601073831496,-9.521420227703889,2688,176.12480499219967,-19.483772178429962,5.717120678712891,0.2265625,1.1122404479401429,0.17586467956523585,0.7253455224861481,-3.989147791004912,-7.621185670397933,-5.423518168960381
XNGUSD|orb|09:30|30|16:55|mid|trend+narrow1.0,XNGUSD,A_orb,range,09:30,30.0,16:55,mid,trend+narrow1.0,2006,-0.5066932774418901,1.5289770361729262,-0.06233571638146317,0.12302455776830813,-0.48306585895211307,-1.4295861639977487,787,98.8654037886341,-6.305109167887654,18.98968117518731,0.21855146124523506,1840,-3.1729975116030538,0.17439143334125937,-0.2800661890877558,0.08826549282298728,-0.8801353454166507,-8.573899185183066,849,116.27608695652174,-24.086310127763312,1.2776474694098265,0.18492343934040048,3846,-1.541592026873559,0.9853150672374649,-0.16650214118114548,0.10800661801476868,-0.9318140510474033,-6.022458625176032,1636,107.19500780031201,-15.532639494864691,9.79804510171232,0.2011002444987775,1.5289770361729262,0.17439143334125937,0.9853150672374649,-2.472536423649317,-6.016163532837178,-3.877432558935415
XNGUSD|orb|09:30|30|16:55|opp_rev|none,XNGUSD,A_orb,range,09:30,30.0,16:55,opp_rev,none,2006,-0.8009490785763118,1.9432127379999131,-0.2418490677957625,0.3019531132062098,-0.9058817239173204,-2.25980049820329,2609,327.7507477567298,-7.379054645979722,17.277902042406623,0.3418934457646608,1840,-3.729946819531999,0.498183116016571,-0.8507573439300462,0.22808833077056898,-0.998664448917819,-10.078856941997607,2841,389.0934782608696,-21.865114463821772,2.745234005027217,0.31326997536078843,3846,-1.9761164259039574,1.3437331918704636,-0.5331624396332774,0.2698031515979059,-0.9998742736856734,-7.719992842511922,5450,357.09828393135723,-14.930411699647479,9.70224885081123,0.32697247706422017,1.9432127379999131,0.498183116016571,1.3437331918704636,-3.3318116696414948,-7.441944022704025,-4.976438059736758
XNGUSD|orb|09:30|30|16:55|opp_rev|narrow1.0,XNGUSD,A_orb,range,09:30,30.0,16:55,opp_rev,narrow1.0,2006,-0.16655039200890848,2.1585752847796242,-0.03634911376260671,0.21824694210664158,-0.48691042360367653,-0.46990585157633746,1584,198.98703888334995,-1.8267076070173216,22.98200451419479,0.32386363636363635,1840,-2.9590283393586567,0.6888235842140045,-0.49089616563003063,0.16589775741601315,-0.977289345589242,-7.995723468104206,1753,240.08478260869566,-20.446783852607687,4.403187624859504,0.2880775812892185,3846,-1.2985212206467798,1.5499095328248516,-0.2538131219363092,0.1954632068391517,-0.988298975532704,-5.07286635434819,3337,218.64898595943836,-11.60824601232746,13.222140562440295,0.3050644291279592,2.1585752847796242,0.6888235842140045,1.5499095328248516,-2.304685714252841,-5.8935715339121435,-3.7908868005444787
XNGUSD|orb|09:30|30|16:55|opp_rev|narrow0.75,XNGUSD,A_orb,range,09:30,30.0,16:55,opp_rev,narrow0.75,2006,0.09328088018435522,1.8145251172789127,0.015117701149340476,0.1620664504822712,-0.40305351458816496,0.2631829977108381,876,110.0458624127617,1.373763703412746,26.271023977385344,0.3162100456621005,1840,-2.5518515331998595,0.39406461945089694,-0.31251998698766026,0.12246793472180574,-0.9098206520559585,-6.895472719786855,1040,142.43478260869566,-21.941268927705078,3.0923849184487606,0.25096153846153846,3846,-0.9778985684373163,1.2379907899589864,-0.1416304387809979,0.14483142050951522,-0.9305973986757988,-3.8203062583143814,1916,125.54134165366614,-11.281577599490461,13.68971676376632,0.2807933194154488,1.8145251172789127,0.39406461945089694,1.2379907899589864,-1.5186303248013784,-4.753589888880851,-2.890380645682979
XNGUSD|orb|09:30|30|16:55|opp_rev|trend,XNGUSD,A_orb,range,09:30,30.0,16:55,opp_rev,trend,2006,-0.9795138611804717,1.009142177218769,-0.19798797931990397,0.2021288183520922,-0.8357997343581858,-2.7636037929242248,1295,162.68195413758724,-12.170248407051766,12.458323021519654,0.33745173745173745,1840,-3.174501369465469,-0.057439302074473446,-0.47933671131346206,0.150995906293836,-0.9745136924583266,-8.577962827103377,1393,190.7804347826087,-25.12504554566398,-0.4473714609547229,0.3036611629576454,3846,-1.8509329306678821,0.5713590313854815,-0.33259059681032177,0.17968808663980673,-0.995841705580568,-7.230944892424138,2688,176.12480499219967,-18.88380213253049,5.77021572461236,0.31994047619047616,1.009142177218769,-0.057439302074473446,0.5713590313854815,-2.9182258200290425,-6.121209123061057,-4.183881898996578
XNGUSD|orb|09:30|30|16:55|opp_rev|trend+narrow1.0,XNGUSD,A_orb,range,09:30,30.0,16:55,opp_rev,trend+narrow1.0,2006,-0.3326717641502936,1.3450697295879768,-0.048702615014064206,0.14639840305792068,-0.42715481737088423,-0.9386012650158441,787,98.8654037886341,-4.926153451837033,19.873084159344668,0.3240152477763659,1840,-2.5570952522948,0.07143666912957222,-0.28218700282287146,0.11035451361056256,-0.8854493051161286,-6.909642008830112,849,116.27608695652174,-24.2687047878028,0.6606238341053211,0.27326266195524146,3846,-1.2282834738516601,0.8216437287552165,-0.1604060142777681,0.13059364364381276,-0.9279608890368958,-4.798472145877175,1636,107.19500780031201,-14.963944456870616,9.90280370938855,0.29767726161369196,1.3450697295879768,0.07143666912957222,0.8216437287552165,-1.9692212078409723,-4.909400520974377,-3.1662428669646845
XNGUSD|orb|09:30|30|16:55|mid_rev|none,XNGUSD,A_orb,range,09:30,30.0,16:55,mid_rev,none,2006,-1.6347988021724646,1.8051062730012823,-0.40014659033183025,0.2447680961107142,-0.9679320211276319,-4.612426989963127,2609,327.7507477567298,-12.20886887583352,13.035669261383797,0.22690686086623227,1840,-5.272563564877924,0.2877225487989091,-0.9320512930517463,0.17677383716346456,-0.9990891719566141,-14.247230981877975,2841,389.0934782608696,-23.954431136130424,1.231418916667878,0.21964097148891235,3846,-3.0367954644466564,1.1904822799890646,-0.6546199790485867,0.2155627491915617,-0.99997105313833,-11.863693324130223,5450,357.09828393135723,-18.33164729445802,6.8822976596704155,0.22311926605504587,1.8051062730012823,0.2877225487989091,1.1904822799890646,-4.788866716343617,-10.120781393658325,-6.832493851279624
XNGUSD|orb|09:30|30|16:55|mid_rev|narrow1.0,XNGUSD,A_orb,range,09:30,30.0,16:55,mid_rev,narrow1.0,2006,-0.8069318474831964,2.046772073470209,-0.1453837958470486,0.18016861808156123,-0.7295806729251769,-2.2766803030723395,1584,198.98703888334995,-7.3061942457606674,18.019563329996902,0.21022727272727273,1840,-3.9881787064139473,0.6404687585224847,-0.5300624119230879,0.1329083902560887,-0.9817829355120448,-10.77663692966827,1753,240.08478260869566,-22.078134489140645,3.2647063551263193,0.19281232173416998,3846,-2.0620222858657047,1.4726328008797922,-0.3294214072822832,0.15975647282782945,-0.9950029523914327,-8.055596866313884,3337,218.64898595943836,-15.066221589675893,10.268510205349573,0.2010788133053641,2.046772073470209,0.6404687585224847,1.4726328008797922,-3.3847196286053927,-7.513567622881698,-5.0655979225638665
XNGUSD|orb|09:30|30|16:55|mid_rev|narrow0.75,XNGUSD,A_orb,range,09:30,30.0,16:55,mid_rev,narrow0.75,2006,-0.1103524825975094,1.9334246803417863,-0.015220455957653768,0.13792581371429236,-0.36777109362407345,-0.3113488757551046,876,110.0458624127617,-1.3831011565491325,23.952515281807027,0.21575342465753425,1840,-3.100832468880292,0.6175266150158966,-0.306589196491317,0.09887318956061697,-0.9038635965835322,-8.378898779813445,1040,142.43478260869566,-21.52488253754667,3.8895405393764007,0.17307692307692307,3846,-1.2761403107458384,1.406982764984372,-0.15461683728421133,0.1211597470765936,-0.92134773299658,-4.985431999783208,1916,125.54134165366614,-12.316009630577026,13.062382853765348,0.19258872651356992,1.9334246803417863,0.6175266150158966,1.406982764984372,-2.008992987384091,-5.679524228295967,-3.533428739778478
XNGUSD|orb|09:30|30|16:55|mid_rev|trend,XNGUSD,A_orb,range,09:30,30.0,16:55,mid_rev,trend,2006,-1.4913964900206358,1.1122404479401429,-0.2360068288954153,0.1582455305980704,-0.8616043414038256,-4.207831210890348,1295,162.68195413758724,-14.507253133670499,10.716685090267719,0.2308880308880309,1840,-3.8816287580687097,0.17586467956523585,-0.45997514540729045,0.11850055069051721,-0.9685004872852714,-10.488723525400584,1393,190.7804347826087,-24.11018435571891,1.0692844167146824,0.22254127781765973,3846,-2.4372347609298703,0.7253455224861481,-0.34315755754384236,0.14079790877958698,-0.9956601073831496,-9.521420227703889,2688,176.12480499219967,-19.483772178429962,5.717120678712891,0.2265625,1.1122404479401429,0.17586467956523585,0.7253455224861481,-3.989147791004912,-7.621185670397933,-5.423518168960381
XNGUSD|orb|09:30|30|16:55|mid_rev|trend+narrow1.0,XNGUSD,A_orb,range,09:30,30.0,16:55,mid_rev,trend+narrow1.0,2006,-0.5066932774418901,1.5289770361729262,-0.06233571638146317,0.12302455776830813,-0.48306585895211307,-1.4295861639977487,787,98.8654037886341,-6.305109167887654,18.98968117518731,0.21855146124523506,1840,-3.1729975116030538,0.17439143334125937,-0.2800661890877558,0.08826549282298728,-0.8801353454166507,-8.573899185183066,849,116.27608695652174,-24.086310127763312,1.2776474694098265,0.18492343934040048,3846,-1.541592026873559,0.9853150672374649,-0.16650214118114548,0.10800661801476868,-0.9318140510474033,-6.022458625176032,1636,107.19500780031201,-15.532639494864691,9.79804510171232,0.2011002444987775,1.5289770361729262,0.17439143334125937,0.9853150672374649,-2.472536423649317,-6.016163532837178,-3.877432558935415
XNGUSD|orb|09:30|60|14:30|none|none,XNGUSD,A_orb,range,09:30,60.0,14:30,none,none,2006,-0.5664658451349963,1.1124550845537386,-0.1880408721355622,0.3319544748381954,-0.8576310627157636,-1.5982286930482419,1929,242.3270189431705,-7.7597980182168955,15.24020198178309,0.45671332296526695,1840,-2.2043515214184692,0.3189664265331803,-0.4840710939145651,0.21959795849759578,-0.9818598771392538,-5.956477319705905,1759,240.90652173913045,-20.09373139506573,2.9062686049342568,0.4019329164297897,3846,-1.1611142586928715,0.7964665416484206,-0.32966739529556355,0.28392330283385536,-0.9969986696827717,-4.5360656128077546,3688,241.64742589703587,-13.64249563477793,9.357504365222054,0.43058568329718006,1.1124550845537386,0.3189664265331803,0.7964665416484206,-2.2446280098801075,-4.719989900625273,-3.1164275986145804
XNGUSD|orb|09:30|60|14:30|none|narrow1.0,XNGUSD,A_orb,range,09:30,60.0,14:30,none,narrow1.0,2006,-0.24981725770189353,1.0579914315668986,-0.06455144470551497,0.2583946573560746,-0.6751540635209661,-0.7048352741949393,1171,147.1046859421735,-4.3881297384972475,18.611870261502737,0.46029035012809566,1840,-1.743657751471128,0.28651386408044954,-0.2872231395282588,0.1647244932590286,-0.9163762194455767,-4.711615978237394,1061,145.3108695652174,-19.766115252606713,3.233884747393283,0.4043355325164939,3846,-0.7821549101262343,0.7556973713963914,-0.17108184472471638,0.21873140794718657,-0.9547246719010258,-3.0556045325861545,2232,146.24648985959436,-11.698184680464156,11.301815319535832,0.4336917562724014,1.0579914315668986,0.28651386408044954,0.7556973713963914,-1.5540107900989806,-3.7125140884076138,-2.304241234835298
XNGUSD|orb|09:30|60|14:30|none|narrow0.75,XNGUSD,A_orb,range,09:30,60.0,14:30,none,narrow0.75,2006,-0.11291787407775217,0.8388855639908441,-0.0216408356519426,0.19165110775147354,-0.4901190781696583,-0.31858688014290387,633,79.51944167497507,-2.7214521626543267,20.278547837345656,0.4676145339652449,1840,-1.3603907287859698,0.10950833805622255,-0.1683147492070101,0.12372529865534762,-0.7722902737371563,-3.6759729304596394,577,79.02391304347826,-21.299217252682077,1.7007827473179138,0.4072790294627383,3846,-0.5640417172430029,0.5562273248262329,-0.09181244276097124,0.16277597907073993,-0.8139080266659664,-2.203512891707397,1210,79.28237129485179,-11.58043601137004,11.41956398862995,0.4388429752066116,0.8388855639908441,0.10950833805622255,0.5562273248262329,-1.062090678991887,-2.7566432340895406,-1.666242462779798
XNGUSD|orb|09:30|60|14:30|none|trend,XNGUSD,A_orb,range,09:30,60.0,14:30,none,trend,2006,-1.387973998492981,0.030668042573764185,-0.3621390979531612,0.26091201877438663,-0.9624248824881875,-3.9160346358882934,1281,160.92323030907278,-22.503842189696826,0.49615781030315875,0.43559718969555034,1840,-1.7778540674894443,0.19641864924383834,-0.31102286095008763,0.17494285196832352,-0.9236097365478808,-4.8040193806899785,1096,150.10434782608695,-20.720443175333152,2.279556824666844,0.4142335766423358,3846,-1.508079840830202,0.09196243968086117,-0.33768411197145154,0.22391660098417301,-0.996303180618685,-5.8915382841473924,2377,155.74726989079562,-21.681542938648196,1.3184570613517912,0.4257467395877156,0.030668042573764185,0.19641864924383834,0.09196243968086117,-2.787973534718237,-3.697325007691539,-3.080094121160001
XNGUSD|orb|09:30|60|14:30|none|trend+narrow1.0,XNGUSD,A_orb,range,09:30,60.0,14:30,none,trend+narrow1.0,2006,-0.939739856097054,0.20609079942974354,-0.1939222278864555,0.20635735158861634,-0.8498910797322262,-2.6513852775314466,818,102.75972083748754,-18.87142416367008,4.1285758363299045,0.4315403422982885,1840,-1.6842668372757266,-0.005192267854036719,-0.22591525422338374,0.13413269751769136,-0.8458432743008111,-4.551133119689558,715,97.92391304347827,-23.07048883178078,-0.07048883178078708,0.40559440559440557,3846,-1.191967270842225,0.12470791628852415,-0.20922830392908365,0.17553192025251355,-0.9688762321486626,-4.6565974953632,1533,100.44617784711387,-20.829892029096793,2.170107970903196,0.41943900848010435,0.20609079942974354,-0.005192267854036719,0.12470791628852415,-2.0645515484786774,-3.277731372701729,-2.472322948253064
XNGUSD|orb|09:30|60|14:30|opp|none,XNGUSD,A_orb,range,09:30,60.0,14:30,opp,none,2006,-0.8968086338644082,1.1801515982754243,-0.25487943698897003,0.28420716233593507,-0.9040631956267597,-2.530258978763171,1929,242.3270189431705,-10.517994984651022,13.768163646764211,0.3877656817003629,1840,-2.1761825742755643,0.8645655539801641,-0.41660417319894594,0.19143806136653332,-0.9684173309393305,-5.880360741589208,1759,240.90652173913045,-17.29318783864525,6.817102098819208,0.3700966458214895,3846,-1.3601086508125797,1.0402197459062055,-0.3322516456801701,0.2442831647910412,-0.9967260524168426,-5.313466813833357,3688,241.64742589703587,-13.749438647930809,10.452839009335994,0.3793383947939262,1.1801515982754243,0.8645655539801641,1.0402197459062055,-2.949895863111043,-5.1612335646886205,-3.7281489749005803
XNGUSD|orb|09:30|60|14:30|opp|narrow1.0,XNGUSD,A_orb,range,09:30,60.0,14:30,opp,narrow1.0,2006,-0.494113666502937,1.1831019224370662,-0.10655042911505487,0.21563951037654927,-0.7114171915864118,-1.3940940062221514,1171,147.1046859421735,-7.243170292817156,17.270920228105123,0.36891545687446625,1840,-1.7611277840982111,0.8128946948358265,-0.24327983706484557,0.1381386627713772,-0.8753895330043068,-4.7588225385825345,1061,145.3108695652174,-16.742026098443958,7.629321686664426,0.3581526861451461,3846,-0.9410431982134632,1.0220111299163606,-0.1719643944368476,0.1827380451432154,-0.9482305004615122,-3.676325270855042,2232,146.24648985959436,-11.758531408305524,12.687705150834253,0.36379928315412186,1.1831019224370662,0.8128946948358265,1.0220111299163606,-2.140591561909539,-4.192784875620578,-2.848004127123537
XNGUSD|orb|09:30|60|14:30|opp|narrow0.75,XNGUSD,A_orb,range,09:30,60.0,14:30,opp,narrow0.75,2006,-0.14772349542856839,1.1465493889445908,-0.022319020297164645,0.15108646212583698,-0.5325123285019957,-0.41678758050285275,633,79.51944167497507,-2.8067375508483337,21.77146150128436,0.36334913112164297,1840,-1.3391507642787892,0.6295688297466447,-0.13255284500262474,0.09898276470313049,-0.6860073409942824,-3.6185794677432357,577,79.02391304347826,-16.773763775744097,7.760031718190037,0.3483535528596187,3846,-0.5825305252320168,0.9330871944382723,-0.07505699155510706,0.128846452338635,-0.7297249870816276,-2.275742171050831,1210,79.28237129485179,-9.467046750654001,15.089978042734423,0.35619834710743803,1.1465493889445908,0.6295688297466447,0.9330871944382723,-1.4200601015699827,-3.146242892946764,-2.043653692360829
XNGUSD|orb|09:30|60|14:30|opp|trend,XNGUSD,A_orb,range,09:30,60.0,14:30,opp,trend,2006,-1.4637387201133782,0.3770390729372333,-0.31155524444260396,0.2128489464420751,-0.9300107668861501,-4.129797483294696,1281,160.92323030907278,-19.360489088133757,4.946302480952886,0.3762685402029664,1840,-1.717201066371402,0.6770624726127611,-0.26112255289287367,0.1520628876877236,-0.8816150576077615,-4.640126180344491,1096,150.10434782608695,-17.39606857993308,6.783675945614366,0.3795620437956204,3846,-1.5432942700720815,0.48892871357770246,-0.28742727968662274,0.18624269218157471,-0.9910017945642556,-6.0291086915064085,2377,155.74726989079562,-18.454723468870842,5.793488563102226,0.37778712663020614,0.3770390729372333,0.6770624726127611,0.48892871357770246,-3.250500623880165,-3.9997545367602583,-3.504322596840676
XNGUSD|orb|09:30|60|14:30|opp|trend+narrow1.0,XNGUSD,A_orb,range,09:30,60.0,14:30,opp,trend+narrow1.0,2006,-1.0011862654765626,0.5395171946193205,-0.16416416526126507,0.16396965372185088,-0.7807921053592666,-2.824750389300393,818,102.75972083748754,-15.975536321365391,8.535466123622376,0.3545232273838631,1840,-1.6411126482359186,0.5268986661905908,-0.18163093452513565,0.11067548271008468,-0.7752455753649461,-4.434524245937648,715,97.92391304347827,-18.548169581876433,5.8532290195221615,0.35804195804195804,3846,-1.2236202596694374,0.524751669017161,-0.17252060193456767,0.14099194629318604,-0.9406230540403545,-4.780254605838565,1533,100.44617784711387,-17.175427241955997,7.284455341214251,0.3561643835616438,0.5395171946193205,0.5268986661905908,0.524751669017161,-2.4828155648331576,-3.6356427123912516,-2.88301660284542
XNGUSD|orb|09:30|60|14:30|mid|none,XNGUSD,A_orb,range,09:30,60.0,14:30,mid,none,2006,-0.9731105709579623,1.5600527558981938,-0.23318296906208247,0.23962638575853662,-0.8745185141591693,-2.74553752776204,1929,242.3270189431705,-9.622656610023647,15.32291104160932,0.2939346811819596,1840,-2.9153209670959686,0.8310924238248701,-0.4664723824176235,0.1600072128189335,-0.9750112884790166,-7.8776198131031565,1759,240.90652173913045,-19.36321105174358,5.459983945413892,0.2870949403069926,3846,-1.6776015155607134,1.2584127032763575,-0.3447930888161635,0.20552740660878668,-0.9964699027950349,-6.553799929471009,3688,241.64742589703587,-14.268436236646574,10.618765498711339,0.29067245119305857,1.5600527558981938,0.8310924238248701,1.2584127032763575,-3.468835261846036,-6.564203190920429,-4.56090218581066
XNGUSD|orb|09:30|60|14:30|mid|narrow1.0,XNGUSD,A_orb,range,09:30,60.0,14:30,mid,narrow1.0,2006,-0.38588225608833737,1.665106856771248,-0.06962191877983012,0.1804227006589597,-0.6173184125378652,-1.0887295308538787,1171,147.1046859421735,-4.7328144806480426,20.355144528745633,0.2698548249359522,1840,-2.0047295900858564,1.091827944434379,-0.23647175244989294,0.11795693225626785,-0.8649623914671624,-5.4170699271256755,1061,145.3108695652174,-16.273507491727,8.728377522410605,0.27238454288407166,3846,-0.9716391100464229,1.419263650465363,-0.14944607217372397,0.1538082098883234,-0.9206672661191175,-3.795852752770753,2232,146.24648985959436,-10.21878011001846,14.828262900734224,0.2710573476702509,1.665106856771248,1.091827944434379,1.419263650465363,-2.3952078323526607,-4.879523787624399,-3.2787740599194914
XNGUSD|orb|09:30|60|14:30|mid|narrow0.75,XNGUSD,A_orb,range,09:30,60.0,14:30,mid,narrow0.75,2006,0.1297858981576677,1.6176589005802704,0.017306414451265302,0.13334587730202374,-0.4112429231218494,0.3661783815742478,633,79.51944167497507,2.176375246949412,27.24746529434277,0.27014218009478674,1840,-1.4900148916098788,0.8676402626661861,-0.12604135408464767,0.08459066737814072,-0.6590138136797401,-4.026236206731313,577,79.02391304347826,-15.94977383811667,9.124749558763742,0.25476603119584057,3846,-0.4547168860649528,1.3100051918000244,-0.051273901228942646,0.11276005532290387,-0.6590138136797394,-1.7764191723597142,1210,79.28237129485179,-6.4672512175821,18.605476055145168,0.2628099173553719,1.6176589005802704,0.8676402626661861,1.3100051918000244,-1.3454491897939573,-3.604379003014171,-2.157184617138756
XNGUSD|orb|09:30|60|14:30|mid|trend,XNGUSD,A_orb,range,09:30,60.0,14:30,mid,trend,2006,-1.4231337433251081,0.9389468246936659,-0.24277422530931153,0.1705912929462814,-0.8709737845280645,-4.015234461462187,1281,160.92323030907278,-15.086338053432923,9.859797777948804,0.29508196721311475,1840,-2.382964075961085,0.6669573984386633,-0.2925990541283281,0.12278785781120874,-0.9026447056932317,-6.439114331004002,1096,150.10434782608695,-19.493043230655623,5.3600589591253955,0.29105839416058393,3846,-1.7818265445928936,0.8201420430738225,-0.26661137690239284,0.1496281317120615,-0.9861675563852355,-6.960970512940535,2377,155.74726989079562,-17.11820548054108,7.785033896825348,0.29322675641565,0.9389468246936659,0.6669573984386633,0.8201420430738225,-3.6961668102671688,-5.2045492533751725,-4.254393594217476
XNGUSD|orb|09:30|60|14:30|mid|trend+narrow1.0,XNGUSD,A_orb,range,09:30,60.0,14:30,mid,trend+narrow1.0,2006,-0.9980599700877012,1.0099467018504285,-0.12877885767831412,0.12902917814347178,-0.6990875392346483,-2.8159298486864532,818,102.75972083748754,-12.532036543966028,12.573097930361595,0.2665036674816626,1840,-2.0196465690811616,0.7027130885636987,-0.18274336408330322,0.09048284332562323,-0.7822762145765983,-5.457377766506434,715,97.92391304347827,-18.661771001957927,6.343823403636477,0.26853146853146853,3846,-1.3772473539316292,0.8764483648617857,-0.15459651024856375,0.11225035924537227,-0.9191392466277362,-5.380421707621296,1533,100.44617784711387,-15.39097988216838,9.667728532704412,0.2674494455316373,1.0099467018504285,0.7027130885636987,0.8764483648617857,-2.9068272352881768,-4.431125921355279,-3.4729348461683798
XNGUSD|orb|09:30|60|14:30|opp_rev|none,XNGUSD,A_orb,range,09:30,60.0,14:30,opp_rev,none,2006,-1.411857858641158,1.083002148887159,-0.45935018776513603,0.3253515819271194,-0.9827675949562126,-3.9834206414478532,2619,329.0069790628116,-13.961715616903076,10.340689881378701,0.38029782359679265,1840,-2.3106175411907404,1.259823753514558,-0.49354209548856787,0.21359748495384,-0.9825172104607918,-6.243623507815523,2276,311.7130434782609,-15.833219232065534,8.248942455104936,0.37785588752196836,3846,-1.7141067442464721,1.1245411064126556,-0.47570825074254486,0.27752545303219617,-0.9997017789072303,-6.696413036914516,4895,320.7332293291731,-14.831897890265639,9.368102109734352,0.37916241062308476,1.083002148887159,1.259823753514558,1.1245411064126556,-3.727856008363455,-5.53591902927888,-4.3289610505889
XNGUSD|orb|09:30|60|14:30|opp_rev|narrow1.0,XNGUSD,A_orb,range,09:30,60.0,14:30,opp_rev,narrow1.0,2006,-0.9915144283229085,1.1042508976602974,-0.2482200113192425,0.25034432604182366,-0.8998627922233582,-2.7974622345312796,1671,209.91625124626123,-11.82471627830499,12.681567384172558,0.360263315380012,1840,-1.9283810375817245,1.1930627006956611,-0.3072842260049706,0.159348292695472,-0.92511628300074,-5.210765071949673,1461,200.09347826086957,-15.357033556303726,8.944814492977581,0.3682409308692676,3846,-1.3058130436085453,1.1075696106847155,-0.27647746192291894,0.21172821276075485,-0.9911536775315481,-5.101352945692597,3132,205.21684867394694,-13.472454318904019,10.93846522132586,0.36398467432950193,1.1042508976602974,1.1930627006956611,1.1075696106847155,-2.897916226429561,-4.57019189158947,-3.45827677083259
XNGUSD|orb|09:30|60|14:30|opp_rev|narrow0.75,XNGUSD,A_orb,range,09:30,60.0,14:30,opp_rev,narrow0.75,2006,-0.37422094837185627,1.2860649115336258,-0.06567399775299555,0.17549524696232813,-0.7073666406711786,-1.0558282769636225,921,115.6989032901296,-5.676285244321606,18.867688697046468,0.36047774158523344,1840,-1.3630161707721997,1.1015120133430985,-0.1580730996412893,0.11597301853853646,-0.7479470650876312,-3.6830672552500525,831,113.81086956521739,-13.889103935780772,10.536888844002616,0.36341756919374246,3846,-0.7325077735211233,1.1900719410264957,-0.10987949631629781,0.1500045464201879,-0.857555747472224,-2.8616506064821587,1752,114.795631825273,-9.57174890448289,14.91626479414724,0.3618721461187215,1.2860649115336258,1.1015120133430985,1.1900719410264957,-1.883352533905955,-3.377180910101745,-2.4269681781699273
XNGUSD|orb|09:30|60|14:30|opp_rev|trend,XNGUSD,A_orb,range,09:30,60.0,14:30,opp_rev,trend,2006,-1.4637387201133782,0.3770390729372333,-0.31155524444260396,0.2128489464420751,-0.9300107668861501,-4.129797483294696,1281,160.92323030907278,-19.360489088133757,4.946302480952886,0.3762685402029664,1840,-1.717201066371402,0.6770624726127611,-0.26112255289287367,0.1520628876877236,-0.8816150576077615,-4.640126180344491,1096,150.10434782608695,-17.39606857993308,6.783675945614366,0.3795620437956204,3846,-1.5432942700720815,0.48892871357770246,-0.28742727968662274,0.18624269218157471,-0.9910017945642556,-6.0291086915064085,2377,155.74726989079562,-18.454723468870842,5.793488563102226,0.37778712663020614,0.3770390729372333,0.6770624726127611,0.48892871357770246,-3.250500623880165,-3.9997545367602583,-3.504322596840676
XNGUSD|orb|09:30|60|14:30|opp_rev|trend+narrow1.0,XNGUSD,A_orb,range,09:30,60.0,14:30,opp_rev,trend+narrow1.0,2006,-1.0011862654765626,0.5395171946193205,-0.16416416526126507,0.16396965372185088,-0.7807921053592666,-2.824750389300393,818,102.75972083748754,-15.975536321365391,8.535466123622376,0.3545232273838631,1840,-1.6411126482359186,0.5268986661905908,-0.18163093452513565,0.11067548271008468,-0.7752455753649461,-4.434524245937648,715,97.92391304347827,-18.548169581876433,5.8532290195221615,0.35804195804195804,3846,-1.2236202596694374,0.524751669017161,-0.17252060193456767,0.14099194629318604,-0.9406230540403545,-4.780254605838565,1533,100.44617784711387,-17.175427241955997,7.284455341214251,0.3561643835616438,0.5395171946193205,0.5268986661905908,0.524751669017161,-2.4828155648331576,-3.6356427123912516,-2.88301660284542
XNGUSD|orb|09:30|60|14:30|mid_rev|none,XNGUSD,A_orb,range,09:30,60.0,14:30,mid_rev,none,2006,-1.4752828799113953,1.6018788219386542,-0.4004187848015825,0.27141830916226145,-0.9687329100675732,-4.162368215642959,2619,329.0069790628116,-12.170525559737065,12.799692080583664,0.286368843069874,1840,-3.2332061330204653,1.108939573929045,-0.5823879116158154,0.18012705891775233,-0.9885403039137325,-8.736591607167012,2276,311.7130434782609,-18.68346300550082,6.135517662337492,0.29086115992970124,3846,-2.0984311710290187,1.3870989917173069,-0.4874762973700143,0.23230511636508336,-0.9996378149093851,-8.197833593452087,4895,320.7332293291731,-15.19880862951404,9.70108922543999,0.2884576098059244,1.6018788219386542,1.108939573929045,1.3870989917173069,-4.340890953953755,-7.139142169742579,-5.313074080842763
XNGUSD|orb|09:30|60|14:30|mid_rev|narrow1.0,XNGUSD,A_orb,range,09:30,60.0,14:30,mid_rev,narrow1.0,2006,-0.9208561558916866,1.6749925656372033,-0.1910996183915276,0.20752385393621153,-0.8338198497378032,-2.5981067405140084,1671,209.91625124626123,-9.103612381460685,16.00949354313536,0.26032315978456017,1840,-2.41188466360517,1.318372080545837,-0.3298129622479898,0.13674491455781354,-0.9322960197008661,-6.517261950701113,1461,200.09347826086957,-16.482944127644178,8.486255051000581,0.27652292950034224,3846,-1.4524910784313065,1.5075773584549788,-0.2574627366171881,0.17725598486652905,-0.9862856213717284,-5.674372512830421,3132,205.21684867394694,-12.545886864594172,12.500090146900078,0.2678799489144317,1.6749925656372033,1.318372080545837,1.5075773584549788,-3.279351434319987,-5.499066968436965,-4.071049840693283
XNGUSD|orb|09:30|60|14:30|mid_rev|narrow0.75,XNGUSD,A_orb,range,09:30,60.0,14:30,mid_rev,narrow0.75,2006,-0.18285985554625672,1.7606428606222282,-0.02790561283489112,0.1526065562697114,-0.5988743901741389,-0.5159214283626168,921,115.6989032901296,-2.4119167979418306,22.676031084794324,0.26275787187839306,1840,-1.6722902966068924,1.2128804726856397,-0.16913778972692864,0.10114140473703179,-0.7579250720201206,-4.51877077086756,831,113.81086956521739,-14.861303702631586,10.145916513974907,0.26233453670276774,3846,-0.7310373359777779,1.5216431471302692,-0.09547378898708794,0.1306004280333914,-0.8085045693337505,-2.855906123433902,1752,114.795631825273,-8.316848600337483,16.732808933909084,0.2625570776255708,1.7606428606222282,1.2128804726856397,1.5216431471302692,-1.9690123582632761,-3.96735906778006,-2.7159223903727097
XNGUSD|orb|09:30|60|14:30|mid_rev|trend,XNGUSD,A_orb,range,09:30,60.0,14:30,mid_rev,trend,2006,-1.4231337433251081,0.9389468246936659,-0.24277422530931153,0.1705912929462814,-0.8709737845280645,-4.015234461462187,1281,160.92323030907278,-15.086338053432923,9.859797777948804,0.29508196721311475,1840,-2.382964075961085,0.6669573984386633,-0.2925990541283281,0.12278785781120874,-0.9026447056932317,-6.439114331004002,1096,150.10434782608695,-19.493043230655623,5.3600589591253955,0.29105839416058393,3846,-1.7818265445928936,0.8201420430738225,-0.26661137690239284,0.1496281317120615,-0.9861675563852355,-6.960970512940535,2377,155.74726989079562,-17.11820548054108,7.785033896825348,0.29322675641565,0.9389468246936659,0.6669573984386633,0.8201420430738225,-3.6961668102671688,-5.2045492533751725,-4.254393594217476
XNGUSD|orb|09:30|60|14:30|mid_rev|trend+narrow1.0,XNGUSD,A_orb,range,09:30,60.0,14:30,mid_rev,trend+narrow1.0,2006,-0.9980599700877012,1.0099467018504285,-0.12877885767831412,0.12902917814347178,-0.6990875392346483,-2.8159298486864532,818,102.75972083748754,-12.532036543966028,12.573097930361595,0.2665036674816626,1840,-2.0196465690811616,0.7027130885636987,-0.18274336408330322,0.09048284332562323,-0.7822762145765983,-5.457377766506434,715,97.92391304347827,-18.661771001957927,6.343823403636477,0.26853146853146853,3846,-1.3772473539316292,0.8764483648617857,-0.15459651024856375,0.11225035924537227,-0.9191392466277362,-5.380421707621296,1533,100.44617784711387,-15.39097988216838,9.667728532704412,0.2674494455316373,1.0099467018504285,0.7027130885636987,0.8764483648617857,-2.9068272352881768,-4.431125921355279,-3.4729348461683798
XNGUSD|orb|09:30|60|16:55|none|none,XNGUSD,A_orb,range,09:30,60.0,16:55,none,none,2006,-0.37316182893935207,1.233850243491358,-0.13223483791676596,0.354363248493611,-0.796112165168578,-1.0528400737366659,1971,247.60319042871384,-5.340595074231766,17.659404925768218,0.46778285134449515,1840,-2.397581754315115,0.10257041896104188,-0.5449518351545423,0.22729228489237122,-0.9880961691779153,-6.478613416670025,1804,247.0695652173913,-22.05661529679103,0.9433847032089603,0.40465631929046564,3846,-1.0967716983395377,0.795811343582695,-0.32968654746369996,0.3005972418533687,-0.9972327730684691,-4.2847018273114585,3775,247.34789391575663,-13.328860102442869,9.671139897557117,0.4376158940397351,1.233850243491358,0.10257041896104188,0.795811343582695,-1.979970111028798,-4.8941755286339585,-2.988475294037597
XNGUSD|orb|09:30|60|16:55|none|narrow1.0,XNGUSD,A_orb,range,09:30,60.0,16:55,none,narrow1.0,2006,-0.11194242380179444,1.1201924669484644,-0.03082142490394658,0.2753328350163213,-0.6633418284180559,-0.3158347413633699,1176,147.73280159521434,-2.0862952960437875,20.9137047039562,0.46683673469387754,1840,-1.7683989360719294,0.17880211910693794,-0.304795383458158,0.17235668787224406,-0.9241434240863342,-4.778470245129681,1065,145.8586956521739,-20.896620670802992,2.1033793291969998,0.4112676056338028,3846,-0.6978962035281029,0.7578581112672587,-0.16189580965167125,0.23197691695875813,-0.9586019475014036,-2.7264353584777354,2241,146.8361934477379,-11.025606551786113,11.974393448213874,0.4404283801874163,1.1201924669484644,0.17880211910693794,0.7578581112672587,-1.342651806019407,-3.658815852258609,-2.141146821524794
XNGUSD|orb|09:30|60|16:55|none|narrow0.75,XNGUSD,A_orb,range,09:30,60.0,16:55,none,narrow0.75,2006,-0.003676667470867401,0.8853398309938881,-0.0007562368835966584,0.2056854174571971,-0.4514832464040872,-0.01037336230807883,635,79.77068793619142,-0.0948013491122859,22.905198650887698,0.4818897637795276,1840,-1.4527903893669503,-0.026640941680079213,-0.18543930134599942,0.12764353529816794,-0.8003344944589508,-3.9256502061806073,578,79.1608695652174,-23.425627126698448,-0.42562712669845404,0.41522491349480967,3846,-0.5154576001539148,0.5418688246314806,-0.08911214915890114,0.17287968813010499,-0.8292089335908792,-2.013711809508534,1213,79.4789391575663,-11.212045619058536,11.787954380941452,0.45012366034624895,0.8853398309938881,-0.026640941680079213,0.5418688246314806,-0.8926185723243555,-2.8050367279062005,-1.558097530363279
XNGUSD|orb|09:30|60|16:55|none|trend,XNGUSD,A_orb,range,09:30,60.0,16:55,none,trend,2006,-1.5369738186522008,-0.10052532833227035,-0.4296607749317347,0.27954983339176964,-0.9780437919755747,-4.3364232433969105,1390,174.6161515453639,-24.60601560217711,-1.6060156021771221,0.43237410071942445,1840,-2.2810034892460256,-0.20047715525778823,-0.41627903901639585,0.1824982035226938,-0.9644720566932865,-6.16360204706421,1206,165.1695652173913,-25.2031322155811,-2.203132215581109,0.3913764510779436,3846,-1.7778247479770142,-0.13496856945006933,-0.42325869638669483,0.23807672655492096,-0.9990220095196483,-6.945336899036615,2596,170.09672386895474,-24.88341261133166,-1.8834126113316705,0.4133281972265023,-0.10052532833227035,-0.20047715525778823,-0.13496856945006933,-2.9568219206039026,-4.300979350725476,-3.3934942966089
XNGUSD|orb|09:30|60|16:55|none|trend+narrow1.0,XNGUSD,A_orb,range,09:30,60.0,16:55,none,trend+narrow1.0,2006,-1.0857675387858323,0.04580833688502411,-0.24261175833265936,0.22344723862712068,-0.8976073279399749,-3.0633882861098907,875,109.92023928215353,-22.071618467814723,0.9283815321852628,0.42857142857142855,1840,-1.9904312337871095,-0.28085468176216294,-0.28116347118077545,0.14125756590234853,-0.8966240491221725,-5.378433695937033,768,105.18260869565218,-26.73098477661142,-3.730984776611428,0.3893229166666667,3846,-1.3839688024291887,-0.07168126462953665,-0.26105563551428534,0.18862826608235078,-0.9860709053174478,-5.4066800462557385,1643,107.65366614664586,-24.249581538512142,-1.2495815385121556,0.41022519780888617,0.04580833688502411,-0.28085468176216294,-0.07168126462953665,-2.196244974874777,-3.6068738197660073,-2.6589871829177096
XNGUSD|orb|09:30|60|16:55|opp|none,XNGUSD,A_orb,range,09:30,60.0,16:55,opp,none,2006,-0.59817212658459,1.4261519490086518,-0.17848856364825866,0.2983899712401893,-0.8313330043664763,-1.6876849051002278,1971,247.60319042871384,-7.208653625957472,17.098804517117102,0.39320142059868085,1840,-2.608041027407422,0.48563085922385185,-0.5037144763340389,0.19313901546816034,-0.9830599830164396,-7.047304877499035,1804,247.0695652173913,-20.38755667420352,3.766545321361883,0.3630820399113082,3846,-1.3167294261738123,1.051945363971329,-0.3340828640491519,0.2537217270369197,-0.9968835135592877,-5.143999418423287,3775,247.34789391575663,-13.506598287953727,10.727573897476729,0.37880794701986753,1.4261519490086518,0.48563085922385185,1.051945363971329,-2.6010548421651825,-5.648993995108942,-3.6562414360855153
XNGUSD|orb|09:30|60|16:55|opp|narrow1.0,XNGUSD,A_orb,range,09:30,60.0,16:55,opp,narrow1.0,2006,-0.2809143582576575,1.3451251878889876,-0.0628222510871321,0.22363488814448887,-0.5940806673602914,-0.7925727411678759,1176,147.73280159521434,-4.25242399851484,20.296045389240252,0.3673469387755102,1840,-1.9108024075954306,0.642198500081137,-0.2677073178134356,0.14010204129390894,-0.8967106863732405,-5.1632650657993455,1065,145.8586956521739,-18.35388124214626,6.08273847616359,0.3511737089201878,3846,-0.8535590832763047,1.0615691604680368,-0.1608431878464661,0.18843825928146057,-0.939360703756421,-3.3345555591643916,2241,146.8361934477379,-10.953919743480244,13.541394848219886,0.3596608656849621,1.3451251878889876,0.642198500081137,1.0615691604680368,-1.8825811090860378,-4.316064574610741,-2.7179553020961817
XNGUSD|orb|09:30|60|16:55|opp|narrow0.75,XNGUSD,A_orb,range,09:30,60.0,16:55,opp,narrow0.75,2006,0.06403567259568273,1.3077183043359093,0.010096650642698561,0.15767228223631205,-0.4543715957811607,0.18067046795499786,635,79.77068793619142,1.26570936065825,25.88145739215431,0.3716535433070866,1840,-1.545555004727391,0.4353307531633597,-0.15265440992930226,0.09876996254573797,-0.7313185427466424,-4.1763136426138985,578,79.1608695652174,-19.28407441299474,5.324922126797644,0.3391003460207612,3846,-0.510001548554071,0.9662337297921659,-0.06776657126382289,0.1328752264693138,-0.7313185427466429,-1.9923969321323678,1213,79.4789391575663,-8.526355784577882,16.08617513050868,0.35614179719703215,1.3077183043359093,0.4353307531633597,0.9662337297921659,-1.1673364627233487,-3.343957438378009,-1.9382087940470394
XNGUSD|orb|09:30|60|16:55|opp|trend,XNGUSD,A_orb,range,09:30,60.0,16:55,opp,trend,2006,-1.5215724757885711,0.3747935591952246,-0.3409358296597932,0.2240680842252352,-0.9456689719408888,-4.29296984141773,1390,174.6161515453639,-19.524873652436476,4.772248649721786,0.37050359712230213,1840,-2.359800507886755,0.26540430924070424,-0.3594530502882598,0.15232349051833907,-0.9439633889110928,-6.376523012633226,1206,165.1695652173913,-21.76266855308109,2.413948362341789,0.35323383084577115,3846,-1.8116986280035026,0.3270132903045954,-0.34979482236815995,0.19307561255573447,-0.9966817081625906,-7.077670251426505,2596,170.09672386895474,-20.56446558239696,3.676674633319522,0.36248073959938365,0.3747935591952246,0.26540430924070424,0.3270132903045954,-3.3679785512410727,-4.846730896171792,-3.8771348436007336
XNGUSD|orb|09:30|60|16:55|opp|trend+narrow1.0,XNGUSD,A_orb,range,09:30,60.0,16:55,opp,trend+narrow1.0,2006,-1.0567575898710426,0.5178023530143261,-0.18128452708030796,0.1715478827101969,-0.8097584452212332,-2.981539515989547,875,109.92023928215353,-16.49237012803165,8.012772729111202,0.3497142857142857,1840,-1.999405436795499,0.3041767492345678,-0.22349289677319142,0.111779678428498,-0.8358554571597023,-5.4026832932279,768,105.18260869565218,-21.24808459731896,3.1659779026810346,0.33984375,3846,-1.3797409244229077,0.4287626305544481,-0.20147781887305516,0.14602583376826744,-0.9622252971563706,-5.390163211761752,1643,107.65366614664586,-18.715369952993704,5.747198519313048,0.3451004260499087,0.5178023530143261,0.3041767492345678,0.4287626305544481,-2.573059618006171,-4.097437757055875,-3.0942055381827687
XNGUSD|orb|09:30|60|16:55|mid|none,XNGUSD,A_orb,range,09:30,60.0,16:55,mid,none,2006,-0.7990748928543379,1.6738712964669906,-0.20053331598742122,0.250956847450313,-0.84055427125898,-2.254512664130529,1971,247.60319042871384,-8.09897948569268,16.85535841385069,0.2922374429223744,1840,-3.4453569032199116,0.397261409646558,-0.5513001491493194,0.16001249351963892,-0.9865911884172224,-9.30985373835287,1804,247.0695652173913,-22.31355969175086,2.545642082085056,0.2754988913525499,3846,-1.7323890440961784,1.1741521674671935,-0.36834688151469436,0.21262364984931442,-0.997592981527425,-6.76783556148557,3775,247.34789391575663,-14.891854370918894,10.01701980126653,0.2842384105960265,1.6738712964669906,0.397261409646558,1.1741521674671935,-3.238650587410196,-7.19873368544291,-4.592305871812145
XNGUSD|orb|09:30|60|16:55|mid|narrow1.0,XNGUSD,A_orb,range,09:30,60.0,16:55,mid,narrow1.0,2006,-0.2524254670349318,1.7356373639159106,-0.04722388147368365,0.1870804955949575,-0.5566641616584125,-0.712194085020585,1176,147.73280159521434,-3.196573879582705,21.920773059192797,0.2627551020408163,1840,-2.1998609340608084,0.8805316279499416,-0.2622173032706516,0.11919721797441743,-0.8858844828913582,-5.9443431017791495,1065,145.8586956521739,-17.977488561666256,7.076032565094303,0.25727699530516435,3846,-0.9474579284987784,1.3868793649750701,-0.15008084874004377,0.15840370767474904,-0.9209063077238814,-3.7013853691570056,2241,146.8361934477379,-10.220971084588944,14.866043640979992,0.26015171798304326,1.7356373639159106,0.8805316279499416,1.3868793649750701,-2.2057466705548334,-5.048812057040377,-3.203752352944838
XNGUSD|orb|09:30|60|16:55|mid|narrow0.75,XNGUSD,A_orb,range,09:30,60.0,16:55,mid,narrow0.75,2006,0.27573647320697975,1.7009250923690733,0.03848412943947948,0.1395685126159992,-0.3560227778704491,0.7779638383922345,635,79.77068793619142,4.824344685389066,29.92670689011347,0.27244094488188975,1840,-1.634940400705305,0.7577806435240468,-0.13692224973550418,0.08374754803076406,-0.687704975501902,-4.417845938476026,578,79.1608695652174,-17.296708650060943,7.8520802772746965,0.24740484429065743,3846,-0.3904145582480459,1.3265760454758813,-0.04543363906857302,0.11637280964227577,-0.6877049755019021,-1.525212561253136,1213,79.4789391575663,-5.716437530513737,19.40804721804355,0.2605111294311624,1.7009250923690733,0.7577806435240468,1.3265760454758813,-1.1452241708385231,-3.7591858913567266,-2.053068303524
XNGUSD|orb|09:30|60|16:55|mid|trend,XNGUSD,A_orb,range,09:30,60.0,16:55,mid,trend,2006,-1.4819192431779173,0.9570438472092161,-0.26549174785923296,0.1791539917451213,-0.8935916014192753,-4.181092073896972,1390,174.6161515453639,-15.204306446432032,9.72950650320825,0.2884892086330935,1840,-3.188493641611473,0.18326290542093843,-0.38817185363147055,0.12174145451182006,-0.9503475779088556,-8.615771974546064,1206,165.1695652173913,-23.501415234735905,1.3219678498412069,0.2678275290215589,3846,-2.0995983202401174,0.64974242609861,-0.3241842581610835,0.1544029898652275,-0.9941845546178736,-8.202393235504404,2596,170.09672386895474,-19.05881846441912,5.823693091821249,0.27889060092449924,0.9570438472092161,0.18326290542093843,0.64974242609861,-3.8376815749715005,-6.2797626639487705,-4.715025781241121
XNGUSD|orb|09:30|60|16:55|mid|trend+narrow1.0,XNGUSD,A_orb,range,09:30,60.0,16:55,mid,trend+narrow1.0,2006,-1.1009896137298087,0.9581858817603492,-0.14819955724854872,0.13460577229833706,-0.7388694984746186,-3.106335900961049,875,109.92023928215353,-13.482463122022166,11.626108306549261,0.2571428571428571,1840,-2.4145880375970052,0.4531186044741522,-0.2224681496808732,0.09213503347853623,-0.8398466440358544,-6.5245668590664945,768,105.18260869565218,-21.150659071842277,3.861059678157721,0.25,3846,-1.5805054810735162,0.751402047630588,-0.183731073128808,0.116248298616474,-0.949388512616312,-6.174479823908624,1643,107.65366614664586,-17.06686634141464,7.996432502164171,0.25380401704199634,0.9581858817603492,0.4531186044741522,0.751402047630588,-3.058529095257012,-4.925915018326548,-3.7431811593625786
XNGUSD|orb|09:30|60|16:55|opp_rev|none,XNGUSD,A_orb,range,09:30,60.0,16:55,opp_rev,none,2006,-1.0954518151506938,1.448035291308971,-0.3782425704714294,0.3452845348742219,-0.968641103421349,-3.090711536912491,2818,354.00598205383847,-10.684637821004532,13.597122292551173,0.38857345635202273,1840,-2.7764956721500247,0.989125231742682,-0.6139804773571934,0.2211350385004374,-0.9931390479641449,-7.5024937441834,2488,340.74782608695654,-18.018617592016856,6.071414562323975,0.36856913183279744,3846,-1.678166085542215,1.2483984525262128,-0.4910240963866155,0.2925956498685682,-0.9997836859320991,-6.556005506105643,5306,347.66302652106083,-14.123563880235341,10.068294393417123,0.3791933660007539,1.448035291308971,0.989125231742682,1.2483984525262128,-3.447063812214316,-6.117785209078513,-4.3542950959677365
XNGUSD|orb|09:30|60|16:55|opp_rev|narrow1.0,XNGUSD,A_orb,range,09:30,60.0,16:55,opp_rev,narrow1.0,2006,-0.7368631676702847,1.40057057086603,-0.19340202568437279,0.2624666751845467,-0.8628771695461087,-2.078988287705874,1778,223.357926221336,-8.658838705939699,15.825975692260522,0.36501687289088863,1840,-2.080763280868849,1.1546783112404293,-0.3441136742092689,0.16537857879997764,-0.9465436936519934,-5.622523980293655,1568,214.74782608695654,-16.024081848909102,8.29607121231538,0.36288265306122447,3846,-1.1991120021230472,1.2761486376105857,-0.2655053624721546,0.2214183178902997,-0.990289706859261,-4.684509451170352,3346,219.23868954758188,-12.110333400552978,12.297317525926397,0.36401673640167365,1.40057057086603,1.1546783112404293,1.2761486376105857,-2.679855869268881,-4.7688937115464665,-3.3955505294904595
XNGUSD|orb|09:30|60|16:55|opp_rev|narrow0.75,XNGUSD,A_orb,range,09:30,60.0,16:55,opp_rev,narrow0.75,2006,-0.0880977773211567,1.5831861344345217,-0.016317046844131745,0.18521519316711754,-0.6654972084166195,-0.24855937338091888,975,122.48255234297109,-1.3321935681452268,23.200114124162454,0.37333333333333335,1840,-1.5490455647228827,0.9978522331071148,-0.18527193001978723,0.11960392530669785,-0.7948833900592498,-4.185745641659514,884,121.0695652173913,-15.302931805124995,9.159737878132919,0.3608597285067873,3846,-0.6174083955176146,1.3348038943582758,-0.0971482962053398,0.15734851827515872,-0.8291608851921679,-2.4119977607708063,1859,121.80655226209048,-7.9756215409747675,16.523571573602958,0.3674018289402905,1.5831861344345217,0.9978522331071148,1.3348038943582758,-1.6199992557314065,-3.581229683277512,-2.3385481528217418
XNGUSD|orb|09:30|60|16:55|opp_rev|trend,XNGUSD,A_orb,range,09:30,60.0,16:55,opp_rev,trend,2006,-1.5215724757885711,0.3747935591952246,-0.3409358296597932,0.2240680842252352,-0.9456689719408888,-4.29296984141773,1390,174.6161515453639,-19.524873652436476,4.772248649721786,0.37050359712230213,1840,-2.359800507886755,0.26540430924070424,-0.3594530502882598,0.15232349051833907,-0.9439633889110928,-6.376523012633226,1206,165.1695652173913,-21.76266855308109,2.413948362341789,0.35323383084577115,3846,-1.8116986280035026,0.3270132903045954,-0.34979482236815995,0.19307561255573447,-0.9966817081625906,-7.077670251426505,2596,170.09672386895474,-20.56446558239696,3.676674633319522,0.36248073959938365,0.3747935591952246,0.26540430924070424,0.3270132903045954,-3.3679785512410727,-4.846730896171792,-3.8771348436007336
XNGUSD|orb|09:30|60|16:55|opp_rev|trend+narrow1.0,XNGUSD,A_orb,range,09:30,60.0,16:55,opp_rev,trend+narrow1.0,2006,-1.0567575898710426,0.5178023530143261,-0.18128452708030796,0.1715478827101969,-0.8097584452212332,-2.981539515989547,875,109.92023928215353,-16.49237012803165,8.012772729111202,0.3497142857142857,1840,-1.999405436795499,0.3041767492345678,-0.22349289677319142,0.111779678428498,-0.8358554571597023,-5.4026832932279,768,105.18260869565218,-21.24808459731896,3.1659779026810346,0.33984375,3846,-1.3797409244229077,0.4287626305544481,-0.20147781887305516,0.14602583376826744,-0.9622252971563706,-5.390163211761752,1643,107.65366614664586,-18.715369952993704,5.747198519313048,0.3451004260499087,0.5178023530143261,0.3041767492345678,0.4287626305544481,-2.573059618006171,-4.097437757055875,-3.0942055381827687
XNGUSD|orb|09:30|60|16:55|mid_rev|none,XNGUSD,A_orb,range,09:30,60.0,16:55,mid_rev,none,2006,-1.3103854485212505,1.8215925732427964,-0.3769547193597089,0.28766705230517975,-0.9635541854374853,-3.697126032868679,2818,354.00598205383847,-10.648258460852231,14.303125499403263,0.2895670688431512,1840,-3.8624005018794993,0.7345555466474262,-0.7159930429227793,0.18537514236919939,-0.995919811169058,-10.436765990145577,2488,340.74782608695654,-21.01240237230634,3.7974850875007338,0.27813504823151125,3846,-2.206599348181424,1.386647560146892,-0.5391571414491654,0.2443384848697221,-0.9998477073436033,-8.620408671750997,5306,347.66302652106083,-15.508037965506928,9.376997843011726,0.28420655861289107,1.8215925732427964,0.7345555466474262,1.386647560146892,-4.218888552652997,-7.943301826720769,-5.503955175041003
XNGUSD|orb|09:30|60|16:55|mid_rev|narrow1.0,XNGUSD,A_orb,range,09:30,60.0,16:55,mid_rev,narrow1.0,2006,-0.759374020542957,1.8754987176109328,-0.16559900201836075,0.21807304113453407,-0.8110712694313407,-2.1425004857935064,1778,223.357926221336,-7.414064269841979,17.6849233567047,0.26152980877390325,1840,-2.7010722900473074,1.1391762070935967,-0.3849199238632348,0.14250633916076835,-0.9563549497603597,-7.298688833530466,1568,214.74782608695654,-17.92427569010042,7.057867167042431,0.26339285714285715,3846,-1.4552219233607901,1.565518245195918,-0.2705263281219927,0.1859003934583534,-0.9894086504161209,-5.685040964867593,3346,219.23868954758188,-12.33935162996309,12.704880288745812,0.26240286909742977,1.8754987176109328,1.1391762070935967,1.565518245195918,-3.152826299511166,-5.8159544994999495,-4.113023157406797
XNGUSD|orb|09:30|60|16:55|mid_rev|narrow0.75,XNGUSD,A_orb,range,09:30,60.0,16:55,mid_rev,narrow0.75,2006,0.030580836155446628,1.9739614929950424,0.004944263675648914,0.16167849860339126,-0.5623331411477983,0.08628087680978239,975,122.48255234297109,0.4036708560582711,25.492901625289036,0.27076923076923076,1840,-1.9170341113783933,1.0644242273576967,-0.20017806024769233,0.10442070856201903,-0.8103297172821603,-5.180104032672677,884,121.0695652173913,-16.534135551594208,8.529212864695381,0.25565610859728505,3846,-0.6780819333716925,1.6003517980187376,-0.09319018146708329,0.1374320371635692,-0.8103297172821602,-2.649027963962955,1859,121.80655226209048,-7.6506706524757755,17.4262524244473,0.26358257127487894,1.9739614929950424,1.0644242273576967,1.6003517980187376,-1.7703057166059397,-4.214831773152257,-2.6828042656937
XNGUSD|orb|09:30|60|16:55|mid_rev|trend,XNGUSD,A_orb,range,09:30,60.0,16:55,mid_rev,trend,2006,-1.4819192431779173,0.9570438472092161,-0.26549174785923296,0.1791539917451213,-0.8935916014192753,-4.181092073896972,1390,174.6161515453639,-15.204306446432032,9.72950650320825,0.2884892086330935,1840,-3.188493641611473,0.18326290542093843,-0.38817185363147055,0.12174145451182006,-0.9503475779088556,-8.615771974546064,1206,165.1695652173913,-23.501415234735905,1.3219678498412069,0.2678275290215589,3846,-2.0995983202401174,0.64974242609861,-0.3241842581610835,0.1544029898652275,-0.9941845546178736,-8.202393235504404,2596,170.09672386895474,-19.05881846441912,5.823693091821249,0.27889060092449924,0.9570438472092161,0.18326290542093843,0.64974242609861,-3.8376815749715005,-6.2797626639487705,-4.715025781241121
XNGUSD|orb|09:30|60|16:55|mid_rev|trend+narrow1.0,XNGUSD,A_orb,range,09:30,60.0,16:55,mid_rev,trend+narrow1.0,2006,-1.1009896137298087,0.9581858817603492,-0.14819955724854872,0.13460577229833706,-0.7388694984746186,-3.106335900961049,875,109.92023928215353,-13.482463122022166,11.626108306549261,0.2571428571428571,1840,-2.4145880375970052,0.4531186044741522,-0.2224681496808732,0.09213503347853623,-0.8398466440358544,-6.5245668590664945,768,105.18260869565218,-21.150659071842277,3.861059678157721,0.25,3846,-1.5805054810735162,0.751402047630588,-0.183731073128808,0.116248298616474,-0.949388512616312,-6.174479823908624,1643,107.65366614664586,-17.06686634141464,7.996432502164171,0.25380401704199634,0.9581858817603492,0.4531186044741522,0.751402047630588,-3.058529095257012,-4.925915018326548,-3.7431811593625786
XNGUSD|stretch|08:00|k0.5|14:30|none|none,XNGUSD,A_orb,stretch,08:00,0.5,14:30,none,none,2006,-0.44694928196010125,0.8867077566445424,-0.19240049415803112,0.43047500448877896,-0.9557058692733874,-1.261024248683006,1987,249.61316051844466,-7.707946718771427,15.292053281228558,0.47710115752390536,1840,-1.1435744031361308,0.7649581634945225,-0.34691348630736724,0.30335891163355355,-0.9437138041986072,-3.0901037921997863,1838,251.72608695652175,-13.781387956318023,9.218612043681963,0.47170837867247006,3846,-0.7100824328102596,0.8268367944455162,-0.2663224664811664,0.3750585202159623,-0.9964120749535521,-2.774042676347392,3825,250.6240249609984,-10.626374168342837,12.373625831657149,0.4745098039215686,0.8867077566445424,0.7649581634945225,0.8268367944455162,-1.7805157877451534,-3.052052982252473,-2.246892012105164
XNGUSD|stretch|08:00|k0.5|14:30|opp_rev|none,XNGUSD,A_orb,stretch,08:00,0.5,14:30,opp_rev,none,2006,-1.814727724072229,1.0798555254317257,-0.6680289228476245,0.36811523513211947,-0.997450070659297,-5.120079072006852,3337,419.2043868394816,-15.935637694159462,9.12849176343718,0.2738987114174408,1840,-2.9256283608058853,1.0487651832364484,-0.7861439343269465,0.268709431744228,-0.9983251073673075,-7.905471884908334,3072,420.7304347826087,-18.685216693038782,6.360681744461214,0.2711588541666667,3846,-2.2337371667030124,1.0539022722530305,-0.7245374046786054,0.32436108217155196,-0.9999954883830013,-8.726426597619012,6409,419.93447737909514,-17.25358225408414,7.801808602523751,0.2725854267436418,1.0798555254317257,1.0487651832364484,1.0539022722530305,-4.4924044708115,-6.497922042846542,-5.246336647328267
XNGUSD|stretch|08:00|k1.0|14:30|none|none,XNGUSD,A_orb,stretch,08:00,1.0,14:30,none,none,2006,-0.5729158455306889,0.8097136936978259,-0.23561576905985052,0.41125720452294506,-0.9558402427146319,-1.6164267464544657,1968,247.22632103688932,-9.530367481571416,13.469632518428568,0.4725609756097561,1840,-1.6556195251674282,0.3168805640328759,-0.48173261197278405,0.2909681872253034,-0.978135995694565,-4.473723930099953,1822,249.53478260869565,-19.305228991992113,3.6947710080078706,0.4626783754116356,3846,-0.9848061197523753,0.6070036559589217,-0.35336277658969917,0.358814562077001,-0.9985408669437555,-3.84729163529547,3790,248.33073322932916,-14.229522540143055,8.770477459856929,0.4678100263852243,0.8097136936978259,0.3168805640328759,0.6070036559589217,-1.9552935508699474,-3.6273618419404206,-2.576176956292781
XNGUSD|stretch|08:00|k1.0|14:30|opp_rev|none,XNGUSD,A_orb,stretch,08:00,1.0,14:30,opp_rev,none,2006,-1.1161666016899368,1.0491049702936848,-0.44476487657621716,0.3984753493813728,-0.9857646127944609,-3.1491563072401667,2782,349.48354935194413,-12.72634655911431,11.569843232402569,0.398274622573688,1840,-2.1460121089069024,0.9075862155676135,-0.6125530411132528,0.2854378307423737,-0.9931057126212905,-5.798835771117272,2586,354.1695652173913,-17.29547372985774,6.980628358309306,0.39211136890951276,3846,-1.5044491769558825,0.9793496306430625,-0.5250379454134886,0.348990150983934,-0.9998984423007894,-5.877354555518907,5368,351.72542901716065,-14.927494633544732,9.359018034115465,0.39530551415797316,1.0491049702936848,0.9075862155676135,0.9793496306430625,-3.138020575632046,-4.91620545087024,-3.802293476642058
XNGUSD|stretch|08:00|k2.0|14:30|none|none,XNGUSD,A_orb,stretch,08:00,2.0,14:30,none,none,2006,-0.2737054538578765,1.1247146139706292,-0.09174172697718064,0.3351841393150251,-0.7530875925530337,-0.7722335133819076,1623,203.88634097706878,-4.499650468860925,18.500349531139058,0.48736906962415283,1840,-2.20401962363164,-0.2772908694008472,-0.5471894700886863,0.24826887393455385,-0.9859203165467089,-5.9555804837791015,1519,208.03695652173914,-26.302512747609196,-3.3025127476092053,0.43317972350230416,3846,-1.0421848270775618,0.5517477913655703,-0.309636643078369,0.297103388030159,-0.9960342150280527,-4.071450092791413,3142,205.87207488299532,-15.040244931438462,7.959755068561525,0.46117122851686826,1.1247146139706292,-0.2772908694008472,0.5517477913655703,-1.670623275462498,-4.110304424293797,-2.6290812416233296
XNGUSD|stretch|08:00|k2.0|14:30|opp_rev|none,XNGUSD,A_orb,stretch,08:00,2.0,14:30,opp_rev,none,2006,-0.6969061866194776,0.8901101398144114,-0.23939171235181836,0.3435063670664905,-0.9279171847766514,-1.966253523286377,1829,229.76470588235293,-10.418994137175913,13.05831586829154,0.4674685620557682,1840,-2.0477219289086883,0.2715892473892146,-0.4928543262707769,0.24068420585476583,-0.9791180986476667,-5.533241458132003,1729,236.79782608695652,-20.81329606842724,2.6829445330765127,0.43030653556969345,3846,-1.2068784224507494,0.6392316390437134,-0.36065307730524626,0.2988313243457329,-0.9981967413785213,-4.714850127739736,3558,233.12948517940717,-15.470075654638967,8.016433620234547,0.4494097807757167,0.8901101398144114,0.2715892473892146,0.6392316390437134,-2.2185330026839796,-4.213763858745875,-2.96236056066872
XNGUSD|stretch|08:00|k0.5|16:55|none|none,XNGUSD,A_orb,stretch,08:00,0.5,16:55,none,none,2006,-0.40734376251538207,0.8623356322657351,-0.18427981361021117,0.4523938515033784,-0.9571805467547859,-1.1492810992535019,1988,249.73878364905283,-7.378902504353177,15.621097495646802,0.48843058350100604,1840,-1.2937774443825614,0.5781698129519199,-0.40014962682277877,0.309287836606044,-0.961365219664449,-3.4959741807662614,1838,251.72608695652175,-15.896231958346567,7.103768041653417,0.4749727965179543,3846,-0.736308219732246,0.7400820331510725,-0.28755606330109124,0.3905376248626686,-0.9973212963181051,-2.876497615071138,3826,250.68954758190327,-11.470604421875354,11.529395578124628,0.48196549921589127,0.8623356322657351,0.5781698129519199,0.7400820331510725,-1.6769523440214114,-3.1656659425064375,-2.212598575889414
XNGUSD|stretch|08:00|k0.5|16:55|opp_rev|none,XNGUSD,A_orb,stretch,08:00,0.5,16:55,opp_rev,none,2006,-1.3417963295188797,1.4829062639752002,-0.5139793728020554,0.38305319629719825,-0.9923368708310957,-3.7857488010646523,3374,423.852442671984,-12.126375149849498,12.912451169059805,0.2824540604623592,1840,-3.074370965948267,0.8504001077213957,-0.8428187429325019,0.2741434759394889,-0.9988598941349869,-8.307395963439353,3104,425.11304347826086,-19.825755898633144,5.209682245696746,0.26836340206185566,3846,-2.00085470472189,1.216223664869318,-0.6713024203943647,0.33550783013385915,-0.9999902024326841,-7.81663660950209,6478,424.45553822152885,-15.81561223602184,9.22159060436099,0.2757023772769373,1.4829062639752002,0.8504001077213957,1.216223664869318,-3.9610154538315685,-6.605875424427273,-4.9554625003089185
XNGUSD|stretch|08:00|k1.0|16:55|none|none,XNGUSD,A_orb,stretch,08:00,1.0,16:55,none,none,2006,-0.4603245844976025,0.8593143578041237,-0.19885139227966495,0.43198082174275143,-0.9592512214808042,-1.2987613734844865,1973,247.8544366899302,-8.022910339443758,14.977089660556224,0.49619868220983276,1840,-1.5159971004816466,0.4394510512232053,-0.4466617651212411,0.29463233470521316,-0.974259888228274,-4.096443901083509,1829,250.49347826086958,-17.831273222054808,5.168726777945178,0.4647348277747403,3846,-0.8517012423188989,0.6857484454817566,-0.31740861693606126,0.37267600558132713,-0.9983514007127211,-3.327297627037676,3802,249.1170046801872,-12.741346876081213,10.258653123918771,0.4810625986322988,0.8593143578041237,0.4394510512232053,0.6857484454817566,-1.7798038508378948,-3.4710300606720246,-2.388873542137829
XNGUSD|stretch|08:00|k1.0|16:55|opp_rev|none,XNGUSD,A_orb,stretch,08:00,1.0,16:55,opp_rev,none,2006,-0.6697359339810122,1.4842219828773158,-0.2760539169656169,0.4121832246997864,-0.9502516856545201,-1.8895952785976502,2844,357.27218344965104,-7.726711727181524,16.552824137797362,0.41561181434599154,1840,-2.3331125119427703,0.6930128674496049,-0.6826583824346231,0.292595568769282,-0.9961063547027725,-6.30440817931188,2635,360.8804347826087,-18.91646974006365,5.352979975306362,0.38937381404174576,3846,-1.3066486363072785,1.1567090467932393,-0.4705812743402844,0.3601436998933354,-0.9997917211611851,-5.104617312897339,5479,358.9984399375975,-13.108170453946336,11.166514707579477,0.4029932469428728,1.4842219828773158,0.6930128674496049,1.1567090467932393,-2.6801399926961254,-5.0705679074379955,-3.5832019488091458
XNGUSD|stretch|08:00|k2.0|16:55|none|none,XNGUSD,A_orb,stretch,08:00,2.0,16:55,none,none,2006,-6.532352677023625e-05,1.3959411961762531,-2.3008863993924152e-05,0.3522293594902445,-0.5673794179965359,-0.00018430402417363072,1703,213.93619142572282,-0.0010755012436446396,22.998924498756338,0.5044039929536113,1840,-2.2770390816419286,-0.30841366121563124,-0.5769815627059364,0.2533911549247044,-0.9892921709780861,-6.1528896430984945,1584,216.9391304347826,-26.59647254737161,-3.5964725473716195,0.42424242424242425,3846,-0.8921893391924384,0.7088629928465426,-0.2760510221425103,0.3094085638731985,-0.9939185336903299,-3.4854704016643905,3287,215.37285491419655,-12.81735445502116,10.182645544978826,0.4657742622452084,1.3959411961762531,-0.30841366121563124,0.7088629928465426,-1.3960715735427072,-4.228776633136527,-2.4886231272401176
XNGUSD|stretch|08:00|k2.0|16:55|opp_rev|none,XNGUSD,A_orb,stretch,08:00,2.0,16:55,opp_rev,none,2006,-0.3225208652787107,1.3271958107420259,-0.11449345786631457,0.3549955063135947,-0.8161849105814727,-0.9099614838602325,1954,245.46759720837488,-4.664300264817525,18.79322276486516,0.48618219037871035,1840,-2.212038934990993,0.18607808892222985,-0.5459170693037436,0.24679360777434353,-0.9860438276725741,-5.977249825427891,1836,251.45217391304348,-21.710572663115297,1.7665515198912272,0.41721132897603486,3846,-1.0409552718210777,0.8708115470359837,-0.32089476963045116,0.30826950813080417,-0.9968255921131093,-4.066646652237455,3790,248.33073322932916,-12.922072329006106,10.544946140650874,0.45277044854881265,1.3271958107420259,0.18607808892222985,0.8708115470359837,-1.899449945504852,-4.433620040664736,-2.8507407361087376
XNGUSD|stretch|09:00|k0.5|14:30|none|none,XNGUSD,A_orb,stretch,09:00,0.5,14:30,none,none,2006,-0.20412653095272404,1.216626362652697,-0.08285783284687023,0.40591407917503985,-0.8266565569576412,-0.5759232998474888,1996,250.74376869391824,-3.304482232139312,19.695517767860668,0.4804609218436874,1840,-1.4191525857381264,0.6485162669419776,-0.3975947348082989,0.28016348545177955,-0.9637482422127631,-3.834755985157783,1839,251.86304347826086,-15.786148270006773,7.213851729993214,0.46547036432843936,3846,-0.6640932776014347,0.9800841840800724,-0.2334339897914955,0.35150783431298993,-0.9932863074262607,-2.5943791988359948,3835,251.2792511700468,-9.289823521223605,13.710176478776383,0.47327249022164275,1.216626362652697,0.6485162669419776,0.9800841840800724,-1.6248548377718128,-3.4867821414745253,-2.308209423811095
XNGUSD|stretch|09:00|k0.5|14:30|opp_rev|none,XNGUSD,A_orb,stretch,09:00,0.5,14:30,opp_rev,none,2006,-1.0188125153668057,2.008943025106198,-0.355912689243043,0.3493407117352724,-0.9676873123236667,-2.8744811516532605,3279,411.91824526420737,-8.64037204797175,16.378841126776642,0.2875876791704788,1840,-3.2432872690715326,1.0673848044512237,-0.7946087553988893,0.2450010404494218,-0.9983907390203444,-8.763832297983154,3039,416.2108695652174,-19.09149456449694,5.935158939945305,0.2714708785784798,3846,-1.8599366826222,1.616061117246307,-0.5657932825157307,0.3042002923013792,-0.9999447896413348,-7.26611938909444,6318,413.97191887675507,-13.667431454068629,11.355360568723393,0.27983539094650206,2.008943025106198,1.0673848044512237,1.616061117246307,-3.8129089820440236,-7.073649819625742,-5.030275665578762
XNGUSD|stretch|09:00|k1.0|14:30|none|none,XNGUSD,A_orb,stretch,09:00,1.0,14:30,none,none,2006,-0.33208657771065503,1.1486790185942561,-0.12810239863643205,0.3857500038681084,-0.8282322719887606,-0.9369502179727689,1977,248.3569292123629,-5.157995754042172,17.84200424595781,0.4764795144157815,1840,-1.9073935981934307,0.2163471046063446,-0.5154670066469849,0.270246794964188,-0.9841920489401645,-5.154053968706652,1822,249.53478260869565,-20.65712047267202,2.34287952732797,0.45115257958287597,3846,-0.9337328866527699,0.7718730066513976,-0.3134250400143356,0.33566884544240105,-0.9969318250898976,-3.6477664510480214,3799,248.92043681747268,-12.591374337180781,10.408625662819205,0.4643327191366149,1.1486790185942561,0.2163471046063446,0.7718730066513976,-1.812724969020992,-4.0301223487196625,-2.638938703082564
XNGUSD|stretch|09:00|k1.0|14:30|opp_rev|none,XNGUSD,A_orb,stretch,09:00,1.0,14:30,opp_rev,none,2006,-0.4747166684639989,1.858461140360167,-0.17497961126023726,0.3685979930437332,-0.8647151562659751,-1.33936724892323,2745,344.8354935194417,-5.074292366901379,19.20986063856309,0.4127504553734062,1840,-2.6773723044994138,0.6105651289874836,-0.7018526839357846,0.26214235605421693,-0.9961567731175852,-7.234648037395307,2564,351.1565217391304,-19.986890189588504,4.338772836932557,0.375195007800312,3846,-1.324280614284544,1.3483459127694097,-0.4270457718746436,0.32247377728576015,-0.9994647751938671,-5.173499258312853,5309,347.85959438377535,-12.276383310086494,12.027817104304157,0.3946129214541345,1.858461140360167,0.6105651289874836,1.3483459127694097,-2.6528896842838794,-5.640125019772117,-3.7915133402305097
XNGUSD|stretch|09:00|k2.0|14:30|none|none,XNGUSD,A_orb,stretch,09:00,2.0,14:30,none,none,2006,-0.326252752755865,1.1009820520332911,-0.10695371739417175,0.32782472022299,-0.7958457029076518,-0.9204906440848777,1620,203.50947158524426,-5.2554663211029915,17.744533678896996,0.49135802469135803,1840,-1.7101175239399828,0.3684519363493196,-0.3898657658575252,0.22797600773033638,-0.954790374193731,-4.620985421973625,1504,205.98260869565217,-18.927120514022032,4.072879485977958,0.43550531914893614,3846,-0.8514883290041837,0.8029689065464697,-0.24230425540056025,0.28456556261192134,-0.988859449517884,-3.326465849494546,3124,204.69266770670825,-11.837466291061455,11.16253370893853,0.4644686299615877,1.1009820520332911,0.3684519363493196,0.8029689065464697,-1.7516047066606706,-3.7691785706778114,-2.499555783377452
XNGUSD|stretch|09:00|k2.0|14:30|opp_rev|none,XNGUSD,A_orb,stretch,09:00,2.0,14:30,opp_rev,none,2006,-0.5746056698758986,1.1120515572199812,-0.18836598024417195,0.3278178238040266,-0.8634012659940256,-1.6211944227017105,1846,231.90029910269192,-8.122713984114275,15.397329352830452,0.4750812567713976,1840,-2.2360683139058066,0.1659472317292298,-0.5228023306016553,0.23380427482935934,-0.9854752981698436,-6.042180690184256,1735,237.6195652173913,-22.001653362312926,1.5775973581481644,0.41037463976945243,3846,-1.2143747278458474,0.7298030128210384,-0.3483667302851936,0.28686921944032356,-0.9980038398047204,-4.744135560134727,3581,234.6365054602184,-14.847081429290109,8.70164797590396,0.44373080145210836,1.1120515572199812,0.1659472317292298,0.7298030128210384,-2.185443129146452,-4.450174071474821,-3.050152054116321
XNGUSD|stretch|09:00|k0.5|16:55|none|none,XNGUSD,A_orb,stretch,09:00,0.5,16:55,none,none,2006,-0.09747001226012009,1.257089633277074,-0.04151860342066378,0.4259628418827146,-0.7819091252829382,-0.2750022294261423,1997,250.86939182452642,-1.6549888018903653,21.345011198109614,0.49624436654982473,1840,-1.4128378547129643,0.6219020028904213,-0.402231375274813,0.28469747886004326,-0.964705459921625,-3.817692666641679,1839,251.86304347826086,-15.970241990247802,7.029758009752183,0.4567699836867863,3846,-0.5859221782350319,0.9961974740675051,-0.21409049635140603,0.36539066842683604,-0.9916050913102411,-2.2889921681483365,3836,251.34477379095162,-8.517801787654008,14.482198212345978,0.4773201251303441,1.257089633277074,0.6219020028904213,0.9961974740675051,-1.4520200579919325,-3.4475398263821613,-2.167996304497929
XNGUSD|stretch|09:00|k0.5|16:55|opp_rev|none,XNGUSD,A_orb,stretch,09:00,0.5,16:55,opp_rev,none,2006,-0.7412943077017958,2.2087848362946225,-0.27236531031044736,0.36741859134848925,-0.9401037939880883,-2.0914903215038483,3352,421.08873379860415,-6.468121525205961,18.533966780283297,0.2962410501193317,1840,-3.358432090164382,0.8935943486436517,-0.8409139472281743,0.2503888495143026,-0.9989065238759336,-9.074970294195216,3073,420.86739130434785,-19.98049657926747,5.026662548620588,0.2658639765701269,3846,-1.7154490487742435,1.6736490414530738,-0.5443698583938112,0.31733373764891776,-0.9999309809546367,-6.7016569492726275,6425,420.9828393135725,-12.930927523825575,12.073586094851466,0.28171206225680934,2.2087848362946225,0.8935943486436517,1.6736490414530738,-3.4675958207038815,-7.145127492787839,-4.813848589763934
XNGUSD|stretch|09:00|k1.0|16:55|none|none,XNGUSD,A_orb,stretch,09:00,1.0,16:55,none,none,2006,-0.17834436103047674,1.2366214102172306,-0.07221385401527977,0.40491246035493866,-0.7565681829830809,-0.5031813965312154,1983,249.11066799601195,-2.8988663791964076,20.101133620803573,0.4876449823499748,1840,-1.944176892781844,0.16231494998008592,-0.532033527719473,0.2736548971931293,-0.9851882102834717,-5.253447762224193,1830,250.6304347826087,-21.22781010937268,1.772189890627311,0.4459016393442623,3846,-0.8382124763299647,0.810175386072401,-0.2922003853766203,0.3485994227334727,-0.9961583019131965,-3.274601755719641,3813,249.8377535101404,-11.695605698950558,11.304394301049427,0.46761080514030945,1.2366214102172306,0.16231494998008592,0.810175386072401,-1.5932608070475645,-4.05010733805495,-2.4863656500034104
XNGUSD|stretch|09:00|k1.0|16:55|opp_rev|none,XNGUSD,A_orb,stretch,09:00,1.0,16:55,opp_rev,none,2006,-0.07631924260794302,2.247304089325097,-0.029298090588978472,0.383888644433812,-0.8184066071593256,-0.21532737483697023,2830,355.5134596211366,-0.8241063677364238,23.427837095161088,0.4208480565371025,1840,-2.7981157089032513,0.4851517090528399,-0.7520923913215707,0.26878530752981644,-0.9975052779491859,-7.560914217198037,2634,360.74347826086955,-20.848398838625698,3.435200250212565,0.3694001518602885,3846,-1.1212233590724665,1.5358803632709037,-0.3750967160044672,0.3345423665760643,-0.999537131234961,-4.380225878106892,5464,358.01560062402496,-10.477105337048714,13.790098176860502,0.39604685212298685,2.247304089325097,0.4851517090528399,1.5358803632709037,-2.240278977768453,-5.7491864681979665,-3.569065781577542
XNGUSD|stretch|09:00|k2.0|16:55|none|none,XNGUSD,A_orb,stretch,09:00,2.0,16:55,none,none,2006,-0.1330828870877557,1.303098877033306,-0.0457860836474257,0.34404185729179493,-0.7382870657008707,-0.37548051753528416,1711,214.94117647058823,-2.130168095255163,20.869831904744817,0.5184102863822326,1840,-1.9591519541292213,0.2057256010002539,-0.4530210629089628,0.23123324454448244,-0.9714839440154885,-5.293912548538972,1589,217.62391304347827,-20.81669503013005,2.18330496986994,0.42290748898678415,3846,-0.813615333974117,0.8679841554232073,-0.24061509088643462,0.29573568840098724,-0.9918622054726041,-3.1785093593181855,3300,216.22464898595942,-11.128013943593404,11.871986056406582,0.4724242424242424,1.303098877033306,0.2057256010002539,0.8679841554232073,-1.5687013613972889,-4.106861793221588,-2.490694233895423
XNGUSD|stretch|09:00|k2.0|16:55|opp_rev|none,XNGUSD,A_orb,stretch,09:00,2.0,16:55,opp_rev,none,2006,-0.23279945912956201,1.5256599358590397,-0.07909832540149711,0.339770228407085,-0.806215459382822,-0.6568211984931043,1985,249.3619142572283,-3.1720291222942523,20.30706407669818,0.4987405541561713,1840,-2.655113925966807,-0.18015066090240922,-0.6426722025767972,0.24205070686101762,-0.9941359183554003,-7.174502672368596,1863,255.15,-25.188014994191544,-1.645341886301054,0.40311325818572197,3846,-1.1719844111192965,0.8434237045388395,-0.3487228532232736,0.2975490543344583,-0.9988574732329536,-4.578531480622515,3848,252.13104524180966,-13.831016045200867,9.678859214674379,0.45244282744282743,1.5256599358590397,-0.18015066090240922,0.8434237045388395,-1.9058281196541997,-4.923845697475695,-3.0668953492140525
XNGUSD|stretch|09:30|k0.5|14:30|none|none,XNGUSD,A_orb,stretch,09:30,0.5,14:30,none,none,2006,-1.112394017361309,0.283207170712844,-0.38003395677242796,0.341636102712868,-0.9707597021849084,-3.138512324778135,1650,207.27816550348953,-18.334490555206603,4.66550944479338,0.4509090909090909,1840,-2.456214205968477,-0.24911704575808966,-0.6443179277023844,0.2623215540960248,-0.9931752827604475,-6.637046799494227,1838,251.72608695652175,-25.595993466250135,-2.5959934662501505,0.40261153427638735,3846,-1.653312167721066,0.06263302028492251,-0.5064724660056885,0.3063380744991508,-0.9998005859663487,-6.458909978143581,3488,228.54290171606863,-22.160936183216354,0.83906381678363,0.42545871559633025,0.283207170712844,-0.24911704575808966,0.06263302028492251,-2.502445957317769,-4.663156295760158,-3.363323304627537
XNGUSD|stretch|09:30|k0.5|14:30|opp_rev|none,XNGUSD,A_orb,stretch,09:30,0.5,14:30,opp_rev,none,2006,-1.4935713411966385,1.5729202728105238,-0.4249630764823494,0.28452814054524644,-0.9754901916969694,-4.213967343514141,2722,341.94616151545364,-12.42777736117807,12.559364446316417,0.2814107274063189,1840,-3.9022019077016257,0.8358751410468835,-0.8709199415483256,0.22318679610848036,-0.9988011347862511,-10.544315157675515,3059,418.95,-20.788159483191922,4.199745060776689,0.2641386073880353,3846,-2.4802059789594053,1.2567714203153906,-0.6383173749018491,0.25736466257921914,-0.9999706370600046,-9.68929368458803,5781,378.786271450858,-16.851650205191284,8.13589520217768,0.27227123335063136,1.5729202728105238,0.8358751410468835,1.2567714203153906,-4.2802961723948485,-8.090665628033722,-5.831205691078508
XNGUSD|stretch|09:30|k1.0|14:30|none|none,XNGUSD,A_orb,stretch,09:30,1.0,14:30,none,none,2006,-1.1633810872247456,0.2686352794340672,-0.3817160801406742,0.32810923637349204,-0.9727687912928648,-3.2823674198912034,1626,204.2632103688933,-18.687461117021822,4.312538882978163,0.44772447724477243,1840,-2.22892511485198,0.03812990614650231,-0.5583945564316823,0.25052190076325853,-0.9878043277762385,-6.0228787309727405,1803,246.9326086956522,-22.613236841470034,0.38676315852995463,0.4170826400443705,3846,-1.588154121650911,0.17217139264578069,-0.466242444252857,0.2935750617000514,-0.9996238955704909,-6.204360376359082,3429,224.6770670826833,-20.75167039995566,2.2483296000443276,0.431612715077282,0.2686352794340672,0.03812990614650231,0.17217139264578069,-2.588782192074809,-4.493182594279623,-3.3413758203573463
XNGUSD|stretch|09:30|k1.0|14:30|opp_rev|none,XNGUSD,A_orb,stretch,09:30,1.0,14:30,opp_rev,none,2006,-1.2707587593475165,1.022181782895382,-0.38903090298689263,0.3061406424510065,-0.9721138989742556,-3.585323155092574,2263,284.2851445663011,-13.684531549490188,10.618605878702466,0.3853292090145824,1840,-2.977245538505832,0.5073080087894578,-0.7175240657242935,0.24100265041773886,-0.9965590297044268,-8.044948980684381,2508,343.48695652173916,-20.889412308117205,3.3892958258540844,0.3524720893141946,3846,-1.9714179572440724,0.801622430722072,-0.5461883183370793,0.2770535371913822,-0.9999043186358482,-7.70163757561084,4771,312.6084243369735,-17.47196415117465,6.818331384352489,0.36805701110878225,1.022181782895382,0.5073080087894578,0.801622430722072,-3.3841647959076817,-6.110140482844833,-4.500236599881313
XNGUSD|stretch|09:30|k2.0|14:30|none|none,XNGUSD,A_orb,stretch,09:30,2.0,14:30,none,none,2006,-0.9257405041494726,0.4777041668045353,-0.25048634023442395,0.270579432477743,-0.9082753297610747,-2.6118874575677853,1314,165.06879361914258,-15.174663529216934,7.825336470783054,0.45662100456621,1840,-1.5274405039635486,0.6692929980183119,-0.3163738886989372,0.20712681631656354,-0.9364911858840933,-4.127365635951063,1444,197.76521739130436,-15.997448533780846,7.002551466219147,0.4265927977839335,3846,-1.163963533207148,0.5519917497609077,-0.2820082042944095,0.24228268004013245,-0.9940486913461941,-4.547196727638958,2758,180.7113884555382,-15.605447266196734,7.3945527338032555,0.4408992023205221,0.4777041668045353,0.6692929980183119,0.5519917497609077,-2.317831564756684,-3.7003287784292858,-2.8639532539763093
XNGUSD|stretch|09:30|k2.0|14:30|opp_rev|none,XNGUSD,A_orb,stretch,09:30,2.0,14:30,opp_rev,none,2006,-1.063366075492132,0.5420514309214967,-0.2934189919983271,0.2759341291403632,-0.937586373707141,-3.000184720158396,1489,187.05284147557327,-15.686422600356162,7.823315478891645,0.44392209536601746,1840,-2.095019016257598,0.3059643233695695,-0.46033765249970393,0.21972958189277939,-0.977627679033464,-5.661045043605813,1631,223.37608695652173,-20.60818858328845,2.9160296877109295,0.4028203556100552,3846,-1.4892592097761004,0.4399654558130264,-0.3732760734654444,0.2506454692474683,-0.9986180548535597,-5.818012688628515,3120,204.4305772230889,-18.259307317715955,5.258000374591726,0.42243589743589743,0.5420514309214967,0.3059643233695695,0.4399654558130264,-2.5845471847293817,-4.316590664467172,-3.3001518871124897
XNGUSD|stretch|09:30|k0.5|16:55|none|none,XNGUSD,A_orb,stretch,09:30,0.5,16:55,none,none,2006,-0.9055836541828695,0.4191365403171783,-0.32592955830046116,0.35991104388313583,-0.9561472553015783,-2.555016851414264,1650,207.27816550348953,-15.724259113774053,7.275740886225928,0.4581818181818182,1840,-2.5291438776869732,-0.35513886458462,-0.6735472926434196,0.26631434399035137,-0.9944793015649602,-6.834113343239158,1838,251.72608695652175,-26.757151028202937,-3.757151028202949,0.4134929270946681,3846,-1.5443707301046805,0.10487986669121482,-0.4922365346891881,0.31872951558452767,-0.999758114082541,-6.033314042789349,3488,228.54290171606863,-21.538036447122753,1.4619635528772241,0.43463302752293576,0.4191365403171783,-0.35513886458462,0.10487986669121482,-2.2262311224908315,-4.702993968198756,-3.188499601004978
XNGUSD|stretch|09:30|k0.5|16:55|opp_rev|none,XNGUSD,A_orb,stretch,09:30,0.5,16:55,opp_rev,none,2006,-1.1042095771164426,1.8820600615614902,-0.3295116346954829,0.298414034368346,-0.9582116840788139,-3.1154207167876002,2771,348.10169491525426,-9.465958928344289,15.49903565844748,0.29339588596174665,1840,-4.213172140259181,0.5147595625679668,-0.9542807758907533,0.2264993558587542,-0.9993756332349794,-11.384601799499697,3111,426.0717391304348,-22.397185456100303,2.577742219888127,0.2651880424300868,3846,-2.3524413986397867,1.31179815070697,-0.6284131479038287,0.2671323282557371,-0.9999739315970073,-9.190162341583884,5882,385.4040561622465,-16.305307062966687,8.664941151926204,0.27847670860251617,1.8820600615614902,0.5147595625679668,1.31179815070697,-3.830146879101811,-8.38630141503841,-5.644298752087247
XNGUSD|stretch|09:30|k1.0|16:55|none|none,XNGUSD,A_orb,stretch,09:30,1.0,16:55,none,none,2006,-1.1020039551670373,0.2598723813678403,-0.38206561097305775,0.3467007619905918,-0.9707376645425949,-3.1091977673973923,1634,205.26819541375872,-18.612996046607652,4.387003953392333,0.47062423500611994,1840,-2.380728083123872,-0.12733501474562167,-0.6063579094345503,0.2546943154629057,-0.9921892219003493,-6.433072354262783,1822,249.53478260869565,-24.29953464184597,-1.2995346418459808,0.4149286498353458,3846,-1.5982332578728449,0.10278674084799982,-0.4893713387861483,0.3061951917065429,-0.9997727422293641,-6.243736021676355,3456,226.44617784711386,-21.61093392870378,1.3890660712962084,0.44126157407407407,0.2598723813678403,-0.12733501474562167,0.10278674084799982,-2.4583567581731653,-4.632699263264526,-3.2930566309086746
XNGUSD|stretch|09:30|k1.0|16:55|opp_rev|none,XNGUSD,A_orb,stretch,09:30,1.0,16:55,opp_rev,none,2006,-0.6698989152197041,1.6358618738396344,-0.2116787413152912,0.3159860935822949,-0.9138750636781144,-1.8900551144277238,2332,292.9531405782652,-7.225686022599208,17.017024097469392,0.411663807890223,1840,-3.2095054970968455,0.36308652696389254,-0.7820531688082754,0.24366780786500622,-0.9977713745333042,-8.672549053622374,2610,357.45652173913044,-21.8782738947763,2.344714610970823,0.35747126436781607,3846,-1.7048145964414518,1.1026311114683183,-0.4845567825495841,0.2842284337317528,-0.9998088427945083,-6.660111878943267,4942,323.8127925117004,-14.964102523283588,9.268192094280145,0.38304330230675837,1.6358618738396344,0.36308652696389254,1.1026311114683183,-2.7989824705647592,-6.39433295679505,-4.257926065669614
XNGUSD|stretch|09:30|k2.0|16:55|none|none,XNGUSD,A_orb,stretch,09:30,2.0,16:55,none,none,2006,-0.7906462961377523,0.6366183501429913,-0.22729947846274867,0.2874856678303428,-0.8946683222163087,-2.2307321922269336,1420,178.38484546360917,-12.742084557239936,10.257915442760051,0.4647887323943662,1840,-1.8343409940259063,0.45249250070951574,-0.3831515701245717,0.2088769598304908,-0.9594986576249828,-4.956655243666052,1516,207.62608695652173,-18.453922420876044,4.546077579123942,0.4050131926121372,3846,-1.1933200358309872,0.5561972439963789,-0.301862101618691,0.2529598871676403,-0.9956705003290934,-4.661882273068576,2936,192.37441497659904,-15.691385034512532,7.308614965487456,0.43392370572207084,0.6366183501429913,0.45249250070951574,0.5561972439963789,-2.2100365162631648,-4.09697014808559,-2.929448859191585
XNGUSD|stretch|09:30|k2.0|16:55|opp_rev|none,XNGUSD,A_orb,stretch,09:30,2.0,16:55,opp_rev,none,2006,-0.8502439701689446,0.8374400670405574,-0.24726067427471246,0.29081144112739954,-0.9147354779578781,-2.3988812756953077,1644,206.52442671984048,-11.97246631799794,11.505635871783067,0.4562043795620438,1840,-2.560051312045755,-0.060722827433224096,-0.5786194614601611,0.22601869686658047,-0.9904091906371392,-6.917629710742069,1757,240.63260869565218,-24.045762733345445,-0.5488930691451143,0.3819009675583381,3846,-1.548837483834741,0.462498290552336,-0.405789059199628,0.2619958926839384,-0.9991929729412896,-6.0507640808404,3401,222.84243369734787,-18.20968531293048,5.278112393626403,0.41781828873860627,0.8374400670405574,-0.060722827433224096,0.462498290552336,-2.4440925312952655,-4.843477633325848,-3.424046641421391
