bot,series,config,n_starts,first_start,last_start,p_stop_out,p_loss_ge_50pct,p_final_loss,mean_2y_ret,median_2y_ret,p05_2y_ret,worst_2y_ret,best_2y_ret,median_win_rate,median_trades,median_max_dd,p_stop_given_profitable_year1,share_profitable_year1,median_seq_win_rate,step,size,depth,full_exposure_x
grid,"WTI (Dec, CRUDE_W)",step1.5%_lot0.25x_n5,375,1991-01-02,2022-03-01,0.050666666666666665,0.24266666666666667,0.6186666666666667,-0.11664911591126004,-0.09365515744681185,-0.8818616271268113,-0.974815484904739,0.7550925532423971,1.0,41.0,-0.42557244524605864,0.062111801242236024,0.42933333333333334,,0.015,0.25,5,1.25
grid_hedged,"WTI (Dec, CRUDE_W)",step1.5%_lot0.25x_n5,375,1991-01-02,2022-03-01,0.23466666666666666,0.5893333333333334,1.0,-0.5584185829567121,-0.5232845729811324,-0.8917194075291317,-0.9696565053884488,-0.08370383502340495,1.0,65.0,-0.5483935537874978,0.0,0.013333333333333334,,0.015,0.25,5,1.25
grid,"WTI (Dec, CRUDE_W)",step1.5%_lot0.25x_n10,375,1991-01-02,2022-03-01,0.2906666666666667,0.6426666666666667,0.608,-0.22561895194057524,-0.17653040779679618,-0.925938420170501,-0.9326382010600687,1.0221589313624126,1.0,63.0,-0.708248470483009,0.17204301075268819,0.496,,0.015,0.25,10,2.5
grid_hedged,"WTI (Dec, CRUDE_W)",step1.5%_lot0.25x_n10,375,1991-01-02,2022-03-01,0.6506666666666666,0.872,0.992,-0.7039530073748453,-0.8218593585375595,-0.9295508529629015,-0.9375899004859543,0.04143234004361229,1.0,70.0,-0.8238604807879588,0.0,0.032,,0.015,0.25,10,2.5
grid,"WTI (Dec, CRUDE_W)",step1.5%_lot0.5x_n5,375,1991-01-02,2022-03-01,0.3253333333333333,0.656,0.6453333333333333,-0.23231907540465757,-0.27610733994864645,-0.9227720012370818,-0.9257219499277829,1.5101851064847893,1.0,40.0,-0.8022961280412579,0.2125,0.4266666666666667,,0.015,0.5,5,2.5
grid_hedged,"WTI (Dec, CRUDE_W)",step1.5%_lot0.5x_n5,375,1991-01-02,2022-03-01,0.6933333333333334,0.912,1.0,-0.7503397575552029,-0.8234663527279891,-0.9281245367067887,-0.937320859915387,-0.16740767004680868,1.0,43.0,-0.8261037086235058,0.0,0.013333333333333334,,0.015,0.5,5,2.5
grid,"WTI (Dec, CRUDE_W)",step1.5%_lot0.5x_n10,375,1991-01-02,2022-03-01,0.696,0.7786666666666666,0.752,-0.33483463033593075,-0.7353433548087704,-0.8081691514247639,-0.8303970613895171,2.044317862724825,1.0,46.0,-0.7999790441393937,0.4941860465116279,0.45866666666666667,,0.015,0.5,10,5.0
grid_hedged,"WTI (Dec, CRUDE_W)",step1.5%_lot0.5x_n10,375,1991-01-02,2022-03-01,0.9306666666666666,0.9733333333333334,0.9866666666666667,-0.7051556032897022,-0.7155262124683117,-0.8146140814042351,-0.8413424462086723,0.20079206522710136,1.0,38.0,-0.7233696363491875,0.6875,0.042666666666666665,,0.015,0.5,10,5.0
grid,"WTI (Dec, CRUDE_W)",step1.5%_lot1.0x_n5,375,1991-01-02,2022-03-01,0.7306666666666667,0.84,0.7786666666666666,-0.31081575716448284,-0.757441632345402,-0.7982856312043229,-0.800949590714838,3.0203702129695893,1.0,27.0,-0.8035562064804742,0.44680851063829785,0.376,,0.015,1.0,5,5.0
grid_hedged,"WTI (Dec, CRUDE_W)",step1.5%_lot1.0x_n5,375,1991-01-02,2022-03-01,0.952,0.9973333333333333,0.9973333333333333,-0.7222489491941761,-0.7182142708468511,-0.8077332061547238,-0.8236141256740781,0.10490738580797876,1.0,22.0,-0.7258680105739038,0.8333333333333334,0.016,,0.015,1.0,5,5.0
grid,"WTI (Dec, CRUDE_W)",step1.5%_lot1.0x_n10,375,1991-01-02,2022-03-01,0.92,0.8266666666666667,0.9093333333333333,-0.4805134670612009,-0.6447741245205054,-0.7174719750383367,-0.7905673597217395,2.1956621753213676,1.0,25.0,-0.7236138825891585,0.79,0.26666666666666666,,0.015,1.0,10,10.0
grid_hedged,"WTI (Dec, CRUDE_W)",step1.5%_lot1.0x_n10,375,1991-01-02,2022-03-01,0.984,0.9813333333333333,0.9893333333333333,-0.6310486627722091,-0.6528804844624019,-0.7084898862423921,-0.789271080426108,0.5773663932902351,1.0,18.0,-0.6631244058329087,0.9375,0.042666666666666665,,0.015,1.0,10,10.0
martingale,"WTI (Dec, CRUDE_W)",step1.5%_base0.25x_k4,375,1991-01-02,2022-03-01,0.0,0.064,0.5493333333333333,-0.040381453908109766,-0.017170346532627168,-0.43061249920333233,-0.675913847415156,0.637460834924412,0.5174418604651163,182.0,-0.20442585273759972,0.0,0.49866666666666665,0.9767441860465116,0.015,0.25,4,4.0
martingale,"WTI (Dec, CRUDE_W)",step1.5%_base0.25x_k8,375,1991-01-02,2022-03-01,0.0,0.17866666666666667,0.5813333333333334,-0.08508995096911498,-0.05484244367283897,-0.5827603690398793,-0.7356189196155267,0.637460834924412,0.5174418604651163,182.0,-0.3444816781286022,0.0,0.5466666666666666,1.0,0.015,0.25,8,9.0
martingale,"WTI (Dec, CRUDE_W)",step1.5%_base0.5x_k4,375,1991-01-02,2022-03-01,0.0,0.24533333333333332,0.5786666666666667,-0.05616947527573024,-0.046988303135580556,-0.7104298913324059,-0.8785803419005919,1.2726583846432393,0.5174418604651163,182.0,-0.3795228354514365,0.0,0.49066666666666664,0.9767441860465116,0.015,0.5,4,8.0
martingale,"WTI (Dec, CRUDE_W)",step1.5%_base0.5x_k8,375,1991-01-02,2022-03-01,0.0,0.2986666666666667,0.584,-0.10232057428116936,-0.1287784968892579,-0.7591211385941292,-0.9248067292691619,1.2726583846432393,0.5174418604651163,182.0,-0.4938241975726678,0.0,0.4666666666666667,1.0,0.015,0.5,8,9.0
martingale,"WTI (Dec, CRUDE_W)",step1.5%_base1.0x_k4,375,1991-01-02,2022-03-01,0.0,0.48533333333333334,0.5973333333333334,-0.057963602809336545,-0.11666189865780674,-0.9068037036818097,-0.985490902597651,2.420328713853619,0.5174418604651163,182.0,-0.5789402013922988,0.0,0.4746666666666667,0.9767441860465116,0.015,1.0,4,9.0
martingale,"WTI (Dec, CRUDE_W)",step1.5%_base1.0x_k8,375,1991-01-02,2022-03-01,0.0,0.5306666666666666,0.6506666666666666,-0.12297755384686604,-0.26472390214984154,-0.9200010350291509,-0.9945154438992355,2.420328713853619,0.5174418604651163,182.0,-0.6254173920978416,0.0,0.44266666666666665,1.0,0.015,1.0,8,9.0
dca,"WTI (Dec, CRUDE_W)",step1.5%_tp2%_v1.0_m6_ladder3.0x,375,1991-01-02,2022-03-01,0.2853333333333333,0.6186666666666667,0.6,-0.16885418794655527,-0.16150568474342242,-0.9057136945733149,-0.9347407007304825,1.1113181273882202,1.0,17.0,-0.7180062882063294,0.09090909090909091,0.49866666666666665,,0.015,1.0,6,3.0
dca,"WTI (Dec, CRUDE_W)",step1.5%_tp2%_v1.0_m6_ladder6.0x,375,1991-01-02,2022-03-01,0.6853333333333333,0.7733333333333333,0.7386666666666667,-0.26513468634206916,-0.740544365784545,-0.7838890030377007,-0.8175721236588389,2.2226362547764267,1.0,11.0,-0.7649937783262516,0.34838709677419355,0.41333333333333333,,0.015,1.0,6,6.0
dca,"WTI (Dec, CRUDE_W)",step1.5%_tp2%_v1.5_m6_ladder3.0x,375,1991-01-02,2022-03-01,0.2693333333333333,0.6213333333333333,0.5653333333333334,-0.18949844519371561,-0.10019040978035454,-0.9029020276438783,-0.9161490479787733,0.7272420665629857,1.0,22.0,-0.7326274217611222,0.09090909090909091,0.5573333333333333,,0.015,1.5,6,3.0
dca,"WTI (Dec, CRUDE_W)",step1.5%_tp2%_v1.5_m6_ladder6.0x,375,1991-01-02,2022-03-01,0.6773333333333333,0.744,0.72,-0.30996725595674013,-0.738940179828413,-0.7713917920400514,-0.849373795979868,1.4544841331259581,1.0,16.0,-0.7504645943863908,0.3583815028901734,0.4613333333333333,,0.015,1.5,6,6.0
dca,"WTI (Dec, CRUDE_W)",step1.5%_tp2%_v2.0_m6_ladder3.0x,375,1991-01-02,2022-03-01,0.272,0.6293333333333333,0.5786666666666667,-0.21940418290424035,-0.12935296906687288,-0.9016200924915448,-0.9090885813674457,0.6798305307419188,1.0,25.0,-0.7305622517250874,0.10185185185185185,0.576,,0.015,2.0,6,3.0
dca,"WTI (Dec, CRUDE_W)",step1.5%_tp2%_v2.0_m6_ladder6.0x,375,1991-01-02,2022-03-01,0.6746666666666666,0.7413333333333333,0.7253333333333334,-0.3428470141526996,-0.7384103710556333,-0.7647408951779342,-0.8964488170614495,1.2410670256906857,1.0,19.0,-0.748518059905835,0.36363636363636365,0.4693333333333333,,0.015,2.0,6,6.0
grid,"WTI (Dec, CRUDE_W)",step3.0%_lot0.25x_n5,375,1991-01-02,2022-03-01,0.048,0.22933333333333333,0.512,-0.036167320894684774,-0.008580710001383718,-0.7941434098424791,-0.9698814013117114,0.8588361080680094,1.0,23.0,-0.3682906847744122,0.04830917874396135,0.552,,0.03,0.25,5,1.25
grid_hedged,"WTI (Dec, CRUDE_W)",step3.0%_lot0.25x_n5,375,1991-01-02,2022-03-01,0.21066666666666667,0.43466666666666665,0.9866666666666667,-0.45643950231747854,-0.41150716063549886,-0.8847383655375225,-0.9050652784336018,0.07064038365316216,1.0,37.0,-0.46643095569400916,0.0,0.096,,0.03,0.25,5,1.25
grid,"WTI (Dec, CRUDE_W)",step3.0%_lot0.25x_n10,375,1991-01-02,2022-03-01,0.22133333333333333,0.42133333333333334,0.48533333333333334,-0.09879130442707595,0.0328691960407419,-0.932114953196755,-0.9445722224458359,0.9048655719740446,1.0,32.0,-0.5125005220737213,0.09251101321585903,0.6053333333333333,,0.03,0.25,10,2.5
grid_hedged,"WTI (Dec, CRUDE_W)",step3.0%_lot0.25x_n10,375,1991-01-02,2022-03-01,0.5386666666666666,0.7093333333333334,0.9173333333333333,-0.5554971790436214,-0.8049919110896011,-0.9336418908311623,-0.9501212668014667,0.4379444580438727,1.0,38.0,-0.8106406649213493,0.1509433962264151,0.14133333333333334,,0.03,0.25,10,2.5
grid,"WTI (Dec, CRUDE_W)",step3.0%_lot0.5x_n5,375,1991-01-02,2022-03-01,0.25866666666666666,0.5626666666666666,0.5413333333333333,-0.06585087792581668,-0.06478799197884,-0.9275003837282365,-0.9341186624485999,1.7176722161360196,1.0,22.0,-0.665567732425606,0.11707317073170732,0.5466666666666666,,0.03,0.5,5,2.5
grid_hedged,"WTI (Dec, CRUDE_W)",step3.0%_lot0.5x_n5,375,1991-01-02,2022-03-01,0.5653333333333334,0.76,0.9866666666666667,-0.6418264136077065,-0.81195032113585,-0.9313895079192451,-0.9486409794321946,0.14128076730632122,1.0,27.0,-0.8183244402054078,0.19444444444444445,0.096,,0.03,0.5,5,2.5
grid,"WTI (Dec, CRUDE_W)",step3.0%_lot0.5x_n10,375,1991-01-02,2022-03-01,0.536,0.6613333333333333,0.6373333333333333,-0.1949326746411475,-0.6804174711202595,-0.8269624317002735,-0.8755325469636642,1.809731143948094,1.0,23.0,-0.8158136582679972,0.3397129186602871,0.5573333333333333,,0.03,0.5,10,5.0
grid_hedged,"WTI (Dec, CRUDE_W)",step3.0%_lot0.5x_n10,375,1991-01-02,2022-03-01,0.7733333333333333,0.9093333333333333,0.92,-0.6007452563679117,-0.7286241454623933,-0.8320548690498443,-0.8583171699822453,0.8569671389683564,1.0,25.0,-0.7378295250720464,0.509090909090909,0.14666666666666667,,0.03,0.5,10,5.0
grid,"WTI (Dec, CRUDE_W)",step3.0%_lot1.0x_n5,375,1991-01-02,2022-03-01,0.656,0.7253333333333334,0.7173333333333334,-0.12819918622696125,-0.7466490249468818,-0.8068675304339934,-0.8521019117276922,3.4353444322720437,1.0,16.0,-0.8098876265646249,0.42021276595744683,0.5013333333333333,,0.03,1.0,5,5.0
grid_hedged,"WTI (Dec, CRUDE_W)",step3.0%_lot1.0x_n5,375,1991-01-02,2022-03-01,0.88,0.9493333333333334,0.9786666666666667,-0.6720002095053859,-0.7014469174381891,-0.821058293216684,-0.842006886366743,0.8464768755363132,1.0,15.0,-0.7313393164529096,0.5909090909090909,0.11733333333333333,,0.03,1.0,5,5.0
grid,"WTI (Dec, CRUDE_W)",step3.0%_lot1.0x_n10,375,1991-01-02,2022-03-01,0.696,0.688,0.7253333333333334,-0.07124466468683699,-0.6624515154934434,-0.7712840979570816,-0.8521019117276922,3.58304740153012,1.0,16.0,-0.7710981441284539,0.45901639344262296,0.488,,0.03,1.0,10,10.0
grid_hedged,"WTI (Dec, CRUDE_W)",step3.0%_lot1.0x_n10,375,1991-01-02,2022-03-01,0.9493333333333334,0.952,0.9706666666666667,-0.6450990600639234,-0.6896678772212472,-0.7670618948857192,-0.842006886366743,0.3587297126924005,1.0,15.0,-0.7053314165515472,0.7954545454545454,0.11733333333333333,,0.03,1.0,10,10.0
martingale,"WTI (Dec, CRUDE_W)",step3.0%_base0.25x_k4,375,1991-01-02,2022-03-01,0.0,0.136,0.528,-0.035887043586034784,-0.016674722410399023,-0.5946108943235795,-0.9353039793996396,0.7588067432954713,0.5267857142857143,77.0,-0.2572849536527001,0.0,0.5786666666666667,0.9767441860465116,0.03,0.25,4,4.0
martingale,"WTI (Dec, CRUDE_W)",step3.0%_base0.25x_k8,375,1991-01-02,2022-03-01,0.0,0.3466666666666667,0.512,-0.06249669657800527,-0.013828691361835732,-0.7268379885803948,-0.9966988266804959,0.7588067432954713,0.5267857142857143,77.0,-0.4073439904189122,0.0,0.6533333333333333,1.0,0.03,0.25,8,9.0
martingale,"WTI (Dec, CRUDE_W)",step3.0%_base0.5x_k4,375,1991-01-02,2022-03-01,0.0,0.29333333333333333,0.5386666666666666,-0.06180051584808066,-0.05423166818892611,-0.9790262270527866,-0.9991818254975671,1.5176134865909416,0.5267857142857143,77.0,-0.4676351936598696,0.0,0.576,0.9767441860465116,0.03,0.5,4,8.0
martingale,"WTI (Dec, CRUDE_W)",step3.0%_base0.5x_k8,375,1991-01-02,2022-03-01,0.0,0.464,0.528,-0.10155704034245139,-0.03514300271066917,-0.9938562993322726,-0.9996068384215563,1.5176134865909416,0.5267857142857143,77.0,-0.5642345784240425,0.0,0.5626666666666666,1.0,0.03,0.5,8,9.0
martingale,"WTI (Dec, CRUDE_W)",step3.0%_base1.0x_k4,375,1991-01-02,2022-03-01,0.0,0.5546666666666666,0.5866666666666667,-0.02787450764206667,-0.17159263837029126,-0.9957335178322324,-0.999843564304638,3.035226973181884,0.5267857142857143,77.0,-0.6512589690508875,0.0,0.528,0.9767441860465116,0.03,1.0,4,9.0
martingale,"WTI (Dec, CRUDE_W)",step3.0%_base1.0x_k8,375,1991-01-02,2022-03-01,0.0,0.6,0.6106666666666667,-0.08942240441115612,-0.2234161871301783,-0.9979129891047372,-0.9998241938405433,3.035226973181884,0.5267857142857143,77.0,-0.720977997339248,0.0,0.5146666666666667,1.0,0.03,1.0,8,9.0
dca,"WTI (Dec, CRUDE_W)",step3.0%_tp2%_v1.0_m6_ladder3.0x,375,1991-01-02,2022-03-01,0.2693333333333333,0.5786666666666667,0.5493333333333333,-0.16895876460171,-0.08208596477799013,-0.9044777456660109,-0.9231302678021943,0.7497398007200906,1.0,18.0,-0.6750503459587884,0.09722222222222222,0.576,,0.03,1.0,6,3.0
dca,"WTI (Dec, CRUDE_W)",step3.0%_tp2%_v1.0_m6_ladder6.0x,375,1991-01-02,2022-03-01,0.6293333333333333,0.72,0.7013333333333334,-0.2718029257827598,-0.7498172559824563,-0.7871767691482895,-0.8316727255127221,1.4982842385765465,1.0,14.0,-0.7856888235406374,0.3711340206185567,0.5173333333333333,,0.03,1.0,6,6.0
dca,"WTI (Dec, CRUDE_W)",step3.0%_tp2%_v1.5_m6_ladder3.0x,375,1991-01-02,2022-03-01,0.24533333333333332,0.52,0.4026666666666667,-0.15445521095516435,0.0682965080844995,-0.8992755815848885,-0.906286785402817,0.4550829597499857,1.0,26.0,-0.5895022524449007,0.09302325581395349,0.688,,0.03,1.5,6,3.0
dca,"WTI (Dec, CRUDE_W)",step3.0%_tp2%_v1.5_m6_ladder6.0x,375,1991-01-02,2022-03-01,0.5626666666666666,0.6373333333333333,0.6,-0.2658601667040368,-0.7378409149962821,-0.7544215980388106,-0.8497513691665554,0.9101659194999518,1.0,18.0,-0.7409323672449075,0.3244444444444444,0.6,,0.03,1.5,6,6.0
dca,"WTI (Dec, CRUDE_W)",step3.0%_tp2%_v2.0_m6_ladder3.0x,375,1991-01-02,2022-03-01,0.24266666666666667,0.456,0.35733333333333334,-0.16990865688785672,0.04819086391194416,-0.8978425932643197,-0.9039902915689224,0.3156725620312162,1.0,32.0,-0.41154675998375334,0.10752688172043011,0.744,,0.03,2.0,6,3.0
dca,"WTI (Dec, CRUDE_W)",step3.0%_tp2%_v2.0_m6_ladder6.0x,375,1991-01-02,2022-03-01,0.504,0.6133333333333333,0.5413333333333333,-0.2678728397091451,-0.736751202624037,-0.7472127994681994,-0.8977958298448805,0.6313451240624428,1.0,22.0,-0.7378015364160952,0.2644628099173554,0.6453333333333333,,0.03,2.0,6,6.0
grid,"WTI (Dec, CRUDE_W)",step5.0%_lot0.25x_n5,375,1991-01-02,2022-03-01,0.042666666666666665,0.19466666666666665,0.43466666666666665,-0.008340819798184795,0.03754150908014653,-0.7031139542643368,-0.9721004774170273,0.8381460965953227,1.0,13.0,-0.31177895396921107,0.039473684210526314,0.608,,0.05,0.25,5,1.25
grid_hedged,"WTI (Dec, CRUDE_W)",step5.0%_lot0.25x_n5,375,1991-01-02,2022-03-01,0.19733333333333333,0.408,0.896,-0.3786316243954523,-0.32654195745046233,-0.8819884726266263,-0.9029229765048551,0.18629196122406788,1.0,22.0,-0.4325560672358145,0.0,0.152,,0.05,0.25,5,1.25
grid,"WTI (Dec, CRUDE_W)",step5.0%_lot0.25x_n10,375,1991-01-02,2022-03-01,0.12533333333333332,0.264,0.4026666666666667,-0.015937017891800243,0.06972152488535999,-0.9390519308227142,-0.95069518832053,0.8381460965953227,1.0,18.0,-0.3455382605312184,0.0502092050209205,0.6373333333333333,,0.05,0.25,10,2.5
grid_hedged,"WTI (Dec, CRUDE_W)",step5.0%_lot0.25x_n10,375,1991-01-02,2022-03-01,0.39466666666666667,0.6213333333333333,0.808,-0.4182676171020525,-0.46063664191482323,-0.8576619602832397,-0.9570424944920423,0.4025185292535498,1.0,23.0,-0.6805544851865202,0.0,0.18666666666666668,,0.05,0.25,10,2.5
grid,"WTI (Dec, CRUDE_W)",step5.0%_lot0.5x_n5,375,1991-01-02,2022-03-01,0.21866666666666668,0.47733333333333333,0.464,-0.015116864512655148,0.04487315596180119,-0.9317334022429351,-0.9443736598612086,1.676292193190649,1.0,13.0,-0.5860922231424559,0.08333333333333333,0.608,,0.05,0.5,5,2.5
grid_hedged,"WTI (Dec, CRUDE_W)",step5.0%_lot0.5x_n5,375,1991-01-02,2022-03-01,0.496,0.696,0.896,-0.5331011609418113,-0.7760391366446228,-0.9354130870963927,-0.9517262717228407,0.37258392244813865,1.0,18.0,-0.8016245666366237,0.08771929824561403,0.152,,0.05,0.5,5,2.5
grid,"WTI (Dec, CRUDE_W)",step5.0%_lot0.5x_n10,375,1991-01-02,2022-03-01,0.32266666666666666,0.5466666666666666,0.488,-0.03873096802873077,0.026579776818401957,-0.8753548955286169,-0.8917864678062386,1.676292193190649,1.0,14.0,-0.6320791021937978,0.1702127659574468,0.6266666666666667,,0.05,0.5,10,5.0
grid_hedged,"WTI (Dec, CRUDE_W)",step5.0%_lot0.5x_n10,375,1991-01-02,2022-03-01,0.664,0.7706666666666667,0.84,-0.5185278441555309,-0.7452553836423145,-0.8577982741244949,-0.8854191838088806,0.7496866601799825,1.0,15.0,-0.7551428279216519,0.28169014084507044,0.18933333333333333,,0.05,0.5,10,5.0
grid,"WTI (Dec, CRUDE_W)",step5.0%_lot1.0x_n5,375,1991-01-02,2022-03-01,0.6106666666666667,0.6746666666666666,0.664,-0.10198049141690946,-0.7334109839641908,-0.8163880423115438,-0.8502573107497395,3.3525843863812916,1.0,9.0,-0.8161437534052587,0.3761904761904762,0.56,,0.05,1.0,5,5.0
grid_hedged,"WTI (Dec, CRUDE_W)",step5.0%_lot1.0x_n5,375,1991-01-02,2022-03-01,0.7653333333333333,0.9066666666666666,0.8933333333333333,-0.5702644518423141,-0.7103176985855448,-0.8337993339399871,-0.8707086276345449,1.0838779922350903,1.0,10.0,-0.7395775316902826,0.3870967741935484,0.16533333333333333,,0.05,1.0,5,5.0
grid,"WTI (Dec, CRUDE_W)",step5.0%_lot1.0x_n10,375,1991-01-02,2022-03-01,0.6266666666666667,0.672,0.672,-0.10258397364175564,-0.7123123782436067,-0.8158176659223619,-0.8502573107497395,3.3525843863812916,1.0,9.0,-0.8149025752251732,0.4075829383886256,0.5626666666666666,,0.05,1.0,10,10.0
grid_hedged,"WTI (Dec, CRUDE_W)",step5.0%_lot1.0x_n10,375,1991-01-02,2022-03-01,0.8346666666666667,0.92,0.8906666666666667,-0.5791399424922354,-0.7288151061180836,-0.8037706607842914,-0.8619616448087594,1.3075831355490735,1.0,10.0,-0.7396661701867946,0.5223880597014925,0.17866666666666667,,0.05,1.0,10,10.0
martingale,"WTI (Dec, CRUDE_W)",step5.0%_base0.25x_k4,375,1991-01-02,2022-03-01,0.0,0.25866666666666666,0.472,-0.09132405117128217,0.015178143415913503,-0.9606048032657819,-0.9999390443884872,0.6139472420005061,0.5084745762711864,38.0,-0.3008530366542853,0.0,0.672,1.0,0.05,0.25,4,4.0
martingale,"WTI (Dec, CRUDE_W)",step5.0%_base0.25x_k8,375,1991-01-02,2022-03-01,0.0,0.2906666666666667,0.37066666666666664,-0.08887625973423152,0.06398778671323946,-0.9934565741387156,-0.9995544076321679,0.6139472420005061,0.5084745762711864,38.0,-0.33284561625482667,0.0,0.6933333333333334,1.0,0.05,0.25,8,9.0
martingale,"WTI (Dec, CRUDE_W)",step5.0%_base0.5x_k4,375,1991-01-02,2022-03-01,0.0,0.448,0.5226666666666666,-0.16202121134484182,-0.05785418701449907,-0.999651675245668,-0.9999973570423687,1.1706584942569802,0.5084745762711864,38.0,-0.5281678227725607,0.0,0.624,1.0,0.05,0.5,4,8.0
martingale,"WTI (Dec, CRUDE_W)",step5.0%_base0.5x_k8,375,1991-01-02,2022-03-01,0.0,0.43733333333333335,0.5093333333333333,-0.14197427856954115,-0.0102817754432869,-0.9992581651045883,-0.9999899376527804,1.1715272580790357,0.5084745762711864,38.0,-0.5664504193995291,0.0,0.6293333333333333,1.0,0.05,0.5,8,9.0
martingale,"WTI (Dec, CRUDE_W)",step5.0%_base1.0x_k4,375,1991-01-02,2022-03-01,0.0,0.5706666666666667,0.6026666666666667,-0.1934712095773231,-0.4262350048161915,-0.9998697968369675,-0.9999998631777822,2.341316988513955,0.5084745762711864,38.0,-0.759178562671127,0.0,0.5546666666666666,1.0,0.05,1.0,4,9.0
martingale,"WTI (Dec, CRUDE_W)",step5.0%_base1.0x_k8,375,1991-01-02,2022-03-01,0.0,0.5626666666666666,0.5946666666666667,-0.15997563941700021,-0.3435809494137043,-0.9998349197068211,-0.9999998631777822,2.341316988513955,0.5084745762711864,38.0,-0.7519678083449364,0.0,0.5573333333333333,1.0,0.05,1.0,8,9.0
dca,"WTI (Dec, CRUDE_W)",step5.0%_tp2%_v1.0_m6_ladder3.0x,375,1991-01-02,2022-03-01,0.24266666666666667,0.49866666666666665,0.42933333333333334,-0.10474454467217298,0.10999894171452684,-0.9044005456289059,-0.9140028932864739,0.6106455175423215,1.0,20.0,-0.5646406123326131,0.12184873949579832,0.6346666666666667,,0.05,1.0,6,3.0
dca,"WTI (Dec, CRUDE_W)",step5.0%_tp2%_v1.0_m6_ladder6.0x,375,1991-01-02,2022-03-01,0.5573333333333333,0.664,0.6586666666666666,-0.2758517301274883,-0.76680488733465,-0.829932713803329,-0.8744536563692114,1.2212910350846298,1.0,14.0,-0.8170089324458369,0.3284313725490196,0.544,,0.05,1.0,6,6.0
dca,"WTI (Dec, CRUDE_W)",step5.0%_tp2%_v1.5_m6_ladder3.0x,375,1991-01-02,2022-03-01,0.20266666666666666,0.31733333333333336,0.32,-0.12343737671290089,0.06916156769732273,-0.8985022707225809,-0.9014945610405365,0.22192789958068193,1.0,27.0,-0.257895977832585,0.10583941605839416,0.7306666666666667,,0.05,1.5,6,3.0
dca,"WTI (Dec, CRUDE_W)",step5.0%_tp2%_v1.5_m6_ladder6.0x,375,1991-01-02,2022-03-01,0.4026666666666667,0.4826666666666667,0.5093333333333333,-0.22866283170686608,-0.007153426967303589,-0.8513616742184742,-0.8591270067756939,0.4178485497519562,1.0,21.0,-0.4933175762177523,0.21311475409836064,0.6506666666666666,,0.05,1.5,6,6.0
dca,"WTI (Dec, CRUDE_W)",step5.0%_tp2%_v2.0_m6_ladder3.0x,375,1991-01-02,2022-03-01,0.2,0.30133333333333334,0.2853333333333333,-0.14881984348375032,0.03604975491348239,-0.8960422172054402,-0.8995575075554119,0.1529975460567472,1.0,29.0,-0.14785580571440815,0.10069444444444445,0.768,,0.05,2.0,6,3.0
dca,"WTI (Dec, CRUDE_W)",step5.0%_tp2%_v2.0_m6_ladder6.0x,375,1991-01-02,2022-03-01,0.368,0.37866666666666665,0.43466666666666665,-0.2266844413264325,0.024369394610697537,-0.7413918615135198,-0.9001461194848497,0.2598735984714058,1.0,24.0,-0.29484111597557316,0.19230769230769232,0.6933333333333334,,0.05,2.0,6,6.0
grid,"WTI (Dec, CRUDE_W)",step8.0%_lot0.25x_n5,375,1991-01-02,2022-03-01,0.032,0.13066666666666665,0.38666666666666666,0.012408389422464916,0.0507504944667414,-0.5841605305752318,-0.9674339740676795,0.6793103971456274,1.0,8.0,-0.22814461780213446,0.03319502074688797,0.6426666666666667,,0.08,0.25,5,1.25
grid_hedged,"WTI (Dec, CRUDE_W)",step8.0%_lot0.25x_n5,375,1991-01-02,2022-03-01,0.18666666666666668,0.3333333333333333,0.7946666666666666,-0.2973186352389936,-0.21731629548237352,-0.8745415388435598,-0.8935881719196443,0.22552037622825982,1.0,13.0,-0.3531354009380877,0.024096385542168676,0.22133333333333333,,0.08,0.25,5,1.25
grid,"WTI (Dec, CRUDE_W)",step8.0%_lot0.25x_n10,375,1991-01-02,2022-03-01,0.06666666666666667,0.192,0.376,0.006268437558120787,0.06312986609336813,-0.8938348969385554,-0.9602986265564101,0.6793103971456274,1.0,9.0,-0.22814461780213446,0.04132231404958678,0.6453333333333333,,0.08,0.25,10,2.5
grid_hedged,"WTI (Dec, CRUDE_W)",step8.0%_lot0.25x_n10,375,1991-01-02,2022-03-01,0.272,0.4266666666666667,0.76,-0.30668529810801015,-0.1847914613934074,-0.8377869901501491,-0.9366352147504292,0.23015542239522402,1.0,14.0,-0.4228746521197656,0.022727272727272728,0.23466666666666666,,0.08,0.25,10,2.5
grid,"WTI (Dec, CRUDE_W)",step8.0%_lot0.5x_n5,375,1991-01-02,2022-03-01,0.15733333333333333,0.3253333333333333,0.4026666666666667,0.034838741575227594,0.09936166697166215,-0.9366378776362476,-0.9454004189843993,1.3586207942912512,1.0,8.0,-0.4199020081849395,0.07053941908713693,0.6426666666666667,,0.08,0.5,5,2.5
grid_hedged,"WTI (Dec, CRUDE_W)",step8.0%_lot0.5x_n5,375,1991-01-02,2022-03-01,0.4053333333333333,0.6373333333333333,0.7946666666666666,-0.41066633794572327,-0.46795593780094,-0.8334106427623708,-0.9580635356616451,0.45104075245652386,1.0,11.0,-0.6875536912194324,0.047619047619047616,0.224,,0.08,0.5,5,2.5
grid,"WTI (Dec, CRUDE_W)",step8.0%_lot0.5x_n10,375,1991-01-02,2022-03-01,0.20533333333333334,0.328,0.416,0.011752357069421127,0.09579138812755583,-0.9033809886252719,-0.9120724100363325,1.3586207942912512,1.0,8.0,-0.4199020081849395,0.08677685950413223,0.6453333333333333,,0.08,0.5,10,5.0
grid_hedged,"WTI (Dec, CRUDE_W)",step8.0%_lot0.5x_n10,375,1991-01-02,2022-03-01,0.49333333333333335,0.6533333333333333,0.7786666666666666,-0.41635526774224607,-0.7025758589351132,-0.8851383713960431,-0.9086699722182991,0.4659818674620224,1.0,10.0,-0.7477048497299836,0.14772727272727273,0.23466666666666666,,0.08,0.5,10,5.0
grid,"WTI (Dec, CRUDE_W)",step8.0%_lot1.0x_n5,375,1991-01-02,2022-03-01,0.3973333333333333,0.5786666666666667,0.5253333333333333,0.037507574679092714,-0.064611189473476,-0.8662530346670412,-0.8748709369547124,2.7172415885825045,1.0,5.0,-0.7436740921982391,0.20353982300884957,0.6026666666666667,,0.08,1.0,5,5.0
grid_hedged,"WTI (Dec, CRUDE_W)",step8.0%_lot1.0x_n5,375,1991-01-02,2022-03-01,0.7013333333333334,0.8053333333333333,0.848,-0.49326209633809803,-0.6823247293445708,-0.8486561662727772,-0.8760865334124411,0.8579353922106807,1.0,6.0,-0.7272491510425336,0.35294117647058826,0.22666666666666666,,0.08,1.0,5,5.0
grid,"WTI (Dec, CRUDE_W)",step8.0%_lot1.0x_n10,375,1991-01-02,2022-03-01,0.3973333333333333,0.5786666666666667,0.5253333333333333,0.037507574679092714,-0.064611189473476,-0.8662530346670412,-0.8748709369547124,2.7172415885825045,1.0,5.0,-0.7436740921982391,0.20353982300884957,0.6026666666666667,,0.08,1.0,10,10.0
grid_hedged,"WTI (Dec, CRUDE_W)",step8.0%_lot1.0x_n10,375,1991-01-02,2022-03-01,0.704,0.8053333333333333,0.848,-0.4907519478301229,-0.6826240142203162,-0.8402936161535879,-0.8657381025513411,0.8579353922106807,1.0,6.0,-0.7272491510425336,0.36470588235294116,0.22666666666666666,,0.08,1.0,10,10.0
martingale,"WTI (Dec, CRUDE_W)",step8.0%_base0.25x_k4,375,1991-01-02,2022-03-01,0.02666666666666667,0.088,0.18933333333333333,0.08109495795111443,0.11173254769247709,-0.5915395308483514,-0.9512770578850205,0.6420361580535081,0.5555555555555556,17.0,-0.169474018002156,0.007067137809187279,0.7546666666666667,1.0,0.08,0.25,4,4.0
martingale,"WTI (Dec, CRUDE_W)",step8.0%_base0.25x_k8,375,1991-01-02,2022-03-01,0.09333333333333334,0.112,0.18666666666666668,0.05720221325728714,0.11173254769247709,-0.8056051711408332,-0.8671748443058102,0.6420361580535081,0.5555555555555556,17.0,-0.169474018002156,0.05653710247349823,0.7546666666666667,1.0,0.08,0.25,8,9.0
martingale,"WTI (Dec, CRUDE_W)",step8.0%_base0.5x_k4,375,1991-01-02,2022-03-01,0.08266666666666667,0.17333333333333334,0.23466666666666666,0.17983673877602535,0.2074566600288521,-0.7794846992168908,-0.8756393540459911,1.284072316107025,0.5555555555555556,17.0,-0.30725893444331154,0.039568345323741004,0.7413333333333333,1.0,0.08,0.5,4,8.0
martingale,"WTI (Dec, CRUDE_W)",step8.0%_base0.5x_k8,375,1991-01-02,2022-03-01,0.104,0.18666666666666668,0.232,0.17266274223335487,0.2074566600288521,-0.7736117308040371,-0.8756393540459911,1.284072316107025,0.5555555555555556,17.0,-0.30725893444331154,0.0683453237410072,0.7413333333333333,1.0,0.08,0.5,8,9.0
martingale,"WTI (Dec, CRUDE_W)",step8.0%_base1.0x_k4,375,1991-01-02,2022-03-01,0.208,0.35733333333333334,0.36533333333333334,0.2523255168434346,0.2697109468546579,-0.805078150116267,-0.9357168080931455,2.5681446322140435,0.5555555555555556,16.0,-0.5074288000574269,0.0846774193548387,0.6613333333333333,1.0,0.08,1.0,4,9.0
martingale,"WTI (Dec, CRUDE_W)",step8.0%_base1.0x_k8,375,1991-01-02,2022-03-01,0.21866666666666668,0.36533333333333334,0.36533333333333334,0.25166701547291126,0.2697109468546579,-0.7925950958152117,-0.9357168080931455,2.5681446322140435,0.5555555555555556,16.0,-0.5074288000574269,0.10080645161290322,0.6613333333333333,1.0,0.08,1.0,8,9.0
dca,"WTI (Dec, CRUDE_W)",step8.0%_tp2%_v1.0_m6_ladder3.0x,375,1991-01-02,2022-03-01,0.21066666666666667,0.27466666666666667,0.392,-0.10758209750169534,0.07468803613726371,-0.9017575288690316,-0.9112291686005113,0.4545593466000011,1.0,18.0,-0.39083047808707916,0.0912863070539419,0.6426666666666667,,0.08,1.0,6,3.0
dca,"WTI (Dec, CRUDE_W)",step8.0%_tp2%_v1.0_m6_ladder6.0x,375,1991-01-02,2022-03-01,0.3253333333333333,0.5786666666666667,0.47733333333333333,-0.10431631857863033,0.04399618254433579,-0.8726718161871135,-0.8812367374668667,0.9091186931999875,1.0,16.0,-0.7299636217734073,0.1232876712328767,0.584,,0.08,1.0,6,6.0
dca,"WTI (Dec, CRUDE_W)",step8.0%_tp2%_v1.5_m6_ladder3.0x,375,1991-01-02,2022-03-01,0.12,0.20266666666666666,0.2773333333333333,-0.08528065881387104,0.04422122953233587,-0.896096198315212,-0.8990619695466385,0.1663461805151567,1.0,23.0,-0.16321614348675362,0.04744525547445255,0.7306666666666667,,0.08,1.5,6,3.0
dca,"WTI (Dec, CRUDE_W)",step8.0%_tp2%_v1.5_m6_ladder6.0x,375,1991-01-02,2022-03-01,0.208,0.28,0.328,-0.10541821159049869,0.07248767424603297,-0.8540445572684456,-0.8578715869893232,0.3244732530378509,1.0,23.0,-0.32329640709024354,0.10780669144981413,0.7173333333333334,,0.08,1.5,6,6.0
dca,"WTI (Dec, CRUDE_W)",step8.0%_tp2%_v2.0_m6_ladder3.0x,375,1991-01-02,2022-03-01,0.029333333333333333,0.10666666666666667,0.15466666666666667,-0.0075321578799747435,0.02343445642947084,-0.15421782770878723,-0.8930596045481292,0.1452421923806988,1.0,28.0,-0.05756489159728706,0.0,0.8026666666666666,,0.08,2.0,6,3.0
dca,"WTI (Dec, CRUDE_W)",step8.0%_tp2%_v2.0_m6_ladder6.0x,375,1991-01-02,2022-03-01,0.112,0.168,0.21066666666666667,-0.036114505411557696,0.04416845021641058,-0.7382042434050209,-0.8942711745051295,0.2904843847614085,1.0,27.0,-0.11445223059478127,0.06484641638225255,0.7813333333333333,,0.08,2.0,6,6.0
grid,Brent (BRENT_W),step1.5%_lot0.25x_n5,375,1991-01-02,2022-03-01,0.112,0.4533333333333333,0.648,-0.21485757030842945,-0.14409752137839194,-0.9772894835744369,-0.9875223533374068,0.9796852499717883,1.0,43.0,-0.535226536896424,0.07971014492753623,0.368,,0.015,0.25,5,1.25
grid_hedged,Brent (BRENT_W),step1.5%_lot0.25x_n5,375,1991-01-02,2022-03-01,0.344,0.8053333333333333,1.0,-0.6786458318494569,-0.7011023960378735,-0.914846491104294,-0.9804638278973544,-0.07386826558137483,1.0,69.0,-0.7470078666912514,,0.0,,0.015,0.25,5,1.25
grid,Brent (BRENT_W),step1.5%_lot0.25x_n10,375,1991-01-02,2022-03-01,0.504,0.8,0.68,-0.3912550207570731,-0.676640698746546,-0.9285162820431128,-0.931200419951259,0.7882218205864977,1.0,72.0,-0.8618508916558643,0.36024844720496896,0.42933333333333334,,0.015,0.25,10,2.5
grid_hedged,Brent (BRENT_W),step1.5%_lot0.25x_n10,375,1991-01-02,2022-03-01,0.8053333333333333,0.9386666666666666,1.0,-0.7871567702749812,-0.8275734106029895,-0.9334318331634179,-0.9432387390928738,-0.05015301147221418,1.0,72.0,-0.831258520969823,0.5,0.005333333333333333,,0.015,0.25,10,2.5
grid,Brent (BRENT_W),step1.5%_lot0.5x_n5,375,1991-01-02,2022-03-01,0.536,0.8346666666666667,0.7066666666666667,-0.39918267602959256,-0.8001660010797879,-0.9237513002607893,-0.9253436851783423,1.1283825903003466,1.0,39.0,-0.8966046931327625,0.3656716417910448,0.35733333333333334,,0.015,0.5,5,2.5
grid_hedged,Brent (BRENT_W),step1.5%_lot0.5x_n5,375,1991-01-02,2022-03-01,0.8346666666666667,0.9786666666666667,1.0,-0.8109123762029656,-0.8305361428460221,-0.931694893154925,-0.9394523071606432,-0.14773653116274343,1.0,43.0,-0.8346100146227456,,0.0,,0.015,0.5,5,2.5
grid,Brent (BRENT_W),step1.5%_lot0.5x_n10,375,1991-01-02,2022-03-01,0.8906666666666667,0.9333333333333333,0.9093333333333333,-0.5955180398815825,-0.7629682213018535,-0.8081624493710243,-0.8567518845809692,1.246610466918559,1.0,40.0,-0.8018968871818941,0.8037383177570093,0.2853333333333333,,0.015,0.5,10,5.0
grid_hedged,Brent (BRENT_W),step1.5%_lot0.5x_n10,375,1991-01-02,2022-03-01,0.968,0.992,0.9973333333333333,-0.7294676917885936,-0.7244323776533357,-0.8140997192342126,-0.8335090608042648,0.20131516736941224,1.0,34.0,-0.7309906531531598,0.8571428571428571,0.037333333333333336,,0.015,0.5,10,5.0
grid,Brent (BRENT_W),step1.5%_lot1.0x_n5,375,1991-01-02,2022-03-01,0.9146666666666666,0.952,0.928,-0.6124844354162144,-0.7642660013318137,-0.7985438643586741,-0.8828065420271598,2.0063358039276533,1.0,20.0,-0.8037918377903266,0.8,0.18666666666666668,,0.015,1.0,5,5.0
grid_hedged,Brent (BRENT_W),step1.5%_lot1.0x_n5,375,1991-01-02,2022-03-01,0.9893333333333333,1.0,1.0,-0.7385812868296435,-0.7248274534041236,-0.8075944812606237,-0.8274249699081572,-0.17619578342685072,1.0,18.0,-0.7285388583562982,1.0,0.0026666666666666666,,0.015,1.0,5,5.0
grid,Brent (BRENT_W),step1.5%_lot1.0x_n10,375,1991-01-02,2022-03-01,0.984,0.872,0.984,-0.5660398962302833,-0.663999842934033,-0.7328679910627389,-0.8834896103230533,2.2933367952370824,1.0,18.0,-0.7236576336371944,0.9591836734693877,0.13066666666666665,,0.015,1.0,10,10.0
grid_hedged,Brent (BRENT_W),step1.5%_lot1.0x_n10,375,1991-01-02,2022-03-01,1.0,0.984,1.0,-0.6515524298955929,-0.6566086873087209,-0.7112527257391352,-0.8006813833602914,-0.4382366843932223,1.0,16.0,-0.6729126161913777,1.0,0.021333333333333333,,0.015,1.0,10,10.0
martingale,Brent (BRENT_W),step1.5%_base0.25x_k4,375,1991-01-02,2022-03-01,0.0,0.096,0.576,-0.05901220824873965,-0.04953977713117974,-0.47472713891323715,-0.7377861050212895,0.5769187746630349,0.5238095238095238,214.0,-0.22491450624932052,0.0,0.45866666666666667,0.9736842105263158,0.015,0.25,4,4.0
martingale,Brent (BRENT_W),step1.5%_base0.25x_k8,375,1991-01-02,2022-03-01,0.0,0.2613333333333333,0.584,-0.11628581737617516,-0.12000024304392887,-0.7034486955039969,-0.8614123704692855,0.6371192303153119,0.5238095238095238,214.0,-0.36416898745957027,0.0,0.5493333333333333,1.0,0.015,0.25,8,9.0
martingale,Brent (BRENT_W),step1.5%_base0.5x_k4,375,1991-01-02,2022-03-01,0.0,0.32266666666666666,0.5706666666666667,-0.10681720667051586,-0.10264076410654421,-0.7537918842846518,-0.947300657975088,1.1414631223845055,0.5238095238095238,214.0,-0.4055761184543746,0.0,0.44533333333333336,0.9736842105263158,0.015,0.5,4,8.0
martingale,Brent (BRENT_W),step1.5%_base0.5x_k8,375,1991-01-02,2022-03-01,0.0,0.432,0.6426666666666667,-0.1572572786656512,-0.19443395295157861,-0.8937416153457197,-0.9745526740412193,1.2461744508333927,0.5238095238095238,214.0,-0.5083828899357709,0.0,0.4746666666666667,1.0,0.015,0.5,8,9.0
martingale,Brent (BRENT_W),step1.5%_base1.0x_k4,375,1991-01-02,2022-03-01,0.0,0.528,0.6293333333333333,-0.13154390809984517,-0.26284248199584526,-0.942459359287257,-0.9916681570859377,2.0480480114933286,0.5238095238095238,214.0,-0.6171368992464052,0.0,0.44266666666666665,0.9736842105263158,0.015,1.0,4,9.0
martingale,Brent (BRENT_W),step1.5%_base1.0x_k8,375,1991-01-02,2022-03-01,0.0,0.5786666666666667,0.6453333333333333,-0.16379403010682636,-0.3984352454614717,-0.9648165403584468,-0.9936513232369129,2.3631059279439257,0.5238095238095238,214.0,-0.7090567582989746,0.0,0.42933333333333334,1.0,0.015,1.0,8,9.0
dca,Brent (BRENT_W),step1.5%_tp2%_v1.0_m6_ladder3.0x,375,1991-01-02,2022-03-01,0.43466666666666665,0.68,0.624,-0.28103277748205335,-0.33463522858676686,-0.9098773772729113,-0.9402693594145282,1.2283745158616242,1.0,16.0,-0.814096116260421,0.15568862275449102,0.44533333333333336,,0.015,1.0,6,3.0
dca,Brent (BRENT_W),step1.5%_tp2%_v1.0_m6_ladder6.0x,375,1991-01-02,2022-03-01,0.7786666666666666,0.8746666666666667,0.8026666666666666,-0.4008969121813476,-0.7427707499641939,-0.7871461758876589,-0.8384173732599489,2.4567490317232554,1.0,8.0,-0.7767468655747138,0.36792452830188677,0.2826666666666667,,0.015,1.0,6,6.0
dca,Brent (BRENT_W),step1.5%_tp2%_v1.5_m6_ladder3.0x,375,1991-01-02,2022-03-01,0.432,0.6586666666666666,0.584,-0.27514400575856846,-0.2775166098237425,-0.9045097173095504,-0.920005628840982,0.8146483574873924,1.0,23.0,-0.8117438006929241,0.11891891891891893,0.49333333333333335,,0.015,1.5,6,3.0
dca,Brent (BRENT_W),step1.5%_tp2%_v1.5_m6_ladder6.0x,375,1991-01-02,2022-03-01,0.7546666666666667,0.864,0.7893333333333333,-0.41068138709766966,-0.740395725501273,-0.7722536050892292,-0.8573011090744378,1.6292967149747675,1.0,13.0,-0.7639604082759042,0.358974358974359,0.312,,0.015,1.5,6,6.0
dca,Brent (BRENT_W),step1.5%_tp2%_v2.0_m6_ladder3.0x,375,1991-01-02,2022-03-01,0.44,0.672,0.5786666666666667,-0.303411836923295,-0.3358239219188528,-0.9044701304226493,-0.9116847359260354,0.6885803782299407,1.0,27.0,-0.8193329213358505,0.1518324607329843,0.5093333333333333,,0.015,2.0,6,3.0
dca,Brent (BRENT_W),step1.5%_tp2%_v2.0_m6_ladder6.0x,375,1991-01-02,2022-03-01,0.784,0.864,0.808,-0.46503626286129096,-0.7398984033995559,-0.7655244963719218,-0.9638062056957676,1.3771607564599027,1.0,16.0,-0.7585202308900684,0.4426229508196721,0.3253333333333333,,0.015,2.0,6,6.0
grid,Brent (BRENT_W),step3.0%_lot0.25x_n5,375,1991-01-02,2022-03-01,0.08,0.3413333333333333,0.5226666666666666,-0.09976821752253684,-0.01615618818526743,-0.9500942809646885,-0.9861937755256223,1.2498626208581745,1.0,27.0,-0.4599239206561563,0.05472636815920398,0.536,,0.03,0.25,5,1.25
grid_hedged,Brent (BRENT_W),step3.0%_lot0.25x_n5,375,1991-01-02,2022-03-01,0.288,0.6506666666666666,0.9946666666666667,-0.5701199570702006,-0.5638942183675099,-0.8915396090485519,-0.9746456709021751,0.04292174455100861,1.0,43.0,-0.6344219501224575,0.04,0.06666666666666667,,0.03,0.25,5,1.25
grid,Brent (BRENT_W),step3.0%_lot0.25x_n10,375,1991-01-02,2022-03-01,0.32266666666666666,0.536,0.4693333333333333,-0.1507948961735246,0.059165394999251664,-0.9372838404437231,-0.9425513869567723,1.3710963160369105,1.0,38.0,-0.6624520847794209,0.1590909090909091,0.5866666666666667,,0.03,0.25,10,2.5
grid_hedged,Brent (BRENT_W),step3.0%_lot0.25x_n10,375,1991-01-02,2022-03-01,0.704,0.856,0.952,-0.6874228842096743,-0.8126467698160171,-0.9431565444407772,-0.9527740950784668,0.4710029332664285,1.0,44.0,-0.8187781286204151,0.4,0.13333333333333333,,0.03,0.25,10,2.5
grid,Brent (BRENT_W),step3.0%_lot0.5x_n5,375,1991-01-02,2022-03-01,0.4026666666666667,0.6506666666666666,0.56,-0.1734870143083458,-0.1846983752413489,-0.9284701381376383,-0.9319407048673432,2.499725241716347,1.0,26.0,-0.8126287651507629,0.2,0.5333333333333333,,0.03,0.5,5,2.5
grid_hedged,Brent (BRENT_W),step3.0%_lot0.5x_n5,375,1991-01-02,2022-03-01,0.7466666666666667,0.896,0.9946666666666667,-0.7468295251377146,-0.8185668182971837,-0.9399384105056556,-0.9546301305333657,0.08584348910201123,1.0,29.0,-0.8250193071857503,0.52,0.06666666666666667,,0.03,0.5,5,2.5
grid,Brent (BRENT_W),step3.0%_lot0.5x_n10,375,1991-01-02,2022-03-01,0.6,0.8,0.6266666666666667,-0.21986246553185418,-0.7147799023913173,-0.8303508804022514,-0.8637772141812439,2.302942662603513,1.0,30.0,-0.8187550255001733,0.3282051282051282,0.52,,0.03,0.5,10,5.0
grid_hedged,Brent (BRENT_W),step3.0%_lot0.5x_n10,375,1991-01-02,2022-03-01,0.88,0.9493333333333334,0.944,-0.6703472853866779,-0.7353466009949039,-0.8317578879197598,-0.8659122576712802,0.9284932247117905,1.0,25.0,-0.7472270543926111,0.5714285714285714,0.13066666666666665,,0.03,0.5,10,5.0
grid,Brent (BRENT_W),step3.0%_lot1.0x_n5,375,1991-01-02,2022-03-01,0.808,0.848,0.8266666666666667,-0.4153507622602578,-0.7594972828316764,-0.8069277594548414,-0.8384809794758665,2.943811764844479,1.0,15.0,-0.814223062759585,0.572463768115942,0.368,,0.03,1.0,5,5.0
grid_hedged,Brent (BRENT_W),step3.0%_lot1.0x_n5,375,1991-01-02,2022-03-01,0.936,0.9813333333333333,0.976,-0.7024964493211923,-0.7121014059048179,-0.8238517530723001,-0.8434513584542804,0.3488736154234817,1.0,15.0,-0.7367664429746343,0.7272727272727273,0.088,,0.03,1.0,5,5.0
grid,Brent (BRENT_W),step3.0%_lot1.0x_n10,375,1991-01-02,2022-03-01,0.888,0.8266666666666667,0.8906666666666667,-0.4613184556925982,-0.7007425992999066,-0.7755590524309287,-0.8384809794758665,2.6473740404028026,1.0,14.0,-0.7798172381089781,0.7086614173228346,0.33866666666666667,,0.03,1.0,10,10.0
grid_hedged,Brent (BRENT_W),step3.0%_lot1.0x_n10,375,1991-01-02,2022-03-01,0.968,0.968,0.9733333333333334,-0.6478345357299284,-0.6926205924987425,-0.7693447225836629,-0.8102149198424788,0.8423453901962381,1.0,14.0,-0.7071856789097175,0.8108108108108109,0.09866666666666667,,0.03,1.0,10,10.0
martingale,Brent (BRENT_W),step3.0%_base0.25x_k4,375,1991-01-02,2022-03-01,0.0,0.10666666666666667,0.432,0.00672818687475063,0.05354487474111358,-0.6030925226739352,-0.9001394745145199,1.0956232329343147,0.5301204819277109,103.0,-0.3058383164417784,0.0,0.568,0.9795918367346939,0.03,0.25,4,4.0
martingale,Brent (BRENT_W),step3.0%_base0.25x_k8,375,1991-01-02,2022-03-01,0.0,0.43466666666666665,0.5573333333333333,-0.11812305295569447,-0.08040344046260839,-0.8649072486149384,-0.9872861722020447,1.0956232329343147,0.5301204819277109,103.0,-0.5277060146751329,0.0,0.6026666666666667,1.0,0.03,0.25,8,9.0
martingale,Brent (BRENT_W),step3.0%_base0.5x_k4,375,1991-01-02,2022-03-01,0.0,0.39466666666666667,0.48,0.01631245480247623,0.021458652931370725,-0.9342070294976877,-0.9925833013170522,1.6428645255434193,0.5301204819277109,103.0,-0.5227094671147645,0.0,0.568,0.9795918367346939,0.03,0.5,4,8.0
martingale,Brent (BRENT_W),step3.0%_base0.5x_k8,375,1991-01-02,2022-03-01,0.0,0.5146666666666667,0.552,-0.10073175743185447,-0.08475248291384141,-0.958136946619679,-0.9965271056271992,1.6428645255434193,0.5301204819277109,103.0,-0.6420459252361759,0.0,0.5626666666666666,1.0,0.03,0.5,8,9.0
martingale,Brent (BRENT_W),step3.0%_base1.0x_k4,375,1991-01-02,2022-03-01,0.0,0.624,0.5573333333333333,-0.03741619042037758,-0.25875631900519236,-0.982358487503842,-0.9995286305218022,2.701131007606476,0.5301204819277109,103.0,-0.7544889956824681,0.0,0.49066666666666664,0.9795918367346939,0.03,1.0,4,9.0
martingale,Brent (BRENT_W),step3.0%_base1.0x_k8,375,1991-01-02,2022-03-01,0.0,0.6773333333333333,0.5946666666666667,-0.13596110063615896,-0.33020480178339695,-0.9871531991606327,-0.9992541270505476,2.701131007606476,0.5301204819277109,103.0,-0.8254061143080618,0.0,0.44533333333333336,1.0,0.03,1.0,8,9.0
dca,Brent (BRENT_W),step3.0%_tp2%_v1.0_m6_ladder3.0x,375,1991-01-02,2022-03-01,0.4026666666666667,0.6106666666666667,0.5466666666666666,-0.23260775253548416,-0.17391439344676574,-0.9071535075749371,-0.9250163032142475,0.9119236940532649,1.0,20.0,-0.7507782036705742,0.1188118811881188,0.5386666666666666,,0.03,1.0,6,3.0
dca,Brent (BRENT_W),step3.0%_tp2%_v1.0_m6_ladder6.0x,375,1991-01-02,2022-03-01,0.6986666666666667,0.816,0.7226666666666667,-0.32794304158013776,-0.7535027762169066,-0.7878526156842504,-0.8789701235408824,1.823847388106537,1.0,13.0,-0.7891246376142504,0.3333333333333333,0.392,,0.03,1.0,6,6.0
dca,Brent (BRENT_W),step3.0%_tp2%_v1.5_m6_ladder3.0x,375,1991-01-02,2022-03-01,0.384,0.5626666666666666,0.5226666666666666,-0.2668225660692274,-0.06342666069039993,-0.9002766540089565,-0.906506044979809,0.5353403872729297,1.0,29.0,-0.7638445757573495,0.13596491228070176,0.608,,0.03,1.5,6,3.0
dca,Brent (BRENT_W),step3.0%_tp2%_v1.5_m6_ladder6.0x,375,1991-01-02,2022-03-01,0.68,0.84,0.7226666666666667,-0.37313654545616415,-0.7390477489445071,-0.7549508888667276,-0.8517849386568022,1.057337743327214,1.0,17.0,-0.7499665045906264,0.3392857142857143,0.448,,0.03,1.5,6,6.0
dca,Brent (BRENT_W),step3.0%_tp2%_v2.0_m6_ladder3.0x,375,1991-01-02,2022-03-01,0.32,0.48533333333333334,0.43733333333333335,-0.22562139846716223,0.05869655492510262,-0.8995571052568749,-0.9068634769383457,0.4357421177614158,1.0,35.0,-0.5303592345329824,0.1532258064516129,0.6613333333333333,,0.03,2.0,6,3.0
dca,Brent (BRENT_W),step3.0%_tp2%_v2.0_m6_ladder6.0x,375,1991-01-02,2022-03-01,0.6933333333333334,0.816,0.7253333333333334,-0.41897408447968776,-0.739058292930554,-0.7503145703026688,-0.8965818291868544,0.87148423552285,1.0,20.0,-0.7472638803312983,0.43315508021390375,0.49866666666666665,,0.03,2.0,6,6.0
grid,Brent (BRENT_W),step5.0%_lot0.25x_n5,375,1991-01-02,2022-03-01,0.05333333333333334,0.2826666666666667,0.42933333333333334,-0.024074769841732624,0.057823500173613596,-0.9331905511381822,-0.983216968011622,1.1224002793176298,1.0,17.0,-0.3878844096688093,0.0423728813559322,0.6293333333333333,,0.05,0.25,5,1.25
grid_hedged,Brent (BRENT_W),step5.0%_lot0.25x_n5,375,1991-01-02,2022-03-01,0.25066666666666665,0.5626666666666666,0.944,-0.4807147713957076,-0.44965833521527676,-0.8867938089192254,-0.9745218849629439,0.3054829535019361,1.0,28.0,-0.5680190976179942,0.05,0.16,,0.05,0.25,5,1.25
grid,Brent (BRENT_W),step5.0%_lot0.25x_n10,375,1991-01-02,2022-03-01,0.2613333333333333,0.41333333333333333,0.41333333333333333,-0.08961510452841015,0.09733619634767665,-0.9465369063206561,-0.9552954924254353,1.1224002793176298,1.0,20.0,-0.4652166943070476,0.11522633744855967,0.648,,0.05,0.25,10,2.5
grid_hedged,Brent (BRENT_W),step5.0%_lot0.25x_n10,375,1991-01-02,2022-03-01,0.576,0.7786666666666666,0.9013333333333333,-0.580055048946263,-0.7915503296866427,-0.9500633667929269,-0.9635758410215817,0.5467281234461054,1.0,25.0,-0.8011671523414632,0.18840579710144928,0.184,,0.05,0.25,10,2.5
grid,Brent (BRENT_W),step5.0%_lot0.5x_n5,375,1991-01-02,2022-03-01,0.32266666666666666,0.536,0.4613333333333333,-0.029687688734777562,0.07573167524634039,-0.9332478026420227,-0.9462021828623203,2.2448005586352604,1.0,16.0,-0.6889001256202596,0.15319148936170213,0.6266666666666667,,0.05,0.5,5,2.5
grid_hedged,Brent (BRENT_W),step5.0%_lot0.5x_n5,375,1991-01-02,2022-03-01,0.6453333333333333,0.8373333333333334,0.9466666666666667,-0.6620717044911721,-0.8081193649220748,-0.9459426252235082,-0.9569369869067217,0.6109659070038727,1.0,19.0,-0.8173544928906193,0.2033898305084746,0.15733333333333333,,0.05,0.5,5,2.5
grid,Brent (BRENT_W),step5.0%_lot0.5x_n10,375,1991-01-02,2022-03-01,0.47733333333333333,0.5466666666666666,0.5306666666666666,-0.1029174464967838,-0.2363785573259649,-0.8760195189932575,-0.9022614841463382,2.2448005586352604,1.0,15.0,-0.8259893667835254,0.22943722943722944,0.616,,0.05,0.5,10,5.0
grid_hedged,Brent (BRENT_W),step5.0%_lot0.5x_n10,375,1991-01-02,2022-03-01,0.8186666666666667,0.8773333333333333,0.9173333333333333,-0.6392412805822398,-0.7501750725282148,-0.86670715011175,-0.8950573939527243,0.9396261568540978,1.0,17.0,-0.7702796026696971,0.5294117647058824,0.18133333333333335,,0.05,0.5,10,5.0
grid,Brent (BRENT_W),step5.0%_lot1.0x_n5,375,1991-01-02,2022-03-01,0.624,0.7386666666666667,0.6533333333333333,-0.057933732733044696,-0.7279555720044704,-0.8175743990352967,-0.9030850101319277,4.489601117270519,1.0,10.0,-0.8156444445103899,0.3193717277486911,0.5093333333333333,,0.05,1.0,5,5.0
grid_hedged,Brent (BRENT_W),step5.0%_lot1.0x_n5,375,1991-01-02,2022-03-01,0.8693333333333333,0.9413333333333334,0.9413333333333334,-0.6450872536173904,-0.721623406250717,-0.8351656998025841,-0.8654669632204011,1.1620694096812376,1.0,11.0,-0.7438004743030977,0.5166666666666667,0.16,,0.05,1.0,5,5.0
grid,Brent (BRENT_W),step5.0%_lot1.0x_n10,375,1991-01-02,2022-03-01,0.64,0.7386666666666667,0.6613333333333333,-0.04898838122658733,-0.7205542355839298,-0.8166583706820435,-0.9030850101319277,4.489601117270519,1.0,10.0,-0.8148377594822366,0.34375,0.512,,0.05,1.0,10,10.0
grid_hedged,Brent (BRENT_W),step5.0%_lot1.0x_n10,375,1991-01-02,2022-03-01,0.9066666666666666,0.9466666666666667,0.936,-0.6344072139906487,-0.7243350426213582,-0.8104972454822996,-0.8654669632204011,1.8193899093816706,1.0,10.0,-0.7399556420953581,0.6875,0.17066666666666666,,0.05,1.0,10,10.0
martingale,Brent (BRENT_W),step5.0%_base0.25x_k4,375,1991-01-02,2022-03-01,0.0,0.21866666666666668,0.408,-0.007305452050249239,0.07522784395852211,-0.744424157332588,-0.9450683406245783,0.8894178841901295,0.5303030303030303,46.0,-0.29262860355085973,0.0,0.704,1.0,0.05,0.25,4,4.0
martingale,Brent (BRENT_W),step5.0%_base0.25x_k8,375,1991-01-02,2022-03-01,0.0,0.27466666666666667,0.336,0.006490721218734841,0.0905195207949554,-0.8624137852511768,-0.9998450713584427,0.8894178841901295,0.5303030303030303,46.0,-0.3362876256881172,0.0,0.7226666666666667,1.0,0.05,0.25,8,9.0
martingale,Brent (BRENT_W),step5.0%_base0.5x_k4,375,1991-01-02,2022-03-01,0.0,0.4026666666666667,0.4186666666666667,-0.02919464958574114,0.10676004336205369,-0.9923342209718263,-0.9998857654992171,1.3427564880487504,0.5303030303030303,46.0,-0.49348830358569784,0.0,0.656,1.0,0.05,0.5,4,8.0
martingale,Brent (BRENT_W),step5.0%_base0.5x_k8,375,1991-01-02,2022-03-01,0.0,0.44,0.42933333333333334,-0.01970806978221784,0.10929015450786905,-0.978052509461375,-0.9999652335926318,1.3427564880487504,0.5303030303030303,46.0,-0.5418047434848339,0.0,0.6586666666666666,1.0,0.05,0.5,8,9.0
martingale,Brent (BRENT_W),step5.0%_base1.0x_k4,375,1991-01-02,2022-03-01,0.034666666666666665,0.64,0.5413333333333333,-0.04002774428580147,-0.13882187643081623,-0.9997139067346839,-0.999973091702602,1.9687729358121273,0.5303030303030303,46.0,-0.7266164657698112,0.004878048780487805,0.5466666666666666,1.0,0.05,1.0,4,9.0
martingale,Brent (BRENT_W),step5.0%_base1.0x_k8,375,1991-01-02,2022-03-01,0.034666666666666665,0.6693333333333333,0.5493333333333333,-0.03519918871382921,-0.17925855569288607,-0.9995085762100803,-0.9999738829413355,1.9687729358121273,0.5303030303030303,46.0,-0.7489408969412219,0.004878048780487805,0.5466666666666666,1.0,0.05,1.0,8,9.0
dca,Brent (BRENT_W),step5.0%_tp2%_v1.0_m6_ladder3.0x,375,1991-01-02,2022-03-01,0.3333333333333333,0.5306666666666666,0.45866666666666667,-0.16315230258515034,0.07778854487293918,-0.9026536012130885,-0.9160848727683351,0.6925984578786502,1.0,22.0,-0.6938746479918401,0.1111111111111111,0.624,,0.05,1.0,6,3.0
dca,Brent (BRENT_W),step5.0%_tp2%_v1.0_m6_ladder6.0x,375,1991-01-02,2022-03-01,0.5573333333333333,0.6933333333333334,0.592,-0.19176563439288052,-0.7663861992326131,-0.8311280931045582,-0.872956470542738,1.3851969157573052,1.0,17.0,-0.8160378390389819,0.27053140096618356,0.552,,0.05,1.0,6,6.0
dca,Brent (BRENT_W),step5.0%_tp2%_v1.5_m6_ladder3.0x,375,1991-01-02,2022-03-01,0.2693333333333333,0.5146666666666667,0.37333333333333335,-0.18486414042842514,0.06776757838208991,-0.898629752923258,-0.9011229574774883,0.2835971942657862,1.0,29.0,-0.6023015016240807,0.13618677042801555,0.6853333333333333,,0.05,1.5,6,3.0
dca,Brent (BRENT_W),step5.0%_tp2%_v1.5_m6_ladder6.0x,375,1991-01-02,2022-03-01,0.5226666666666666,0.5626666666666666,0.552,-0.28685661725173817,-0.7389860388500493,-0.8501056221082998,-0.8585799986191545,0.5671943885315596,1.0,22.0,-0.7454514661933562,0.2765957446808511,0.6266666666666667,,0.05,1.5,6,6.0
dca,Brent (BRENT_W),step5.0%_tp2%_v2.0_m6_ladder3.0x,375,1991-01-02,2022-03-01,0.25866666666666666,0.5013333333333333,0.352,-0.2057210863892841,0.04037829806905524,-0.8967523367657103,-0.9000152581567494,0.21070643682254997,1.0,33.0,-0.525292773765105,0.1263537906137184,0.7386666666666667,,0.05,2.0,6,3.0
dca,Brent (BRENT_W),step5.0%_tp2%_v2.0_m6_ladder6.0x,375,1991-01-02,2022-03-01,0.5173333333333333,0.528,0.544,-0.321622999501307,-0.7374061331694979,-0.7531208556713543,-0.901123925085027,0.4214128736451128,1.0,25.0,-0.7382261459791499,0.291497975708502,0.6586666666666666,,0.05,2.0,6,6.0
grid,Brent (BRENT_W),step8.0%_lot0.25x_n5,375,1991-01-02,2022-03-01,0.04533333333333334,0.264,0.3626666666666667,0.005650157068432637,0.09812638221798808,-0.7923700612582112,-0.9787250356618032,0.9582432121886724,1.0,10.0,-0.2988541525206795,0.04032258064516129,0.6613333333333333,,0.08,0.25,5,1.25
grid_hedged,Brent (BRENT_W),step8.0%_lot0.25x_n5,375,1991-01-02,2022-03-01,0.22933333333333333,0.4746666666666667,0.856,-0.38893532708882916,-0.3548026874210891,-0.878049846533437,-0.9718621510856367,0.47699001100112004,1.0,16.0,-0.49525169858196894,0.07291666666666667,0.256,,0.08,0.25,5,1.25
grid,Brent (BRENT_W),step8.0%_lot0.25x_n10,375,1991-01-02,2022-03-01,0.16266666666666665,0.27466666666666667,0.37066666666666664,-0.05253611749652831,0.11661730083692534,-0.9546105871455005,-0.9657159232067003,0.9582432121886724,1.0,11.0,-0.3042830908721321,0.07142857142857142,0.672,,0.08,0.25,10,2.5
grid_hedged,Brent (BRENT_W),step8.0%_lot0.25x_n10,375,1991-01-02,2022-03-01,0.3973333333333333,0.6293333333333333,0.808,-0.44097591248167345,-0.47452762775041524,-0.9513591314434958,-0.9705438694548101,0.5347718425947974,1.0,16.0,-0.7201466807768524,0.11009174311926606,0.2906666666666667,,0.08,0.25,10,2.5
grid,Brent (BRENT_W),step8.0%_lot0.5x_n5,375,1991-01-02,2022-03-01,0.26666666666666666,0.4693333333333333,0.39466666666666667,0.028887454437454885,0.1811278770030169,-0.9405703659219617,-0.952823265409627,1.9164864243773474,1.0,10.0,-0.560162255393739,0.11740890688259109,0.6586666666666666,,0.08,0.5,5,2.5
grid_hedged,Brent (BRENT_W),step8.0%_lot0.5x_n5,375,1991-01-02,2022-03-01,0.5493333333333333,0.7786666666666666,0.8666666666666667,-0.5597497918552168,-0.7625804882400675,-0.9483279552146856,-0.961389874893585,0.8856371433426731,1.0,13.0,-0.7890851522568547,0.17708333333333334,0.256,,0.08,0.5,5,2.5
grid,Brent (BRENT_W),step8.0%_lot0.5x_n10,375,1991-01-02,2022-03-01,0.29333333333333333,0.49866666666666665,0.4,0.025355561270044236,0.17765465205397457,-0.9075249221343139,-0.9180883975890333,1.9164864243773474,1.0,10.0,-0.5489711535805812,0.12955465587044535,0.6586666666666666,,0.08,0.5,10,5.0
grid_hedged,Brent (BRENT_W),step8.0%_lot0.5x_n10,375,1991-01-02,2022-03-01,0.6933333333333334,0.808,0.8373333333333334,-0.5549829041443536,-0.7511218990806718,-0.892998225891411,-0.9064649766137767,0.9429725186267028,1.0,11.0,-0.7683626599713341,0.3106796116504854,0.27466666666666667,,0.08,0.5,10,5.0
grid,Brent (BRENT_W),step8.0%_lot1.0x_n5,375,1991-01-02,2022-03-01,0.5226666666666666,0.5866666666666667,0.5493333333333333,0.06431478699596038,-0.7294336307750372,-0.8665795525021737,-0.8701102748371901,3.8329728487546983,1.0,7.0,-0.8509394539035733,0.26956521739130435,0.6133333333333333,,0.08,1.0,5,5.0
grid_hedged,Brent (BRENT_W),step8.0%_lot1.0x_n5,375,1991-01-02,2022-03-01,0.832,0.8826666666666667,0.8906666666666667,-0.5834727234412516,-0.6985777356359026,-0.8512340865942066,-0.9103607104371755,1.5590268398266591,1.0,7.0,-0.737227875202014,0.48314606741573035,0.23733333333333334,,0.08,1.0,5,5.0
grid,Brent (BRENT_W),step8.0%_lot1.0x_n10,375,1991-01-02,2022-03-01,0.5226666666666666,0.5866666666666667,0.5493333333333333,0.0649236556239785,-0.7270061412282562,-0.8665795525021737,-0.8701102748371901,3.8329728487546983,1.0,7.0,-0.8509394539035733,0.26956521739130435,0.6133333333333333,,0.08,1.0,10,10.0
grid_hedged,Brent (BRENT_W),step8.0%_lot1.0x_n10,375,1991-01-02,2022-03-01,0.8293333333333334,0.88,0.8826666666666667,-0.5705980033771902,-0.7047422576688764,-0.8438278624306583,-0.9103607104371755,1.5590268398266591,1.0,7.0,-0.737227875202014,0.4835164835164835,0.24266666666666667,,0.08,1.0,10,10.0
martingale,Brent (BRENT_W),step8.0%_base0.25x_k4,375,1991-01-02,2022-03-01,0.037333333333333336,0.18133333333333335,0.28,0.035328770775001406,0.10178286321692798,-0.6345365309352913,-0.9562671317866663,0.7927521960454855,0.5,21.0,-0.3132330293243133,0.017605633802816902,0.7573333333333333,1.0,0.08,0.25,4,4.0
martingale,Brent (BRENT_W),step8.0%_base0.25x_k8,375,1991-01-02,2022-03-01,0.20533333333333334,0.272,0.32266666666666666,-0.04606723848255423,0.09329688935923897,-0.8457938970248651,-0.898677722331096,0.7927521960454855,0.5,20.0,-0.3396379124486718,0.14336917562724014,0.744,1.0,0.08,0.25,8,9.0
martingale,Brent (BRENT_W),step8.0%_base0.5x_k4,375,1991-01-02,2022-03-01,0.2826666666666667,0.448,0.47733333333333333,-0.08201027578470954,0.04470048896187451,-0.8305169441607307,-0.9179861336137956,1.585504392090972,0.5,19.0,-0.535343850824639,0.17578125,0.6826666666666666,1.0,0.08,0.5,4,8.0
martingale,Brent (BRENT_W),step8.0%_base0.5x_k8,375,1991-01-02,2022-03-01,0.34933333333333333,0.5066666666666667,0.5226666666666666,-0.13469140189534057,-0.053484901451998246,-0.8305169441607307,-0.9002491515110039,1.585504392090972,0.5,19.0,-0.6023640967469861,0.23904382470119523,0.6693333333333333,1.0,0.08,0.5,8,9.0
martingale,Brent (BRENT_W),step8.0%_base1.0x_k4,375,1991-01-02,2022-03-01,0.5066666666666667,0.5733333333333334,0.5733333333333334,-0.04868921597375786,-0.3861738099274372,-0.8259777078467944,-0.9001579578882353,2.6475769190708647,0.5098039215686274,16.0,-0.7420942213696718,0.3620689655172414,0.6186666666666667,1.0,0.08,1.0,4,9.0
martingale,Brent (BRENT_W),step8.0%_base1.0x_k8,375,1991-01-02,2022-03-01,0.5546666666666666,0.5706666666666667,0.6026666666666667,-0.07485569539553127,-0.44281170169723316,-0.8251984918735169,-0.8607784263565765,2.6475769190708647,0.5172413793103449,16.0,-0.7459135148644777,0.41409691629955947,0.6053333333333333,1.0,0.08,1.0,8,9.0
dca,Brent (BRENT_W),step8.0%_tp2%_v1.0_m6_ladder3.0x,375,1991-01-02,2022-03-01,0.2986666666666667,0.47733333333333333,0.3893333333333333,-0.14392103100357267,0.10990384405203946,-0.9030044420727331,-0.9107167509539751,0.5848800250622863,1.0,22.0,-0.5280170531789287,0.125,0.6613333333333333,,0.08,1.0,6,3.0
dca,Brent (BRENT_W),step8.0%_tp2%_v1.0_m6_ladder6.0x,375,1991-01-02,2022-03-01,0.496,0.576,0.5493333333333333,-0.20172532985841873,-0.49901583247263837,-0.87314322285523,-0.8788812462952351,1.1697600501245815,1.0,17.0,-0.8315123470736108,0.21524663677130046,0.5946666666666667,,0.08,1.0,6,6.0
dca,Brent (BRENT_W),step8.0%_tp2%_v1.5_m6_ladder3.0x,375,1991-01-02,2022-03-01,0.21866666666666668,0.272,0.2906666666666667,-0.14900680184482884,0.05999915720263793,-0.8997389576975613,-0.90175861985069,0.18910999025545738,1.0,28.0,-0.2809561089720377,0.11149825783972125,0.7653333333333333,,0.08,1.5,6,3.0
dca,Brent (BRENT_W),step8.0%_tp2%_v1.5_m6_ladder6.0x,375,1991-01-02,2022-03-01,0.27466666666666667,0.512,0.3546666666666667,-0.1541693004066107,0.09046001613802579,-0.8556952893923772,-0.9236824187115446,0.31805147547891677,1.0,26.0,-0.5583331338292485,0.13059701492537312,0.7146666666666667,,0.08,1.5,6,6.0
dca,Brent (BRENT_W),step8.0%_tp2%_v2.0_m6_ladder3.0x,375,1991-01-02,2022-03-01,0.18133333333333335,0.21866666666666668,0.22933333333333333,-0.1350064271768051,0.025688705145168633,-0.8985675962655135,-0.8991388925757459,0.13306323123040253,1.0,31.0,-0.07393958021750768,0.09395973154362416,0.7946666666666666,,0.08,2.0,6,3.0
dca,Brent (BRENT_W),step8.0%_tp2%_v2.0_m6_ladder6.0x,375,1991-01-02,2022-03-01,0.2693333333333333,0.27466666666666667,0.312,-0.16874944172160278,0.04069754350679555,-0.8968517680098869,-0.9006349941698425,0.1762586350926565,1.0,30.0,-0.14668707642674628,0.13120567375886524,0.752,,0.08,2.0,6,6.0
grid,NatGas (GAS_US),step1.5%_lot0.25x_n5,375,1991-01-02,2022-03-01,0.3333333333333333,0.8986666666666666,0.9066666666666666,-0.610205029803712,-0.713023776469199,-0.9741890141570929,-0.9883215291023502,0.529865770762296,1.0,34.0,-0.836304575227351,0.43137254901960786,0.136,,0.015,0.25,5,1.25
grid_hedged,NatGas (GAS_US),step1.5%_lot0.25x_n5,375,1991-01-02,2022-03-01,0.44,0.9333333333333333,1.0,-0.7633040187040878,-0.8097344904727428,-0.9585891316044484,-0.9914964717655615,-0.2647360625090648,1.0,77.0,-0.8297416209866889,,0.0,,0.015,0.25,5,1.25
grid,NatGas (GAS_US),step1.5%_lot0.25x_n10,375,1991-01-02,2022-03-01,0.8986666666666666,0.9973333333333333,0.9626666666666667,-0.8024893679179137,-0.8861028947471236,-0.9301991567538825,-0.9360848054103795,0.7792212005808248,1.0,49.0,-0.9012278401307107,0.7755102040816326,0.13066666666666665,,0.015,0.25,10,2.5
grid_hedged,NatGas (GAS_US),step1.5%_lot0.25x_n10,375,1991-01-02,2022-03-01,0.9413333333333334,1.0,1.0,-0.8557831661010925,-0.8499836756144713,-0.9391241956071502,-0.950762677551245,-0.33960925755969973,1.0,74.0,-0.852954774477269,,0.0,,0.015,0.25,10,2.5
grid,NatGas (GAS_US),step1.5%_lot0.5x_n5,375,1991-01-02,2022-03-01,0.9306666666666666,1.0,0.9653333333333334,-0.8190818067336196,-0.8928483137043829,-0.9256067284254152,-0.9275553584294488,1.0597315415245863,1.0,25.0,-0.9091465501123763,0.8378378378378378,0.09866666666666667,,0.015,0.5,5,2.5
grid_hedged,NatGas (GAS_US),step1.5%_lot0.5x_n5,375,1991-01-02,2022-03-01,0.96,1.0,1.0,-0.8600983602565971,-0.8491835702099703,-0.9372479722885002,-0.9442862028349858,-0.41340272576717263,1.0,44.0,-0.8558882788525437,,0.0,,0.015,0.5,5,2.5
grid,NatGas (GAS_US),step1.5%_lot0.5x_n10,375,1991-01-02,2022-03-01,1.0,1.0,1.0,-0.7620224919712069,-0.7818457912506953,-0.8109328895386673,-0.8217198215660075,-0.5414822662493264,1.0,23.0,-0.8038923918777452,1.0,0.021333333333333333,,0.015,0.5,10,5.0
grid_hedged,NatGas (GAS_US),step1.5%_lot0.5x_n10,375,1991-01-02,2022-03-01,1.0,1.0,1.0,-0.7592975686716762,-0.7431229531278982,-0.822087090280483,-0.8452644836056467,-0.5880592499186372,1.0,29.0,-0.7550832919254329,1.0,0.008,,0.015,0.5,10,5.0
grid,NatGas (GAS_US),step1.5%_lot1.0x_n5,375,1991-01-02,2022-03-01,1.0,0.9973333333333333,1.0,-0.7491905160142527,-0.7761445880205542,-0.801811924612191,-0.811436004201035,-0.13337347051731852,1.0,11.0,-0.8005383576972107,1.0,0.0026666666666666666,,0.015,1.0,5,5.0
grid_hedged,NatGas (GAS_US),step1.5%_lot1.0x_n5,375,1991-01-02,2022-03-01,1.0,1.0,1.0,-0.7578206411769739,-0.7681286251446627,-0.8144598333243025,-0.8380019311151964,-0.6073302097296089,1.0,16.0,-0.779486054281451,,0.0,,0.015,1.0,5,5.0
grid,NatGas (GAS_US),step1.5%_lot1.0x_n10,375,1991-01-02,2022-03-01,1.0,0.9733333333333334,1.0,-0.6712140901299973,-0.6950200612272684,-0.7528604985237589,-0.791066830588673,-0.357795437997141,1.0,11.0,-0.7270923894267226,,0.0,,0.015,1.0,10,10.0
grid_hedged,NatGas (GAS_US),step1.5%_lot1.0x_n10,375,1991-01-02,2022-03-01,1.0,0.9946666666666667,1.0,-0.6769631271721317,-0.6782971503602632,-0.73851804642008,-0.7936400393059473,-0.4554094460117042,1.0,13.0,-0.6966851815645939,,0.0,,0.015,1.0,10,10.0
martingale,NatGas (GAS_US),step1.5%_base0.25x_k4,375,1991-01-02,2022-03-01,0.0,0.21066666666666667,0.8533333333333334,-0.25642046491453796,-0.2473541274306541,-0.7121959408804267,-0.9349112826020228,0.2933721574311412,0.5204081632653061,270.0,-0.3511566057922987,0.0,0.2,0.9714285714285714,0.015,0.25,4,4.0
martingale,NatGas (GAS_US),step1.5%_base0.25x_k8,375,1991-01-02,2022-03-01,0.0,0.5706666666666667,0.824,-0.40705698973021287,-0.4838104257163909,-0.9006576113768612,-0.9975838619300288,0.35726983666614376,0.5204081632653061,270.0,-0.5983884950331011,0.0,0.3546666666666667,1.0,0.015,0.25,8,9.0
martingale,NatGas (GAS_US),step1.5%_base0.5x_k4,375,1991-01-02,2022-03-01,0.0,0.656,0.8666666666666667,-0.48322013636614747,-0.538594698884804,-0.9760294514547886,-0.9977801916478795,0.4887781055856313,0.5204081632653061,270.0,-0.6661603420892148,0.0,0.192,0.9714285714285714,0.015,0.5,4,8.0
martingale,NatGas (GAS_US),step1.5%_base0.5x_k8,375,1991-01-02,2022-03-01,0.0,0.7386666666666667,0.8746666666666667,-0.5640304405016078,-0.705779511065664,-0.9908781932811346,-0.9990077138353407,0.6511322833007684,0.5204081632653061,270.0,-0.8035632472106977,0.0,0.26666666666666666,1.0,0.015,0.5,8,9.0
martingale,NatGas (GAS_US),step1.5%_base1.0x_k4,375,1991-01-02,2022-03-01,0.0,0.8586666666666667,0.904,-0.697603084738441,-0.8863538628175005,-0.9980801779340639,-0.9997924013850056,0.7248676951363033,0.5204081632653061,270.0,-0.926492587139677,0.0,0.152,0.9714285714285714,0.015,1.0,4,9.0
martingale,NatGas (GAS_US),step1.5%_base1.0x_k8,375,1991-01-02,2022-03-01,0.0,0.8826666666666667,0.8986666666666666,-0.7091717015699703,-0.9324284400084484,-0.9990474820270564,-0.9998077153365058,0.9090892961172501,0.5204081632653061,270.0,-0.9577866124185748,0.0,0.17333333333333334,1.0,0.015,1.0,8,9.0
dca,NatGas (GAS_US),step1.5%_tp2%_v1.0_m6_ladder3.0x,375,1991-01-02,2022-03-01,0.7866666666666666,0.9573333333333334,0.8906666666666667,-0.7095071963168069,-0.8991340647067709,-0.9254090400626084,-0.9487218507653954,0.9066602687636871,1.0,9.0,-0.9058657785306772,0.4375,0.17066666666666666,,0.015,1.0,6,3.0
dca,NatGas (GAS_US),step1.5%_tp2%_v1.0_m6_ladder6.0x,375,1991-01-02,2022-03-01,0.984,1.0,0.9866666666666667,-0.7357840124960959,-0.7499916204680919,-0.788561308951634,-0.8466799361139532,1.2270206809071729,1.0,5.0,-0.7885077959249267,0.6923076923076923,0.034666666666666665,,0.015,1.0,6,6.0
dca,NatGas (GAS_US),step1.5%_tp2%_v1.5_m6_ladder3.0x,375,1991-01-02,2022-03-01,0.7626666666666667,0.952,0.8773333333333333,-0.6821644376929844,-0.8983014386383179,-0.9195231774480594,-0.9288336045000665,0.7874331175800462,1.0,14.0,-0.9038519359137932,0.4444444444444444,0.216,,0.015,1.5,6,3.0
dca,NatGas (GAS_US),step1.5%_tp2%_v1.5_m6_ladder6.0x,375,1991-01-02,2022-03-01,0.992,1.0,0.9946666666666667,-0.7419987336594018,-0.747928455288988,-0.7765314941713515,-0.8035169114271656,1.0782887923406825,1.0,6.0,-0.77834344659946,0.8125,0.042666666666666665,,0.015,1.5,6,6.0
dca,NatGas (GAS_US),step1.5%_tp2%_v2.0_m6_ladder3.0x,375,1991-01-02,2022-03-01,0.7466666666666667,0.9626666666666667,0.8746666666666667,-0.6810510041013621,-0.8975398863502617,-0.9150737296010699,-0.922502764830923,0.6488192004014421,1.0,18.0,-0.9030355812457609,0.425,0.21333333333333335,,0.015,2.0,6,3.0
dca,NatGas (GAS_US),step1.5%_tp2%_v2.0_m6_ladder6.0x,375,1991-01-02,2022-03-01,0.9973333333333333,1.0,0.9973333333333333,-0.7456873391884442,-0.7470676838722619,-0.7708959195922864,-0.7887508099201401,0.9253029087745612,1.0,7.0,-0.7768718426012252,0.9411764705882353,0.04533333333333334,,0.015,2.0,6,6.0
grid,NatGas (GAS_US),step3.0%_lot0.25x_n5,375,1991-01-02,2022-03-01,0.23733333333333334,0.7173333333333334,0.856,-0.506118106734582,-0.6042848714951387,-0.9674663733825187,-0.9901330368794188,0.7235313449216083,1.0,22.0,-0.7593087983826423,0.25,0.224,,0.03,0.25,5,1.25
grid_hedged,NatGas (GAS_US),step3.0%_lot0.25x_n5,375,1991-01-02,2022-03-01,0.33866666666666667,0.7866666666666666,1.0,-0.6498664350269463,-0.619215364038431,-0.9005555633092951,-0.989598050019669,-0.04475638899571566,1.0,56.0,-0.6687488204337884,0.0,0.005333333333333333,,0.03,0.25,5,1.25
grid,NatGas (GAS_US),step3.0%_lot0.25x_n10,375,1991-01-02,2022-03-01,0.6853333333333333,0.9333333333333333,0.8506666666666667,-0.6149132760236853,-0.8732841179636631,-0.9390453422543742,-0.9454120421986769,1.004159541337366,1.0,35.0,-0.900857463784966,0.4056603773584906,0.2826666666666667,,0.03,0.25,10,2.5
grid_hedged,NatGas (GAS_US),step3.0%_lot0.25x_n10,375,1991-01-02,2022-03-01,0.8053333333333333,0.936,0.968,-0.7821648428909329,-0.8281870690086804,-0.9499889309687164,-0.9609754542851398,0.1535272807304815,1.0,59.0,-0.8387631961488016,0.47619047619047616,0.056,,0.03,0.25,10,2.5
grid,NatGas (GAS_US),step3.0%_lot0.5x_n5,375,1991-01-02,2022-03-01,0.8293333333333334,0.984,0.9173333333333333,-0.7231819282076895,-0.8862210351827277,-0.9301590144737636,-0.937481537047532,1.447062689843217,1.0,21.0,-0.9127729670947694,0.5972222222222222,0.192,,0.03,0.5,5,2.5
grid_hedged,NatGas (GAS_US),step3.0%_lot0.5x_n5,375,1991-01-02,2022-03-01,0.8373333333333334,0.9786666666666667,1.0,-0.8202898094127213,-0.8334573778864882,-0.9509821464470394,-0.959329882008054,-0.08951277799142965,1.0,37.0,-0.8404746846009029,0.5,0.005333333333333333,,0.03,0.5,5,2.5
grid,NatGas (GAS_US),step3.0%_lot0.5x_n10,375,1991-01-02,2022-03-01,0.968,0.9946666666666667,0.9786666666666667,-0.7479457972125403,-0.802946791641628,-0.8391052275910778,-0.8632242342974407,0.890696842824485,1.0,18.0,-0.8306671317170592,0.8723404255319149,0.12533333333333332,,0.03,0.5,10,5.0
grid_hedged,NatGas (GAS_US),step3.0%_lot0.5x_n10,375,1991-01-02,2022-03-01,0.9733333333333334,0.9946666666666667,0.9786666666666667,-0.7489057003124655,-0.7657959600257921,-0.8438613520685,-0.8649969107557749,0.6614927267619568,1.0,25.0,-0.7821843074993194,0.65,0.05333333333333334,,0.03,0.5,10,5.0
grid,NatGas (GAS_US),step3.0%_lot1.0x_n5,375,1991-01-02,2022-03-01,0.9973333333333333,0.984,0.9973333333333333,-0.7457888461223434,-0.7824120787467932,-0.8115775370270252,-0.8351089370400078,0.6652055807023751,1.0,9.0,-0.8156752802267855,0.9565217391304348,0.06133333333333333,,0.03,1.0,5,5.0
grid_hedged,NatGas (GAS_US),step3.0%_lot1.0x_n5,375,1991-01-02,2022-03-01,0.9893333333333333,0.9973333333333333,0.9973333333333333,-0.7491207235224355,-0.7312363313905315,-0.8357323524652993,-0.8677205110693612,0.06123999949943637,1.0,14.0,-0.7551982818475781,0.5714285714285714,0.018666666666666668,,0.03,1.0,5,5.0
grid,NatGas (GAS_US),step3.0%_lot1.0x_n10,375,1991-01-02,2022-03-01,1.0,0.9813333333333333,0.9973333333333333,-0.7087643190121258,-0.7394368159622304,-0.7918311255453667,-0.8121563683080525,0.03841251658227307,1.0,9.0,-0.7826233105515066,1.0,0.02666666666666667,,0.03,1.0,10,10.0
grid_hedged,NatGas (GAS_US),step3.0%_lot1.0x_n10,375,1991-01-02,2022-03-01,0.9973333333333333,1.0,0.9973333333333333,-0.6953901195515011,-0.7018198538644176,-0.7709697908035066,-0.8136727918199116,0.2704082993693644,1.0,12.0,-0.7288887830587545,0.8888888888888888,0.024,,0.03,1.0,10,10.0
martingale,NatGas (GAS_US),step3.0%_base0.25x_k4,375,1991-01-02,2022-03-01,0.0,0.32266666666666666,0.6506666666666666,-0.16535279920970913,-0.1708565864692222,-0.851903539588795,-0.9960337700551157,0.8959988044109433,0.5294117647058824,141.0,-0.378667478643108,0.0,0.3626666666666667,0.9736842105263158,0.03,0.25,4,4.0
martingale,NatGas (GAS_US),step3.0%_base0.25x_k8,375,1991-01-02,2022-03-01,0.0,0.5173333333333333,0.5973333333333334,-0.19800201801231376,-0.2538028087297072,-0.9687080598205415,-0.9995169448937292,0.8959988044109433,0.5294117647058824,141.0,-0.5709576408297823,0.0,0.6133333333333333,1.0,0.03,0.25,8,9.0
martingale,NatGas (GAS_US),step3.0%_base0.5x_k4,375,1991-01-02,2022-03-01,0.0,0.5573333333333333,0.6773333333333333,-0.2683873351224123,-0.32866781583448534,-0.9982610486620976,-0.999893772408548,1.5063439799688534,0.5294117647058824,141.0,-0.6910299635455152,0.0,0.35733333333333334,0.9736842105263158,0.03,0.5,4,8.0
martingale,NatGas (GAS_US),step3.0%_base0.5x_k8,375,1991-01-02,2022-03-01,0.0,0.6453333333333333,0.6533333333333333,-0.26319204028254795,-0.437286503401926,-0.9991243744274602,-0.9999595416055652,1.5063439799688534,0.5294117647058824,141.0,-0.7796616049179406,0.0,0.4826666666666667,1.0,0.03,0.5,8,9.0
martingale,NatGas (GAS_US),step3.0%_base1.0x_k4,375,1991-01-02,2022-03-01,0.0,0.7493333333333333,0.688,-0.30612615832173595,-0.6155858499367087,-0.9999170417048303,-0.9999923457489525,2.7150875490685586,0.5294117647058824,141.0,-0.9213769950382851,0.0,0.3546666666666667,0.9736842105263158,0.03,1.0,4,9.0
martingale,NatGas (GAS_US),step3.0%_base1.0x_k8,375,1991-01-02,2022-03-01,0.0,0.768,0.696,-0.2802343841862054,-0.676930803310807,-0.999918166567269,-0.9999966909870013,2.7150875490685586,0.5294117647058824,141.0,-0.9388027823876156,0.0,0.4026666666666667,1.0,0.03,1.0,8,9.0
dca,NatGas (GAS_US),step3.0%_tp2%_v1.0_m6_ladder3.0x,375,1991-01-02,2022-03-01,0.7173333333333334,0.92,0.8293333333333334,-0.6365893044488418,-0.8986445451078221,-0.924327464878642,-0.9359339632684346,0.7856470510454983,1.0,16.0,-0.9047319093506352,0.40860215053763443,0.248,,0.03,1.0,6,3.0
dca,NatGas (GAS_US),step3.0%_tp2%_v1.0_m6_ladder6.0x,375,1991-01-02,2022-03-01,0.9706666666666667,1.0,0.9733333333333334,-0.728949446177813,-0.7719218134763273,-0.7922985076568472,-0.8340333111616921,1.2799936221556205,1.0,6.0,-0.8041604015355746,0.7142857142857143,0.07466666666666667,,0.03,1.0,6,6.0
dca,NatGas (GAS_US),step3.0%_tp2%_v1.5_m6_ladder3.0x,375,1991-01-02,2022-03-01,0.6453333333333333,0.9093333333333333,0.8266666666666667,-0.5970835630370297,-0.8971657744230143,-0.9127250288571065,-0.9284928313548069,0.5829178962583346,1.0,24.0,-0.9005152582803264,0.35537190082644626,0.32266666666666666,,0.03,1.5,6,3.0
dca,NatGas (GAS_US),step3.0%_tp2%_v1.5_m6_ladder6.0x,375,1991-01-02,2022-03-01,0.9573333333333334,0.9786666666666667,0.968,-0.7072154778689614,-0.7475046978974006,-0.7689757492231437,-0.8517916107239483,0.6292451632581035,1.0,10.0,-0.7772471746755141,0.717391304347826,0.12266666666666666,,0.03,1.5,6,6.0
dca,NatGas (GAS_US),step3.0%_tp2%_v2.0_m6_ladder3.0x,375,1991-01-02,2022-03-01,0.6213333333333333,0.8293333333333334,0.768,-0.5505629741207393,-0.8962131736465383,-0.9078047477217389,-0.9223964725071379,0.4925131359371151,1.0,30.0,-0.8980100773381037,0.28289473684210525,0.4053333333333333,,0.03,2.0,6,3.0
dca,NatGas (GAS_US),step3.0%_tp2%_v2.0_m6_ladder6.0x,375,1991-01-02,2022-03-01,0.8986666666666666,0.944,0.912,-0.6299557838933896,-0.7457508129225465,-0.764825119211931,-0.777562554785403,0.9177514366918706,1.0,15.0,-0.7704918037152012,0.6046511627906976,0.22933333333333333,,0.03,2.0,6,6.0
grid,NatGas (GAS_US),step5.0%_lot0.25x_n5,375,1991-01-02,2022-03-01,0.21066666666666667,0.6346666666666667,0.7786666666666666,-0.4103869525129503,-0.5254558556573743,-0.9668595763651803,-0.9923813102232449,0.9052280454985111,1.0,15.0,-0.6789456130384985,0.15702479338842976,0.32266666666666666,,0.05,0.25,5,1.25
grid_hedged,NatGas (GAS_US),step5.0%_lot0.25x_n5,375,1991-01-02,2022-03-01,0.2826666666666667,0.624,0.9653333333333334,-0.5501894898914002,-0.5175805972542413,-0.8897043689493294,-0.979648817117618,0.1569006841049907,1.0,38.0,-0.592517402186415,0.0,0.08533333333333333,,0.05,0.25,5,1.25
grid,NatGas (GAS_US),step5.0%_lot0.25x_n10,375,1991-01-02,2022-03-01,0.5626666666666666,0.7306666666666667,0.7413333333333333,-0.48072222416228916,-0.8583308632995981,-0.949425950137764,-0.9550617434520529,1.2472943431157262,1.0,22.0,-0.9007619329738749,0.3106060606060606,0.352,,0.05,0.25,10,2.5
grid_hedged,NatGas (GAS_US),step5.0%_lot0.25x_n10,375,1991-01-02,2022-03-01,0.6613333333333333,0.8933333333333333,0.9226666666666666,-0.6782057276816614,-0.8093158977831949,-0.9570248116152897,-0.9659604832319356,0.5792741832219963,1.0,43.0,-0.8243433169861257,0.3492063492063492,0.168,,0.05,0.25,10,2.5
grid,NatGas (GAS_US),step5.0%_lot0.5x_n5,375,1991-01-02,2022-03-01,0.656,0.896,0.7973333333333333,-0.5101780031616596,-0.877849214934905,-0.9362239405932131,-0.9452154247604949,1.810456090997019,1.0,15.0,-0.9165370118881861,0.35344827586206895,0.30933333333333335,,0.05,0.5,5,2.5
grid_hedged,NatGas (GAS_US),step5.0%_lot0.5x_n5,375,1991-01-02,2022-03-01,0.7013333333333334,0.9226666666666666,0.9626666666666667,-0.7337662362075286,-0.8143162734542227,-0.9521388051222341,-0.9663421095777698,0.3138013682099867,1.0,28.0,-0.8257308991304299,0.21212121212121213,0.088,,0.05,0.5,5,2.5
grid,NatGas (GAS_US),step5.0%_lot0.5x_n10,375,1991-01-02,2022-03-01,0.7813333333333333,0.9226666666666666,0.824,-0.5113540700180791,-0.8276322448694033,-0.876768728185702,-0.8805313091048673,2.462276608609203,1.0,15.0,-0.8669892903804898,0.4782608695652174,0.30666666666666664,,0.05,0.5,10,5.0
grid_hedged,NatGas (GAS_US),step5.0%_lot0.5x_n10,375,1991-01-02,2022-03-01,0.904,0.944,0.9333333333333333,-0.6882254059671175,-0.7636493843758205,-0.8702773567563276,-0.8962835392955543,1.138873388498793,1.0,22.0,-0.7835738965877705,0.5,0.15466666666666667,,0.05,0.5,10,5.0
grid,NatGas (GAS_US),step5.0%_lot1.0x_n5,375,1991-01-02,2022-03-01,0.9626666666666667,0.976,0.9706666666666667,-0.6997540236623685,-0.7870700132005672,-0.8253175531849446,-0.8532615950857949,3.012292696953663,1.0,7.0,-0.8338990486656802,0.8367346938775511,0.13066666666666665,,0.05,1.0,5,5.0
grid_hedged,NatGas (GAS_US),step5.0%_lot1.0x_n5,375,1991-01-02,2022-03-01,0.9413333333333334,0.9733333333333334,0.9653333333333334,-0.7045634018829088,-0.7432465894707414,-0.8558431135900098,-0.9070649796890704,0.7135491376629091,1.0,11.0,-0.7612404529641418,0.43333333333333335,0.08,,0.05,1.0,5,5.0
grid,NatGas (GAS_US),step5.0%_lot1.0x_n10,375,1991-01-02,2022-03-01,0.9786666666666667,0.9733333333333334,0.9786666666666667,-0.7074965186178479,-0.7773747293326498,-0.8214486794978568,-0.8532615950857949,1.7413271795674734,1.0,6.0,-0.8265436781585925,0.8936170212765957,0.12533333333333332,,0.05,1.0,10,10.0
grid_hedged,NatGas (GAS_US),step5.0%_lot1.0x_n10,375,1991-01-02,2022-03-01,0.9786666666666667,0.9813333333333333,0.9786666666666667,-0.689784531643658,-0.7408567341393255,-0.8185724015181169,-0.8318248051183372,2.153583749745325,1.0,11.0,-0.7607994797370738,0.7575757575757576,0.088,,0.05,1.0,10,10.0
martingale,NatGas (GAS_US),step5.0%_base0.25x_k4,375,1991-01-02,2022-03-01,0.0,0.21333333333333335,0.39466666666666667,0.10255227503873776,0.1874734628419239,-0.6072984141411564,-0.8163422895724082,1.3597613286028172,0.5573770491803278,74.0,-0.2908994595076724,0.0,0.728,0.9821428571428571,0.05,0.25,4,4.0
martingale,NatGas (GAS_US),step5.0%_base0.25x_k8,375,1991-01-02,2022-03-01,0.0,0.29333333333333333,0.28,0.14768259962359243,0.23027133894826246,-0.8481221321005901,-0.9634022611322559,1.544074542468182,0.5573770491803278,74.0,-0.3031571279943396,0.0,0.8186666666666667,1.0,0.05,0.25,8,9.0
martingale,NatGas (GAS_US),step5.0%_base0.5x_k4,375,1991-01-02,2022-03-01,0.0,0.384,0.4266666666666667,0.11397417108598029,0.1402729591252747,-0.9944054317945474,-0.9998613176536981,2.541783377670127,0.5573770491803278,74.0,-0.4967771265401669,0.0,0.7013333333333334,0.9821428571428571,0.05,0.5,4,8.0
martingale,NatGas (GAS_US),step5.0%_base0.5x_k8,375,1991-01-02,2022-03-01,0.0,0.4026666666666667,0.384,0.16387735511625,0.3545812562625956,-0.9917871742764597,-0.9997614151908113,2.541783377670127,0.5573770491803278,74.0,-0.4967771265401669,0.0,0.744,1.0,0.05,0.5,8,9.0
martingale,NatGas (GAS_US),step5.0%_base1.0x_k4,375,1991-01-02,2022-03-01,0.0,0.5866666666666667,0.4666666666666667,0.20472147861406964,0.09128692728277077,-0.9998967385361509,-0.9999973698857889,3.3493509078781143,0.5573770491803278,74.0,-0.7468839432571198,0.0,0.6186666666666667,0.9821428571428571,0.05,1.0,4,9.0
martingale,NatGas (GAS_US),step5.0%_base1.0x_k8,375,1991-01-02,2022-03-01,0.0,0.5946666666666667,0.4666666666666667,0.22654519770487314,0.14085860453043297,-0.9998747734585969,-0.9999973698857889,3.3493509078781143,0.5573770491803278,74.0,-0.7944705141268728,0.0,0.6266666666666667,1.0,0.05,1.0,8,9.0
dca,NatGas (GAS_US),step5.0%_tp2%_v1.0_m6_ladder3.0x,375,1991-01-02,2022-03-01,0.664,0.8773333333333333,0.8,-0.6011856737128574,-0.8973128309137545,-0.9183469767017121,-0.9276977212152712,0.6063329832757149,1.0,17.0,-0.9024860304916844,0.325,0.32,,0.05,1.0,6,3.0
dca,NatGas (GAS_US),step5.0%_tp2%_v1.0_m6_ladder6.0x,375,1991-01-02,2022-03-01,0.9253333333333333,0.9946666666666667,0.936,-0.7133758170649769,-0.7987792396082274,-0.8335403517512764,-0.8439066677585092,1.212665966551428,1.0,8.0,-0.8372926428232645,0.5769230769230769,0.13866666666666666,,0.05,1.0,6,6.0
dca,NatGas (GAS_US),step5.0%_tp2%_v1.5_m6_ladder3.0x,375,1991-01-02,2022-03-01,0.5573333333333333,0.728,0.688,-0.48795282856859024,-0.8960088378408588,-0.9078728866303357,-0.9193866786615634,0.4147464687662754,1.0,27.0,-0.8967904100069197,0.31443298969072164,0.5173333333333333,,0.05,1.5,6,3.0
dca,NatGas (GAS_US),step5.0%_tp2%_v1.5_m6_ladder6.0x,375,1991-01-02,2022-03-01,0.84,0.904,0.8586666666666667,-0.5991768202494998,-0.7494475143939627,-0.8528000461816183,-0.8553250730169784,0.6306509591955427,1.0,17.0,-0.7854867045257744,0.5873015873015873,0.336,,0.05,1.5,6,6.0
dca,NatGas (GAS_US),step5.0%_tp2%_v2.0_m6_ladder3.0x,375,1991-01-02,2022-03-01,0.4826666666666667,0.6213333333333333,0.5973333333333334,-0.41538203050704803,-0.6830450062828004,-0.9028106909180506,-0.9122257070960583,0.345719058475058,1.0,37.0,-0.7779301299155164,0.2743362831858407,0.6026666666666667,,0.05,2.0,6,3.0
dca,NatGas (GAS_US),step5.0%_tp2%_v2.0_m6_ladder6.0x,375,1991-01-02,2022-03-01,0.688,0.792,0.7226666666666667,-0.43927009506625736,-0.7425721617914575,-0.7525157073464749,-0.7638629188717434,0.6914381169501236,1.0,29.0,-0.7516000458307657,0.4230769230769231,0.48533333333333334,,0.05,2.0,6,6.0
grid,NatGas (GAS_US),step8.0%_lot0.25x_n5,375,1991-01-02,2022-03-01,0.168,0.584,0.7066666666666667,-0.33029608815789435,-0.4430701142552145,-0.9667693741055066,-0.9920586695734435,0.9761933441117894,1.0,9.0,-0.5951140616315688,0.1347517730496454,0.376,,0.08,0.25,5,1.25
grid_hedged,NatGas (GAS_US),step8.0%_lot0.25x_n5,375,1991-01-02,2022-03-01,0.24,0.528,0.9146666666666666,-0.44903674288265294,-0.39248359692842405,-0.8818546913931895,-0.9837528583239622,0.475616959663794,1.0,24.0,-0.5309284320354171,0.08695652173913043,0.184,,0.08,0.25,5,1.25
grid,NatGas (GAS_US),step8.0%_lot0.25x_n10,375,1991-01-02,2022-03-01,0.3546666666666667,0.6266666666666667,0.696,-0.3738306577715955,-0.5394532007279617,-0.959735025533394,-0.9637745951774663,1.0083826933309719,1.0,12.0,-0.769960556796413,0.22448979591836735,0.392,,0.08,0.25,10,2.5
grid_hedged,NatGas (GAS_US),step8.0%_lot0.25x_n10,375,1991-01-02,2022-03-01,0.45866666666666667,0.7893333333333333,0.8746666666666667,-0.5295127602585615,-0.7426394656628176,-0.9381577227338848,-0.9732197328546286,0.5539731624525621,1.0,26.0,-0.8016409531800894,0.34444444444444444,0.24,,0.08,0.25,10,2.5
grid,NatGas (GAS_US),step8.0%_lot0.5x_n5,375,1991-01-02,2022-03-01,0.6,0.768,0.7253333333333334,-0.421516510647009,-0.8754600597163947,-0.9441472224346301,-0.9507197266150473,1.9523866882235756,1.0,9.0,-0.9112275661303156,0.30935251798561153,0.37066666666666664,,0.08,0.5,5,2.5
grid_hedged,NatGas (GAS_US),step8.0%_lot0.5x_n5,375,1991-01-02,2022-03-01,0.5893333333333334,0.856,0.9066666666666666,-0.6222283833378628,-0.7758086843122376,-0.9546965496226776,-0.9731106246491251,0.9512339193275858,1.0,19.0,-0.8059147459886061,0.323943661971831,0.18933333333333333,,0.08,0.5,5,2.5
grid,NatGas (GAS_US),step8.0%_lot0.5x_n10,375,1991-01-02,2022-03-01,0.6426666666666667,0.776,0.7306666666666667,-0.4014347380798564,-0.8460726086634194,-0.9096104371379554,-0.9130147259780518,2.01676538666194,1.0,10.0,-0.8917219239700886,0.3357142857142857,0.37333333333333335,,0.08,0.5,10,5.0
grid_hedged,NatGas (GAS_US),step8.0%_lot0.5x_n10,375,1991-01-02,2022-03-01,0.8213333333333334,0.9066666666666666,0.8986666666666666,-0.6578015050129438,-0.7743405847865384,-0.8990600662378688,-0.9117768996356932,1.1079463249051216,1.0,16.0,-0.7996634822933353,0.5365853658536586,0.21866666666666668,,0.08,0.5,10,5.0
grid,NatGas (GAS_US),step8.0%_lot1.0x_n5,375,1991-01-02,2022-03-01,0.8426666666666667,0.904,0.8453333333333334,-0.45359212127993354,-0.8224084783155432,-0.8697395751467982,-0.8767993921084589,3.9047733764471504,1.0,5.0,-0.8678340136011523,0.5050505050505051,0.264,,0.08,1.0,5,5.0
grid_hedged,NatGas (GAS_US),step8.0%_lot1.0x_n5,375,1991-01-02,2022-03-01,0.9013333333333333,0.9253333333333333,0.9173333333333333,-0.6391936889575656,-0.7318767238970239,-0.8702302881626861,-0.9006941794046489,1.5256669446314715,1.0,10.0,-0.7660304289371286,0.48333333333333334,0.16,,0.08,1.0,5,5.0
grid,NatGas (GAS_US),step8.0%_lot1.0x_n10,375,1991-01-02,2022-03-01,0.8426666666666667,0.9093333333333333,0.8453333333333334,-0.44762859008131395,-0.8223447905901793,-0.8697395751467982,-0.8767993921084589,4.033530773323879,1.0,5.0,-0.8677882366713062,0.5050505050505051,0.264,,0.08,1.0,10,10.0
grid_hedged,NatGas (GAS_US),step8.0%_lot1.0x_n10,375,1991-01-02,2022-03-01,0.9146666666666666,0.928,0.9253333333333333,-0.6245343514067279,-0.732181274626359,-0.8450282223415836,-0.8560059981187269,1.6590305794317004,1.0,9.0,-0.7621863418017667,0.5384615384615384,0.17333333333333334,,0.08,1.0,10,10.0
martingale,NatGas (GAS_US),step8.0%_base0.25x_k4,375,1991-01-02,2022-03-01,0.06133333333333333,0.192,0.288,0.09435086692523575,0.16663197839450206,-0.6549846327756037,-0.8261726957956524,1.2554139311297772,0.54,35.0,-0.2810922114432165,0.04013377926421405,0.7973333333333333,1.0,0.08,0.25,4,4.0
martingale,NatGas (GAS_US),step8.0%_base0.25x_k8,375,1991-01-02,2022-03-01,0.17066666666666666,0.272,0.2906666666666667,0.0613186255963456,0.1634034243361313,-0.7548739836295423,-0.863027453645729,1.2554139311297772,0.5384615384615384,35.0,-0.29508890142332145,0.08637873754152824,0.8026666666666666,1.0,0.08,0.25,8,9.0
martingale,NatGas (GAS_US),step8.0%_base0.5x_k4,375,1991-01-02,2022-03-01,0.21066666666666667,0.33866666666666667,0.33866666666666667,0.18237785650355098,0.31284096595687716,-0.8195576590808209,-0.8841973785428804,2.5108278622595552,0.5384615384615384,34.0,-0.4912221916479088,0.09293680297397769,0.7173333333333334,1.0,0.08,0.5,4,8.0
martingale,NatGas (GAS_US),step8.0%_base0.5x_k8,375,1991-01-02,2022-03-01,0.31466666666666665,0.4053333333333333,0.38666666666666666,0.12100212335863803,0.2661990963944827,-0.8286464107530344,-0.8841973785428804,2.5108278622595552,0.5294117647058824,33.0,-0.514284922379866,0.20074349442379183,0.7173333333333334,1.0,0.08,0.5,8,9.0
martingale,NatGas (GAS_US),step8.0%_base1.0x_k4,375,1991-01-02,2022-03-01,0.456,0.48533333333333334,0.4746666666666667,0.25363497695292914,0.11759988435635038,-0.8362226608330142,-0.953915559295986,4.442194570224221,0.5172413793103449,30.0,-0.7242016347291551,0.23605150214592274,0.6213333333333333,1.0,0.08,1.0,4,9.0
martingale,NatGas (GAS_US),step8.0%_base1.0x_k8,375,1991-01-02,2022-03-01,0.49866666666666665,0.49866666666666665,0.5146666666666667,0.21325616570104988,-0.03239471545989614,-0.8362226608330142,-0.953915559295986,4.442194570224221,0.5142857142857142,30.0,-0.7333003120817263,0.296137339055794,0.6213333333333333,1.0,0.08,1.0,8,9.0
dca,NatGas (GAS_US),step8.0%_tp2%_v1.0_m6_ladder3.0x,375,1991-01-02,2022-03-01,0.6,0.752,0.7653333333333333,-0.5472630774234517,-0.896385771874083,-0.9137446136546759,-0.9244585424539133,0.5208911337984672,1.0,18.0,-0.8985063401101892,0.2971014492753623,0.368,,0.08,1.0,6,3.0
dca,NatGas (GAS_US),step8.0%_tp2%_v1.0_m6_ladder6.0x,375,1991-01-02,2022-03-01,0.8186666666666667,0.9253333333333333,0.8533333333333334,-0.6329254353385239,-0.835559896389517,-0.8745181181255366,-0.8787229960213634,1.041782267596929,1.0,9.0,-0.8611611258444916,0.4895833333333333,0.256,,0.08,1.0,6,6.0
dca,NatGas (GAS_US),step8.0%_tp2%_v1.5_m6_ladder3.0x,375,1991-01-02,2022-03-01,0.464,0.504,0.5893333333333334,-0.4055019126535173,-0.36819518465084755,-0.9020548937490283,-0.9115878319946432,0.28723122291717296,1.0,26.0,-0.5848524258706642,0.25,0.5546666666666666,,0.08,1.5,6,3.0
dca,NatGas (GAS_US),step8.0%_tp2%_v1.5_m6_ladder6.0x,375,1991-01-02,2022-03-01,0.5093333333333333,0.6533333333333333,0.6,-0.36956989269630824,-0.754203134738443,-0.8599761110702723,-0.8643586098734731,0.5264628942511806,1.0,26.0,-0.8205954171080396,0.30097087378640774,0.5493333333333333,,0.08,1.5,6,6.0
dca,NatGas (GAS_US),step8.0%_tp2%_v2.0_m6_ladder3.0x,375,1991-01-02,2022-03-01,0.312,0.3333333333333333,0.424,-0.2660127987037645,0.027761527075798487,-0.8982692551088148,-0.9056566348949285,0.1718819846006978,1.0,32.0,-0.24754309977906797,0.16535433070866143,0.6773333333333333,,0.08,2.0,6,3.0
dca,NatGas (GAS_US),step8.0%_tp2%_v2.0_m6_ladder6.0x,375,1991-01-02,2022-03-01,0.376,0.48,0.456,-0.23678672875095208,0.04397987110758761,-0.8968184693338613,-0.8985278563735902,0.3437639692014083,1.0,31.0,-0.4722075152842291,0.21810699588477367,0.648,,0.08,2.0,6,6.0
grid,WTI front (CRUDE_ICE),step1.5%_lot0.25x_n5,193,2006-03-22,2022-03-01,0.25906735751295334,0.6321243523316062,0.8549222797927462,-0.4669003084092266,-0.4509338755741573,-0.9847142733494951,-0.9887188777123502,0.5775546363988737,1.0,31.0,-0.7064111742436812,0.17857142857142858,0.29015544041450775,,0.015,0.25,5,1.25
grid_hedged,WTI front (CRUDE_ICE),step1.5%_lot0.25x_n5,193,2006-03-22,2022-03-01,0.3471502590673575,0.7409326424870466,1.0,-0.6622121388396847,-0.6799159235273867,-0.9860743581687538,-1.0,-0.11221616971548576,1.0,68.0,-0.6927153857491131,,0.0,,0.015,0.25,5,1.25
grid,WTI front (CRUDE_ICE),step1.5%_lot0.25x_n10,193,2006-03-22,2022-03-01,0.6476683937823834,0.9015544041450777,0.844559585492228,-0.5909580756420554,-0.8509217565519145,-0.9298949827721226,-0.933074091089573,1.0059283775429653,1.0,53.0,-0.8914300592765133,0.609375,0.3316062176165803,,0.015,0.25,10,2.5
grid_hedged,WTI front (CRUDE_ICE),step1.5%_lot0.25x_n10,193,2006-03-22,2022-03-01,0.7253886010362695,0.9326424870466321,1.0,-0.7536934624319795,-0.8338918078023163,-0.9351203340547886,-0.9409631730591628,-0.014715630617599618,1.0,78.0,-0.8359547776626315,0.0,0.0051813471502590676,,0.015,0.25,10,2.5
grid,WTI front (CRUDE_ICE),step1.5%_lot0.5x_n5,193,2006-03-22,2022-03-01,0.6632124352331606,0.9067357512953368,0.8963730569948186,-0.6336681033524135,-0.8690277280719982,-0.9251213134083791,-0.9275700715978401,1.1551092727977448,1.0,28.0,-0.910095532108581,0.6666666666666666,0.27979274611398963,,0.015,0.5,5,2.5
grid_hedged,WTI front (CRUDE_ICE),step1.5%_lot0.5x_n5,193,2006-03-22,2022-03-01,0.7772020725388601,0.9740932642487047,1.0,-0.8044321283173657,-0.8379416563378675,-0.9339301327700892,-0.9378825535790865,-0.22443233943097174,1.0,44.0,-0.8399290201780094,,0.0,,0.015,0.5,5,2.5
grid,WTI front (CRUDE_ICE),step1.5%_lot0.5x_n10,193,2006-03-22,2022-03-01,0.9119170984455959,0.9637305699481865,0.9222797927461139,-0.6323403856226466,-0.7737428613477193,-0.8085452142562832,-0.8304169567634743,1.2519385386757915,1.0,32.0,-0.8054215390545927,0.7708333333333334,0.24870466321243523,,0.015,0.5,10,5.0
grid_hedged,WTI front (CRUDE_ICE),step1.5%_lot0.5x_n10,193,2006-03-22,2022-03-01,0.9689119170984456,0.9792746113989638,0.9896373056994818,-0.7303748588588193,-0.7308208822330043,-0.8140677555267143,-0.8337215750496595,0.05765994790813833,1.0,39.0,-0.7437920709109589,0.6666666666666666,0.015544041450777202,,0.015,0.5,10,5.0
grid,WTI front (CRUDE_ICE),step1.5%_lot1.0x_n5,193,2006-03-22,2022-03-01,0.9533678756476683,0.9896373056994818,0.9844559585492227,-0.7068000138271725,-0.772350148100092,-0.7994179682822691,-0.8045355366975281,0.8681344465415046,1.0,19.0,-0.8107146070908517,0.8611111111111112,0.18652849740932642,,0.015,1.0,5,5.0
grid_hedged,WTI front (CRUDE_ICE),step1.5%_lot1.0x_n5,193,2006-03-22,2022-03-01,0.9896373056994818,1.0,1.0,-0.7441301493463837,-0.7324199640016327,-0.8093560486187364,-0.8185492169656519,-0.1731222502871267,1.0,20.0,-0.7532362569197825,0.0,0.0051813471502590676,,0.015,1.0,5,5.0
grid,WTI front (CRUDE_ICE),step1.5%_lot1.0x_n10,193,2006-03-22,2022-03-01,0.9948186528497409,0.8963730569948186,0.9948186528497409,-0.6254305883233571,-0.6676887633703978,-0.7508363158520308,-0.8015720250312159,0.23195198479544943,1.0,14.0,-0.725644610476493,0.9333333333333333,0.07772020725388601,,0.015,1.0,10,10.0
grid_hedged,WTI front (CRUDE_ICE),step1.5%_lot1.0x_n10,193,2006-03-22,2022-03-01,0.9948186528497409,0.9948186528497409,0.9948186528497409,-0.6448179009097856,-0.6555631269941177,-0.7380168891667829,-0.7593859464963539,0.47222295283613414,1.0,17.0,-0.6703239057793536,1.0,0.015544041450777202,,0.015,1.0,10,10.0
martingale,WTI front (CRUDE_ICE),step1.5%_base0.25x_k4,193,2006-03-22,2022-03-01,0.0,0.025906735751295335,0.5025906735751295,-0.022734922955515158,-0.0002012877831916171,-0.29092016980460267,-0.5818333233793165,0.40336021936132305,0.5309446254071661,233.0,-0.24860531534874397,0.0,0.5077720207253886,0.9738562091503268,0.015,0.25,4,4.0
martingale,WTI front (CRUDE_ICE),step1.5%_base0.25x_k8,193,2006-03-22,2022-03-01,0.0,0.3005181347150259,0.5025906735751295,-0.05745055816019984,-0.00891082154795042,-0.6283191403866235,-0.8109921135063121,0.5426515877909273,0.5309446254071661,233.0,-0.3116423293384539,0.0,0.5440414507772021,1.0,0.015,0.25,8,9.0
martingale,WTI front (CRUDE_ICE),step1.5%_base0.5x_k4,193,2006-03-22,2022-03-01,0.0,0.20725388601036268,0.5233160621761658,-0.055739915524626094,-0.046559676998272015,-0.5782204377772912,-0.8554203352566787,1.0548441217809263,0.5309446254071661,233.0,-0.45460774103863244,0.0,0.49222797927461137,0.9738562091503268,0.015,0.5,4,8.0
martingale,WTI front (CRUDE_ICE),step1.5%_base0.5x_k8,193,2006-03-22,2022-03-01,0.0,0.42487046632124353,0.5077720207253886,-0.06418351757061769,-0.018433176550841868,-0.8625535909848037,-0.9182629619319662,1.1893979125479803,0.5309446254071661,233.0,-0.5068297861230349,0.0,0.5077720207253886,1.0,0.015,0.5,8,9.0
martingale,WTI front (CRUDE_ICE),step1.5%_base1.0x_k4,193,2006-03-22,2022-03-01,0.0,0.5440414507772021,0.5803108808290155,-0.09767597425947894,-0.20017698136344775,-0.9001991942782429,-0.9778792935743676,2.497422060686065,0.5309446254071661,233.0,-0.6649003356457628,0.0,0.48186528497409326,0.9738562091503268,0.015,1.0,4,9.0
martingale,WTI front (CRUDE_ICE),step1.5%_base1.0x_k8,193,2006-03-22,2022-03-01,0.0,0.5958549222797928,0.5699481865284974,-0.10023133317385957,-0.2108308178869488,-0.9583550656405578,-0.9908656408025344,2.6101901688416542,0.5309446254071661,233.0,-0.7366127800279185,0.0,0.43005181347150256,1.0,0.015,1.0,8,9.0
dca,WTI front (CRUDE_ICE),step1.5%_tp2%_v1.0_m6_ladder3.0x,193,2006-03-22,2022-03-01,0.5492227979274611,0.8497409326424871,0.8341968911917098,-0.53411667835337,-0.8947848333499729,-0.9259059738852637,-0.943595837850203,0.9914403473892126,1.0,12.0,-0.8961344275931411,0.25,0.3316062176165803,,0.015,1.0,6,3.0
dca,WTI front (CRUDE_ICE),step1.5%_tp2%_v1.0_m6_ladder6.0x,193,2006-03-22,2022-03-01,0.9119170984455959,0.9637305699481865,0.927461139896373,-0.6431600540899147,-0.7460902000788819,-0.7992007073204965,-0.8352373505795856,1.9828806947784208,1.0,7.0,-0.7846004657801654,0.6744186046511628,0.22279792746113988,,0.015,1.0,6,6.0
dca,WTI front (CRUDE_ICE),step1.5%_tp2%_v1.5_m6_ladder3.0x,193,2006-03-22,2022-03-01,0.5751295336787565,0.8341968911917098,0.8393782383419689,-0.5509127842236489,-0.8948747789525338,-0.9135466978805598,-0.9252874632859122,0.6410105687213248,1.0,17.0,-0.8963377977497445,0.3,0.3626943005181347,,0.015,1.5,6,3.0
dca,WTI front (CRUDE_ICE),step1.5%_tp2%_v1.5_m6_ladder6.0x,193,2006-03-22,2022-03-01,0.8756476683937824,0.9637305699481865,0.9015544041450777,-0.585563601428893,-0.743684716581205,-0.7824272689459713,-0.7987818445940842,1.282021137442639,1.0,10.0,-0.7767460225302641,0.6415094339622641,0.27461139896373055,,0.015,1.5,6,6.0
dca,WTI front (CRUDE_ICE),step1.5%_tp2%_v2.0_m6_ladder3.0x,193,2006-03-22,2022-03-01,0.538860103626943,0.7616580310880829,0.6994818652849741,-0.4118291464326528,-0.8948100508720974,-0.9096705144056705,-0.9161863961485177,0.8083752426922524,1.0,22.0,-0.8951358739365256,0.3068181818181818,0.45595854922279794,,0.015,2.0,6,3.0
dca,WTI front (CRUDE_ICE),step1.5%_tp2%_v2.0_m6_ladder6.0x,193,2006-03-22,2022-03-01,0.8134715025906736,0.8963730569948186,0.8134715025906736,-0.4428342104942208,-0.7421370927834201,-0.7706163747207737,-0.7846898609769064,1.616750485384518,1.0,14.0,-0.768449460405307,0.47692307692307695,0.33678756476683935,,0.015,2.0,6,6.0
grid,WTI front (CRUDE_ICE),step3.0%_lot0.25x_n5,193,2006-03-22,2022-03-01,0.23316062176165803,0.533678756476684,0.7564766839378239,-0.37040161281473905,-0.3029399142681748,-0.9856206550848112,-0.9923413047335944,0.8583839002368554,1.0,20.0,-0.6086211374120014,0.1506849315068493,0.37823834196891193,,0.03,0.25,5,1.25
grid_hedged,WTI front (CRUDE_ICE),step3.0%_lot0.25x_n5,193,2006-03-22,2022-03-01,0.2694300518134715,0.5647668393782384,0.9533678756476683,-0.5371778228012278,-0.5212955821555199,-0.9752660823933297,-0.9925028187388998,0.10376433724476364,1.0,49.0,-0.5601858277282552,0.0,0.09326424870466321,,0.03,0.25,5,1.25
grid,WTI front (CRUDE_ICE),step3.0%_lot0.25x_n10,193,2006-03-22,2022-03-01,0.49222797927461137,0.6994818652849741,0.7046632124352331,-0.41901746980706245,-0.7844265199095453,-0.9379123156534905,-0.9458809082674128,1.3857054126971278,1.0,32.0,-0.8823900530000757,0.31868131868131866,0.47150259067357514,,0.03,0.25,10,2.5
grid_hedged,WTI front (CRUDE_ICE),step3.0%_lot0.25x_n10,193,2006-03-22,2022-03-01,0.6269430051813472,0.7512953367875648,0.8134715025906736,-0.5995947347452139,-0.8133360882145997,-0.9456826780581644,-0.9502264328776856,0.32399855994850557,1.0,50.0,-0.8237342475513837,0.3333333333333333,0.20207253886010362,,0.03,0.25,10,2.5
grid,WTI front (CRUDE_ICE),step3.0%_lot0.5x_n5,193,2006-03-22,2022-03-01,0.6113989637305699,0.8186528497409327,0.7875647668393783,-0.5093492009999667,-0.8601241447401811,-0.9291497659777735,-0.9369929112561185,1.7167678004737197,1.0,19.0,-0.9121110560024597,0.5138888888888888,0.37305699481865284,,0.03,0.5,5,2.5
grid_hedged,WTI front (CRUDE_ICE),step3.0%_lot0.5x_n5,193,2006-03-22,2022-03-01,0.6528497409326425,0.7875647668393783,0.9533678756476683,-0.6877192515781689,-0.8215485509157292,-0.9405881572713268,-0.9533979305132638,0.20752867448952372,1.0,32.0,-0.8313054306397656,0.1111111111111111,0.09326424870466321,,0.03,0.5,5,2.5
grid,WTI front (CRUDE_ICE),step3.0%_lot0.5x_n10,193,2006-03-22,2022-03-01,0.7875647668393783,0.8601036269430051,0.8031088082901554,-0.47121828550216416,-0.7874234318103153,-0.8382602351947753,-0.8487432973445969,2.5741292550201553,1.0,23.0,-0.8268997793875313,0.6296296296296297,0.41968911917098445,,0.03,0.5,10,5.0
grid_hedged,WTI front (CRUDE_ICE),step3.0%_lot0.5x_n10,193,2006-03-22,2022-03-01,0.8341968911917098,0.9222797927461139,0.8497409326424871,-0.5978059490117269,-0.7367363010773669,-0.8329939098441632,-0.8605902320893613,0.6479971198970136,1.0,26.0,-0.7528773022139663,0.5142857142857142,0.18134715025906736,,0.03,0.5,10,5.0
grid,WTI front (CRUDE_ICE),step3.0%_lot1.0x_n5,193,2006-03-22,2022-03-01,0.8756476683937824,0.8963730569948186,0.8808290155440415,-0.5106880001730598,-0.7792864541865367,-0.8077056925180661,-0.8234874922721909,3.4335356009474403,1.0,14.0,-0.819774099379217,0.6551724137931034,0.3005181347150259,,0.03,1.0,5,5.0
grid_hedged,WTI front (CRUDE_ICE),step3.0%_lot1.0x_n5,193,2006-03-22,2022-03-01,0.9067357512953368,0.9533678756476683,0.9326424870466321,-0.675567866614958,-0.7219637261403529,-0.8202785454556176,-0.8625564216043883,0.41505734897904345,1.0,16.0,-0.752291016516931,0.56,0.12953367875647667,,0.03,1.0,5,5.0
grid,WTI front (CRUDE_ICE),step3.0%_lot1.0x_n10,193,2006-03-22,2022-03-01,0.927461139896373,0.8497409326424871,0.927461139896373,-0.5342438095621083,-0.7217211195614487,-0.7903760864865642,-0.8112172838065297,2.9043002316280737,1.0,12.0,-0.7819953439409603,0.75,0.2694300518134715,,0.03,1.0,10,10.0
grid_hedged,WTI front (CRUDE_ICE),step3.0%_lot1.0x_n10,193,2006-03-22,2022-03-01,0.9637305699481865,0.9481865284974094,0.9637305699481865,-0.6218803279598522,-0.6889934343913324,-0.7698800763375842,-0.8100839136839983,1.6938940606090473,1.0,15.0,-0.7125333128537616,0.8148148148148148,0.13989637305699482,,0.03,1.0,10,10.0
martingale,WTI front (CRUDE_ICE),step3.0%_base0.25x_k4,193,2006-03-22,2022-03-01,0.0,0.05699481865284974,0.40932642487046633,0.03214767622261672,0.04085390460242322,-0.4210474204784346,-0.7351361003376186,1.5102584215015145,0.538961038961039,121.0,-0.24117859306399203,0.0,0.5440414507772021,0.9746835443037974,0.03,0.25,4,4.0
martingale,WTI front (CRUDE_ICE),step3.0%_base0.25x_k8,193,2006-03-22,2022-03-01,0.0,0.40414507772020725,0.5233160621761658,-0.02862894965763796,-0.006878307946793227,-0.5845630355365268,-0.8202713448554133,1.5102584215015145,0.538961038961039,121.0,-0.44893349953777417,0.0,0.6269430051813472,1.0,0.03,0.25,8,9.0
martingale,WTI front (CRUDE_ICE),step3.0%_base0.5x_k4,193,2006-03-22,2022-03-01,0.0,0.35233160621761656,0.41968911917098445,-0.0006587910534371355,0.06402825102630039,-0.9195856008668004,-0.9953999302003679,2.1779348708017046,0.538961038961039,121.0,-0.44082939697891854,0.0,0.538860103626943,0.9746835443037974,0.03,0.5,4,8.0
martingale,WTI front (CRUDE_ICE),step3.0%_base0.5x_k8,193,2006-03-22,2022-03-01,0.0,0.5181347150259067,0.5647668393782384,-0.03949197093257262,-0.09115863189162543,-0.9701776447999033,-0.9986632267583717,2.1779348708017046,0.538961038961039,121.0,-0.6118150187759224,0.0,0.5647668393782384,1.0,0.03,0.5,8,9.0
martingale,WTI front (CRUDE_ICE),step3.0%_base1.0x_k4,193,2006-03-22,2022-03-01,0.0,0.6062176165803109,0.47150259067357514,-0.03714971655839294,0.04664300972806279,-0.9974495530965434,-0.9995982488922112,3.3778115659018546,0.538961038961039,121.0,-0.6872626377622937,0.0,0.48704663212435234,0.9746835443037974,0.03,1.0,4,9.0
martingale,WTI front (CRUDE_ICE),step3.0%_base1.0x_k8,193,2006-03-22,2022-03-01,0.0,0.6994818652849741,0.6113989637305699,-0.028744137695221106,-0.22513296478787792,-0.9981130783578456,-0.9996823578573123,3.3778115659018546,0.538961038961039,121.0,-0.7904312119477349,0.0,0.48186528497409326,1.0,0.03,1.0,8,9.0
dca,WTI front (CRUDE_ICE),step3.0%_tp2%_v1.0_m6_ladder3.0x,193,2006-03-22,2022-03-01,0.533678756476684,0.8082901554404145,0.772020725388601,-0.4722508533473415,-0.8948161243762753,-0.9164328898507588,-0.927085487206837,0.8591557331102908,1.0,14.0,-0.8959526865778831,0.275,0.41450777202072536,,0.03,1.0,6,3.0
dca,WTI front (CRUDE_ICE),step3.0%_tp2%_v1.0_m6_ladder6.0x,193,2006-03-22,2022-03-01,0.8290155440414507,0.8860103626943006,0.8601036269430051,-0.531732846621036,-0.759690387590818,-0.7890195197369122,-0.8279796938087376,1.7183114662205723,1.0,10.0,-0.7985525398237178,0.5606060606060606,0.34196891191709844,,0.03,1.0,6,6.0
dca,WTI front (CRUDE_ICE),step3.0%_tp2%_v1.5_m6_ladder3.0x,193,2006-03-22,2022-03-01,0.538860103626943,0.7875647668393783,0.7150259067357513,-0.48213866291192253,-0.8947306054535713,-0.9034981322151192,-0.9081435568813264,0.4945310817818416,1.0,20.0,-0.8951025192005281,0.3368421052631579,0.49222797927461137,,0.03,1.5,6,3.0
dca,WTI front (CRUDE_ICE),step3.0%_tp2%_v1.5_m6_ladder6.0x,193,2006-03-22,2022-03-01,0.8341968911917098,0.8808290155440415,0.8549222797927462,-0.5468496769580378,-0.7414303643269328,-0.7652520014476125,-0.8499029495301726,0.9890621635636543,1.0,16.0,-0.7670814956007628,0.625,0.41450777202072536,,0.03,1.5,6,6.0
dca,WTI front (CRUDE_ICE),step3.0%_tp2%_v2.0_m6_ladder3.0x,193,2006-03-22,2022-03-01,0.5544041450777202,0.616580310880829,0.5958549222797928,-0.39992814963161294,-0.8946905352015493,-0.9006245070508196,-0.9038492722836106,0.535648068983962,1.0,28.0,-0.8949409947570076,0.3103448275862069,0.6010362694300518,,0.03,2.0,6,3.0
dca,WTI front (CRUDE_ICE),step3.0%_tp2%_v2.0_m6_ladder6.0x,193,2006-03-22,2022-03-01,0.6787564766839378,0.8186528497409327,0.6994818652849741,-0.32877544199013786,-0.7382787772177823,-0.7515541589875757,-0.8964830236499155,1.0712961379679427,1.0,22.0,-0.7428366508384838,0.3939393939393939,0.5129533678756477,,0.03,2.0,6,6.0
grid,WTI front (CRUDE_ICE),step5.0%_lot0.25x_n5,193,2006-03-22,2022-03-01,0.18652849740932642,0.44041450777202074,0.694300518134715,-0.29408880834109064,-0.23404788370959784,-0.9871518506050571,-0.9914251663226946,1.567066704161065,1.0,13.0,-0.547773682541399,0.12903225806451613,0.48186528497409326,,0.05,0.25,5,1.25
grid_hedged,WTI front (CRUDE_ICE),step5.0%_lot0.25x_n5,193,2006-03-22,2022-03-01,0.18134715025906736,0.5129533678756477,0.844559585492228,-0.4371815479438095,-0.4126418155188324,-0.9029621467372881,-0.9654504718418733,0.26793844460186245,1.0,30.0,-0.5196851861210601,0.0,0.20207253886010362,,0.05,0.25,5,1.25
grid,WTI front (CRUDE_ICE),step5.0%_lot0.25x_n10,193,2006-03-22,2022-03-01,0.40932642487046633,0.6113989637305699,0.6424870466321243,-0.33000912300201923,-0.1842851490289119,-0.9482990553814313,-0.9548118484956709,1.567066704161065,1.0,21.0,-0.7336365088357009,0.23469387755102042,0.5077720207253886,,0.05,0.25,10,2.5
grid_hedged,WTI front (CRUDE_ICE),step5.0%_lot0.25x_n10,193,2006-03-22,2022-03-01,0.5233160621761658,0.7202072538860104,0.7564766839378239,-0.4886483501577371,-0.7844825990213321,-0.9562214486870086,-0.9671510575862573,0.3521363317560049,1.0,32.0,-0.8012247134641223,0.10714285714285714,0.29015544041450775,,0.05,0.25,10,2.5
grid,WTI front (CRUDE_ICE),step5.0%_lot0.5x_n5,193,2006-03-22,2022-03-01,0.5025906735751295,0.7046632124352331,0.6994818652849741,-0.3634216866707308,-0.8189428918385614,-0.9338403231242758,-0.9454015679455919,3.134133408322133,1.0,13.0,-0.9035597586622404,0.3118279569892473,0.48186528497409326,,0.05,0.5,5,2.5
grid_hedged,WTI front (CRUDE_ICE),step5.0%_lot0.5x_n5,193,2006-03-22,2022-03-01,0.5751295336787565,0.7357512953367875,0.844559585492228,-0.5705461200753288,-0.8098663799346214,-0.9491348636509834,-0.9591245879668987,0.5358768892037218,1.0,22.0,-0.8213940611492214,0.10256410256410256,0.20207253886010362,,0.05,0.5,5,2.5
grid,WTI front (CRUDE_ICE),step5.0%_lot0.5x_n10,193,2006-03-22,2022-03-01,0.6373056994818653,0.7461139896373057,0.7305699481865285,-0.39673218715917846,-0.7984472488203741,-0.8765076967463898,-0.8858734724312664,3.134133408322133,1.0,14.0,-0.8633140682330427,0.45161290322580644,0.48186528497409326,,0.05,0.5,10,5.0
grid_hedged,WTI front (CRUDE_ICE),step5.0%_lot0.5x_n10,193,2006-03-22,2022-03-01,0.7357512953367875,0.772020725388601,0.7772020725388601,-0.5223364173756484,-0.7592718288150192,-0.8678894252158006,-0.8820718790884462,0.704272663512008,1.0,19.0,-0.782119998426737,0.3148148148148148,0.27979274611398963,,0.05,0.5,10,5.0
grid,WTI front (CRUDE_ICE),step5.0%_lot1.0x_n5,193,2006-03-22,2022-03-01,0.7772020725388601,0.8652849740932642,0.7927461139896373,-0.3571003270939762,-0.7732615516172027,-0.8194432078549454,-0.9029976972567325,6.268266816644264,1.0,10.0,-0.833250312956618,0.5609756097560976,0.42487046632124353,,0.05,1.0,5,5.0
grid_hedged,WTI front (CRUDE_ICE),step5.0%_lot1.0x_n5,193,2006-03-22,2022-03-01,0.8082901554404145,0.9119170984455959,0.8341968911917098,-0.54927170125715,-0.7303675428020074,-0.8326765771861513,-0.8629361856683723,1.0717537784074436,1.0,13.0,-0.7477475147283855,0.38461538461538464,0.20207253886010362,,0.05,1.0,5,5.0
grid,WTI front (CRUDE_ICE),step5.0%_lot1.0x_n10,193,2006-03-22,2022-03-01,0.8238341968911918,0.8549222797927462,0.8393782383419689,-0.3772365785024442,-0.7496257196391455,-0.8180927618227196,-0.9029976972567325,6.268266816644264,1.0,10.0,-0.8240626057995007,0.6506024096385542,0.43005181347150256,,0.05,1.0,10,10.0
grid_hedged,WTI front (CRUDE_ICE),step5.0%_lot1.0x_n10,193,2006-03-22,2022-03-01,0.844559585492228,0.917098445595855,0.8549222797927462,-0.5099715275130814,-0.7220474318265431,-0.8151360196501265,-0.8629361856683723,1.4085453270240222,1.0,12.0,-0.7443595671613941,0.43902439024390244,0.21243523316062177,,0.05,1.0,10,10.0
martingale,WTI front (CRUDE_ICE),step5.0%_base0.25x_k4,193,2006-03-22,2022-03-01,0.0,0.32642487046632124,0.689119170984456,-0.15928786811109075,-0.14884566542559396,-0.7859669209447809,-0.9977565779135751,0.8154428656487385,0.5087719298245614,61.0,-0.4739626554128116,0.0,0.47668393782383417,0.9545454545454546,0.05,0.25,4,4.0
martingale,WTI front (CRUDE_ICE),step5.0%_base0.25x_k8,193,2006-03-22,2022-03-01,0.0,0.5906735751295337,0.6113989637305699,-0.27489623131220775,-0.3735001903602476,-0.9388507782294251,-0.999967969809815,0.8154428656487385,0.5087719298245614,61.0,-0.7053954674249359,0.0,0.5595854922279793,1.0,0.05,0.25,8,9.0
martingale,WTI front (CRUDE_ICE),step5.0%_base0.5x_k4,193,2006-03-22,2022-03-01,0.0,0.694300518134715,0.6994818652849741,-0.32885080296018254,-0.387109768352875,-0.9989927020950127,-0.9999901147134053,0.8774874543464579,0.5087719298245614,61.0,-0.7536612711601559,0.0,0.39378238341968913,0.9545454545454546,0.05,0.5,4,8.0
martingale,WTI front (CRUDE_ICE),step5.0%_base0.5x_k8,193,2006-03-22,2022-03-01,0.0,0.7098445595854922,0.6373056994818653,-0.3776759800802293,-0.6343782137559252,-0.9989221774147142,-0.9999884101133748,0.9012709878505514,0.5087719298245614,61.0,-0.8776336061027522,0.0,0.43005181347150256,1.0,0.05,0.5,8,9.0
martingale,WTI front (CRUDE_ICE),step5.0%_base1.0x_k4,193,2006-03-22,2022-03-01,0.0,0.7875647668393783,0.7305699481865285,-0.40978585662201705,-0.689442617037015,-0.9999804889827493,-0.9999959686304993,1.6331873436632298,0.5087719298245614,61.0,-0.9618991331970456,0.0,0.32124352331606215,0.9545454545454546,0.05,1.0,4,9.0
martingale,WTI front (CRUDE_ICE),step5.0%_base1.0x_k8,193,2006-03-22,2022-03-01,0.0,0.7927461139896373,0.7305699481865285,-0.43543412334883713,-0.8494846557605689,-0.9999748491903114,-0.9999969992822743,1.522150981693072,0.5087719298245614,61.0,-0.9824094327817307,0.0,0.32642487046632124,1.0,0.05,1.0,8,9.0
dca,WTI front (CRUDE_ICE),step5.0%_tp2%_v1.0_m6_ladder3.0x,193,2006-03-22,2022-03-01,0.48704663212435234,0.7253886010362695,0.6528497409326425,-0.39449675558239294,-0.4946395052396362,-0.9114505819366392,-0.9191184125202596,0.8122705431561308,1.0,17.0,-0.8681583276027067,0.2268041237113402,0.5025906735751295,,0.05,1.0,6,3.0
dca,WTI front (CRUDE_ICE),step5.0%_tp2%_v1.0_m6_ladder6.0x,193,2006-03-22,2022-03-01,0.7979274611398963,0.8704663212435233,0.8238341968911918,-0.5318705529663994,-0.7896934463148177,-0.8306567209154296,-0.8728305476125752,1.6245410863122536,1.0,13.0,-0.8324280422066956,0.6097560975609756,0.42487046632124353,,0.05,1.0,6,6.0
dca,WTI front (CRUDE_ICE),step5.0%_tp2%_v1.5_m6_ladder3.0x,193,2006-03-22,2022-03-01,0.44041450777202074,0.5751295336787565,0.48704663212435234,-0.3268688780505282,0.026882506668140627,-0.9003521008297355,-0.9021252702953355,0.38184211546125657,1.0,26.0,-0.8370224178090627,0.21739130434782608,0.5958549222797928,,0.05,1.5,6,3.0
dca,WTI front (CRUDE_ICE),step5.0%_tp2%_v1.5_m6_ladder6.0x,193,2006-03-22,2022-03-01,0.6632124352331606,0.7409326424870466,0.6735751295336787,-0.39894235425408164,-0.7412230193008187,-0.8494957226306122,-0.851058082474224,0.7194731839603916,1.0,19.0,-0.7622256056314379,0.42452830188679247,0.5492227979274611,,0.05,1.5,6,6.0
dca,WTI front (CRUDE_ICE),step5.0%_tp2%_v2.0_m6_ladder3.0x,193,2006-03-22,2022-03-01,0.43523316062176165,0.5544041450777202,0.48186528497409326,-0.35658835934232613,0.012114147856335578,-0.8993215687262509,-0.9004810893522088,0.2661435596557673,1.0,31.0,-0.8117166603871065,0.25396825396825395,0.6528497409326425,,0.05,2.0,6,3.0
dca,WTI front (CRUDE_ICE),step5.0%_tp2%_v2.0_m6_ladder6.0x,193,2006-03-22,2022-03-01,0.5751295336787565,0.616580310880829,0.5854922279792746,-0.34863325354144725,-0.7380112565935688,-0.7469815590360196,-0.8966478802725331,0.4101181366090776,1.0,25.0,-0.7381830687476835,0.3217391304347826,0.5958549222797928,,0.05,2.0,6,6.0
grid,WTI front (CRUDE_ICE),step8.0%_lot0.25x_n5,193,2006-03-22,2022-03-01,0.10880829015544041,0.40932642487046633,0.5906735751295337,-0.19249641008897644,-0.063559510634007,-0.9643347276327746,-0.9904961992478214,1.3093357466684665,1.0,8.0,-0.4425839468623647,0.11428571428571428,0.5440414507772021,,0.08,0.25,5,1.25
grid_hedged,WTI front (CRUDE_ICE),step8.0%_lot0.25x_n5,193,2006-03-22,2022-03-01,0.13471502590673576,0.45077720207253885,0.7409326424870466,-0.32377412311060416,-0.2902133861699372,-0.8703244921017217,-0.976831038105038,0.24737507735665543,1.0,19.0,-0.4511010020946429,0.0,0.3160621761658031,,0.08,0.25,5,1.25
grid,WTI front (CRUDE_ICE),step8.0%_lot0.25x_n10,193,2006-03-22,2022-03-01,0.3160621761658031,0.42487046632124353,0.5595854922279793,-0.27064344450753974,-0.03509883024917937,-0.9612893524511283,-0.9651500592612078,1.3093357466684665,1.0,10.0,-0.45629494037293616,0.16981132075471697,0.5492227979274611,,0.08,0.25,10,2.5
grid_hedged,WTI front (CRUDE_ICE),step8.0%_lot0.25x_n10,193,2006-03-22,2022-03-01,0.39896373056994816,0.5699481865284974,0.6476683937823834,-0.3964171148479968,-0.3490853767353128,-0.971463745155533,-0.9800506536467093,0.41012192787205826,1.0,19.0,-0.6194656335383009,0.07142857142857142,0.3626943005181347,,0.08,0.25,10,2.5
grid,WTI front (CRUDE_ICE),step8.0%_lot0.5x_n5,193,2006-03-22,2022-03-01,0.42487046632124353,0.5803108808290155,0.6062176165803109,-0.27214388828469294,-0.14339720591789606,-0.9426823381482092,-0.9507213496675924,2.6186714933369344,1.0,8.0,-0.7680651203606109,0.25,0.538860103626943,,0.08,0.5,5,2.5
grid_hedged,WTI front (CRUDE_ICE),step8.0%_lot0.5x_n5,193,2006-03-22,2022-03-01,0.49740932642487046,0.6735751295336787,0.7409326424870466,-0.4680212788096776,-0.7553353242890226,-0.9600495852427486,-0.9767107624760385,0.4947501547133113,1.0,16.0,-0.7697789345290145,0.06557377049180328,0.3160621761658031,,0.08,0.5,5,2.5
grid,WTI front (CRUDE_ICE),step8.0%_lot0.5x_n10,193,2006-03-22,2022-03-01,0.43523316062176165,0.5699481865284974,0.5647668393782384,-0.23340105235080044,-0.07019766049835496,-0.9088665146452957,-0.9333580981347952,2.6186714933369344,1.0,9.0,-0.8426659085721178,0.25471698113207547,0.5492227979274611,,0.08,0.5,10,5.0
grid_hedged,WTI front (CRUDE_ICE),step8.0%_lot0.5x_n10,193,2006-03-22,2022-03-01,0.6113989637305699,0.7150259067357513,0.689119170984456,-0.4529368457242394,-0.759658185666851,-0.9027387506029008,-0.9070492219059387,0.8202438557441136,1.0,13.0,-0.7706804669817903,0.208955223880597,0.3471502590673575,,0.08,0.5,10,5.0
grid,WTI front (CRUDE_ICE),step8.0%_lot1.0x_n5,193,2006-03-22,2022-03-01,0.6528497409326425,0.7772020725388601,0.7098445595854922,-0.29063804507868385,-0.780861697705412,-0.866442561433747,-0.9073817493710463,5.237342986673863,1.0,5.0,-0.8616967847811766,0.46875,0.49740932642487046,,0.08,1.0,5,5.0
grid_hedged,WTI front (CRUDE_ICE),step8.0%_lot1.0x_n5,193,2006-03-22,2022-03-01,0.7616580310880829,0.8186528497409327,0.772020725388601,-0.473233279263803,-0.7243646471111251,-0.848229543764057,-0.8946502942386381,0.9895003094266257,1.0,8.0,-0.7619966454974549,0.3793103448275862,0.3005181347150259,,0.08,1.0,5,5.0
grid,WTI front (CRUDE_ICE),step8.0%_lot1.0x_n10,193,2006-03-22,2022-03-01,0.6321243523316062,0.7772020725388601,0.694300518134715,-0.2657308387466817,-0.780861697705412,-0.866442561433747,-0.9073817493710463,5.237342986673863,1.0,5.0,-0.8613761192309626,0.4270833333333333,0.49740932642487046,,0.08,1.0,10,10.0
grid_hedged,WTI front (CRUDE_ICE),step8.0%_lot1.0x_n10,193,2006-03-22,2022-03-01,0.7616580310880829,0.8186528497409327,0.772020725388601,-0.46345477161754045,-0.7254251924666684,-0.8426955331265461,-0.8555821651889514,1.2755399857530771,1.0,8.0,-0.7595126631727847,0.3728813559322034,0.30569948186528495,,0.08,1.0,10,10.0
martingale,WTI front (CRUDE_ICE),step8.0%_base0.25x_k4,193,2006-03-22,2022-03-01,0.046632124352331605,0.15544041450777202,0.2694300518134715,0.07104360169971402,0.13316825507270313,-0.6987241663697922,-0.9577801600871807,1.2290744754849743,0.5306122448979592,28.0,-0.24696506640707583,0.0,0.7461139896373057,1.0,0.08,0.25,4,4.0
martingale,WTI front (CRUDE_ICE),step8.0%_base0.25x_k8,193,2006-03-22,2022-03-01,0.13989637305699482,0.19689119170984457,0.24352331606217617,0.08434894042231633,0.1721601564551929,-0.8399714483709105,-0.8925097790829575,1.2290744754849743,0.5294117647058824,27.0,-0.28147503849122,0.04861111111111111,0.7461139896373057,1.0,0.08,0.25,8,9.0
martingale,WTI front (CRUDE_ICE),step8.0%_base0.5x_k4,193,2006-03-22,2022-03-01,0.18652849740932642,0.3471502590673575,0.32124352331606215,0.14803902490517817,0.22205564627818664,-0.8329676414206444,-0.8884997064383792,2.3871375126771626,0.5294117647058824,25.0,-0.44646031552757814,0.05185185185185185,0.6994818652849741,1.0,0.08,0.5,4,8.0
martingale,WTI front (CRUDE_ICE),step8.0%_base0.5x_k8,193,2006-03-22,2022-03-01,0.21243523316062177,0.36787564766839376,0.30569948186528495,0.1648594196797486,0.26338843108731647,-0.842986699050392,-0.8884997064383792,2.3871375126771626,0.5277777777777778,25.0,-0.4829425023579005,0.08208955223880597,0.694300518134715,1.0,0.08,0.5,8,9.0
martingale,WTI front (CRUDE_ICE),step8.0%_base1.0x_k4,193,2006-03-22,2022-03-01,0.41968911917098445,0.5647668393782384,0.5129533678756477,0.12724992170127125,-0.017039401138496002,-0.8182548006096263,-0.8685361237279944,3.0777837655914437,0.5,20.0,-0.7067861072273114,0.17857142857142858,0.5803108808290155,1.0,0.08,1.0,4,9.0
martingale,WTI front (CRUDE_ICE),step8.0%_base1.0x_k8,193,2006-03-22,2022-03-01,0.46113989637305697,0.5854922279792746,0.5440414507772021,0.0960688452081242,-0.14839579760728272,-0.8182548006096263,-0.8685361237279944,3.0777837655914437,0.5,20.0,-0.7211995076936243,0.19230769230769232,0.538860103626943,1.0,0.08,1.0,8,9.0
dca,WTI front (CRUDE_ICE),step8.0%_tp2%_v1.0_m6_ladder3.0x,193,2006-03-22,2022-03-01,0.43523316062176165,0.5854922279792746,0.5181347150259067,-0.31264843034932244,-0.008313628131227713,-0.9181778867244996,-0.9228422276928256,0.5731421154493084,1.0,18.0,-0.7093240846178737,0.27927927927927926,0.5751295336787565,,0.08,1.0,6,3.0
dca,WTI front (CRUDE_ICE),step8.0%_tp2%_v1.0_m6_ladder6.0x,193,2006-03-22,2022-03-01,0.6217616580310881,0.7875647668393783,0.689119170984456,-0.422667634507486,-0.8283474340587386,-0.8742432910144241,-0.8765468156093786,1.1462842308986074,1.0,15.0,-0.8528413731129717,0.4020618556701031,0.5025906735751295,,0.08,1.0,6,6.0
dca,WTI front (CRUDE_ICE),step8.0%_tp2%_v1.5_m6_ladder3.0x,193,2006-03-22,2022-03-01,0.3626943005181347,0.5129533678756477,0.39896373056994816,-0.27543291595717634,0.04888000008580784,-0.9005785551141148,-1.0,0.18698695397088083,1.0,24.0,-0.5382997279867727,0.22962962962962963,0.6994818652849741,,0.08,1.5,6,3.0
dca,WTI front (CRUDE_ICE),step8.0%_tp2%_v1.5_m6_ladder6.0x,193,2006-03-22,2022-03-01,0.48704663212435234,0.5544041450777202,0.5233160621761658,-0.3397886062396499,-0.31278661997749335,-0.8580473492374374,-0.8613006988963857,0.3647310553841412,1.0,19.0,-0.8492266662088331,0.2564102564102564,0.6062176165803109,,0.08,1.5,6,6.0
dca,WTI front (CRUDE_ICE),step8.0%_tp2%_v2.0_m6_ladder3.0x,193,2006-03-22,2022-03-01,0.35751295336787564,0.43005181347150256,0.38860103626943004,-0.29392816331672356,0.026222018627706678,-0.8978167720056985,-0.9282643840313409,0.17127238976910508,1.0,29.0,-0.4422612418266658,0.20833333333333334,0.7461139896373057,,0.08,2.0,6,3.0
dca,WTI front (CRUDE_ICE),step8.0%_tp2%_v2.0_m6_ladder6.0x,193,2006-03-22,2022-03-01,0.5077720207253886,0.5492227979274611,0.533678756476684,-0.37799581350585,-0.7378504157505914,-0.8970856601334483,-0.9028952046352215,0.1705717727858438,1.0,23.0,-0.7379381784877965,0.288,0.6476683937823834,,0.08,2.0,6,6.0
grid,NatGas front (GAS-LAST),step1.5%_lot0.25x_n5,183,2007-01-30,2022-03-01,0.29508196721311475,0.912568306010929,0.9508196721311475,-0.6915231288318269,-0.765026466742916,-0.980983461945786,-0.988320428231743,0.15737923833561696,1.0,23.0,-0.8621505242580692,0.42857142857142855,0.07650273224043716,,0.015,0.25,5,1.25
grid_hedged,NatGas front (GAS-LAST),step1.5%_lot0.25x_n5,183,2007-01-30,2022-03-01,0.25136612021857924,0.8633879781420765,1.0,-0.6988388611458798,-0.7008066209376715,-0.9622847614976775,-0.9852570066205829,-0.23746497991740156,1.0,88.0,-0.7105967286736503,,0.0,,0.015,0.25,5,1.25
grid,NatGas front (GAS-LAST),step1.5%_lot0.25x_n10,183,2007-01-30,2022-03-01,0.9180327868852459,1.0,0.9726775956284153,-0.8423008543655708,-0.9105152355042779,-0.931002498578171,-0.9329657197213853,0.3113193034251449,1.0,37.0,-0.9183162978180892,0.8,0.08196721311475409,,0.015,0.25,10,2.5
grid_hedged,NatGas front (GAS-LAST),step1.5%_lot0.25x_n10,183,2007-01-30,2022-03-01,0.8852459016393442,0.9836065573770492,1.0,-0.8519378836576197,-0.9015389280115111,-0.9415050000741578,-0.94836177100218,-0.2397069709990327,1.0,96.0,-0.9063163900380846,,0.0,,0.015,0.25,10,2.5
grid,NatGas front (GAS-LAST),step1.5%_lot0.5x_n5,183,2007-01-30,2022-03-01,0.9289617486338798,1.0,0.9726775956284153,-0.8482851083005807,-0.9075345238177617,-0.9258927987462481,-0.927154396071815,0.3147584766712308,1.0,20.0,-0.9170487144900639,0.75,0.06557377049180328,,0.015,0.5,5,2.5
grid_hedged,NatGas front (GAS-LAST),step1.5%_lot0.5x_n5,183,2007-01-30,2022-03-01,0.9289617486338798,1.0,1.0,-0.8655849358123178,-0.9036990842799005,-0.9384225543811411,-0.9476534958367377,-0.44250026057832736,1.0,52.0,-0.906670330805797,,0.0,,0.015,0.5,5,2.5
grid,NatGas front (GAS-LAST),step1.5%_lot0.5x_n10,183,2007-01-30,2022-03-01,1.0,1.0,1.0,-0.772877391255993,-0.7899917196306832,-0.8115896955024104,-0.8157394843392876,-0.5901397664276942,1.0,21.0,-0.8066566610779112,1.0,0.02185792349726776,,0.015,0.5,10,5.0
grid_hedged,NatGas front (GAS-LAST),step1.5%_lot0.5x_n10,183,2007-01-30,2022-03-01,1.0,1.0,1.0,-0.7675623638265086,-0.7907006394156999,-0.8230568088497924,-0.8328011635010608,-0.6714912864350705,1.0,36.0,-0.791128281506237,,0.0,,0.015,0.5,10,5.0
grid,NatGas front (GAS-LAST),step1.5%_lot1.0x_n5,183,2007-01-30,2022-03-01,1.0,1.0,1.0,-0.7614210527462117,-0.783088869517654,-0.8027030309905314,-0.809987817696161,-0.5408294503399863,1.0,10.0,-0.8017685036480086,1.0,0.01092896174863388,,0.015,1.0,5,5.0
grid_hedged,NatGas front (GAS-LAST),step1.5%_lot1.0x_n5,183,2007-01-30,2022-03-01,0.994535519125683,1.0,1.0,-0.7629662294787397,-0.7884771075435488,-0.8162874777717594,-0.8520282588701458,-0.2032273575558292,1.0,18.0,-0.7886858909641402,,0.0,,0.015,1.0,5,5.0
grid,NatGas front (GAS-LAST),step1.5%_lot1.0x_n10,183,2007-01-30,2022-03-01,1.0,0.9781420765027322,1.0,-0.6825892794677534,-0.6954459545102056,-0.7529527835500767,-0.8008084290770991,-0.43574861738321036,1.0,11.0,-0.7306345156065437,,0.0,,0.015,1.0,10,10.0
grid_hedged,NatGas front (GAS-LAST),step1.5%_lot1.0x_n10,183,2007-01-30,2022-03-01,1.0,1.0,1.0,-0.6710824213391333,-0.6732008537955795,-0.7375226587845453,-0.8014726634678716,-0.5072165112263651,1.0,15.0,-0.6953012666819882,,0.0,,0.015,1.0,10,10.0
martingale,NatGas front (GAS-LAST),step1.5%_base0.25x_k4,183,2007-01-30,2022-03-01,0.0,0.14207650273224043,0.9453551912568307,-0.24447577977080748,-0.2712806480326102,-0.5625250270856957,-0.7323383896005196,0.1318539143331765,0.5110294117647058,260.0,-0.33058456810507675,0.0,0.1912568306010929,0.9703703703703703,0.015,0.25,4,4.0
martingale,NatGas front (GAS-LAST),step1.5%_base0.25x_k8,183,2007-01-30,2022-03-01,0.0,0.4918032786885246,0.907103825136612,-0.3966045331095187,-0.3421823343451931,-0.8756252375610865,-0.9702340562322828,0.15546541000635195,0.5110294117647058,260.0,-0.49728004123262404,0.0,0.3114754098360656,1.0,0.015,0.25,8,9.0
martingale,NatGas front (GAS-LAST),step1.5%_base0.5x_k4,183,2007-01-30,2022-03-01,0.0,0.5792349726775956,0.9453551912568307,-0.45287381122600445,-0.516732942253572,-0.9073005112288102,-0.9850949827213129,0.23373532922337237,0.5110294117647058,260.0,-0.6361219262442779,0.0,0.18579234972677597,0.9703703703703703,0.015,0.5,4,8.0
martingale,NatGas front (GAS-LAST),step1.5%_base0.5x_k8,183,2007-01-30,2022-03-01,0.0,0.6666666666666666,0.9398907103825137,-0.5566317469164617,-0.5849492436172519,-0.9866894971713217,-0.9964800161442106,0.17908768528225516,0.5110294117647058,260.0,-0.7099067311717147,0.0,0.2185792349726776,1.0,0.015,0.5,8,9.0
martingale,NatGas front (GAS-LAST),step1.5%_base1.0x_k4,183,2007-01-30,2022-03-01,0.0,0.8360655737704918,0.9508196721311475,-0.6900375909950413,-0.8549169363085005,-0.9974656554912832,-0.9997499535803258,0.3657554223204813,0.5110294117647058,260.0,-0.9036104028086848,0.0,0.12021857923497267,0.9703703703703703,0.015,1.0,4,9.0
martingale,NatGas front (GAS-LAST),step1.5%_base1.0x_k8,183,2007-01-30,2022-03-01,0.0,0.912568306010929,0.9672131147540983,-0.7395127562113903,-0.8832737150524512,-0.9988079287449769,-0.9998028185721741,0.31384531982695085,0.5110294117647058,260.0,-0.9303769952693359,0.0,0.11475409836065574,1.0,0.015,1.0,8,9.0
dca,NatGas front (GAS-LAST),step1.5%_tp2%_v1.0_m6_ladder3.0x,183,2007-01-30,2022-03-01,0.8688524590163934,0.9836065573770492,0.9453551912568307,-0.7993677724565207,-0.9004202598343692,-0.9189699610358221,-0.9338355750382263,0.5418577175272601,1.0,8.0,-0.9106430227928136,0.75,0.1092896174863388,,0.015,1.0,6,3.0
dca,NatGas front (GAS-LAST),step1.5%_tp2%_v1.0_m6_ladder6.0x,183,2007-01-30,2022-03-01,1.0,1.0,1.0,-0.754698329949514,-0.7499016410355401,-0.7853337548148568,-0.7970846633025547,-0.7399035665614786,1.0,4.0,-0.7869156335029733,1.0,0.01639344262295082,,0.015,1.0,6,6.0
dca,NatGas front (GAS-LAST),step1.5%_tp2%_v1.5_m6_ladder3.0x,183,2007-01-30,2022-03-01,0.8797814207650273,0.9672131147540983,0.9453551912568307,-0.8014085311544162,-0.8995089143360133,-0.9148410671258063,-0.9285882636560593,0.48760016580373855,1.0,10.0,-0.9081641209381063,0.6521739130434783,0.12568306010928962,,0.015,1.5,6,3.0
dca,NatGas front (GAS-LAST),step1.5%_tp2%_v1.5_m6_ladder6.0x,183,2007-01-30,2022-03-01,0.994535519125683,1.0,0.994535519125683,-0.742037127663574,-0.7473922950152561,-0.7758122722876324,-0.7921930631045271,0.9752003316074744,1.0,5.0,-0.777843954761207,0.8333333333333334,0.03278688524590164,,0.015,1.5,6,6.0
dca,NatGas front (GAS-LAST),step1.5%_tp2%_v2.0_m6_ladder3.0x,183,2007-01-30,2022-03-01,0.8688524590163934,0.9672131147540983,0.9508196721311475,-0.7999803176599705,-0.8988841539878067,-0.9157228155823306,-0.9250196228228619,0.4417296035306961,1.0,11.0,-0.9066856775552847,0.6551724137931034,0.15846994535519127,,0.015,2.0,6,3.0
dca,NatGas front (GAS-LAST),step1.5%_tp2%_v2.0_m6_ladder6.0x,183,2007-01-30,2022-03-01,1.0,1.0,1.0,-0.7512731861980735,-0.7470409184261602,-0.7749397810477174,-0.7892474965632837,-0.7398487947552886,1.0,6.0,-0.7766857042118788,1.0,0.060109289617486336,,0.015,2.0,6,6.0
grid,NatGas front (GAS-LAST),step3.0%_lot0.25x_n5,183,2007-01-30,2022-03-01,0.22950819672131148,0.8306010928961749,0.9234972677595629,-0.6049517555813222,-0.6555918614796087,-0.9747857283058886,-0.9901316820850806,0.5675503115863756,1.0,15.0,-0.7770032656254509,0.2916666666666667,0.13114754098360656,,0.03,0.25,5,1.25
grid_hedged,NatGas front (GAS-LAST),step3.0%_lot0.25x_n5,183,2007-01-30,2022-03-01,0.16939890710382513,0.6010928961748634,0.994535519125683,-0.5590860325461426,-0.5407357037425469,-0.9407778970519648,-0.9836693451118405,0.027147060067267414,1.0,61.0,-0.5786485797966039,0.0,0.0273224043715847,,0.03,0.25,5,1.25
grid,NatGas front (GAS-LAST),step3.0%_lot0.25x_n10,183,2007-01-30,2022-03-01,0.7759562841530054,0.9398907103825137,0.9234972677595629,-0.7708764784719749,-0.908187093734219,-0.9400719643282369,-0.9423985084100844,0.6573010238249046,1.0,26.0,-0.9206155841581427,0.5185185185185185,0.14754098360655737,,0.03,0.25,10,2.5
grid_hedged,NatGas front (GAS-LAST),step3.0%_lot0.25x_n10,183,2007-01-30,2022-03-01,0.6612021857923497,0.9344262295081968,0.9672131147540983,-0.7344945363713427,-0.8173211905740001,-0.9530605168718792,-0.9584947452111608,0.21416129413504414,1.0,70.0,-0.8441377487084398,0.4666666666666667,0.08196721311475409,,0.03,0.25,10,2.5
grid,NatGas front (GAS-LAST),step3.0%_lot0.5x_n5,183,2007-01-30,2022-03-01,0.8961748633879781,0.9890710382513661,0.9672131147540983,-0.8323140581750086,-0.9085270693063796,-0.9309018938545177,-0.9351288703574014,0.4953892067910448,1.0,15.0,-0.9250774269099189,0.6842105263157895,0.10382513661202186,,0.03,0.5,5,2.5
grid_hedged,NatGas front (GAS-LAST),step3.0%_lot0.5x_n5,183,2007-01-30,2022-03-01,0.6994535519125683,0.9617486338797814,0.994535519125683,-0.7912826492384453,-0.8303339544147337,-0.9538776989101385,-0.9598955995522425,0.05429412013453705,1.0,47.0,-0.8605796863859386,0.4,0.0273224043715847,,0.03,0.5,5,2.5
grid,NatGas front (GAS-LAST),step3.0%_lot0.5x_n10,183,2007-01-30,2022-03-01,0.9726775956284153,1.0,0.9726775956284153,-0.7617698798033349,-0.8122718479182477,-0.8441080146326125,-0.8646501586975573,0.8709606990050678,1.0,16.0,-0.8330979718077761,0.8125,0.08743169398907104,,0.03,0.5,10,5.0
grid_hedged,NatGas front (GAS-LAST),step3.0%_lot0.5x_n10,183,2007-01-30,2022-03-01,0.9562841530054644,0.9890710382513661,0.9672131147540983,-0.7424693063613474,-0.8083416054162098,-0.8501149963904377,-0.8635880989589297,0.5456885399854481,1.0,28.0,-0.8168069348499771,0.5,0.08743169398907104,,0.03,0.5,10,5.0
grid,NatGas front (GAS-LAST),step3.0%_lot1.0x_n5,183,2007-01-30,2022-03-01,1.0,1.0,1.0,-0.7692269938143178,-0.792284502484238,-0.813907967841013,-0.8347205361698985,-0.5283803778323413,1.0,8.0,-0.8214076426265043,1.0,0.0273224043715847,,0.03,1.0,5,5.0
grid_hedged,NatGas front (GAS-LAST),step3.0%_lot1.0x_n5,183,2007-01-30,2022-03-01,0.9726775956284153,0.994535519125683,0.9890710382513661,-0.7476038919456505,-0.8039056813173016,-0.8381784370148726,-0.8728736981981419,0.3735063911921339,1.0,17.0,-0.8074952442002461,0.6,0.0546448087431694,,0.03,1.0,5,5.0
grid,NatGas front (GAS-LAST),step3.0%_lot1.0x_n10,183,2007-01-30,2022-03-01,1.0,0.994535519125683,1.0,-0.7180310291898265,-0.7430958621886276,-0.7863845377241692,-0.8347205361698985,-0.45919978837246545,1.0,8.0,-0.7862524825040585,1.0,0.03278688524590164,,0.03,1.0,10,10.0
grid_hedged,NatGas front (GAS-LAST),step3.0%_lot1.0x_n10,183,2007-01-30,2022-03-01,1.0,0.994535519125683,1.0,-0.6954970670928049,-0.7027909631684058,-0.7715096189728072,-0.8068033947885906,-0.455458566530354,1.0,14.0,-0.7414394079427847,1.0,0.03278688524590164,,0.03,1.0,10,10.0
martingale,NatGas front (GAS-LAST),step3.0%_base0.25x_k4,183,2007-01-30,2022-03-01,0.0,0.14754098360655737,0.7103825136612022,-0.1626118622370909,-0.16656455318258523,-0.6475238836149739,-0.8385257084250828,0.35246843950160156,0.5208333333333334,135.0,-0.375243051372539,0.0,0.3224043715846995,0.9647058823529412,0.03,0.25,4,4.0
martingale,NatGas front (GAS-LAST),step3.0%_base0.25x_k8,183,2007-01-30,2022-03-01,0.0,0.3770491803278688,0.4918032786885246,-0.12045111160104915,0.010306016804700668,-0.8917442849718157,-0.9626977271808496,0.7416738155317582,0.5208333333333334,135.0,-0.39877616449261966,0.0,0.6010928961748634,1.0,0.03,0.25,8,9.0
martingale,NatGas front (GAS-LAST),step3.0%_base0.5x_k4,183,2007-01-30,2022-03-01,0.0,0.5737704918032787,0.7486338797814208,-0.31034468931324866,-0.3392475453181292,-0.9649994360696981,-0.9951343623687017,0.7049368790032069,0.5208333333333334,135.0,-0.6653929880825489,0.0,0.32786885245901637,0.9647058823529412,0.03,0.5,4,8.0
martingale,NatGas front (GAS-LAST),step3.0%_base0.5x_k8,183,2007-01-30,2022-03-01,0.0,0.5956284153005464,0.6721311475409836,-0.2325287292086885,-0.34070460645526235,-0.9858396795562546,-0.9988513609337116,0.982015804590014,0.5208333333333334,135.0,-0.6729113122819309,0.0,0.453551912568306,1.0,0.03,0.5,8,9.0
martingale,NatGas front (GAS-LAST),step3.0%_base1.0x_k4,183,2007-01-30,2022-03-01,0.0,0.7759562841530054,0.7486338797814208,-0.3488972066757082,-0.5309595835173262,-0.9982053641163647,-0.9996893195000194,1.5681955766811009,0.5208333333333334,135.0,-0.8448033199546487,0.0,0.33879781420765026,0.9647058823529412,0.03,1.0,4,9.0
martingale,NatGas front (GAS-LAST),step3.0%_base1.0x_k8,183,2007-01-30,2022-03-01,0.0,0.7814207650273224,0.7158469945355191,-0.27384547635208156,-0.604937941568623,-0.9988163060822205,-0.9996706315232361,1.9875159496712835,0.5208333333333334,135.0,-0.8792512211727405,0.0,0.3825136612021858,1.0,0.03,1.0,8,9.0
dca,NatGas front (GAS-LAST),step3.0%_tp2%_v1.0_m6_ladder3.0x,183,2007-01-30,2022-03-01,0.8306010928961749,0.9781420765027322,0.912568306010929,-0.7557832880123202,-0.9000586827603567,-0.9249130721256705,-0.9401002688590052,0.6262807067225098,1.0,10.0,-0.9091511371693725,0.6666666666666666,0.16393442622950818,,0.03,1.0,6,3.0
dca,NatGas front (GAS-LAST),step3.0%_tp2%_v1.0_m6_ladder6.0x,183,2007-01-30,2022-03-01,0.994535519125683,1.0,0.994535519125683,-0.7644844833604654,-0.7744881103293267,-0.790429638567597,-0.8309507141034906,0.7058575500871576,1.0,5.0,-0.802251631462551,0.8888888888888888,0.04918032786885246,,0.03,1.0,6,6.0
dca,NatGas front (GAS-LAST),step3.0%_tp2%_v1.5_m6_ladder3.0x,183,2007-01-30,2022-03-01,0.7431693989071039,0.9508196721311475,0.9016393442622951,-0.6921033600816864,-0.8977750353443601,-0.9182081251098615,-0.9297716359052652,0.6770931971343692,1.0,15.0,-0.9022431202006685,0.44,0.273224043715847,,0.03,1.5,6,3.0
dca,NatGas front (GAS-LAST),step3.0%_tp2%_v1.5_m6_ladder6.0x,183,2007-01-30,2022-03-01,0.9890710382513661,1.0,0.9890710382513661,-0.7384268085607275,-0.7476452090962837,-0.7656696866479931,-0.8513155927515731,0.6580384443709173,1.0,9.0,-0.7786850677405487,0.9130434782608695,0.12568306010928962,,0.03,1.5,6,6.0
dca,NatGas front (GAS-LAST),step3.0%_tp2%_v2.0_m6_ladder3.0x,183,2007-01-30,2022-03-01,0.6830601092896175,0.8142076502732241,0.8032786885245902,-0.6005556034413113,-0.8968466065504648,-0.9143054103394421,-0.922716999479875,0.6319266094863625,1.0,21.0,-0.8993175103525368,0.2608695652173913,0.3770491803278688,,0.03,2.0,6,3.0
dca,NatGas front (GAS-LAST),step3.0%_tp2%_v2.0_m6_ladder6.0x,183,2007-01-30,2022-03-01,0.8579234972677595,0.9726775956284153,0.8743169398907104,-0.569217971521089,-0.7444734285901538,-0.758926316221712,-0.7967188019488718,1.2638532189727347,1.0,13.0,-0.7640044318357707,0.46808510638297873,0.2568306010928962,,0.03,2.0,6,6.0
grid,NatGas front (GAS-LAST),step5.0%_lot0.25x_n5,183,2007-01-30,2022-03-01,0.19672131147540983,0.73224043715847,0.8797814207650273,-0.5389440843994622,-0.5833667657090323,-0.9684411112679313,-0.9923641093716858,0.7128231653719184,1.0,10.0,-0.6983083274228381,0.20512820512820512,0.21311475409836064,,0.05,0.25,5,1.25
grid_hedged,NatGas front (GAS-LAST),step5.0%_lot0.25x_n5,183,2007-01-30,2022-03-01,0.13114754098360656,0.5081967213114754,0.9672131147540983,-0.4634997132977091,-0.4508062204154699,-0.8896393728062879,-0.9794195501794433,0.23114904504033995,1.0,39.0,-0.5321615576801008,0.0,0.11475409836065574,,0.05,0.25,5,1.25
grid,NatGas front (GAS-LAST),step5.0%_lot0.25x_n10,183,2007-01-30,2022-03-01,0.6010928961748634,0.8797814207650273,0.8743169398907104,-0.6491072520287722,-0.8904180061702144,-0.9495785833769347,-0.9545467264967092,1.082931301136731,1.0,16.0,-0.9180712991316613,0.2727272727272727,0.24043715846994534,,0.05,0.25,10,2.5
grid_hedged,NatGas front (GAS-LAST),step5.0%_lot0.25x_n10,183,2007-01-30,2022-03-01,0.5191256830601093,0.8032786885245902,0.9180327868852459,-0.6075976687780986,-0.7970530219724573,-0.9604315050005222,-0.96657338314396,0.35999532532134526,1.0,47.0,-0.8187239736974243,0.2619047619047619,0.22950819672131148,,0.05,0.25,10,2.5
grid,NatGas front (GAS-LAST),step5.0%_lot0.5x_n5,183,2007-01-30,2022-03-01,0.8142076502732241,0.9508196721311475,0.9289617486338798,-0.7820969942846531,-0.9118427570597817,-0.9376283695522145,-0.9447815205953491,0.6346817470245458,1.0,10.0,-0.9281129685286043,0.6363636363636364,0.18032786885245902,,0.05,0.5,5,2.5
grid_hedged,NatGas front (GAS-LAST),step5.0%_lot0.5x_n5,183,2007-01-30,2022-03-01,0.5573770491803278,0.8797814207650273,0.9672131147540983,-0.675457523085761,-0.7944231170554451,-0.9587777041706352,-0.9650878673864128,0.46229809008067546,1.0,33.0,-0.8294181247515632,0.3333333333333333,0.11475409836065574,,0.05,0.5,5,2.5
grid,NatGas front (GAS-LAST),step5.0%_lot0.5x_n10,183,2007-01-30,2022-03-01,0.907103825136612,0.9562841530054644,0.9398907103825137,-0.7494113582582006,-0.8476959509106873,-0.876932584171771,-0.8781815435531228,0.7761571970115584,1.0,12.0,-0.8697349958541906,0.7837837837837838,0.20218579234972678,,0.05,0.5,10,5.0
grid_hedged,NatGas front (GAS-LAST),step5.0%_lot0.5x_n10,183,2007-01-30,2022-03-01,0.8524590163934426,0.9453551912568307,0.9289617486338798,-0.695353336340143,-0.8121604739508067,-0.8744917087197763,-0.8903541817096381,0.7199906506426843,1.0,26.0,-0.8411812493539377,0.525,0.2185792349726776,,0.05,0.5,10,5.0
grid,NatGas front (GAS-LAST),step5.0%_lot1.0x_n5,183,2007-01-30,2022-03-01,0.9726775956284153,1.0,0.9726775956284153,-0.7358178042200675,-0.8048645245250754,-0.8284222144482573,-0.8532625335522679,1.2693634940490957,1.0,6.0,-0.8302464410585688,0.75,0.08743169398907104,,0.05,1.0,5,5.0
grid_hedged,NatGas front (GAS-LAST),step5.0%_lot1.0x_n5,183,2007-01-30,2022-03-01,0.907103825136612,0.9672131147540983,0.9562841530054644,-0.6952837944604437,-0.798492969585783,-0.8615243180945514,-0.8920106741812979,0.924596180161352,1.0,14.0,-0.8145831550146412,0.5,0.15300546448087432,,0.05,1.0,5,5.0
grid,NatGas front (GAS-LAST),step5.0%_lot1.0x_n10,183,2007-01-30,2022-03-01,0.994535519125683,1.0,0.994535519125683,-0.7559491726467447,-0.7866870240795704,-0.822904941096272,-0.8532625335522679,1.3121747478547676,1.0,6.0,-0.8244767422743452,0.9375,0.08743169398907104,,0.05,1.0,10,10.0
grid_hedged,NatGas front (GAS-LAST),step5.0%_lot1.0x_n10,183,2007-01-30,2022-03-01,0.9508196721311475,0.9726775956284153,0.9562841530054644,-0.6546965256925501,-0.7441188358291726,-0.8239895657900242,-0.8303454951042486,1.6248957221130453,1.0,12.0,-0.7892292939838443,0.6666666666666666,0.14754098360655737,,0.05,1.0,10,10.0
martingale,NatGas front (GAS-LAST),step5.0%_base0.25x_k4,183,2007-01-30,2022-03-01,0.0,0.2459016393442623,0.45901639344262296,0.037431799007502375,0.02755744439319807,-0.6371642559994393,-0.9310161112709837,1.5762969072650317,0.5384615384615384,65.0,-0.3053353262308458,0.0,0.5300546448087432,0.9767441860465116,0.05,0.25,4,4.0
martingale,NatGas front (GAS-LAST),step5.0%_base0.25x_k8,183,2007-01-30,2022-03-01,0.0,0.25136612021857924,0.26229508196721313,0.07042066188132456,0.201839135120903,-0.8550091858361801,-0.9620773469744535,1.5762969072650317,0.5384615384615384,65.0,-0.31509848528808737,0.0,0.8306010928961749,1.0,0.05,0.25,8,9.0
martingale,NatGas front (GAS-LAST),step5.0%_base0.5x_k4,183,2007-01-30,2022-03-01,0.0,0.45901639344262296,0.4644808743169399,0.101423482112446,0.052805601271192826,-0.9791413425665326,-0.9998535106577814,3.152593814530057,0.5384615384615384,65.0,-0.5362077666563931,0.0,0.5300546448087432,0.9767441860465116,0.05,0.5,4,8.0
martingale,NatGas front (GAS-LAST),step5.0%_base0.5x_k8,183,2007-01-30,2022-03-01,0.0,0.46994535519125685,0.3770491803278688,0.1258412261831363,0.2780961056377427,-0.9813848631996472,-0.9997529983686283,3.152593814530057,0.5384615384615384,65.0,-0.5757312837783173,0.0,0.6065573770491803,1.0,0.05,0.5,8,9.0
martingale,NatGas front (GAS-LAST),step5.0%_base1.0x_k4,183,2007-01-30,2022-03-01,0.0,0.639344262295082,0.47540983606557374,0.3067581832799875,0.06537231327512849,-0.9999050621393651,-0.9999955723887497,6.174400358185704,0.5384615384615384,65.0,-0.7700541888396628,0.0,0.5027322404371585,0.9767441860465116,0.05,1.0,4,9.0
martingale,NatGas front (GAS-LAST),step5.0%_base1.0x_k8,183,2007-01-30,2022-03-01,0.0,0.6338797814207651,0.453551912568306,0.27932054119640637,0.21023397941019994,-0.9998021560016662,-0.9999911115784629,6.174400358185704,0.5384615384615384,65.0,-0.7889424116917578,0.0,0.5136612021857924,1.0,0.05,1.0,8,9.0
dca,NatGas front (GAS-LAST),step5.0%_tp2%_v1.0_m6_ladder3.0x,183,2007-01-30,2022-03-01,0.8032786885245902,0.9617486338797814,0.9016393442622951,-0.7471886090463151,-0.8988765299001094,-0.9192246811053587,-0.9268888682280743,0.4760293833480551,1.0,11.0,-0.9061687979787233,0.5641025641025641,0.21311475409836064,,0.05,1.0,6,3.0
dca,NatGas front (GAS-LAST),step5.0%_tp2%_v1.0_m6_ladder6.0x,183,2007-01-30,2022-03-01,0.9781420765027322,1.0,0.9781420765027322,-0.7772866422443441,-0.802247284451596,-0.8345618021887992,-0.8385857276533133,0.7073483915730732,1.0,7.0,-0.8368035814489279,0.75,0.08743169398907104,,0.05,1.0,6,6.0
dca,NatGas front (GAS-LAST),step5.0%_tp2%_v1.5_m6_ladder3.0x,183,2007-01-30,2022-03-01,0.6557377049180327,0.7923497267759563,0.825136612021858,-0.6242381136621347,-0.8966081098553772,-0.9122870789101021,-0.9188623533042983,0.4078798879883918,1.0,17.0,-0.8996403382769755,0.35135135135135137,0.40437158469945356,,0.05,1.5,6,3.0
dca,NatGas front (GAS-LAST),step5.0%_tp2%_v1.5_m6_ladder6.0x,183,2007-01-30,2022-03-01,0.9180327868852459,0.9453551912568307,0.9234972677595629,-0.6881317609828517,-0.7492926882900881,-0.8518028998230515,-0.8534825008891187,0.6896077838373813,1.0,11.0,-0.7840371074042669,0.6888888888888889,0.2459016393442623,,0.05,1.5,6,6.0
dca,NatGas front (GAS-LAST),step5.0%_tp2%_v2.0_m6_ladder3.0x,183,2007-01-30,2022-03-01,0.6065573770491803,0.7049180327868853,0.7213114754098361,-0.5541132926004542,-0.8959336206178142,-0.9098790718465828,-0.9115983188284619,0.3310080246713967,1.0,26.0,-0.8967997488703724,0.3404255319148936,0.5136612021857924,,0.05,2.0,6,3.0
dca,NatGas front (GAS-LAST),step5.0%_tp2%_v2.0_m6_ladder6.0x,183,2007-01-30,2022-03-01,0.7704918032786885,0.8415300546448088,0.8032786885245902,-0.5301153384139651,-0.7430753970183903,-0.7513770877118611,-0.7625876061693784,0.6620160493427996,1.0,21.0,-0.7509316499677974,0.4805194805194805,0.4207650273224044,,0.05,2.0,6,6.0
grid,NatGas front (GAS-LAST),step8.0%_lot0.25x_n5,183,2007-01-30,2022-03-01,0.15300546448087432,0.6284153005464481,0.8579234972677595,-0.4588515402356321,-0.4987856635915624,-0.9710992583553482,-0.9876864741447939,0.8625569333707628,1.0,6.0,-0.6279218796230427,0.125,0.26229508196721313,,0.08,0.25,5,1.25
grid_hedged,NatGas front (GAS-LAST),step8.0%_lot0.25x_n5,183,2007-01-30,2022-03-01,0.12021857923497267,0.4098360655737705,0.8961748633879781,-0.37221894237375686,-0.3675634011124388,-0.8740313428066716,-0.9847632157515889,0.32771348572861747,1.0,24.0,-0.47371149812451874,0.06,0.273224043715847,,0.08,0.25,5,1.25
grid,NatGas front (GAS-LAST),step8.0%_lot0.25x_n10,183,2007-01-30,2022-03-01,0.4207650273224044,0.7213114754098361,0.8469945355191257,-0.5145661205568453,-0.636218520445938,-0.961255348683218,-0.9638489022069961,0.9711810838679251,1.0,10.0,-0.7989223334835571,0.26,0.273224043715847,,0.08,0.25,10,2.5
grid_hedged,NatGas front (GAS-LAST),step8.0%_lot0.25x_n10,183,2007-01-30,2022-03-01,0.3114754098360656,0.639344262295082,0.8524590163934426,-0.47031010944778173,-0.5318897942216947,-0.9562880454878991,-0.9735706680787327,0.32771348572861747,1.0,27.0,-0.7283843508704491,0.19642857142857142,0.30601092896174864,,0.08,0.25,10,2.5
grid,NatGas front (GAS-LAST),step8.0%_lot0.5x_n5,183,2007-01-30,2022-03-01,0.6885245901639344,0.8743169398907104,0.8688524590163934,-0.6317079633749676,-0.9076762387643812,-0.9452433942148845,-0.9535157291098935,1.7251138667415264,1.0,6.0,-0.9326996143127221,0.3125,0.26229508196721313,,0.08,0.5,5,2.5
grid_hedged,NatGas front (GAS-LAST),step8.0%_lot0.5x_n5,183,2007-01-30,2022-03-01,0.453551912568306,0.7704918032786885,0.8907103825136612,-0.565866285726332,-0.7673770277173875,-0.9610354990891247,-0.9674260083201305,0.6554269714572372,1.0,21.0,-0.8103723501226542,0.18,0.273224043715847,,0.08,0.5,5,2.5
grid,NatGas front (GAS-LAST),step8.0%_lot0.5x_n10,183,2007-01-30,2022-03-01,0.7650273224043715,0.8797814207650273,0.8688524590163934,-0.601961454536254,-0.8787608899262839,-0.9099906002081788,-0.9144832701925714,1.9424371924199848,1.0,8.0,-0.9011418903376541,0.48936170212765956,0.2568306010928962,,0.08,0.5,10,5.0
grid_hedged,NatGas front (GAS-LAST),step8.0%_lot0.5x_n10,183,2007-01-30,2022-03-01,0.6885245901639344,0.8524590163934426,0.8524590163934426,-0.590239379244156,-0.7810047666031857,-0.9036383617988327,-0.9079525895889221,0.6554269714572372,1.0,20.0,-0.8121231320767802,0.39285714285714285,0.30601092896174864,,0.08,0.5,10,5.0
grid,NatGas front (GAS-LAST),step8.0%_lot1.0x_n5,183,2007-01-30,2022-03-01,0.9180327868852459,0.9672131147540983,0.9234972677595629,-0.6819676431794623,-0.8353917407297599,-0.8697657856665111,-0.8735346869282887,2.301106414163004,1.0,4.0,-0.8692968443445162,0.6764705882352942,0.18579234972677597,,0.08,1.0,5,5.0
grid_hedged,NatGas front (GAS-LAST),step8.0%_lot1.0x_n5,183,2007-01-30,2022-03-01,0.8415300546448088,0.9016393442622951,0.907103825136612,-0.6230093055054813,-0.7613035879973324,-0.8770817163133936,-0.9087937883365607,1.3108539429144699,1.0,11.0,-0.7965801371625809,0.475,0.2185792349726776,,0.08,1.0,5,5.0
grid,NatGas front (GAS-LAST),step8.0%_lot1.0x_n10,183,2007-01-30,2022-03-01,0.9344262295081968,0.9672131147540983,0.9398907103825137,-0.7233032406339779,-0.8328157257036592,-0.8697657856665111,-0.8735346869282887,1.3922352740633333,1.0,4.0,-0.8692958026210635,0.7647058823529411,0.18579234972677597,,0.08,1.0,10,10.0
grid_hedged,NatGas front (GAS-LAST),step8.0%_lot1.0x_n10,183,2007-01-30,2022-03-01,0.8961748633879781,0.912568306010929,0.9016393442622951,-0.616516620687396,-0.7722419712837507,-0.8477206567106916,-0.8554967456579471,1.3108539429144699,1.0,11.0,-0.8031675913199896,0.5609756097560976,0.22404371584699453,,0.08,1.0,10,10.0
martingale,NatGas front (GAS-LAST),step8.0%_base0.25x_k4,183,2007-01-30,2022-03-01,0.0,0.0273224043715847,0.08743169398907104,0.18329045143890155,0.17138585076476143,-0.33747576831300463,-0.4495771781186907,1.4055414416952505,0.53125,32.0,-0.16509554818594374,0.0,0.912568306010929,1.0,0.08,0.25,4,4.0
martingale,NatGas front (GAS-LAST),step8.0%_base0.25x_k8,183,2007-01-30,2022-03-01,0.01639344262295082,0.02185792349726776,0.02185792349726776,0.2588857743907642,0.18477581297540713,0.05345132253693996,-0.8275390090913535,1.4055414416952505,0.53125,32.0,-0.16509554818594374,0.0,0.9289617486338798,1.0,0.08,0.25,8,9.0
martingale,NatGas front (GAS-LAST),step8.0%_base0.5x_k4,183,2007-01-30,2022-03-01,0.0546448087431694,0.18579234972677597,0.12568306010928962,0.3375049941393655,0.3390262687994352,-0.6456429876850758,-0.830836260241381,2.8110828833905024,0.53125,32.0,-0.3006881459949625,0.018867924528301886,0.8688524590163934,1.0,0.08,0.5,4,8.0
martingale,NatGas front (GAS-LAST),step8.0%_base0.5x_k8,183,2007-01-30,2022-03-01,0.02185792349726776,0.14207650273224043,0.07650273224043716,0.4234002248096156,0.3531207476871001,-0.10953254207176943,-0.8009670570430073,2.8110828833905024,0.53125,32.0,-0.3006881459949625,0.0,0.8852459016393442,1.0,0.08,0.5,8,9.0
martingale,NatGas front (GAS-LAST),step8.0%_base1.0x_k4,183,2007-01-30,2022-03-01,0.25136612021857924,0.3442622950819672,0.2677595628415301,0.47068115190769744,0.49108736483677795,-0.8010013286117903,-0.8749565353448902,5.62216576678101,0.5277777777777778,30.0,-0.5455803885409567,0.09302325581395349,0.7049180327868853,1.0,0.08,1.0,4,9.0
martingale,NatGas front (GAS-LAST),step8.0%_base1.0x_k8,183,2007-01-30,2022-03-01,0.2459016393442623,0.3442622950819672,0.2677595628415301,0.4739446317397309,0.49108736483677795,-0.8010013286117903,-0.8749565353448902,5.62216576678101,0.5277777777777778,30.0,-0.5455803885409567,0.08527131782945736,0.7049180327868853,1.0,0.08,1.0,8,9.0
dca,NatGas front (GAS-LAST),step8.0%_tp2%_v1.0_m6_ladder3.0x,183,2007-01-30,2022-03-01,0.6666666666666666,0.8415300546448088,0.8852459016393442,-0.6728305103195893,-0.8964551999480082,-0.9149609787677264,-0.9241380897123537,0.5581568704502553,1.0,10.0,-0.8994178134749831,0.32653061224489793,0.2677595628415301,,0.08,1.0,6,3.0
dca,NatGas front (GAS-LAST),step8.0%_tp2%_v1.0_m6_ladder6.0x,183,2007-01-30,2022-03-01,0.907103825136612,0.9836065573770492,0.9289617486338798,-0.7395958076004785,-0.8375684271966257,-0.8744562000024791,-0.8781699130229035,1.089894688147088,1.0,7.0,-0.8660469225412005,0.65625,0.17486338797814208,,0.08,1.0,6,6.0
dca,NatGas front (GAS-LAST),step8.0%_tp2%_v1.5_m6_ladder3.0x,183,2007-01-30,2022-03-01,0.5683060109289617,0.6502732240437158,0.7650273224043715,-0.5461232691012151,-0.8952063116036597,-0.9067760719323545,-0.9109909632059586,0.2878849716878895,1.0,15.0,-0.8959652136001781,0.2857142857142857,0.45901639344262296,,0.08,1.5,6,3.0
dca,NatGas front (GAS-LAST),step8.0%_tp2%_v1.5_m6_ladder6.0x,183,2007-01-30,2022-03-01,0.6612021857923497,0.7650273224043715,0.7814207650273224,-0.5465043383931647,-0.8510492040939297,-0.856042947474666,-0.8583460185011982,0.5277789591132529,1.0,15.0,-0.8518582337659716,0.4375,0.4371584699453552,,0.08,1.5,6,6.0
dca,NatGas front (GAS-LAST),step8.0%_tp2%_v2.0_m6_ladder3.0x,183,2007-01-30,2022-03-01,0.4371584699453552,0.5737704918032787,0.5792349726775956,-0.4012936459863965,-0.20641608742054274,-0.9023206003889835,-0.9052606677644265,0.1730148825694624,1.0,25.0,-0.5531560128279706,0.26495726495726496,0.639344262295082,,0.08,2.0,6,3.0
dca,NatGas front (GAS-LAST),step8.0%_tp2%_v2.0_m6_ladder6.0x,183,2007-01-30,2022-03-01,0.5519125683060109,0.6557377049180327,0.6338797814207651,-0.3922562224453279,-0.7414389356464017,-0.8971562409334938,-0.8977333453640809,0.34602976513893413,1.0,23.0,-0.7439742961322399,0.3490566037735849,0.5792349726775956,,0.08,2.0,6,6.0
