start,end,final,min_eq,max_dd,stopped,stop_date,days_to_stop,n_trades,win_rate,eq_1y,max_expo,bot,series,n_seq,seq_win_rate
1991-01-02,1992-12-31,0.21917288297171575,0.21917288297171575,-0.7843825775236705,True,1992-06-10,364.0,24,1.0,0.6521372697654335,19.127281219098013,grid,"WTI (Dec, CRUDE_W)",,
1991-02-01,1993-01-29,0.24782532899056445,0.24782532899056445,-0.758336560358176,True,1991-10-16,178.0,16,1.0,0.24782532899056445,19.92701426400925,grid,"WTI (Dec, CRUDE_W)",,
1991-03-01,1993-02-26,0.21826446035213337,0.21826446035213337,-0.7848181447363181,True,1992-06-24,333.0,20,1.0,0.8461378435657867,19.89813771986768,grid,"WTI (Dec, CRUDE_W)",,
1991-04-01,1993-03-31,0.6104148269392924,0.5175247328151208,-0.4834741562997895,False,,,26,1.0,0.938495097578687,11.162495828675723,grid,"WTI (Dec, CRUDE_W)",,
1991-05-01,1993-04-30,0.9058831111719481,0.8010826540042317,-0.24111536192341199,False,,,27,1.0,1.0281116915974227,6.06383391590091,grid,"WTI (Dec, CRUDE_W)",,
1991-06-03,1993-06-02,0.96319768529527,0.767185390801338,-0.25956548999369655,False,,,30,1.0,0.884073620278659,6.777697949576777,grid,"WTI (Dec, CRUDE_W)",,
1991-07-01,1993-06-30,1.0761836561302016,0.7875642983434532,-0.21927308602678686,False,,,27,1.0,0.8761804548888903,6.113971390273235,grid,"WTI (Dec, CRUDE_W)",,
1991-08-01,1993-07-30,1.1257189715409188,0.8835718225744094,-0.16765856446819927,False,,,29,1.0,0.9962451479447496,4.659750050738204,grid,"WTI (Dec, CRUDE_W)",,
1991-09-03,1993-09-02,1.0751636137175327,0.7971100276710972,-0.2160032739175336,False,,,29,1.0,0.9517149405246117,5.658567014994857,grid,"WTI (Dec, CRUDE_W)",,
1991-10-01,1993-09-30,1.1119151960099356,0.776320482944066,-0.22879382813243676,False,,,30,1.0,0.9057904491085014,5.768094065805446,grid,"WTI (Dec, CRUDE_W)",,
1991-11-01,1993-10-29,1.0083965757800124,0.7662630985158264,-0.23350695357024465,False,,,29,1.0,0.9096104444163596,5.463956952752828,grid,"WTI (Dec, CRUDE_W)",,
1991-12-02,1993-12-01,0.915396042196254,0.727019022895104,-0.2752873931175023,False,,,31,1.0,0.943372766362032,6.076787171627413,grid,"WTI (Dec, CRUDE_W)",,
1992-01-02,1993-12-30,0.7329000874879651,0.73161056710019,-0.35206904371062187,False,,,29,1.0,0.9778310102297473,5.298299883203856,grid,"WTI (Dec, CRUDE_W)",,
1992-02-03,1994-02-02,0.8222411488984959,0.6974322967033902,-0.39723765268905487,False,,,34,1.0,0.94548906827016,6.599713101674176,grid,"WTI (Dec, CRUDE_W)",,
1992-03-02,1994-03-01,0.6058345700210891,0.540634142115003,-0.5083124694607415,False,,,28,1.0,0.8077532119396658,7.101303125826151,grid,"WTI (Dec, CRUDE_W)",,
1992-04-01,1994-03-31,0.570092936801471,0.4528699024798106,-0.6026606349606352,False,,,31,1.0,1.00803507408224,7.798214286642892,grid,"WTI (Dec, CRUDE_W)",,
1992-05-01,1994-04-29,0.681441560749729,0.46681113676155683,-0.5744518607838333,False,,,29,1.0,1.0609737678822766,7.581785055754881,grid,"WTI (Dec, CRUDE_W)",,
1992-06-01,1994-05-31,0.6960378497870859,0.4323981925146293,-0.609403565734846,False,,,32,1.0,1.1033419737169838,8.346907644034216,grid,"WTI (Dec, CRUDE_W)",,
1992-07-01,1994-06-30,0.717085324884591,0.4292968606498584,-0.6134519658405704,False,,,32,1.0,1.0613063552749613,9.365737375410342,grid,"WTI (Dec, CRUDE_W)",,
1992-08-03,1994-08-02,0.6308971560159965,0.3844001269816274,-0.6358308581151968,False,,,29,1.0,0.9573097794371601,10.013636422698712,grid,"WTI (Dec, CRUDE_W)",,
1992-09-01,1994-08-31,0.6926748003193154,0.38736023155952737,-0.6370507013757158,False,,,33,1.0,0.9102991639904174,9.999040130126494,grid,"WTI (Dec, CRUDE_W)",,
1992-10-01,1994-09-30,0.8111096420849155,0.4775426264889838,-0.5571167147117159,False,,,36,1.0,1.0604484234292064,8.670043798055916,grid,"WTI (Dec, CRUDE_W)",,
1992-11-02,1994-11-01,0.6604476639290217,0.36164658257979587,-0.6527239330558099,False,,,32,1.0,0.9438051263519497,10.547406361434467,grid,"WTI (Dec, CRUDE_W)",,
1992-12-01,1994-11-30,0.7805838710103264,0.4324033497298001,-0.5914113228621256,False,,,35,1.0,0.7631357671698255,9.56659280697954,grid,"WTI (Dec, CRUDE_W)",,
1993-01-04,1995-01-03,0.7489556833834613,0.4109278499283481,-0.6027938921587302,False,,,35,1.0,0.7900526109939967,9.955145732308749,grid,"WTI (Dec, CRUDE_W)",,
1993-02-01,1995-01-31,0.6129869508532838,0.34515719383974663,-0.6618623683233221,False,,,31,1.0,0.6037803422077931,10.223197373847702,grid,"WTI (Dec, CRUDE_W)",,
1993-03-02,1995-03-01,0.7178650592947584,0.42321456535721225,-0.5831280917638206,False,,,34,1.0,0.5829624765062911,9.351724332236397,grid,"WTI (Dec, CRUDE_W)",,
1993-04-01,1995-03-31,0.6611367490058073,0.36116826351675857,-0.6387233534892882,False,,,30,1.0,0.534826016609341,10.264854174941968,grid,"WTI (Dec, CRUDE_W)",,
1993-05-03,1995-05-02,0.611420198601587,0.3303964316214014,-0.6707491959128051,False,,,28,1.0,0.5445833838194022,9.876162578742484,grid,"WTI (Dec, CRUDE_W)",,
1993-06-01,1995-05-31,0.689945448066974,0.38993727832272385,-0.6099457053888928,False,,,32,1.0,0.6400820353050711,9.966038502606006,grid,"WTI (Dec, CRUDE_W)",,
1993-07-01,1995-06-30,0.9085052269233722,0.6028323839044294,-0.4225016592739178,False,,,37,1.0,0.8374721998433581,7.315426162631217,grid,"WTI (Dec, CRUDE_W)",,
1993-08-02,1995-08-01,0.8891027936826703,0.5739052812089732,-0.4467898814983058,False,,,33,1.0,0.6865960872828013,8.056465202962585,grid,"WTI (Dec, CRUDE_W)",,
1993-09-02,1995-09-01,0.9874072583163693,0.6198497662514861,-0.3952780989186082,False,,,33,1.0,0.9192333620069043,7.434475315000712,grid,"WTI (Dec, CRUDE_W)",,
1993-10-01,1995-09-29,0.916085252864708,0.565228544485734,-0.43475547504099943,False,,,31,1.0,0.8431378299544078,8.039856896655628,grid,"WTI (Dec, CRUDE_W)",,
1993-11-01,1995-10-31,0.9426905330734636,0.5855539052410941,-0.4193351165718694,False,,,36,1.0,0.9202085613131508,7.928613750663834,grid,"WTI (Dec, CRUDE_W)",,
1993-12-01,1995-11-30,0.9100905680967305,0.5229109788795441,-0.4939310523729078,False,,,33,1.0,0.8940729032183596,9.670239376413527,grid,"WTI (Dec, CRUDE_W)",,
1994-01-03,1996-01-02,0.8768108504609189,0.4704160937069929,-0.5356771322938862,False,,,28,1.0,0.8632482714435573,10.038061502530299,grid,"WTI (Dec, CRUDE_W)",,
1994-02-01,1996-01-31,0.8930816147626877,0.4569996577546386,-0.5428632012057232,False,,,29,1.0,0.8470683319583894,10.362727705077829,grid,"WTI (Dec, CRUDE_W)",,
1994-03-01,1996-02-29,1.0167170796869032,0.4255729442129813,-0.5789069126560578,False,,,31,1.0,0.9321725907964029,11.425846710730749,grid,"WTI (Dec, CRUDE_W)",,
1994-04-04,1996-04-03,1.0983390063666043,0.7440023371142743,-0.2578970099609459,False,,,29,1.0,0.9471191686696226,5.56816432700395,grid,"WTI (Dec, CRUDE_W)",,
1994-05-02,1996-05-01,1.0598159737238229,0.7864110159813802,-0.21335298991559448,False,,,30,1.0,1.0102106052022326,5.186169239294612,grid,"WTI (Dec, CRUDE_W)",,
1994-06-01,1996-05-31,1.1106029966504112,0.86521784935126,-0.17582694560501377,False,,,31,1.0,1.0125319062935074,4.400607392428061,grid,"WTI (Dec, CRUDE_W)",,
1994-07-01,1996-06-28,1.1661038680241165,0.9437728971856627,-0.10773329843459489,False,,,33,1.0,0.9681382273694004,3.281626925267385,grid,"WTI (Dec, CRUDE_W)",,
1994-08-01,1996-07-31,1.059096892778931,0.8235876246474879,-0.1761652249199881,False,,,32,1.0,0.9026315215095934,4.411601623822105,grid,"WTI (Dec, CRUDE_W)",,
1994-09-01,1996-08-30,0.7265402753770517,0.7265402753770517,-0.38560124397764217,False,,,32,1.0,1.036507979213708,7.418023179180422,grid,"WTI (Dec, CRUDE_W)",,
1994-10-03,1996-10-02,0.19189978704771948,0.19189978704771948,-0.8132589680824153,True,1996-09-10,485.0,23,1.0,0.965007679626516,19.991568903650297,grid,"WTI (Dec, CRUDE_W)",,
1994-11-01,1996-10-31,0.14634210544620382,0.14634210544620382,-0.8670496997743329,True,1996-09-11,465.0,28,1.0,1.042736709273955,19.25905211330045,grid,"WTI (Dec, CRUDE_W)",,
1994-12-01,1996-11-27,0.25494144851898165,0.25494144851898165,-0.7605232808565802,True,1996-09-06,442.0,26,1.0,0.9958550573692003,14.801639798280773,grid,"WTI (Dec, CRUDE_W)",,
1995-01-03,1997-01-02,0.20302705251809594,0.20302705251809594,-0.8219672311802662,True,1996-09-11,424.0,27,1.0,1.0358466423168053,16.078145473093333,grid,"WTI (Dec, CRUDE_W)",,
1995-02-01,1997-01-31,0.20549535726863175,0.20549535726863175,-0.8201086188421312,True,1996-09-11,403.0,27,1.0,1.0130895563032498,15.952134255127739,grid,"WTI (Dec, CRUDE_W)",,
1995-03-01,1997-02-28,0.1802504503373634,0.1802504503373634,-0.8399397634185806,True,1996-09-11,384.0,25,1.0,1.0933991766680426,17.321777490783308,grid,"WTI (Dec, CRUDE_W)",,
1995-04-03,1997-04-02,0.23927214438518535,0.23927214438518535,-0.7772539306643719,True,1996-09-10,360.0,25,1.0,1.0201814584664877,17.395467300179828,grid,"WTI (Dec, CRUDE_W)",,
1995-05-01,1997-04-30,0.18306093858162698,0.18306093858162698,-0.8310969925917359,True,1996-09-11,342.0,21,1.0,1.046233997402934,16.484525330187285,grid,"WTI (Dec, CRUDE_W)",,
1995-06-01,1997-05-30,0.216133805834466,0.216133805834466,-0.8058409938046416,True,1996-09-11,320.0,24,1.0,1.089276275887813,15.064020861438653,grid,"WTI (Dec, CRUDE_W)",,
1995-07-05,1997-07-03,0.2688180534578657,0.2688180534578657,-0.7493936256471396,True,1996-09-06,295.0,21,1.0,0.9854952995786854,14.750875362503638,grid,"WTI (Dec, CRUDE_W)",,
1995-08-01,1997-07-31,0.24389869887788596,0.24389869887788596,-0.7641671822012396,True,1996-09-05,275.0,18,1.0,0.7630570703163804,18.326002562175795,grid,"WTI (Dec, CRUDE_W)",,
1995-09-01,1997-08-29,0.245587157992682,0.245587157992682,-0.7713279745307672,True,1996-09-10,255.0,19,1.0,0.39037402053514847,17.345116673906595,grid,"WTI (Dec, CRUDE_W)",,
1995-10-02,1997-10-01,0.25625440430353436,0.25625440430353436,-0.7491235706612275,True,1996-09-05,232.0,18,1.0,0.25625440430353436,17.509216913788205,grid,"WTI (Dec, CRUDE_W)",,
1995-11-01,1997-10-31,0.16130184499117708,0.16130184499117708,-0.8485246029473064,True,1996-09-11,214.0,17,1.0,0.16130184499117708,18.654545474253457,grid,"WTI (Dec, CRUDE_W)",,
1995-12-01,1997-11-26,0.22251441207101974,0.22251441207101974,-0.7877381665556283,True,1996-09-10,193.0,18,1.0,0.22251441207101974,18.836262392896316,grid,"WTI (Dec, CRUDE_W)",,
1996-01-02,1997-12-31,0.2037092238473232,0.2037092238473232,-0.8073132391815894,True,1996-09-11,174.0,16,1.0,0.2037092238473232,15.858645037905621,grid,"WTI (Dec, CRUDE_W)",,
1996-02-01,1998-01-30,0.2346762277116683,0.2346762277116683,-0.7661888481765393,True,1996-09-06,150.0,13,1.0,0.2346762277116683,16.158308295594136,grid,"WTI (Dec, CRUDE_W)",,
1996-03-01,1998-02-27,0.15039840386634004,0.15039840386634004,-0.8531746884685427,True,1996-09-11,133.0,12,1.0,0.15039840386634004,19.28953034677426,grid,"WTI (Dec, CRUDE_W)",,
1996-04-01,1998-03-31,0.20600558586305073,0.20600558586305073,-0.798694866148065,True,1996-10-03,128.0,12,1.0,0.20600558586305073,19.700526765241513,grid,"WTI (Dec, CRUDE_W)",,
1996-05-01,1998-04-30,0.20946832448414918,0.20946832448414918,-0.7982114522569337,True,1996-10-07,109.0,12,1.0,0.20946832448414918,16.464131821581486,grid,"WTI (Dec, CRUDE_W)",,
1996-06-03,1998-06-02,0.22596368132147687,0.22596368132147687,-0.7749452685503102,True,1996-10-03,85.0,10,1.0,0.22596368132147687,18.58861306539238,grid,"WTI (Dec, CRUDE_W)",,
1996-07-01,1998-06-30,0.22613736341310514,0.22613736341310514,-0.7756825051807098,True,1996-10-21,77.0,10,1.0,0.22613736341310514,19.24702781330644,grid,"WTI (Dec, CRUDE_W)",,
1996-08-01,1998-07-31,0.245738392517474,0.245738392517474,-0.7541878638416785,True,1996-11-14,74.0,10,1.0,0.245738392517474,17.7184681168084,grid,"WTI (Dec, CRUDE_W)",,
1996-09-03,1998-09-02,0.4860477876651442,0.4013627009995149,-0.6828983422811461,False,,,61,1.0,1.244391107749592,9.046745631105495,grid,"WTI (Dec, CRUDE_W)",,
1996-10-01,1998-09-30,0.7273190288336612,0.38677983182865494,-0.7041049801161497,False,,,54,1.0,1.2888504518950334,8.778703132101143,grid,"WTI (Dec, CRUDE_W)",,
1996-11-01,1998-10-30,0.46389853355968685,0.33004532631644407,-0.7389787317952707,False,,,51,1.0,1.2547482333877582,9.925286886426425,grid,"WTI (Dec, CRUDE_W)",,
1996-12-02,1998-12-01,0.14411295522111645,0.14411295522111645,-0.874830569314265,False,,,50,1.0,1.1384411071002631,17.704780760676165,grid,"WTI (Dec, CRUDE_W)",,
1997-01-02,1998-12-31,0.11831184271031263,0.11831184271031263,-0.9012014198526663,True,1998-12-01,481.0,47,1.0,1.077200180314813,16.141684333905385,grid,"WTI (Dec, CRUDE_W)",,
1997-02-03,1999-02-02,0.12558991982350357,0.12558991982350357,-0.8903753419689904,True,1998-12-02,460.0,47,1.0,0.9907064645505531,19.748083757229494,grid,"WTI (Dec, CRUDE_W)",,
1997-03-03,1999-03-02,0.12163132212051382,0.12163132212051382,-0.8941491918746736,True,1998-11-30,439.0,48,1.0,0.9134751445521447,16.830992267502403,grid,"WTI (Dec, CRUDE_W)",,
1997-04-01,1999-03-31,0.12872660982941217,0.12872660982941217,-0.8826124710359654,True,1998-11-25,418.0,43,1.0,0.7747475528773181,18.478012968361902,grid,"WTI (Dec, CRUDE_W)",,
1997-05-01,1999-04-30,0.1291623951815566,0.1291623951815566,-0.8811328379656824,True,1998-08-27,333.0,32,1.0,0.7918575239181112,19.681227559707782,grid,"WTI (Dec, CRUDE_W)",,
1997-06-02,1999-06-01,0.0998055349106017,0.0998055349106017,-0.9047489747768415,True,1998-11-24,374.0,36,1.0,0.6834279667870774,19.016946272944473,grid,"WTI (Dec, CRUDE_W)",,
1997-07-01,1999-06-30,0.14096695395641817,0.14096695395641817,-0.861747554122309,True,1998-08-11,279.0,30,1.0,0.5357260321497977,15.414015124528175,grid,"WTI (Dec, CRUDE_W)",,
1997-08-01,1999-07-30,0.11962192746528293,0.11962192746528293,-0.8803421751872733,True,1998-08-10,256.0,24,1.0,0.2530932246048042,12.335693788666717,grid,"WTI (Dec, CRUDE_W)",,
1997-09-02,1999-09-01,0.07860232608304017,0.07860232608304017,-0.9213740861428027,True,1998-08-10,235.0,22,1.0,0.07860232608304017,14.95510459624297,grid,"WTI (Dec, CRUDE_W)",,
1997-10-01,1999-09-30,0.12220733815107655,0.12220733815107655,-0.8799047770237354,True,1998-08-10,214.0,21,1.0,0.12220733815107655,11.992419329454991,grid,"WTI (Dec, CRUDE_W)",,
1997-11-03,1999-11-02,0.1194154083551435,0.1194154083551435,-0.8810913783749474,True,1998-12-04,272.0,27,1.0,0.41627276206721575,19.8227109176131,grid,"WTI (Dec, CRUDE_W)",,
1997-12-01,1999-11-30,0.11576484019309037,0.11576484019309037,-0.8846307733306047,True,1998-12-21,265.0,30,1.0,0.2952205735618175,17.26555814021146,grid,"WTI (Dec, CRUDE_W)",,
1998-01-02,1999-12-30,0.11091160700387616,0.11091160700387616,-0.89220374880604,True,1999-02-16,280.0,33,1.0,0.2970931561959337,13.752677361927573,grid,"WTI (Dec, CRUDE_W)",,
1998-02-02,2000-02-01,0.23988968540665595,0.1660989791302856,-0.8374507592698962,True,1999-07-29,374.0,39,1.0,0.3500562626699235,17.75131255314318,grid,"WTI (Dec, CRUDE_W)",,
1998-03-02,2000-03-01,0.24400328873524574,0.24400328873524574,-0.7725070765403316,True,1999-07-09,341.0,38,1.0,0.43717840604983144,17.271806068307388,grid,"WTI (Dec, CRUDE_W)",,
1998-04-01,2000-03-31,0.23354434860455836,0.14041815072640018,-0.8604421084157149,True,1999-07-16,324.0,36,1.0,0.6215283484771422,18.5575513307619,grid,"WTI (Dec, CRUDE_W)",,
1998-05-01,2000-04-28,0.23586932046494596,0.16070662776249978,-0.8392451457812347,True,1999-07-15,302.0,32,1.0,0.5864896747575639,19.029471214800413,grid,"WTI (Dec, CRUDE_W)",,
1998-06-01,2000-05-31,0.24859811317150293,0.24859811317150293,-0.7513272850140013,True,1999-07-02,274.0,31,1.0,0.5753657140135191,17.561247077562125,grid,"WTI (Dec, CRUDE_W)",,
1998-07-01,2000-06-30,0.21154824365249017,0.21154824365249017,-0.7979640531420624,True,1999-06-30,250.0,29,1.0,0.21154824365249017,14.006585735494994,grid,"WTI (Dec, CRUDE_W)",,
1998-08-03,2000-08-02,0.1507386464769941,0.1507386464769941,-0.8529954257845722,True,1999-06-30,228.0,26,1.0,0.1507386464769941,17.922040142235343,grid,"WTI (Dec, CRUDE_W)",,
1998-09-01,2000-08-31,0.14526165766351748,0.14526165766351748,-0.856356750174387,True,1999-06-30,207.0,27,1.0,0.14526165766351748,18.575081184485185,grid,"WTI (Dec, CRUDE_W)",,
1998-10-01,2000-09-29,0.23185162139600848,0.23185162139600848,-0.768078802244665,True,1999-06-15,175.0,20,1.0,0.23185162139600848,16.104041347718464,grid,"WTI (Dec, CRUDE_W)",,
1998-11-02,2000-11-01,0.18783293760483247,0.18783293760483247,-0.8133537001004506,True,1999-06-15,153.0,23,1.0,0.18783293760483247,17.574998708570444,grid,"WTI (Dec, CRUDE_W)",,
1998-12-01,2000-11-30,0.23460408007217318,0.23460408007217318,-0.7739199287936016,True,1999-05-05,106.0,17,1.0,0.23460408007217318,17.663919583228186,grid,"WTI (Dec, CRUDE_W)",,
1999-01-04,2001-01-03,0.22915360282265407,0.22915360282265407,-0.7725275500809183,True,1999-05-03,82.0,14,1.0,0.22915360282265407,19.693705026380126,grid,"WTI (Dec, CRUDE_W)",,
1999-02-01,2001-01-31,0.171007567547275,0.171007567547275,-0.8325456563167444,True,1999-04-30,62.0,10,1.0,0.171007567547275,17.87584823446791,grid,"WTI (Dec, CRUDE_W)",,
1999-03-01,2001-02-28,0.26076544972846627,0.26076544972846627,-0.739156297160682,True,1999-05-10,49.0,10,1.0,0.26076544972846627,19.464028438463544,grid,"WTI (Dec, CRUDE_W)",,
1999-04-01,2001-03-30,0.236262036689472,0.236262036689472,-0.765218559354556,True,1999-08-13,93.0,10,1.0,0.236262036689472,19.76554425885377,grid,"WTI (Dec, CRUDE_W)",,
1999-05-03,2001-05-02,0.2286124883389072,0.2286124883389072,-0.7751138669875258,True,1999-09-07,88.0,10,1.0,0.2286124883389072,14.856692409497045,grid,"WTI (Dec, CRUDE_W)",,
1999-06-01,2001-05-31,0.23526804307522875,0.23526804307522875,-0.7646613553313707,True,1999-08-17,54.0,8,1.0,0.23526804307522875,16.94627393953931,grid,"WTI (Dec, CRUDE_W)",,
1999-07-01,2001-06-29,0.2695858855171845,0.2695858855171845,-0.7312415390458382,True,2000-01-31,144.0,24,1.0,0.2695858855171845,19.987311333263893,grid,"WTI (Dec, CRUDE_W)",,
1999-08-02,2001-08-01,0.26713177700012225,0.26713177700012225,-0.7381371844864194,True,2000-02-14,133.0,22,1.0,0.26713177700012225,14.042067437672765,grid,"WTI (Dec, CRUDE_W)",,
1999-09-01,2001-08-31,0.20081330578848358,0.20081330578848358,-0.8117117305081307,True,2000-03-06,125.0,21,1.0,0.20081330578848358,18.923820546597796,grid,"WTI (Dec, CRUDE_W)",,
1999-10-01,2001-09-28,0.05142799811667324,0.05142799811667324,-0.9494972177473836,True,2000-03-07,105.0,18,1.0,0.05142799811667324,19.289870062643594,grid,"WTI (Dec, CRUDE_W)",,
1999-11-01,2001-10-31,0.1737847631721573,0.1737847631721573,-0.8321974578802679,True,2000-03-07,84.0,10,1.0,0.1737847631721573,13.230649238321485,grid,"WTI (Dec, CRUDE_W)",,
1999-12-01,2001-11-30,0.10996264730618466,0.10996264730618466,-0.8900043540000153,True,2000-03-07,64.0,7,1.0,0.10996264730618466,16.06578980015484,grid,"WTI (Dec, CRUDE_W)",,
2000-01-04,2002-01-03,0.1897920976482125,0.1897920976482125,-0.8101509476360783,True,2000-06-12,110.0,13,1.0,0.1897920976482125,19.518547400960024,grid,"WTI (Dec, CRUDE_W)",,
2000-02-01,2002-01-31,0.1944006007527802,0.1944006007527802,-0.8100131950720493,True,2000-08-30,146.0,23,1.0,0.1944006007527802,19.28742085416154,grid,"WTI (Dec, CRUDE_W)",,
2000-03-01,2002-02-28,0.22281890328187917,0.22281890328187917,-0.777114230987417,True,2000-08-21,119.0,15,1.0,0.22281890328187917,18.696895811257225,grid,"WTI (Dec, CRUDE_W)",,
2000-04-03,2002-04-02,0.2408817308447136,0.2408817308447136,-0.7602065145425337,True,2000-08-18,95.0,14,1.0,0.2408817308447136,16.282974389927215,grid,"WTI (Dec, CRUDE_W)",,
2000-05-01,2002-04-30,0.16628153914027438,0.16628153914027438,-0.833668561428154,True,2000-09-06,88.0,16,1.0,0.16628153914027438,16.785665181579986,grid,"WTI (Dec, CRUDE_W)",,
2000-06-01,2002-05-31,1.2401148728323674,0.5975586396811742,-0.4549470214210112,False,,,85,1.0,1.1029111056539986,9.608060078268013,grid,"WTI (Dec, CRUDE_W)",,
2000-07-05,2002-07-03,1.0035605255978883,0.5000862983173551,-0.5105783832008578,False,,,76,1.0,1.126910225020604,10.247872571623809,grid,"WTI (Dec, CRUDE_W)",,
2000-08-01,2002-07-31,1.0482116765220804,0.4968666306449947,-0.5029842646343956,False,,,79,1.0,1.1508577157956252,10.275033149821487,grid,"WTI (Dec, CRUDE_W)",,
2000-09-01,2002-08-30,0.7949485531032383,0.701863169081443,-0.47028331844591753,False,,,78,1.0,1.2751955434569788,7.16168120756217,grid,"WTI (Dec, CRUDE_W)",,
2000-10-02,2002-10-01,0.38654254097245366,0.38654254097245366,-0.6772650137217098,False,,,71,1.0,0.9941732423177503,12.214911203003108,grid,"WTI (Dec, CRUDE_W)",,
2000-11-01,2002-10-31,0.5711033930693359,0.29647451074232145,-0.7289854778415112,False,,,64,1.0,0.625780867030306,15.840541541232835,grid,"WTI (Dec, CRUDE_W)",,
2000-12-01,2002-11-27,0.2346183695120317,0.2346183695120317,-0.78450656677688,True,2002-09-23,448.0,57,1.0,0.5590732134881874,15.746541763565018,grid,"WTI (Dec, CRUDE_W)",,
2001-01-02,2002-12-31,0.3996625144056891,0.29007102032092025,-0.7333415249017314,False,,,61,1.0,0.5859075899199853,17.661462152024427,grid,"WTI (Dec, CRUDE_W)",,
2001-02-01,2003-01-31,0.21046520372157007,0.21046520372157007,-0.8117282136755043,True,2003-01-13,483.0,55,1.0,0.5687489466048454,18.35108922719956,grid,"WTI (Dec, CRUDE_W)",,
2001-03-01,2003-02-28,0.21909961339267653,0.21909961339267653,-0.8041412286769134,True,2003-01-13,464.0,55,1.0,0.7792806327382791,17.596290235838453,grid,"WTI (Dec, CRUDE_W)",,
2001-04-02,2003-04-01,0.27271580635203735,0.2584851354507056,-0.7607298947328507,True,2002-09-23,366.0,49,1.0,0.7875912613470109,14.463149118556391,grid,"WTI (Dec, CRUDE_W)",,
2001-05-01,2003-04-30,0.2358759175176151,0.2358759175176151,-0.7640532984719265,True,2002-09-23,346.0,44,1.0,0.6991773708263733,14.90215719294867,grid,"WTI (Dec, CRUDE_W)",,
2001-06-01,2003-05-30,0.2434375139480179,0.2434375139480179,-0.761257185205301,True,2002-09-23,324.0,45,1.0,0.770454767735667,14.680773644158412,grid,"WTI (Dec, CRUDE_W)",,
2001-07-02,2003-07-01,0.2100788847684709,0.20735946482432954,-0.8001947252872175,True,2002-09-23,303.0,43,1.0,0.6923765670126057,17.064696497937028,grid,"WTI (Dec, CRUDE_W)",,
2001-08-01,2003-07-31,0.11965358096705406,0.11965358096705406,-0.8831682234484608,True,2001-11-15,72.0,15,1.0,0.11965358096705406,11.84803993546425,grid,"WTI (Dec, CRUDE_W)",,
2001-09-04,2003-09-03,0.08036544234009252,0.08036544234009252,-0.9196104407921452,True,2001-11-15,49.0,9,1.0,0.08036544234009252,12.940519866768327,grid,"WTI (Dec, CRUDE_W)",,
2001-10-01,2003-09-30,0.23234382496736963,0.23234382496736963,-0.7883626500669195,True,2002-08-26,224.0,37,1.0,0.23234382496736963,15.40013209856438,grid,"WTI (Dec, CRUDE_W)",,
2001-11-01,2003-10-31,0.251769745910277,0.251769745910277,-0.7728286533013683,True,2002-08-15,194.0,30,1.0,0.251769745910277,14.790961762283358,grid,"WTI (Dec, CRUDE_W)",,
2001-12-03,2003-12-02,0.23960361964825977,0.23960361964825977,-0.7779147068471719,True,2002-08-21,178.0,25,1.0,0.23960361964825977,17.852186163720482,grid,"WTI (Dec, CRUDE_W)",,
2002-01-02,2003-12-31,0.25559891947760205,0.25559891947760205,-0.7522438728336335,True,2002-08-20,158.0,20,1.0,0.25559891947760205,19.73122189607132,grid,"WTI (Dec, CRUDE_W)",,
2002-02-01,2004-01-30,0.17224638358146163,0.17224638358146163,-0.8313391420715176,True,2002-09-06,149.0,23,1.0,0.17224638358146163,19.938622470864473,grid,"WTI (Dec, CRUDE_W)",,
2002-03-01,2004-02-27,0.2406463933769189,0.2406463933769189,-0.7645096915446944,True,2003-01-13,217.0,25,1.0,0.2406463933769189,18.204083594229346,grid,"WTI (Dec, CRUDE_W)",,
2002-04-01,2004-03-31,0.21426887252714638,0.21426887252714638,-0.78566682752111,True,2003-01-17,201.0,19,1.0,0.21426887252714638,19.3945882615734,grid,"WTI (Dec, CRUDE_W)",,
2002-05-01,2004-04-30,0.23046581468277935,0.23046581468277935,-0.7815435492360281,True,2003-02-04,190.0,19,1.0,0.23046581468277935,18.32158587036088,grid,"WTI (Dec, CRUDE_W)",,
2002-06-03,2004-06-02,0.2507611887262455,0.2507611887262455,-0.7495818606634993,True,2003-01-30,165.0,15,1.0,0.2507611887262455,17.888002836761025,grid,"WTI (Dec, CRUDE_W)",,
2002-07-01,2004-06-30,0.2508257210390678,0.2508257210390678,-0.754991363248313,True,2003-02-24,161.0,13,1.0,0.2508257210390678,17.116564074210565,grid,"WTI (Dec, CRUDE_W)",,
2002-08-01,2004-07-30,0.24418005190167938,0.24418005190167938,-0.7557466720999506,True,2003-02-13,134.0,12,1.0,0.24418005190167938,18.966891423937554,grid,"WTI (Dec, CRUDE_W)",,
2002-09-03,2004-09-02,0.2704361941339448,0.2704361941339448,-0.7374652455295857,True,2003-10-13,279.0,32,1.0,0.7804094769675542,19.558350935371912,grid,"WTI (Dec, CRUDE_W)",,
2002-10-01,2004-09-30,0.2509581181031884,0.2509581181031884,-0.7531123813459117,True,2003-11-18,285.0,32,1.0,0.7741862461379861,12.493244310409521,grid,"WTI (Dec, CRUDE_W)",,
2002-11-01,2004-10-29,0.21061422199326585,0.21061422199326585,-0.789939462451024,True,2003-11-18,262.0,31,1.0,0.6191123779156864,14.227185308911055,grid,"WTI (Dec, CRUDE_W)",,
2002-12-02,2004-12-01,0.24888493496460162,0.24888493496460162,-0.7597736007051048,True,2003-12-12,259.0,32,1.0,0.506925848138711,17.635739409302968,grid,"WTI (Dec, CRUDE_W)",,
2003-01-02,2004-12-30,0.26441129484423476,0.26441129484423476,-0.7623088910278146,True,2004-01-09,254.0,40,1.0,0.35316362291990133,19.715832636942856,grid,"WTI (Dec, CRUDE_W)",,
2003-02-03,2005-02-02,0.23706687802832976,0.23706687802832976,-0.7680907030986234,True,2004-01-09,233.0,32,1.0,0.23706687802832976,19.918519172546947,grid,"WTI (Dec, CRUDE_W)",,
2003-03-03,2005-03-02,0.23624234177769776,0.23624234177769776,-0.7655371915692067,True,2004-01-12,215.0,32,1.0,0.23624234177769776,17.840814757093316,grid,"WTI (Dec, CRUDE_W)",,
2003-04-01,2005-03-31,0.23128642689132492,0.23128642689132492,-0.7774159451483114,True,2004-01-05,189.0,24,1.0,0.23128642689132492,16.749660239060805,grid,"WTI (Dec, CRUDE_W)",,
2003-05-01,2005-04-29,0.26489993902288733,0.26489993902288733,-0.7360601098416955,True,2003-12-18,160.0,21,1.0,0.26489993902288733,17.93682673267736,grid,"WTI (Dec, CRUDE_W)",,
2003-06-02,2005-06-01,0.23291044475228007,0.23291044475228007,-0.7808321351863916,True,2004-02-27,184.0,23,1.0,0.23291044475228007,16.7850478325439,grid,"WTI (Dec, CRUDE_W)",,
2003-07-01,2005-06-30,0.1698281842182897,0.1698281842182897,-0.8363043535667435,True,2004-03-01,164.0,22,1.0,0.1698281842182897,17.238562079183275,grid,"WTI (Dec, CRUDE_W)",,
2003-08-01,2005-07-29,0.21466314976983666,0.21466314976983666,-0.7852724319597513,True,2004-02-27,141.0,17,1.0,0.21466314976983666,16.29476760894141,grid,"WTI (Dec, CRUDE_W)",,
2003-09-02,2005-09-01,0.17315803239362304,0.17315803239362304,-0.8267900046077593,True,2004-02-27,120.0,17,1.0,0.17315803239362304,19.75184388215469,grid,"WTI (Dec, CRUDE_W)",,
2003-10-01,2005-09-30,0.1774414531277434,0.1774414531277434,-0.8225785243424468,True,2004-03-17,112.0,14,1.0,0.1774414531277434,19.31251165323152,grid,"WTI (Dec, CRUDE_W)",,
2003-11-03,2005-11-02,0.22337443739478127,0.22337443739478127,-0.7797186813935115,True,2004-04-27,117.0,12,1.0,0.22337443739478127,17.257466967823603,grid,"WTI (Dec, CRUDE_W)",,
2003-12-01,2005-11-30,0.24494553757585935,0.24494553757585935,-0.7549809567111541,True,2004-05-03,103.0,11,1.0,0.24494553757585935,14.900667335217523,grid,"WTI (Dec, CRUDE_W)",,
2004-01-05,2006-01-04,0.12653902262458247,0.12653902262458247,-0.8768191246530948,True,2004-06-01,102.0,10,1.0,0.12653902262458247,17.869480553303255,grid,"WTI (Dec, CRUDE_W)",,
2004-02-02,2006-02-01,0.10663259565558608,0.10663259565558608,-0.893773026065347,True,2004-06-01,83.0,12,1.0,0.10663259565558608,18.992781427203056,grid,"WTI (Dec, CRUDE_W)",,
2004-03-01,2006-02-28,0.2642359927435231,0.2642359927435231,-0.749078102133446,True,2004-08-13,115.0,24,1.0,0.2642359927435231,13.36546880499887,grid,"WTI (Dec, CRUDE_W)",,
2004-04-01,2006-03-31,0.23023110755369072,0.23023110755369072,-0.7696998023870254,True,2004-08-03,84.0,13,1.0,0.23023110755369072,17.969516076852077,grid,"WTI (Dec, CRUDE_W)",,
2004-05-03,2006-05-02,0.2713799348054918,0.2713799348054918,-0.7436745847320805,True,2004-09-28,102.0,22,1.0,0.2713799348054918,18.075635375880786,grid,"WTI (Dec, CRUDE_W)",,
2004-06-01,2006-05-31,0.23940165221777795,0.23940165221777795,-0.7672293483206953,True,2004-10-05,87.0,20,1.0,0.23940165221777795,14.719463382441548,grid,"WTI (Dec, CRUDE_W)",,
2004-07-01,2006-06-30,0.254198566016239,0.254198566016239,-0.7480493704384312,True,2004-10-06,67.0,15,1.0,0.254198566016239,15.218052474343612,grid,"WTI (Dec, CRUDE_W)",,
2004-08-02,2006-08-01,0.21938005970848473,0.21938005970848473,-0.7937291896008877,True,2005-03-02,144.0,32,1.0,0.21938005970848473,16.601302811672184,grid,"WTI (Dec, CRUDE_W)",,
2004-09-01,2006-08-31,0.2643801845510975,0.2643801845510975,-0.743272075330188,True,2005-03-03,123.0,24,1.0,0.2643801845510975,18.488785413807825,grid,"WTI (Dec, CRUDE_W)",,
2004-10-01,2006-09-29,0.2549292291384057,0.2549292291384057,-0.7782821483909208,True,2005-03-18,113.0,25,1.0,0.2549292291384057,15.509612326630554,grid,"WTI (Dec, CRUDE_W)",,
2004-11-01,2006-10-31,0.23457592035557556,0.23457592035557556,-0.7755854722729798,True,2005-03-16,91.0,19,1.0,0.23457592035557556,13.46539098989339,grid,"WTI (Dec, CRUDE_W)",,
2004-12-01,2006-11-30,0.12267817836445484,0.12267817836445484,-0.8837098965390798,True,2005-03-16,71.0,14,1.0,0.12267817836445484,18.623779663289202,grid,"WTI (Dec, CRUDE_W)",,
2005-01-03,2006-12-29,0.19255154600934088,0.19255154600934088,-0.8082133415183127,True,2005-03-14,48.0,6,1.0,0.19255154600934088,19.795509107528055,grid,"WTI (Dec, CRUDE_W)",,
2005-02-01,2007-01-31,0.22222194807885573,0.22222194807885573,-0.7777113653307435,True,2005-07-06,107.0,20,1.0,0.22222194807885573,16.529968302990223,grid,"WTI (Dec, CRUDE_W)",,
2005-03-01,2007-02-28,0.26673758434449735,0.26673758434449735,-0.7543722302095008,True,2005-08-30,127.0,24,1.0,0.26673758434449735,14.901023693285806,grid,"WTI (Dec, CRUDE_W)",,
2005-04-01,2007-03-30,0.18796999876347226,0.18796999876347226,-0.8174149803101681,True,2006-04-21,265.0,39,1.0,0.6598936188745181,18.927183831380955,grid,"WTI (Dec, CRUDE_W)",,
2005-05-02,2007-05-01,0.20079608320016487,0.20079608320016487,-0.8007491996088386,True,2006-04-18,241.0,32,1.0,0.20079608320016487,19.74077375266646,grid,"WTI (Dec, CRUDE_W)",,
2005-06-01,2007-05-31,0.8526898450046844,0.4169123159097512,-0.6661657941159893,False,,,57,1.0,0.7414694168534658,13.481065427150158,grid,"WTI (Dec, CRUDE_W)",,
2005-07-01,2007-06-29,0.7298301920679893,0.27967546149127664,-0.7703821289107399,False,,,48,1.0,0.6891592678157006,11.75810260799773,grid,"WTI (Dec, CRUDE_W)",,
2005-08-01,2007-07-31,0.7120368285153598,0.22272312520193416,-0.8017378907546192,False,,,45,1.0,0.6209909005849845,14.08145971939832,grid,"WTI (Dec, CRUDE_W)",,
2005-09-01,2007-08-31,0.6299286783274112,0.25413950853905676,-0.7602656138909278,False,,,44,1.0,0.8976361201522584,11.23897201984183,grid,"WTI (Dec, CRUDE_W)",,
2005-10-03,2007-10-02,0.5205669021883986,0.2990492024889204,-0.723748147233178,False,,,45,1.0,0.859666006725568,14.022453267820241,grid,"WTI (Dec, CRUDE_W)",,
2005-11-01,2007-10-31,0.2165277697909166,0.20404821698044695,-0.8055240913117849,True,2007-10-25,496.0,48,1.0,0.7595465694361831,18.14483392325193,grid,"WTI (Dec, CRUDE_W)",,
2005-12-01,2007-11-30,0.2749592448781261,0.18585219840879086,-0.8243702158573836,True,2007-10-24,475.0,44,1.0,0.9134652576854576,19.427843440325194,grid,"WTI (Dec, CRUDE_W)",,
2006-01-03,2008-01-02,0.10890271813768894,0.10890271813768894,-0.8971732214412307,True,2007-01-16,258.0,33,1.0,0.45445836959302144,16.334430139466097,grid,"WTI (Dec, CRUDE_W)",,
2006-02-01,2008-01-31,0.14141029503475588,0.14141029503475588,-0.8627545432677963,True,2007-01-16,238.0,32,1.0,0.14141029503475588,13.538124858916026,grid,"WTI (Dec, CRUDE_W)",,
2006-03-01,2008-02-29,0.08886996111082146,0.08886996111082146,-0.9130601009876183,True,2007-01-11,217.0,24,1.0,0.08886996111082146,13.0034829324658,grid,"WTI (Dec, CRUDE_W)",,
2006-04-03,2008-04-02,0.12530662536186538,0.12530662536186538,-0.8792326463645588,True,2007-01-11,194.0,23,1.0,0.12530662536186538,11.182473800266136,grid,"WTI (Dec, CRUDE_W)",,
2006-05-01,2008-04-30,0.22301111942803306,0.1659404386033665,-0.8465191613319831,True,2007-10-26,375.0,35,1.0,0.5763099427571078,17.48802276291834,grid,"WTI (Dec, CRUDE_W)",,
2006-06-01,2008-05-30,0.10743505443264284,0.10743505443264284,-0.8959145212513773,True,2007-01-11,153.0,18,1.0,0.10743505443264284,11.712534309174686,grid,"WTI (Dec, CRUDE_W)",,
2006-07-05,2008-07-03,0.10917473906624496,0.10917473906624496,-0.8933834689774861,True,2007-01-11,131.0,14,1.0,0.10917473906624496,11.338694676169522,grid,"WTI (Dec, CRUDE_W)",,
2006-08-01,2008-07-31,0.12725165138898983,0.12725165138898983,-0.872710161659508,True,2007-01-16,114.0,12,1.0,0.12725165138898983,13.513391388004091,grid,"WTI (Dec, CRUDE_W)",,
2006-09-01,2008-08-29,0.1258605300238162,0.1258605300238162,-0.8741017004863297,True,2007-10-15,280.0,25,1.0,0.6163215267630878,16.86268166055524,grid,"WTI (Dec, CRUDE_W)",,
2006-10-02,2008-10-01,0.21928082918923386,0.21928082918923386,-0.7901701629096493,True,2007-09-27,247.0,23,1.0,0.21928082918923386,17.158348875861115,grid,"WTI (Dec, CRUDE_W)",,
2006-11-01,2008-10-31,0.19523427252814535,0.19523427252814535,-0.806655601220546,True,2007-09-20,220.0,19,1.0,0.19523427252814535,18.836978804120413,grid,"WTI (Dec, CRUDE_W)",,
2006-12-01,2008-11-28,0.1920307753392605,0.1920307753392605,-0.8085543668284592,True,2007-09-27,205.0,20,1.0,0.1920307753392605,18.829876681912168,grid,"WTI (Dec, CRUDE_W)",,
2007-01-03,2009-01-02,0.24494154072355834,0.24494154072355834,-0.7560827031459298,True,2007-09-18,178.0,17,1.0,0.24494154072355834,16.171983371886405,grid,"WTI (Dec, CRUDE_W)",,
2007-02-01,2009-01-30,0.18043258678251942,0.18043258678251942,-0.8220369171114478,True,2007-10-15,177.0,18,1.0,0.18043258678251942,15.832110302534453,grid,"WTI (Dec, CRUDE_W)",,
2007-03-01,2009-02-27,0.21351820420862386,0.21351820420862386,-0.7911005551523224,True,2007-10-25,166.0,16,1.0,0.21351820420862386,15.724572423598765,grid,"WTI (Dec, CRUDE_W)",,
2007-04-02,2009-04-01,0.2227527872610597,0.2227527872610597,-0.7931430495078822,True,2007-11-02,150.0,18,1.0,0.2227527872610597,19.287765073614768,grid,"WTI (Dec, CRUDE_W)",,
2007-05-01,2009-04-30,0.22313667416268138,0.22313667416268138,-0.7842967107878992,True,2007-10-29,126.0,17,1.0,0.22313667416268138,14.058965386357139,grid,"WTI (Dec, CRUDE_W)",,
2007-06-01,2009-05-29,0.24996430435297334,0.24996430435297334,-0.7525303415188795,True,2007-10-29,104.0,13,1.0,0.24996430435297334,13.195803760179894,grid,"WTI (Dec, CRUDE_W)",,
2007-07-02,2009-07-01,0.22074811091625035,0.22074811091625035,-0.7813317557859207,True,2007-11-02,87.0,10,1.0,0.22074811091625035,18.958768802020465,grid,"WTI (Dec, CRUDE_W)",,
2007-08-01,2009-07-31,0.22568463395215585,0.22568463395215585,-0.7742476403399461,True,2007-11-02,66.0,8,1.0,0.22568463395215585,17.979284452952044,grid,"WTI (Dec, CRUDE_W)",,
2007-09-04,2009-09-03,0.27601276220849746,0.27601276220849746,-0.7239044091142368,True,2007-11-20,55.0,6,1.0,0.27601276220849746,13.961654028956206,grid,"WTI (Dec, CRUDE_W)",,
2007-10-01,2009-09-30,0.2516066645661313,0.2516066645661313,-0.7483178307831037,True,2008-02-26,101.0,13,1.0,0.2516066645661313,15.650018930821814,grid,"WTI (Dec, CRUDE_W)",,
2007-11-01,2009-10-30,0.2033277463669674,0.2033277463669674,-0.8109406355399524,True,2008-05-06,126.0,26,1.0,0.2033277463669674,18.66853996602,grid,"WTI (Dec, CRUDE_W)",,
2007-12-03,2009-12-02,0.25424673281568466,0.25424673281568466,-0.7554374654303433,True,2008-05-06,105.0,21,1.0,0.25424673281568466,15.670634212271366,grid,"WTI (Dec, CRUDE_W)",,
2008-01-02,2009-12-31,0.2236892704199267,0.2236892704199267,-0.7762436026608716,True,2008-05-06,85.0,20,1.0,0.2236892704199267,16.162062852335286,grid,"WTI (Dec, CRUDE_W)",,
2008-02-01,2010-01-29,0.2427617217321806,0.2427617217321806,-0.7571654278961882,True,2008-05-06,64.0,13,1.0,0.2427617217321806,15.980925454692748,grid,"WTI (Dec, CRUDE_W)",,
2008-03-03,2010-03-02,0.13863014371334867,0.13863014371334867,-0.8682810839250446,True,2008-05-21,55.0,14,1.0,0.13863014371334867,16.403921719847478,grid,"WTI (Dec, CRUDE_W)",,
2008-04-01,2010-03-31,0.2518780057877855,0.2518780057877855,-0.7481797144383044,True,2008-05-20,34.0,8,1.0,0.2518780057877855,13.194360338382655,grid,"WTI (Dec, CRUDE_W)",,
2008-05-02,2010-04-30,0.08829095404101132,0.08829095404101132,-0.9116825507242059,True,2008-09-16,94.0,24,1.0,0.08829095404101132,12.976593237798628,grid,"WTI (Dec, CRUDE_W)",,
2008-06-02,2010-06-01,0.140451011326191,0.140451011326191,-0.8628234316686818,True,2008-09-16,74.0,23,1.0,0.140451011326191,10.225679218728336,grid,"WTI (Dec, CRUDE_W)",,
2008-07-01,2010-06-30,0.04466185938317472,0.04466185938317472,-0.9568997915046544,True,2008-10-06,67.0,19,1.0,0.04466185938317472,19.205063426100736,grid,"WTI (Dec, CRUDE_W)",,
2008-08-01,2010-07-30,0.1193826761883072,0.1193826761883072,-0.8807109752620328,True,2008-10-10,49.0,19,1.0,0.1193826761883072,8.582843968538935,grid,"WTI (Dec, CRUDE_W)",,
2008-09-02,2010-09-01,0.036296298349453596,0.036296298349453596,-0.9636928094933944,True,2008-10-24,38.0,22,1.0,0.036296298349453596,19.308910446845033,grid,"WTI (Dec, CRUDE_W)",,
2008-10-01,2010-09-30,0.12856156434516236,0.12856156434516236,-0.8713998556115211,True,2008-10-28,19.0,10,1.0,0.12856156434516236,16.3213561590187,grid,"WTI (Dec, CRUDE_W)",,
2008-11-03,2010-11-02,0.12367789964589532,0.12367789964589532,-0.8762849858498596,True,2008-12-23,35.0,17,1.0,0.12367789964589532,18.349024468243165,grid,"WTI (Dec, CRUDE_W)",,
2008-12-01,2010-11-30,0.20540451271083632,0.20540451271083632,-0.8207921932324893,True,2009-06-04,127.0,47,1.0,0.20540451271083632,18.683281572845974,grid,"WTI (Dec, CRUDE_W)",,
2009-01-02,2010-12-31,0.20852032055712336,0.20852032055712336,-0.7916688361695903,True,2009-05-28,100.0,24,1.0,0.20852032055712336,13.094380604419902,grid,"WTI (Dec, CRUDE_W)",,
2009-02-02,2011-02-01,0.22483231585602104,0.22483231585602104,-0.7762355211231144,True,2009-05-27,79.0,23,1.0,0.22483231585602104,16.346580033907053,grid,"WTI (Dec, CRUDE_W)",,
2009-03-02,2011-03-01,0.2289576087754145,0.2289576087754145,-0.7709736833295844,True,2009-05-27,60.0,16,1.0,0.2289576087754145,17.156015074790204,grid,"WTI (Dec, CRUDE_W)",,
2009-04-01,2011-03-31,0.253121461883609,0.253121461883609,-0.7528431070970593,True,2009-06-11,49.0,13,1.0,0.253121461883609,15.351218100713801,grid,"WTI (Dec, CRUDE_W)",,
2009-05-01,2011-04-29,0.2624210282510651,0.2624210282510651,-0.7524806495898242,True,2010-04-30,248.0,43,1.0,0.2624210282510651,17.333475437741672,grid,"WTI (Dec, CRUDE_W)",,
2009-06-01,2011-05-31,0.2785203809993939,0.2785203809993939,-0.803580049753163,True,2011-04-29,476.0,83,1.0,1.1549761407839907,18.06987499133018,grid,"WTI (Dec, CRUDE_W)",,
2009-07-01,2011-06-30,0.2508018852218863,0.2508018852218863,-0.8178685903916919,True,2011-04-29,454.0,80,1.0,1.1794233553033422,19.608110385766174,grid,"WTI (Dec, CRUDE_W)",,
2009-08-03,2011-08-02,1.109209843723343,0.2851063659445612,-0.7850612879959166,False,,,72,1.0,1.1847579592815232,19.162086915630805,grid,"WTI (Dec, CRUDE_W)",,
2009-09-01,2011-08-31,0.17137646969997047,0.17137646969997047,-0.8662063172410371,True,2011-04-08,398.0,62,1.0,1.1749575779629031,19.688835106460957,grid,"WTI (Dec, CRUDE_W)",,
2009-10-01,2011-09-30,1.2544810171643173,0.3836906142090579,-0.7250171954792815,False,,,80,1.0,1.3454311789539024,15.010567471247484,grid,"WTI (Dec, CRUDE_W)",,
2009-11-02,2011-11-01,0.22962674360122215,0.22962674360122215,-0.8068691239452642,True,2011-04-29,369.0,49,1.0,1.1428722605228647,19.66887389403623,grid,"WTI (Dec, CRUDE_W)",,
2009-12-01,2011-11-30,0.24023327010257853,0.24023327010257853,-0.7948495806123241,True,2011-04-29,349.0,48,1.0,1.1510351648182848,18.4123882660864,grid,"WTI (Dec, CRUDE_W)",,
2010-01-04,2012-01-03,1.2593335113674442,0.3382194065039834,-0.7247330376919773,False,,,79,1.0,1.1494953110628285,14.989195022906737,grid,"WTI (Dec, CRUDE_W)",,
2010-02-01,2012-01-31,0.23560410624409658,0.23560410624409658,-0.8049750313266704,True,2011-04-08,296.0,49,1.0,0.8580134400585246,15.422674044088883,grid,"WTI (Dec, CRUDE_W)",,
2010-03-01,2012-02-29,0.9528522989249392,0.3068630183316634,-0.7435802710935606,False,,,77,1.0,0.6923921483783617,17.46292193240585,grid,"WTI (Dec, CRUDE_W)",,
2010-04-01,2012-03-30,0.2235452999627635,0.2235452999627635,-0.7901298110580566,True,2011-04-08,255.0,36,1.0,0.39191285870798187,14.996485277636886,grid,"WTI (Dec, CRUDE_W)",,
2010-05-03,2012-05-02,0.2078652288301054,0.2078652288301054,-0.7966650202096567,True,2011-04-29,247.0,33,1.0,0.2078652288301054,19.566887978421665,grid,"WTI (Dec, CRUDE_W)",,
2010-06-01,2012-05-31,0.2240854713212315,0.2240854713212315,-0.8033014402381418,True,2011-04-01,209.0,27,1.0,0.2240854713212315,19.31337325153328,grid,"WTI (Dec, CRUDE_W)",,
2010-07-01,2012-06-29,0.25196203731135275,0.25196203731135275,-0.7648786205128275,True,2011-03-04,168.0,17,1.0,0.25196203731135275,16.575172444792372,grid,"WTI (Dec, CRUDE_W)",,
2010-08-02,2012-08-01,0.20220940832128756,0.20220940832128756,-0.8029200591509666,True,2011-04-01,166.0,19,1.0,0.20220940832128756,19.81647229859374,grid,"WTI (Dec, CRUDE_W)",,
2010-09-01,2012-08-31,0.24927807636858415,0.24927807636858415,-0.7558448189979015,True,2011-04-01,144.0,16,1.0,0.24927807636858415,17.75481003406408,grid,"WTI (Dec, CRUDE_W)",,
2010-10-01,2012-09-28,1.170908535222873,0.3629511133502823,-0.6481524953319364,False,,,62,1.0,0.6598415050401109,14.562089619338872,grid,"WTI (Dec, CRUDE_W)",,
2010-11-01,2012-10-31,0.8206571046720176,0.3894291964624247,-0.6249450889519397,False,,,56,1.0,0.7567331676286249,13.509603531811505,grid,"WTI (Dec, CRUDE_W)",,
2010-12-01,2012-11-30,0.9092775185364794,0.34987379757796755,-0.6571633579887283,False,,,60,1.0,0.8830423842226152,12.76239439842943,grid,"WTI (Dec, CRUDE_W)",,
2011-01-03,2013-01-02,0.7844761304953558,0.38356656487305085,-0.6634906318460221,False,,,52,1.0,0.6844277321427056,12.84578359263652,grid,"WTI (Dec, CRUDE_W)",,
2011-02-01,2013-01-31,0.7626478962177999,0.3739293716760983,-0.6674125649669562,False,,,49,1.0,0.657846635245414,12.646538672328148,grid,"WTI (Dec, CRUDE_W)",,
2011-03-01,2013-02-28,0.7812714601019,0.4194990572641961,-0.6292372329738902,False,,,52,1.0,0.5648390848750271,11.110354078732794,grid,"WTI (Dec, CRUDE_W)",,
2011-04-01,2013-03-28,0.7206324659203382,0.2689056775195713,-0.7381870455134053,False,,,48,1.0,0.6137318814670267,10.465992167455493,grid,"WTI (Dec, CRUDE_W)",,
2011-05-02,2013-05-01,0.6312850988140436,0.2568875483724212,-0.7430353622362497,False,,,47,1.0,0.5820034993038711,10.427173419877729,grid,"WTI (Dec, CRUDE_W)",,
2011-06-01,2013-05-31,1.0346592501327785,0.40245593977691285,-0.59742328720925,False,,,57,1.0,0.8232111362126014,11.545216382318602,grid,"WTI (Dec, CRUDE_W)",,
2011-07-01,2013-06-28,1.1624905400783558,0.3580057024671708,-0.6495141746074973,False,,,61,1.0,0.8938568152497615,12.577060500472236,grid,"WTI (Dec, CRUDE_W)",,
2011-08-01,2013-07-31,1.0223419027357172,0.3412071680015709,-0.6586904391301682,False,,,62,1.0,0.9569692894952881,13.02656963952233,grid,"WTI (Dec, CRUDE_W)",,
2011-09-01,2013-08-30,1.0149644349462466,0.3340999711218303,-0.6763440902207227,False,,,63,1.0,0.9347633454310207,14.290841610065062,grid,"WTI (Dec, CRUDE_W)",,
2011-10-03,2013-10-02,0.19689968791258944,0.19689968791258944,-0.803041224454747,True,2012-02-21,96.0,11,1.0,0.19689968791258944,16.15391308539532,grid,"WTI (Dec, CRUDE_W)",,
2011-11-01,2013-10-31,1.0294663543274456,0.4701728172590109,-0.5435294083615754,False,,,53,1.0,0.8612810957649359,8.869316463247486,grid,"WTI (Dec, CRUDE_W)",,
2011-12-01,2013-11-29,0.965590879069308,0.45456699970794306,-0.5465311559186319,False,,,48,1.0,0.8751358348038045,8.598320473927023,grid,"WTI (Dec, CRUDE_W)",,
2012-01-03,2014-01-02,0.8444615171105186,0.3793718008212305,-0.620514353484815,False,,,41,1.0,0.7908030432177402,9.635526951990283,grid,"WTI (Dec, CRUDE_W)",,
2012-02-01,2014-01-31,0.9334166661069793,0.41910900995336414,-0.5809482794570384,False,,,45,1.0,0.8611341114102693,8.98224143245392,grid,"WTI (Dec, CRUDE_W)",,
2012-03-01,2014-02-28,0.7320203784507175,0.3816593417838574,-0.6184082467688805,False,,,39,1.0,0.7560255920586181,9.136705475719124,grid,"WTI (Dec, CRUDE_W)",,
2012-04-02,2014-04-01,0.8251590588305269,0.4307496956633551,-0.5728246703690174,False,,,43,1.0,0.8590309927248999,8.42729234209355,grid,"WTI (Dec, CRUDE_W)",,
2012-05-01,2014-04-30,0.7974558549196619,0.433243348658393,-0.5666266393334071,False,,,43,1.0,0.8840152365448087,8.36260576560282,grid,"WTI (Dec, CRUDE_W)",,
2012-06-01,2014-05-30,0.5911117528633616,0.5504314011215373,-0.5118837809003398,False,,,37,1.0,1.0955128648371741,10.186525652537957,grid,"WTI (Dec, CRUDE_W)",,
2012-07-02,2014-07-01,0.757478526950633,0.7118219713596222,-0.4034365979879724,False,,,37,1.0,1.181534569685928,8.119639265768642,grid,"WTI (Dec, CRUDE_W)",,
2012-08-01,2014-07-30,0.9818029261518574,0.7935187650205866,-0.31470602853494867,False,,,35,1.0,1.0562272015611929,6.9146002457603934,grid,"WTI (Dec, CRUDE_W)",,
2012-09-04,2014-09-03,0.9747945756682347,0.6812307440997233,-0.3706185516420879,False,,,36,1.0,0.8703780610673686,7.551679421113232,grid,"WTI (Dec, CRUDE_W)",,
2012-10-01,2014-09-30,1.007501491746558,0.6703186074222864,-0.40847931322149333,False,,,36,1.0,0.9696735557625535,7.933326845811757,grid,"WTI (Dec, CRUDE_W)",,
2012-11-01,2014-10-31,0.7655444713255875,0.5029836631282218,-0.5281733530933151,False,,,29,1.0,0.918508329990122,11.109024141162013,grid,"WTI (Dec, CRUDE_W)",,
2012-12-03,2014-12-02,0.4351783520589544,0.3938603756040045,-0.6401916125493345,False,,,40,1.0,0.9624908828476636,9.5148019476252,grid,"WTI (Dec, CRUDE_W)",,
2013-01-02,2014-12-31,0.09837438299004879,0.09837438299004879,-0.9073010793273792,True,2014-12-10,483.0,33,1.0,0.8792960490880913,19.130266788311523,grid,"WTI (Dec, CRUDE_W)",,
2013-02-01,2015-01-30,0.08761607865632863,0.08761607865632863,-0.916320484228904,True,2014-12-12,464.0,36,1.0,0.9783555668265719,17.586926359939714,grid,"WTI (Dec, CRUDE_W)",,
2013-03-01,2015-02-27,0.15455760350242706,0.15455760350242706,-0.8559633310211451,True,2014-12-09,442.0,34,1.0,0.9203141702827999,19.655480158911047,grid,"WTI (Dec, CRUDE_W)",,
2013-04-01,2015-03-31,0.14343552444467136,0.14343552444467136,-0.8610412870657199,True,2014-12-08,421.0,28,1.0,0.857413881236692,12.151636643496545,grid,"WTI (Dec, CRUDE_W)",,
2013-05-01,2015-04-30,0.1177549949716596,0.1177549949716596,-0.8846138275948539,True,2014-12-08,399.0,29,1.0,0.8982331514220939,13.946486357559213,grid,"WTI (Dec, CRUDE_W)",,
2013-06-03,2015-06-02,0.11402991449482158,0.11402991449482158,-0.8888874255044323,True,2014-12-08,377.0,25,1.0,0.8858479126955408,13.94530857080986,grid,"WTI (Dec, CRUDE_W)",,
2013-07-01,2015-06-30,0.1109000766043367,0.1109000766043367,-0.8910241451175663,True,2014-12-08,357.0,22,1.0,0.9065879725128074,13.939478554485127,grid,"WTI (Dec, CRUDE_W)",,
2013-08-01,2015-07-31,0.134413918707148,0.134413918707148,-0.8694194830003044,True,2014-12-10,337.0,22,1.0,1.0202311798963426,14.64332317327815,grid,"WTI (Dec, CRUDE_W)",,
2013-09-03,2015-09-02,0.12401218524991342,0.12401218524991342,-0.8759505999300656,True,2014-12-10,315.0,18,1.0,0.9852756763192185,15.2099224231087,grid,"WTI (Dec, CRUDE_W)",,
2013-10-01,2015-09-30,0.10194640249772775,0.10194640249772775,-0.8997418834312672,True,2014-12-08,293.0,19,1.0,0.8406192279056189,14.081435139267525,grid,"WTI (Dec, CRUDE_W)",,
2013-11-01,2015-10-28,0.14881003414220534,0.14881003414220534,-0.8530280914856888,True,2014-12-04,268.0,15,1.0,0.5668479896130936,18.442704669939282,grid,"WTI (Dec, CRUDE_W)",,
2013-12-02,2015-12-01,0.10250149451235534,0.10250149451235534,-0.8979695485040077,True,2014-12-08,249.0,15,1.0,0.10250149451235534,14.205382364441473,grid,"WTI (Dec, CRUDE_W)",,
2014-01-02,2015-12-31,0.10483946753280707,0.10483946753280707,-0.8958438681086001,True,2014-12-08,228.0,15,1.0,0.10483946753280707,14.051351141992034,grid,"WTI (Dec, CRUDE_W)",,
2014-02-03,2016-02-02,0.05956831354949968,0.05956831354949968,-0.9405958235592332,True,2014-12-08,207.0,15,1.0,0.05956831354949968,17.856815389596658,grid,"WTI (Dec, CRUDE_W)",,
2014-03-03,2016-03-02,0.10594466524086757,0.10594466524086757,-0.8958363863472215,True,2014-12-08,188.0,15,1.0,0.10594466524086757,13.618183223111513,grid,"WTI (Dec, CRUDE_W)",,
2014-04-01,2016-03-31,0.046244555101836164,0.046244555101836164,-0.9541655196760485,True,2014-12-08,168.0,13,1.0,0.046244555101836164,19.073269728873417,grid,"WTI (Dec, CRUDE_W)",,
2014-05-01,2016-04-29,0.12886531015087296,0.12886531015087296,-0.8710960186547234,True,2014-12-08,151.0,13,1.0,0.12886531015087296,12.411666507419996,grid,"WTI (Dec, CRUDE_W)",,
2014-06-02,2016-06-01,0.08675202269426524,0.08675202269426524,-0.9138092666428436,True,2014-12-10,132.0,12,1.0,0.08675202269426524,19.171130804249103,grid,"WTI (Dec, CRUDE_W)",,
2014-07-01,2016-06-30,0.09561925934420472,0.09561925934420472,-0.9043520462696761,True,2014-12-10,112.0,12,1.0,0.09561925934420472,17.580495854161306,grid,"WTI (Dec, CRUDE_W)",,
2014-08-06,2016-08-05,0.06625753611881294,0.06625753611881294,-0.9339293473738076,True,2014-12-15,93.0,11,1.0,0.06625753611881294,14.400246924611883,grid,"WTI (Dec, CRUDE_W)",,
2014-09-01,2016-08-31,0.0965406285922301,0.0965406285922301,-0.9038049137905192,True,2014-12-15,75.0,10,1.0,0.0965406285922301,12.465931483565289,grid,"WTI (Dec, CRUDE_W)",,
2014-10-01,2016-09-30,0.09794964305343963,0.09794964305343963,-0.902020963235531,True,2015-01-05,65.0,10,1.0,0.09794964305343963,17.251087101258292,grid,"WTI (Dec, CRUDE_W)",,
2014-11-03,2016-11-02,0.11702088734400284,0.11702088734400284,-0.8829439958547536,True,2015-01-13,48.0,8,1.0,0.11702088734400284,15.7874355335014,grid,"WTI (Dec, CRUDE_W)",,
2014-12-01,2016-11-30,0.04861291284933155,0.04861291284933155,-0.9513724989003386,True,2015-08-21,185.0,29,1.0,0.04861291284933155,19.33411880624404,grid,"WTI (Dec, CRUDE_W)",,
2015-01-02,2016-12-30,0.10848388245538988,0.10848388245538988,-0.897471245250856,True,2016-01-06,257.0,41,1.0,0.2252340229745391,19.151004947614442,grid,"WTI (Dec, CRUDE_W)",,
2015-02-02,2017-02-01,0.09783146819262734,0.09783146819262734,-0.9033814396790583,True,2015-08-24,144.0,24,1.0,0.09783146819262734,16.52180744499961,grid,"WTI (Dec, CRUDE_W)",,
2015-03-02,2017-03-01,0.08758446227469119,0.08758446227469119,-0.9123892545016593,True,2015-08-24,124.0,21,1.0,0.08758446227469119,17.251888533451876,grid,"WTI (Dec, CRUDE_W)",,
2015-04-01,2017-03-31,0.08292262859545128,0.08292262859545128,-0.9191286354420196,True,2015-08-21,101.0,17,1.0,0.08292262859545128,16.875290510305298,grid,"WTI (Dec, CRUDE_W)",,
2015-05-01,2017-04-28,0.09883504233956614,0.09883504233956614,-0.9065384925134786,True,2016-01-06,173.0,27,1.0,0.09883504233956614,19.696868315968263,grid,"WTI (Dec, CRUDE_W)",,
2015-06-01,2017-05-31,0.12158478719061713,0.12158478719061713,-0.8783787264273111,True,2015-08-25,61.0,8,1.0,0.12158478719061713,19.10909855900894,grid,"WTI (Dec, CRUDE_W)",,
2015-07-01,2017-06-30,0.06473622200141899,0.06473622200141899,-0.9352443513039722,True,2016-01-11,133.0,24,1.0,0.06473622200141899,17.581588475403233,grid,"WTI (Dec, CRUDE_W)",,
2015-08-03,2017-08-02,0.8549384350796363,0.31169999048572117,-0.7155699550623532,False,,,73,1.0,0.7136871728035478,14.466776444257235,grid,"WTI (Dec, CRUDE_W)",,
2015-09-02,2017-09-01,1.0421576439876992,0.19294018121201062,-0.8240813051852444,False,,,73,1.0,0.7561455175789468,13.793548559367904,grid,"WTI (Dec, CRUDE_W)",,
2015-10-01,2017-09-29,0.11512125844533809,0.11512125844533809,-0.8912545856695352,True,2016-01-20,75.0,19,1.0,0.11512125844533809,13.172802549698664,grid,"WTI (Dec, CRUDE_W)",,
2015-11-02,2017-11-01,0.08717207859661036,0.08717207859661036,-0.9135988117869505,True,2016-01-20,55.0,13,1.0,0.08717207859661036,14.930537437081105,grid,"WTI (Dec, CRUDE_W)",,
2015-12-01,2017-11-30,0.13754130239362772,0.13754130239362772,-0.8624174228332222,True,2016-06-08,133.0,32,1.0,0.13754130239362772,19.782366417937407,grid,"WTI (Dec, CRUDE_W)",,
2016-01-04,2018-01-03,0.2185141834346132,0.2185141834346132,-0.7814202426381782,True,2016-05-26,102.0,33,1.0,0.2185141834346132,18.487577757914618,grid,"WTI (Dec, CRUDE_W)",,
2016-02-01,2018-01-31,0.2406601227515994,0.2406601227515994,-0.7592676575456643,True,2016-05-26,82.0,17,1.0,0.2406601227515994,18.223857184234483,grid,"WTI (Dec, CRUDE_W)",,
2016-03-01,2018-02-28,1.1359673346887331,0.46822489928954836,-0.5580994994092309,False,,,83,1.0,1.0540222318187107,11.121952335723101,grid,"WTI (Dec, CRUDE_W)",,
2016-04-01,2018-03-29,0.7049509259120119,0.3442104631031677,-0.6589435795246764,False,,,81,1.0,1.1295623644768864,14.83890729609508,grid,"WTI (Dec, CRUDE_W)",,
2016-05-02,2018-05-01,0.7074507118864328,0.6392008303963377,-0.5857400624003558,False,,,80,1.0,1.281746807618752,9.294914534136222,grid,"WTI (Dec, CRUDE_W)",,
2016-06-01,2018-05-31,0.6227885042808603,0.2935084594495476,-0.8007800627365232,False,,,81,1.0,1.3363084481462915,17.78817385079575,grid,"WTI (Dec, CRUDE_W)",,
2016-07-01,2018-06-29,0.24449504481322495,0.24449504481322495,-0.8281542772460819,True,2018-05-21,489.0,77,1.0,1.0925113274202558,17.78846558518926,grid,"WTI (Dec, CRUDE_W)",,
2016-08-01,2018-07-31,0.19885730475717997,0.19885730475717997,-0.856923160544975,True,2018-05-04,457.0,67,1.0,1.2274674301601318,19.616172492162317,grid,"WTI (Dec, CRUDE_W)",,
2016-09-01,2018-08-31,0.2039868820921925,0.2039868820921925,-0.8423608394157713,True,2018-05-04,434.0,57,1.0,1.2016804911866832,18.63569690286561,grid,"WTI (Dec, CRUDE_W)",,
2016-10-03,2018-10-02,0.16938106038498182,0.16938106038498182,-0.851728138326431,True,2018-05-04,412.0,47,1.0,1.1186177992056088,19.74520757647568,grid,"WTI (Dec, CRUDE_W)",,
2016-11-01,2018-10-31,0.1905602282701405,0.1905602282701405,-0.8399968876543094,True,2018-05-04,391.0,50,1.0,1.1787137721562033,18.5850468437779,grid,"WTI (Dec, CRUDE_W)",,
2016-12-01,2018-11-30,0.2290396730591933,0.2290396730591933,-0.7832023988723258,True,2018-04-18,357.0,38,1.0,0.9409030475819149,14.93812872781258,grid,"WTI (Dec, CRUDE_W)",,
2017-01-02,2019-01-01,0.22032405038083666,0.22032405038083666,-0.7814143703409036,True,2018-04-23,338.0,38,1.0,0.8257235089041078,16.76575970539413,grid,"WTI (Dec, CRUDE_W)",,
2017-02-01,2019-01-31,0.18185894606495315,0.18185894606495315,-0.826897804155204,True,2018-04-23,316.0,36,1.0,0.519631925831002,19.9111046270977,grid,"WTI (Dec, CRUDE_W)",,
2017-03-01,2019-02-28,0.18664048632669827,0.18664048632669827,-0.8293787874737896,True,2018-04-23,296.0,37,1.0,0.6864860644773606,19.724988415082464,grid,"WTI (Dec, CRUDE_W)",,
2017-04-03,2019-04-02,0.17860693590426213,0.17860693590426213,-0.8403284085525673,True,2018-04-18,270.0,35,1.0,0.4817306155453026,18.23422608409281,grid,"WTI (Dec, CRUDE_W)",,
2017-05-01,2019-04-30,0.17859342452449367,0.17859342452449367,-0.8376702953303693,True,2018-04-11,246.0,28,1.0,0.17859342452449367,18.42648744238334,grid,"WTI (Dec, CRUDE_W)",,
2017-06-01,2019-05-31,0.22545185404323487,0.22545185404323487,-0.7841593084893119,True,2018-01-12,161.0,21,1.0,0.22545185404323487,18.51101903970713,grid,"WTI (Dec, CRUDE_W)",,
2017-07-03,2019-07-02,0.2560318156755708,0.2560318156755708,-0.7566734277851557,True,2018-03-23,189.0,16,1.0,0.2560318156755708,19.468862021951054,grid,"WTI (Dec, CRUDE_W)",,
2017-08-01,2019-07-31,0.25395119899642765,0.25395119899642765,-0.7509480283642789,True,2018-04-13,182.0,16,1.0,0.25395119899642765,18.47075498727714,grid,"WTI (Dec, CRUDE_W)",,
2017-09-01,2019-08-30,0.22328721788803338,0.22328721788803338,-0.77664577584472,True,2018-04-23,165.0,16,1.0,0.22328721788803338,18.935844435697806,grid,"WTI (Dec, CRUDE_W)",,
2017-10-02,2019-10-01,0.25481247474392016,0.25481247474392016,-0.745111058573652,True,2018-05-08,155.0,11,1.0,0.25481247474392016,19.816472089228093,grid,"WTI (Dec, CRUDE_W)",,
2017-11-01,2019-10-31,0.24716993959136171,0.24716993959136171,-0.7530827448269998,True,2018-09-19,229.0,16,1.0,0.24716993959136171,19.782503060667565,grid,"WTI (Dec, CRUDE_W)",,
2017-12-01,2019-11-29,0.24218143633837594,0.24218143633837594,-0.7648337725297869,True,2018-10-03,217.0,21,1.0,0.24218143633837594,18.13462051421307,grid,"WTI (Dec, CRUDE_W)",,
2018-01-01,2019-12-31,1.0466983889356698,0.16313050915214689,-0.843704893302375,False,,,65,1.0,0.3939223931239808,19.821699602389614,grid,"WTI (Dec, CRUDE_W)",,
2018-02-01,2020-01-31,0.09051723920757941,0.09051723920757941,-0.9142893269314554,True,2018-12-24,231.0,35,1.0,0.09051723920757941,12.27853721742902,grid,"WTI (Dec, CRUDE_W)",,
2018-03-01,2020-02-28,0.013756149963975743,0.013756149963975743,-0.9863866606713101,True,2018-12-24,211.0,30,1.0,0.013756149963975743,17.49391370095485,grid,"WTI (Dec, CRUDE_W)",,
2018-04-02,2020-04-01,0.14383618798722705,0.14383618798722705,-0.8613116970158956,True,2018-12-21,189.0,28,1.0,0.14383618798722705,16.48750858398448,grid,"WTI (Dec, CRUDE_W)",,
2018-05-01,2020-04-30,0.053249232779370874,0.053249232779370874,-0.9527019880012662,True,2018-12-24,169.0,27,1.0,0.053249232779370874,14.155235425246653,grid,"WTI (Dec, CRUDE_W)",,
2018-06-01,2020-05-29,0.1443491616213047,0.1443491616213047,-0.8636789620301528,True,2018-12-21,145.0,22,1.0,0.1443491616213047,15.605088231814323,grid,"WTI (Dec, CRUDE_W)",,
2018-07-02,2020-07-01,0.10364528376701813,0.10364528376701813,-0.8997136314272338,True,2018-12-21,124.0,19,1.0,0.10364528376701813,19.048419875834654,grid,"WTI (Dec, CRUDE_W)",,
2018-08-01,2020-07-31,0.09001365332174106,0.09001365332174106,-0.9099618786293651,True,2018-12-18,99.0,14,1.0,0.09001365332174106,14.142697566763696,grid,"WTI (Dec, CRUDE_W)",,
2018-09-03,2020-09-02,0.13417884813403522,0.13417884813403522,-0.8682068525065829,True,2018-12-21,79.0,16,1.0,0.13417884813403522,15.63495360926686,grid,"WTI (Dec, CRUDE_W)",,
2018-10-01,2020-09-30,0.0,0.0,-1.0,True,2018-12-24,60.0,11,1.0,0.0,18.89855938386092,grid,"WTI (Dec, CRUDE_W)",,
2018-11-01,2020-10-30,0.057427131730467214,0.057427131730467214,-0.9425556349600208,True,2020-03-16,356.0,52,1.0,0.853065855829582,18.568998812339682,grid,"WTI (Dec, CRUDE_W)",,
2018-12-03,2020-12-02,0.21826068415490033,0.21826068415490033,-0.7856008161138107,True,2019-04-16,96.0,16,1.0,0.21826068415490033,19.481872429187987,grid,"WTI (Dec, CRUDE_W)",,
2019-01-01,2020-12-31,0.236810158822272,0.236810158822272,-0.7631187768107712,True,2019-04-23,79.0,8,1.0,0.236810158822272,18.36530632281454,grid,"WTI (Dec, CRUDE_W)",,
2019-02-01,2021-01-29,0.036514461228893964,0.036514461228893964,-0.9718339567306487,True,2020-03-16,290.0,56,1.0,1.2653181320378022,15.001259510743054,grid,"WTI (Dec, CRUDE_W)",,
2019-03-01,2021-02-26,0.09688323654539392,0.09688323654539392,-0.9245519928403618,True,2020-03-16,270.0,54,1.0,1.2835511688853398,12.592982075791603,grid,"WTI (Dec, CRUDE_W)",,
2019-04-01,2021-03-31,0.11193221968761877,0.11193221968761877,-0.9084408132146296,True,2020-03-16,249.0,47,1.0,0.11193221968761877,11.378054664336391,grid,"WTI (Dec, CRUDE_W)",,
2019-05-01,2021-04-30,0.0,0.0,-1.0,True,2020-03-18,230.0,53,1.0,0.0,15.754677803449633,grid,"WTI (Dec, CRUDE_W)",,
2019-06-03,2021-06-02,0.11239522523840098,0.09271629386525593,-0.9252639716032368,True,2020-03-12,203.0,34,1.0,0.11239522523840098,30.09961615754857,grid,"WTI (Dec, CRUDE_W)",,
2019-07-01,2021-06-30,0.045168755364160124,0.045168755364160124,-0.9641565984997248,True,2020-03-17,186.0,40,1.0,0.045168755364160124,20.01610617788295,grid,"WTI (Dec, CRUDE_W)",,
2019-08-01,2021-07-30,0.11238680677634838,0.11238680677634838,-0.9020545832918122,True,2020-03-09,157.0,28,1.0,0.11238680677634838,5.681200418249732,grid,"WTI (Dec, CRUDE_W)",,
2019-09-02,2021-09-01,0.026256831753203615,0.026256831753203615,-0.97549150973758,True,2020-03-09,135.0,22,1.0,0.026256831753203615,6.533913122391536,grid,"WTI (Dec, CRUDE_W)",,
2019-10-01,2021-09-30,0.008034357958409693,0.008034357958409693,-0.9921207832658457,True,2020-03-09,114.0,15,1.0,0.008034357958409693,6.747576137625228,grid,"WTI (Dec, CRUDE_W)",,
2019-11-01,2021-10-29,0.11761555446622408,0.11761555446622408,-0.8879836897110315,True,2020-03-09,91.0,14,1.0,0.11761555446622408,5.628860494492513,grid,"WTI (Dec, CRUDE_W)",,
2019-12-02,2021-12-01,0.09079342763320772,0.09079342763320772,-0.9112163401399895,True,2020-03-09,70.0,12,1.0,0.09079342763320772,5.866150265760846,grid,"WTI (Dec, CRUDE_W)",,
2020-01-01,2021-12-31,0.08656396975228749,0.08656396975228749,-0.9135505336048452,True,2020-03-09,48.0,9,1.0,0.08656396975228749,5.848448212610151,grid,"WTI (Dec, CRUDE_W)",,
2020-02-03,2022-02-02,0.0,0.0,-1.0,True,2020-03-16,30.0,10,1.0,0.0,16.461314868857905,grid,"WTI (Dec, CRUDE_W)",,
2020-03-02,2022-03-01,0.0,0.0,-1.0,True,2020-03-18,12.0,5,1.0,0.0,15.74691930811793,grid,"WTI (Dec, CRUDE_W)",,
2020-04-01,2022-03-31,0.14779807264036857,0.14779807264036857,-0.852157574632021,True,2020-06-05,46.0,18,1.0,0.14779807264036857,13.466640032128337,grid,"WTI (Dec, CRUDE_W)",,
2020-05-01,2022-04-29,0.20605995576586114,0.20605995576586114,-0.7950671381189629,True,2020-06-04,24.0,9,1.0,0.20605995576586114,19.817585504444697,grid,"WTI (Dec, CRUDE_W)",,
2020-06-01,2022-05-31,0.24844164209133104,0.24844164209133104,-0.777888794058534,True,2021-02-12,178.0,30,1.0,0.24844164209133104,16.494793793778722,grid,"WTI (Dec, CRUDE_W)",,
2020-07-01,2022-06-30,0.2213489489169594,0.2213489489169594,-0.7836469091067797,True,2021-02-12,156.0,23,1.0,0.2213489489169594,16.923810638554727,grid,"WTI (Dec, CRUDE_W)",,
2020-08-03,2022-08-02,0.21058741125851307,0.21058741125851307,-0.7908704409797702,True,2021-02-12,134.0,20,1.0,0.21058741125851307,17.088312453661498,grid,"WTI (Dec, CRUDE_W)",,
2020-09-01,2022-08-31,0.16958391246862636,0.16958391246862636,-0.8303651970905008,True,2021-02-16,114.0,19,1.0,0.16958391246862636,19.743982214971187,grid,"WTI (Dec, CRUDE_W)",,
2020-10-01,2022-09-30,0.17477961268546133,0.17477961268546133,-0.8330010743481724,True,2021-02-08,88.0,14,1.0,0.17477961268546133,19.797561426921376,grid,"WTI (Dec, CRUDE_W)",,
2020-11-02,2022-11-01,0.21669365284451417,0.21669365284451417,-0.7856161582835605,True,2021-02-08,66.0,8,1.0,0.21669365284451417,17.431623100843137,grid,"WTI (Dec, CRUDE_W)",,
2020-12-01,2022-11-30,0.2607430198271464,0.2607430198271464,-0.7391787337929915,True,2021-02-24,57.0,7,1.0,0.2607430198271464,14.613029228642585,grid,"WTI (Dec, CRUDE_W)",,
2021-01-04,2023-01-03,0.26382682544277064,0.26382682544277064,-0.7360940027580568,True,2021-05-04,83.0,14,1.0,0.26382682544277064,15.68358930219898,grid,"WTI (Dec, CRUDE_W)",,
2021-02-01,2023-01-31,0.2491306805806474,0.2491306805806474,-0.7507945577866886,True,2021-06-15,93.0,16,1.0,0.2491306805806474,16.324537290414597,grid,"WTI (Dec, CRUDE_W)",,
2021-03-01,2023-02-28,0.2086698193732638,0.2086698193732638,-0.7992528328552765,True,2021-10-05,152.0,27,1.0,0.2086698193732638,16.87938087316982,grid,"WTI (Dec, CRUDE_W)",,
2021-04-01,2023-03-31,0.25585655403638274,0.25585655403638274,-0.7578587985038311,True,2021-10-13,135.0,27,1.0,0.25585655403638274,19.85652340824439,grid,"WTI (Dec, CRUDE_W)",,
2021-05-03,2023-05-02,0.2626655939319267,0.2626655939319267,-0.7722784014327883,True,2022-02-03,192.0,37,1.0,0.2626655939319267,16.796814647249594,grid,"WTI (Dec, CRUDE_W)",,
2021-06-01,2023-05-31,0.20338060611407707,0.20338060611407707,-0.8175985014209325,True,2022-02-04,173.0,30,1.0,0.20338060611407707,18.398394501072957,grid,"WTI (Dec, CRUDE_W)",,
2021-07-01,2023-06-30,0.16908717320549385,0.16908717320549385,-0.8436474043198718,True,2022-02-04,151.0,31,1.0,0.16908717320549385,19.752473645045384,grid,"WTI (Dec, CRUDE_W)",,
2021-08-02,2023-08-01,0.22229236311567263,0.22229236311567263,-0.7784956127834991,True,2022-01-26,123.0,22,1.0,0.22229236311567263,18.95573787040503,grid,"WTI (Dec, CRUDE_W)",,
2021-09-01,2023-08-31,0.16394044776783098,0.16394044776783098,-0.8364085392690038,True,2022-03-01,124.0,20,1.0,0.16394044776783098,19.09980789303918,grid,"WTI (Dec, CRUDE_W)",,
2021-10-01,2023-09-29,0.18186018995137201,0.18186018995137201,-0.8214965855558312,True,2022-03-02,104.0,19,1.0,0.18186018995137201,15.051140674897038,grid,"WTI (Dec, CRUDE_W)",,
2021-11-01,2023-10-31,0.17412444751692752,0.17412444751692752,-0.8259947056685849,True,2022-03-02,83.0,15,1.0,0.17412444751692752,14.978461455442913,grid,"WTI (Dec, CRUDE_W)",,
2021-12-01,2023-11-30,0.2439078981697532,0.2439078981697532,-0.7560189075024976,True,2022-02-14,51.0,8,1.0,0.2439078981697532,19.161832860686683,grid,"WTI (Dec, CRUDE_W)",,
2022-01-03,2024-01-02,0.2896408422791156,0.2896408422791156,-0.7102722393927022,True,2022-03-04,42.0,6,1.0,0.2896408422791156,9.652160137150167,grid,"WTI (Dec, CRUDE_W)",,
2022-02-01,2024-01-31,0.26168045935398926,0.26168045935398926,-0.7531706301673817,True,2022-06-08,88.0,29,1.0,0.26168045935398926,14.222509699970173,grid,"WTI (Dec, CRUDE_W)",,
2022-03-01,2024-02-29,1.5258880514729949,0.6577560036392325,-0.4525833400395496,False,,,96,1.0,1.220627509255058,8.942644730412534,grid,"WTI (Dec, CRUDE_W)",,
2006-03-22,2008-03-20,0.09825871413595373,0.09825871413595373,-0.9091851857676406,True,2007-01-04,202.0,30,1.0,0.09825871413595373,12.777376355743117,grid,WTI front (CRUDE_ICE),,
2006-04-03,2008-04-02,0.09978740549055909,0.09978740549055909,-0.9137088654633438,True,2007-01-10,198.0,30,1.0,0.09978740549055909,15.444692173962666,grid,WTI front (CRUDE_ICE),,
2006-05-01,2008-04-30,0.030791585780179678,0.030791585780179678,-0.9710688234693381,True,2007-01-11,180.0,21,1.0,0.030791585780179678,19.159870136882944,grid,WTI front (CRUDE_ICE),,
2006-06-01,2008-05-30,0.08373436899004028,0.08373436899004028,-0.9187712648224431,True,2007-01-04,153.0,21,1.0,0.08373436899004028,13.118906922722543,grid,WTI front (CRUDE_ICE),,
2006-07-03,2008-07-02,0.09852774787647418,0.09852774787647418,-0.9023889298584495,True,2007-01-04,131.0,19,1.0,0.09852774787647418,12.068133477849017,grid,WTI front (CRUDE_ICE),,
2006-08-01,2008-07-31,0.11726363053438826,0.11726363053438826,-0.8832073287156222,True,2007-01-10,114.0,13,1.0,0.11726363053438826,13.743196775795262,grid,WTI front (CRUDE_ICE),,
2006-09-01,2008-08-29,0.17788062875649133,0.17788062875649133,-0.8220659910408209,True,2007-10-18,291.0,36,1.0,0.661400066153977,18.070222323266744,grid,WTI front (CRUDE_ICE),,
2006-10-02,2008-10-01,0.21559362600259124,0.21559362600259124,-0.7907977036813408,True,2007-10-16,268.0,41,1.0,0.5444694721402745,15.595627345466227,grid,WTI front (CRUDE_ICE),,
2006-11-01,2008-10-31,0.2329602994641823,0.2329602994641823,-0.7873241561396004,True,2007-10-15,245.0,40,1.0,0.2329602994641823,12.852949136297601,grid,WTI front (CRUDE_ICE),,
2006-12-01,2008-11-28,0.2378988776405677,0.2378988776405677,-0.7817450919066842,True,2007-10-15,223.0,38,1.0,0.2378988776405677,12.39233870880523,grid,WTI front (CRUDE_ICE),,
2007-01-02,2008-12-31,0.1334382303600474,0.1334382303600474,-0.8821148217919023,True,2007-10-15,203.0,33,1.0,0.1334382303600474,17.597702207055136,grid,WTI front (CRUDE_ICE),,
2007-02-01,2009-01-30,0.270721099471949,0.270721099471949,-0.7672776428381138,True,2007-10-16,182.0,30,1.0,0.270721099471949,14.991433340613879,grid,WTI front (CRUDE_ICE),,
2007-03-01,2009-02-27,0.17021350071527516,0.17021350071527516,-0.8456062172258204,True,2007-10-16,162.0,28,1.0,0.17021350071527516,19.71339832935685,grid,WTI front (CRUDE_ICE),,
2007-04-02,2009-04-01,0.2571428454198634,0.2571428454198634,-0.7558395256129562,True,2007-10-16,140.0,22,1.0,0.2571428454198634,14.69419540758371,grid,WTI front (CRUDE_ICE),,
2007-05-01,2009-04-30,0.1507984607380614,0.1507984607380614,-0.8537282102714034,True,2007-10-15,119.0,16,1.0,0.1507984607380614,17.02338503413789,grid,WTI front (CRUDE_ICE),,
2007-06-01,2009-05-29,0.2355689404131083,0.2355689404131083,-0.7650463722411027,True,2007-10-16,97.0,15,1.0,0.2355689404131083,16.195766120061197,grid,WTI front (CRUDE_ICE),,
2007-07-02,2009-07-01,0.20698413171623242,0.20698413171623242,-0.8022254984086664,True,2007-10-29,85.0,14,1.0,0.20698413171623242,17.40380804621439,grid,WTI front (CRUDE_ICE),,
2007-08-01,2009-07-31,0.24192993717519662,0.24192993717519662,-0.7579974620634224,True,2007-10-26,62.0,12,1.0,0.24192993717519662,15.316931963670331,grid,WTI front (CRUDE_ICE),,
2007-09-03,2009-09-02,0.22706713806875795,0.22706713806875795,-0.7728647213476464,True,2007-11-06,46.0,10,1.0,0.22706713806875795,19.515194585086117,grid,WTI front (CRUDE_ICE),,
2007-10-01,2009-09-30,0.2609809183310254,0.2609809183310254,-0.738940763898144,True,2008-03-10,113.0,27,1.0,0.2609809183310254,14.01529193667829,grid,WTI front (CRUDE_ICE),,
2007-11-01,2009-10-30,0.25852897807918723,0.25852897807918723,-0.77925929700632,True,2008-05-07,131.0,32,1.0,0.25852897807918723,16.110905528865437,grid,WTI front (CRUDE_ICE),,
2007-12-03,2009-12-02,0.20421045651973663,0.20421045651973663,-0.8087637202014761,True,2008-05-06,108.0,23,1.0,0.20421045651973663,18.817206141927347,grid,WTI front (CRUDE_ICE),,
2008-01-02,2009-12-31,0.2448145146656891,0.2448145146656891,-0.757350866452151,True,2008-05-05,87.0,18,1.0,0.2448145146656891,17.370580567914562,grid,WTI front (CRUDE_ICE),,
2008-02-01,2010-01-29,0.23123603041250151,0.23123603041250151,-0.7686945779608867,True,2008-04-22,56.0,13,1.0,0.23123603041250151,17.89521765593388,grid,WTI front (CRUDE_ICE),,
2008-03-03,2010-03-02,0.212311893228507,0.212311893228507,-0.7976280532534632,True,2008-06-06,68.0,15,1.0,0.212311893228507,14.848366316109475,grid,WTI front (CRUDE_ICE),,
2008-04-01,2010-03-31,0.25238774739256764,0.25238774739256764,-0.7475365135615009,True,2008-05-21,36.0,9,1.0,0.25238774739256764,12.227182029619762,grid,WTI front (CRUDE_ICE),,
2008-05-01,2010-04-30,0.10143002328091873,0.10143002328091873,-0.8985395385806555,True,2008-09-16,98.0,28,1.0,0.10143002328091873,12.809618172456116,grid,WTI front (CRUDE_ICE),,
2008-06-02,2010-06-01,0.06827901334569918,0.06827901334569918,-0.9324298508408927,True,2008-09-16,76.0,21,1.0,0.06827901334569918,14.076729544302731,grid,WTI front (CRUDE_ICE),,
2008-07-01,2010-06-30,0.05145577998488382,0.05145577998488382,-0.9510191566661191,True,2008-09-16,55.0,16,1.0,0.05145577998488382,14.91142000617895,grid,WTI front (CRUDE_ICE),,
2008-08-01,2010-07-30,0.04857037936091461,0.04857037936091461,-0.951548181879866,True,2008-10-15,53.0,20,1.0,0.04857037936091461,16.51839481128207,grid,WTI front (CRUDE_ICE),,
2008-09-01,2010-08-31,0.03296645868371558,0.03296645868371558,-0.9670236484108077,True,2008-10-24,39.0,24,1.0,0.03296645868371558,18.912524729744348,grid,WTI front (CRUDE_ICE),,
2008-10-01,2010-09-30,0.08698482571015488,0.08698482571015488,-0.9129890710111485,True,2008-10-24,17.0,8,1.0,0.08698482571015488,13.97823449970112,grid,WTI front (CRUDE_ICE),,
2008-11-03,2010-11-02,0.07790850105741014,0.07790850105741014,-0.9220681193784034,True,2008-12-02,21.0,11,1.0,0.07790850105741014,14.63763881010117,grid,WTI front (CRUDE_ICE),,
2008-12-01,2010-11-30,0.07925557087243815,0.07925557087243815,-0.9207206453211582,True,2009-02-10,49.0,33,1.0,0.07925557087243815,15.448830645939482,grid,WTI front (CRUDE_ICE),,
2009-01-02,2010-12-31,0.10434321564016988,0.10434321564016988,-0.8956254720014305,True,2009-02-10,27.0,12,1.0,0.10434321564016988,11.484540258728432,grid,WTI front (CRUDE_ICE),,
2009-02-02,2011-02-01,0.029087099788411928,0.029087099788411928,-0.970904171463027,True,2009-03-19,33.0,23,1.0,0.029087099788411928,17.75506468976048,grid,WTI front (CRUDE_ICE),,
2009-03-02,2011-03-01,0.2612291975939809,0.2612291975939809,-0.7386924101290578,True,2009-05-19,55.0,24,1.0,0.2612291975939809,17.741358070283695,grid,WTI front (CRUDE_ICE),,
2009-04-01,2011-03-31,0.10214936969029456,0.10214936969029456,-0.8987906880661555,True,2009-06-01,42.0,14,1.0,0.10214936969029456,18.302432520258993,grid,WTI front (CRUDE_ICE),,
2009-05-01,2011-04-29,0.2516921383939131,0.2516921383939131,-0.7482323313054786,True,2009-06-10,28.0,8,1.0,0.2516921383939131,14.816352945032135,grid,WTI front (CRUDE_ICE),,
2009-06-01,2011-05-31,1.4259845799567668,0.8143783984646549,-0.42544728240156426,False,,,101,1.0,1.2126827983198958,6.410159689606736,grid,WTI front (CRUDE_ICE),,
2009-07-01,2011-06-30,1.449186752568168,0.705630642521026,-0.4530377848202104,False,,,96,1.0,1.3098277456959817,7.305898102924983,grid,WTI front (CRUDE_ICE),,
2009-08-03,2011-08-02,1.462430774486643,0.7482025211947847,-0.44225325141066496,False,,,93,1.0,1.3324170613126247,6.671434625051526,grid,WTI front (CRUDE_ICE),,
2009-09-01,2011-08-31,1.4692135030596463,0.6879723596554982,-0.4740473518063826,False,,,98,1.0,1.1684764387203677,7.539617781216254,grid,WTI front (CRUDE_ICE),,
2009-10-01,2011-09-30,1.1618087914724575,0.795532393758247,-0.4778726364302349,False,,,99,1.0,1.2150456049471121,7.650473090513468,grid,WTI front (CRUDE_ICE),,
2009-11-02,2011-11-01,1.4153559068067652,0.7553870458494087,-0.44230920108899896,False,,,93,1.0,1.1891729611818675,7.00549984095679,grid,WTI front (CRUDE_ICE),,
2009-12-01,2011-11-30,1.3490225518513204,0.7285847572037836,-0.4523720196351765,False,,,94,1.0,1.1997073289802431,7.296536144300889,grid,WTI front (CRUDE_ICE),,
2010-01-04,2012-01-03,1.1696217799849442,0.6062687705771701,-0.5141607988893915,False,,,89,1.0,1.0745769681888455,8.924499478714575,grid,WTI front (CRUDE_ICE),,
2010-02-01,2012-01-31,1.2766483022746091,0.5551979522479003,-0.5388065022057028,False,,,86,1.0,1.1138379363494373,10.319443685800339,grid,WTI front (CRUDE_ICE),,
2010-03-01,2012-02-29,0.8848004246187747,0.4119737318591785,-0.6267294414961251,False,,,79,1.0,1.0916067644074223,11.810348091082325,grid,WTI front (CRUDE_ICE),,
2010-04-01,2012-03-30,0.9453137932129276,0.41544143333684125,-0.6077614120793191,False,,,76,1.0,0.6984932391136993,10.980699518884371,grid,WTI front (CRUDE_ICE),,
2010-05-03,2012-05-02,0.8986314938692077,0.3995108424742946,-0.6223797272260349,False,,,76,1.0,0.4922544759531702,11.4276140817796,grid,WTI front (CRUDE_ICE),,
2010-06-01,2012-05-31,0.27246004073710306,0.27246004073710306,-0.7611984503247587,True,2011-04-08,223.0,37,1.0,0.27246004073710306,13.660070944521307,grid,WTI front (CRUDE_ICE),,
2010-07-01,2012-06-29,1.2603268088429989,0.34245830700891156,-0.7013053430931803,False,,,82,1.0,1.214067619204225,16.27134875638098,grid,WTI front (CRUDE_ICE),,
2010-08-02,2012-08-01,1.0190040481351237,0.35726694819421034,-0.6850892980301913,False,,,70,1.0,0.9813997642504664,14.053339078263166,grid,WTI front (CRUDE_ICE),,
2010-09-01,2012-08-31,0.2183549675425217,0.2183549675425217,-0.7934389136409798,True,2011-04-08,157.0,23,1.0,0.2183549675425217,15.829404879594703,grid,WTI front (CRUDE_ICE),,
2010-10-01,2012-09-28,1.1135830111502008,0.5040379489683727,-0.5776663176794907,False,,,72,1.0,0.865903153222643,9.192879909923082,grid,WTI front (CRUDE_ICE),,
2010-11-01,2012-10-31,1.0035444189111231,0.5212031613797952,-0.547776129618327,False,,,75,1.0,0.8586807120154569,10.469486052233508,grid,WTI front (CRUDE_ICE),,
2010-12-01,2012-11-30,0.9576884142176308,0.45673325063872344,-0.6011931691850828,False,,,69,1.0,0.8739825315211525,9.531166384812032,grid,WTI front (CRUDE_ICE),,
2011-01-03,2013-01-02,0.9844597972297667,0.46488617455135595,-0.6082286119085987,False,,,73,1.0,0.8730221617746077,8.796508600009881,grid,WTI front (CRUDE_ICE),,
2011-02-01,2013-01-31,1.0361767552713224,0.44722389594235484,-0.5932583186392272,False,,,67,1.0,0.8563102732950079,9.484873823173103,grid,WTI front (CRUDE_ICE),,
2011-03-01,2013-02-28,0.8063137387046403,0.3422897002398684,-0.6907179190103265,False,,,62,1.0,0.6579694989471516,10.098577159149876,grid,WTI front (CRUDE_ICE),,
2011-04-01,2013-03-28,0.7747366353611601,0.2806790428257929,-0.7265283573328293,False,,,55,1.0,0.5738943103590285,11.007701531948493,grid,WTI front (CRUDE_ICE),,
2011-05-02,2013-05-01,0.6727801944893544,0.26897324658207544,-0.7309460372290932,False,,,55,1.0,0.6073306497812488,10.979935770857862,grid,WTI front (CRUDE_ICE),,
2011-06-01,2013-05-31,0.9430132231711785,0.4896069572292149,-0.5116491508541774,False,,,60,1.0,0.8465984346298688,9.855037551600704,grid,WTI front (CRUDE_ICE),,
2011-07-01,2013-06-28,1.2137360258839949,0.48488150641843,-0.5232771258698454,False,,,70,1.0,0.7050285752677968,10.55330232146234,grid,WTI front (CRUDE_ICE),,
2011-08-01,2013-07-31,1.1327604498830766,0.44405175763346527,-0.5751157604329751,False,,,70,1.0,0.9420927240397227,11.572068161090389,grid,WTI front (CRUDE_ICE),,
2011-09-01,2013-08-30,1.1673833883894407,0.27468826926566625,-0.73895444005173,False,,,71,1.0,1.0403101348898929,17.77446138239623,grid,WTI front (CRUDE_ICE),,
2011-10-03,2013-10-02,0.25367334950487697,0.25367334950487697,-0.7462505256528189,True,2011-11-16,32.0,6,1.0,0.25367334950487697,12.133392591198305,grid,WTI front (CRUDE_ICE),,
2011-11-01,2013-10-31,0.963570617845634,0.44140181329793543,-0.6024676589688545,False,,,52,1.0,0.7942687120108839,9.152636404846783,grid,WTI front (CRUDE_ICE),,
2011-12-01,2013-11-29,0.8257520965393146,0.3207267852742708,-0.6874685177726005,False,,,47,1.0,0.6288424620975246,10.635731939625193,grid,WTI front (CRUDE_ICE),,
2012-01-03,2014-01-02,0.8607306685871823,0.3668805352554653,-0.645940661724053,False,,,46,1.0,0.6725628748202186,9.553700416517422,grid,WTI front (CRUDE_ICE),,
2012-02-01,2014-01-31,0.9395932562053723,0.2283579581236258,-0.7715735139305534,False,,,46,1.0,0.7983130586391051,13.675092774852699,grid,WTI front (CRUDE_ICE),,
2012-03-01,2014-02-28,0.7708765378638178,0.31962249198826104,-0.684564785649626,False,,,43,1.0,0.6571784145050408,10.180556930172939,grid,WTI front (CRUDE_ICE),,
2012-04-02,2014-04-01,0.950540849391496,0.42313339085524954,-0.5847879943999936,False,,,49,1.0,0.8198473718960898,8.533791753060548,grid,WTI front (CRUDE_ICE),,
2012-05-01,2014-04-30,0.8969590083696302,0.38390487835404424,-0.615979915620642,False,,,48,1.0,0.7312647279822142,8.94428454334104,grid,WTI front (CRUDE_ICE),,
2012-06-01,2014-05-30,0.9224960748507157,0.5872788770776683,-0.4805237622528281,False,,,50,1.0,1.0915135183679419,9.589367430399081,grid,WTI front (CRUDE_ICE),,
2012-07-02,2014-07-01,1.2071690764925251,0.8194528614589707,-0.2801024623802387,False,,,53,1.0,1.283508576114485,6.077276148305251,grid,WTI front (CRUDE_ICE),,
2012-08-01,2014-07-31,1.2537687087177654,0.7908047402734437,-0.2938648047691689,False,,,49,1.0,0.9655617027071861,6.715410203683076,grid,WTI front (CRUDE_ICE),,
2012-09-03,2014-09-02,1.271745056358848,0.8624963720807062,-0.24471094581452024,False,,,47,1.0,0.9871132810800868,5.652486671184115,grid,WTI front (CRUDE_ICE),,
2012-10-01,2014-09-30,1.3504024366325362,0.8891193211648121,-0.27593575598677267,False,,,49,1.0,1.0962295261656827,5.77954152079105,grid,WTI front (CRUDE_ICE),,
2012-11-01,2014-10-31,1.1449287533880057,0.7402470455438325,-0.3574854262080466,False,,,49,1.0,1.080243713966524,7.40407996577282,grid,WTI front (CRUDE_ICE),,
2012-12-03,2014-12-02,0.42290964994996433,0.3502722342762661,-0.7020442348366897,False,,,48,1.0,0.9909041621454014,9.012269613950052,grid,WTI front (CRUDE_ICE),,
2013-01-02,2014-12-31,0.0934165984774512,0.0934165984774512,-0.9191513793775923,True,2014-12-11,502.0,49,1.0,1.0112101389561843,16.294841855148317,grid,WTI front (CRUDE_ICE),,
2013-02-01,2015-01-30,0.10778884200880284,0.10778884200880284,-0.9040556398392412,True,2014-12-11,480.0,47,1.0,1.0170999807418177,14.660212923653695,grid,WTI front (CRUDE_ICE),,
2013-03-01,2015-02-27,0.08625963723719018,0.08625963723719018,-0.9296435477126425,True,2014-12-12,461.0,51,1.0,1.0708536961474557,15.989106676938125,grid,WTI front (CRUDE_ICE),,
2013-04-01,2015-03-31,0.099896986820958,0.099896986820958,-0.9148952374894922,True,2014-12-12,441.0,48,1.0,1.0620510928198774,14.381467127685765,grid,WTI front (CRUDE_ICE),,
2013-05-01,2015-04-30,0.13796943010430557,0.13796943010430557,-0.8820855581039176,True,2014-12-10,417.0,41,1.0,1.0640603714174688,13.714909887216754,grid,WTI front (CRUDE_ICE),,
2013-06-03,2015-06-02,0.10730836528741464,0.10730836528741464,-0.9058626257564817,True,2014-12-08,392.0,36,1.0,1.0513026820940832,13.050356146013936,grid,WTI front (CRUDE_ICE),,
2013-07-01,2015-06-30,0.08938108542622127,0.08938108542622127,-0.9226830171928433,True,2014-12-11,375.0,37,1.0,0.9794815555869019,16.40006791372589,grid,WTI front (CRUDE_ICE),,
2013-08-01,2015-07-31,0.10389006073774501,0.10389006073774501,-0.9107802865680755,True,2014-12-12,353.0,36,1.0,1.0979083306491362,13.309208504719296,grid,WTI front (CRUDE_ICE),,
2013-09-02,2015-09-01,0.1270546446705347,0.1270546446705347,-0.8797979955009534,True,2014-12-08,327.0,29,1.0,1.0408095836620888,11.221840544182685,grid,WTI front (CRUDE_ICE),,
2013-10-01,2015-09-30,0.06766871254314266,0.06766871254314266,-0.9365128305075119,True,2014-12-10,308.0,28,1.0,1.0445483843799561,19.118007902698587,grid,WTI front (CRUDE_ICE),,
2013-11-01,2015-10-30,0.02713932323389612,0.02713932323389612,-0.974204167934624,True,2014-12-08,283.0,24,1.0,0.8380306168974437,19.712570148686524,grid,WTI front (CRUDE_ICE),,
2013-12-02,2015-12-01,0.1522940994244887,0.1522940994244887,-0.8585946820381054,True,2014-11-28,256.0,23,1.0,0.585073103332745,10.695426113262181,grid,WTI front (CRUDE_ICE),,
2014-01-02,2015-12-31,0.09885574181969528,0.09885574181969528,-0.9020640243581084,True,2014-11-28,235.0,19,1.0,0.09885574181969528,12.924201424571324,grid,WTI front (CRUDE_ICE),,
2014-02-03,2016-02-02,0.12491366680502522,0.12491366680502522,-0.8805447344746387,True,2014-11-28,213.0,19,1.0,0.12491366680502522,11.626885941837804,grid,WTI front (CRUDE_ICE),,
2014-03-03,2016-03-02,0.054071421532161185,0.054071421532161185,-0.9483493276174245,True,2014-12-08,199.0,17,1.0,0.054071421532161185,16.272179836736314,grid,WTI front (CRUDE_ICE),,
2014-04-01,2016-03-31,0.11298610195512537,0.11298610195512537,-0.8909468579352645,True,2014-11-28,172.0,14,1.0,0.11298610195512537,11.921643100845342,grid,WTI front (CRUDE_ICE),,
2014-05-01,2016-04-29,0.11804537742545472,0.11804537742545472,-0.8833291708758995,True,2014-11-28,151.0,14,1.0,0.11804537742545472,11.670889116984045,grid,WTI front (CRUDE_ICE),,
2014-06-02,2016-06-01,0.12358701057426796,0.12358701057426796,-0.8790857605808188,True,2014-12-05,134.0,13,1.0,0.12358701057426796,19.51833540431344,grid,WTI front (CRUDE_ICE),,
2014-07-01,2016-06-30,0.09000140216350633,0.09000140216350633,-0.9105502467010509,True,2014-12-08,114.0,14,1.0,0.09000140216350633,13.227381286867057,grid,WTI front (CRUDE_ICE),,
2014-08-01,2016-07-29,0.12716111199529986,0.12716111199529986,-0.8770476906155468,True,2014-12-11,94.0,14,1.0,0.12716111199529986,13.105222638320368,grid,WTI front (CRUDE_ICE),,
2014-09-01,2016-08-31,0.07726007507147238,0.07726007507147238,-0.9235734380035121,True,2014-12-11,73.0,12,1.0,0.07726007507147238,17.330791119602143,grid,WTI front (CRUDE_ICE),,
2014-10-01,2016-09-30,0.0870104587594195,0.0870104587594195,-0.9129634302696614,True,2014-12-12,52.0,11,1.0,0.0870104587594195,15.419568505504825,grid,WTI front (CRUDE_ICE),,
2014-11-03,2016-11-02,0.04033996435795691,0.04033996435795691,-0.9596479300210494,True,2015-01-05,43.0,11,1.0,0.04033996435795691,14.248444006505451,grid,WTI front (CRUDE_ICE),,
2014-12-01,2016-11-30,0.1274886454360336,0.1274886454360336,-0.8724730964929143,True,2015-01-12,28.0,9,1.0,0.1274886454360336,11.51305622429339,grid,WTI front (CRUDE_ICE),,
2015-01-02,2016-12-30,0.0935349261703542,0.0935349261703542,-0.9231742864691546,True,2016-01-07,261.0,72,1.0,0.34125784358691047,14.663095052726874,grid,WTI front (CRUDE_ICE),,
2015-02-02,2017-02-01,0.11618251419181913,0.11618251419181913,-0.896352993584722,True,2015-12-11,223.0,59,1.0,0.11618251419181913,13.31708169719344,grid,WTI front (CRUDE_ICE),,
2015-03-02,2017-03-01,0.10910445212975216,0.10910445212975216,-0.8918241561697653,True,2015-08-24,124.0,32,1.0,0.10910445212975216,10.971534236290426,grid,WTI front (CRUDE_ICE),,
2015-04-01,2017-03-31,0.1454040216546912,0.1454040216546912,-0.8601306510081403,True,2015-08-19,99.0,21,1.0,0.1454040216546912,12.102422047317976,grid,WTI front (CRUDE_ICE),,
2015-05-01,2017-04-28,0.1281193436769044,0.1281193436769044,-0.8781448358853713,True,2015-08-19,78.0,17,1.0,0.1281193436769044,11.961139897747827,grid,WTI front (CRUDE_ICE),,
2015-06-01,2017-05-31,0.0,0.0,-1.0,True,2015-08-24,60.0,12,1.0,0.0,19.786484268813638,grid,WTI front (CRUDE_ICE),,
2015-07-01,2017-06-30,0.1446397134505624,0.1446397134505624,-0.8553168816139218,True,2015-08-24,38.0,9,1.0,0.1446397134505624,11.378625368110193,grid,WTI front (CRUDE_ICE),,
2015-08-03,2017-08-02,0.06727189943613791,0.06727189943613791,-0.9389823007224902,True,2016-01-15,117.0,38,1.0,0.06727189943613791,15.358591834789243,grid,WTI front (CRUDE_ICE),,
2015-09-01,2017-08-31,0.13534533877619426,0.13534533877619426,-0.8775750306622074,True,2016-01-07,90.0,26,1.0,0.13534533877619426,14.093495620647204,grid,WTI front (CRUDE_ICE),,
2015-10-01,2017-09-29,0.09829646220855358,0.09829646220855358,-0.9033237803497656,True,2016-01-06,67.0,18,1.0,0.09829646220855358,12.331450865687005,grid,WTI front (CRUDE_ICE),,
2015-11-02,2017-11-01,0.08988752361668265,0.08988752361668265,-0.9106072093775216,True,2016-01-07,46.0,12,1.0,0.08988752361668265,17.969511190260775,grid,WTI front (CRUDE_ICE),,
2015-12-01,2017-11-30,0.08053868964234541,0.08053868964234541,-0.9197932894316272,True,2016-01-20,34.0,11,1.0,0.08053868964234541,16.128714302146353,grid,WTI front (CRUDE_ICE),,
2016-01-04,2018-01-03,0.17674179207498017,0.17674179207498017,-0.8232051694758626,True,2016-05-17,95.0,37,1.0,0.17674179207498017,18.196343015138257,grid,WTI front (CRUDE_ICE),,
2016-02-01,2018-01-31,0.16893823376903117,0.16893823376903117,-0.8310110695518345,True,2016-04-27,61.0,24,1.0,0.16893823376903117,19.607681451582106,grid,WTI front (CRUDE_ICE),,
2016-03-01,2018-02-28,0.268071695159887,0.268071695159887,-0.745948193150885,True,2016-06-08,70.0,24,1.0,0.268071695159887,14.001544770372691,grid,WTI front (CRUDE_ICE),,
2016-04-01,2018-03-29,0.2005198002639132,0.2005198002639132,-0.8016790023458327,True,2016-06-07,47.0,12,1.0,0.2005198002639132,18.791979922969222,grid,WTI front (CRUDE_ICE),,
2016-05-02,2018-05-01,0.7301645907381142,0.6396103961360589,-0.5786919778802868,False,,,93,1.0,1.360452256239991,9.01267724095782,grid,WTI front (CRUDE_ICE),,
2016-06-01,2018-05-31,0.7456895154667638,0.3698137757423443,-0.7418909498916999,False,,,90,1.0,1.3570935989256607,13.537237084910817,grid,WTI front (CRUDE_ICE),,
2016-07-01,2018-06-29,0.19060654705552,0.19060654705552,-0.8682674154194621,True,2018-06-29,514.0,87,1.0,1.0895228875624952,19.041447913157196,grid,WTI front (CRUDE_ICE),,
2016-08-01,2018-07-31,0.25038175177320326,0.25038175177320326,-0.8328897170457507,True,2018-05-04,453.0,76,1.0,1.30505436968438,17.98969535637648,grid,WTI front (CRUDE_ICE),,
2016-09-01,2018-08-31,0.2538178388312116,0.2538178388312116,-0.7981552376918118,True,2018-04-12,414.0,62,1.0,1.196519553790694,18.494704733018263,grid,WTI front (CRUDE_ICE),,
2016-10-03,2018-10-02,0.24376035704614718,0.24376035704614718,-0.8045300785288318,True,2018-04-18,396.0,59,1.0,1.2058594157780576,14.057033330502296,grid,WTI front (CRUDE_ICE),,
2016-11-01,2018-10-31,0.24874817154570442,0.24874817154570442,-0.7750976922222106,True,2018-01-26,318.0,47,1.0,1.083641277708754,19.739469901671526,grid,WTI front (CRUDE_ICE),,
2016-12-01,2018-11-30,0.21172128488749964,0.21172128488749964,-0.7939827560304471,True,2018-01-15,287.0,36,1.0,0.6339846714739027,18.57301940216947,grid,WTI front (CRUDE_ICE),,
2017-01-03,2019-01-02,0.17586593757363667,0.17586593757363667,-0.8303389646402534,True,2018-01-24,273.0,39,1.0,0.7023106488112087,17.081955038391815,grid,WTI front (CRUDE_ICE),,
2017-02-01,2019-01-31,0.21698262993672915,0.21698262993672915,-0.7829522557399928,True,2018-01-15,245.0,35,1.0,0.21698262993672915,17.93682142981585,grid,WTI front (CRUDE_ICE),,
2017-03-01,2019-02-28,0.21552763958216797,0.21552763958216797,-0.7844076827226488,True,2018-01-15,225.0,35,1.0,0.21552763958216797,18.096544590427897,grid,WTI front (CRUDE_ICE),,
2017-04-03,2019-04-02,0.20589532820005035,0.20589532820005035,-0.8028152303206543,True,2018-01-10,199.0,31,1.0,0.20589532820005035,19.217942036226074,grid,WTI front (CRUDE_ICE),,
2017-05-01,2019-04-30,0.18289502698329704,0.18289502698329704,-0.8316463441408191,True,2018-01-09,179.0,28,1.0,0.18289502698329704,18.468234228812033,grid,WTI front (CRUDE_ICE),,
2017-06-01,2019-05-31,0.19717967911270504,0.19717967911270504,-0.8104567811189518,True,2018-01-03,152.0,23,1.0,0.19717967911270504,15.767094981804945,grid,WTI front (CRUDE_ICE),,
2017-07-03,2019-07-02,0.26392763163463945,0.26392763163463945,-0.7688360159965074,True,2018-01-12,137.0,22,1.0,0.26392763163463945,15.950636921286113,grid,WTI front (CRUDE_ICE),,
2017-08-01,2019-07-31,0.22248490139776692,0.22248490139776692,-0.7862383385292611,True,2018-01-15,117.0,13,1.0,0.22248490139776692,19.71505793344286,grid,WTI front (CRUDE_ICE),,
2017-09-01,2019-08-30,0.22985384500308245,0.22985384500308245,-0.7713920084169337,True,2018-01-12,93.0,10,1.0,0.22985384500308245,17.797897396000344,grid,WTI front (CRUDE_ICE),,
2017-10-02,2019-10-01,0.2642912435062705,0.2642912435062705,-0.7356294453273278,True,2018-04-23,142.0,17,1.0,0.2642912435062705,19.149239953517785,grid,WTI front (CRUDE_ICE),,
2017-11-01,2019-10-31,0.23399919756580118,0.23399919756580118,-0.7700983009614498,True,2018-09-28,234.0,27,1.0,0.23399919756580118,19.419693667296134,grid,WTI front (CRUDE_ICE),,
2017-12-01,2019-11-29,0.26000532145865035,0.26000532145865035,-0.7476738686478699,True,2018-10-03,215.0,30,1.0,0.26000532145865035,16.867502955880333,grid,WTI front (CRUDE_ICE),,
2018-01-02,2019-12-31,0.05242885661718369,0.05242885661718369,-0.9540057697075538,True,2018-12-18,249.0,44,1.0,0.05242885661718369,12.605660667542242,grid,WTI front (CRUDE_ICE),,
2018-02-01,2020-01-31,0.13388942973665244,0.13388942973665244,-0.8742984439390626,True,2018-12-18,227.0,42,1.0,0.13388942973665244,11.3027933117488,grid,WTI front (CRUDE_ICE),,
2018-03-01,2020-02-28,0.0,0.0,-1.0,True,2018-12-18,207.0,37,1.0,0.0,17.150644620055186,grid,WTI front (CRUDE_ICE),,
2018-04-02,2020-04-01,0.0,0.0,-1.0,True,2018-12-18,186.0,35,1.0,0.0,17.01959277278823,grid,WTI front (CRUDE_ICE),,
2018-05-01,2020-04-30,0.026311036524664058,0.026311036524664058,-0.976789994402695,True,2018-12-18,165.0,32,1.0,0.026311036524664058,13.797037723966834,grid,WTI front (CRUDE_ICE),,
2018-06-01,2020-05-29,0.08848283262665765,0.08848283262665765,-0.9156747392669663,True,2018-12-17,141.0,24,1.0,0.08848283262665765,18.762592766454418,grid,WTI front (CRUDE_ICE),,
2018-07-02,2020-07-01,0.020961397946487825,0.020961397946487825,-0.9792332350380069,True,2018-12-18,121.0,21,1.0,0.020961397946487825,14.004076821302395,grid,WTI front (CRUDE_ICE),,
2018-08-01,2020-07-31,0.08397601673341634,0.08397601673341634,-0.9159987829014541,True,2018-12-17,98.0,17,1.0,0.08397601673341634,18.76595306004406,grid,WTI front (CRUDE_ICE),,
2018-09-03,2020-09-02,0.08821931095533017,0.08821931095533017,-0.9135544684054746,True,2018-12-17,75.0,14,1.0,0.08821931095533017,17.86227849925479,grid,WTI front (CRUDE_ICE),,
2018-10-01,2020-09-30,0.10274004242008153,0.10274004242008153,-0.8972291263178138,True,2018-12-17,55.0,10,1.0,0.10274004242008153,15.668888464497618,grid,WTI front (CRUDE_ICE),,
2018-11-01,2020-10-30,0.0,0.0,-1.0,True,2020-03-09,347.0,60,1.0,0.9163867168304145,17.596950163264445,grid,WTI front (CRUDE_ICE),,
2018-12-03,2020-12-02,0.15169748436920436,0.15169748436920436,-0.8482569927286142,True,2019-04-01,83.0,15,1.0,0.15169748436920436,16.511962491336863,grid,WTI front (CRUDE_ICE),,
2019-01-02,2020-12-31,0.17283063191575,0.17283063191575,-0.8271175033352506,True,2019-04-08,68.0,12,1.0,0.17283063191575,19.470431681825655,grid,WTI front (CRUDE_ICE),,
2019-02-01,2021-01-29,0.0,0.0,-1.0,True,2020-03-09,283.0,61,1.0,1.310664666685643,9.287638098722347,grid,WTI front (CRUDE_ICE),,
2019-03-01,2021-02-26,0.0,0.0,-1.0,True,2020-03-09,263.0,59,1.0,1.2185938186721261,6.277853910850516,grid,WTI front (CRUDE_ICE),,
2019-04-01,2021-03-31,0.0,0.0,-1.0,True,2020-03-09,242.0,55,1.0,0.0,5.714993699440047,grid,WTI front (CRUDE_ICE),,
2019-05-01,2021-04-30,0.0,0.0,-1.0,True,2020-03-09,221.0,47,1.0,0.0,5.935762281299296,grid,WTI front (CRUDE_ICE),,
2019-06-03,2021-06-02,0.0,0.0,-1.0,True,2020-03-09,198.0,52,1.0,0.0,5.527555013285673,grid,WTI front (CRUDE_ICE),,
2019-07-01,2021-06-30,0.0,0.0,-1.0,True,2020-03-09,178.0,46,1.0,0.0,5.21984227626727,grid,WTI front (CRUDE_ICE),,
2019-08-01,2021-07-30,0.0,0.0,-1.0,True,2020-03-09,155.0,37,1.0,0.0,7.954205375003928,grid,WTI front (CRUDE_ICE),,
2019-09-02,2021-09-01,0.0,0.0,-1.0,True,2020-03-09,133.0,34,1.0,0.0,8.485461038812042,grid,WTI front (CRUDE_ICE),,
2019-10-01,2021-09-30,0.0,0.0,-1.0,True,2020-03-09,112.0,26,1.0,0.0,10.267242062762312,grid,WTI front (CRUDE_ICE),,
2019-11-01,2021-10-29,0.0,0.0,-1.0,True,2020-03-09,89.0,19,1.0,0.0,19.73864935435644,grid,WTI front (CRUDE_ICE),,
2019-12-02,2021-12-01,0.14394001835335074,0.14394001835335074,-0.856016786682654,True,2020-03-06,67.0,16,1.0,0.14394001835335074,9.121066805176197,grid,WTI front (CRUDE_ICE),,
2020-01-02,2021-12-31,0.0,0.0,-1.0,True,2020-03-09,47.0,13,1.0,0.0,10.754724812566254,grid,WTI front (CRUDE_ICE),,
2020-02-03,2022-02-02,0.0,0.0,-1.0,True,2020-03-09,25.0,10,1.0,0.0,6.004425269629281,grid,WTI front (CRUDE_ICE),,
2020-03-02,2022-03-01,0.06006450740734327,0.06006450740734327,-0.9399174678330067,True,2020-03-12,8.0,4,1.0,0.06006450740734327,11.567570902418238,grid,WTI front (CRUDE_ICE),,
2020-04-01,2022-03-31,0.17483893536791995,0.17137797256249476,-0.8285705986170904,True,2020-04-17,11.0,11,1.0,0.17483893536791995,23.88493766822576,grid,WTI front (CRUDE_ICE),,
2020-05-01,2022-04-29,0.04622433152800054,0.04622433152800054,-0.9537617970111028,True,2020-05-14,9.0,4,1.0,0.04622433152800054,13.970297268401538,grid,WTI front (CRUDE_ICE),,
2020-06-01,2022-05-31,0.23386464624468845,0.23386464624468845,-0.8164626792112679,True,2021-01-12,159.0,38,1.0,0.23386464624468845,18.631474603783435,grid,WTI front (CRUDE_ICE),,
2020-07-01,2022-06-30,0.173976053738555,0.173976053738555,-0.8384647306882544,True,2021-01-08,135.0,25,1.0,0.173976053738555,15.280741401628218,grid,WTI front (CRUDE_ICE),,
2020-08-03,2022-08-02,0.21475285644238548,0.21475285644238548,-0.800503390364151,True,2021-01-08,112.0,26,1.0,0.21475285644238548,13.376585096412533,grid,WTI front (CRUDE_ICE),,
2020-09-01,2022-08-31,0.23545632956671605,0.23545632956671605,-0.7799604088004495,True,2021-01-08,91.0,25,1.0,0.23545632956671605,12.291511463827284,grid,WTI front (CRUDE_ICE),,
2020-10-01,2022-09-30,0.2058095858964713,0.2058095858964713,-0.7992361685585058,True,2021-01-07,68.0,18,1.0,0.2058095858964713,18.90209986363335,grid,WTI front (CRUDE_ICE),,
2020-11-02,2022-11-01,0.2078685941231745,0.2078685941231745,-0.7920690265848009,True,2021-01-07,46.0,8,1.0,0.2078685941231745,17.51032537942112,grid,WTI front (CRUDE_ICE),,
2020-12-01,2022-11-30,0.20996766584148416,0.20996766584148416,-0.7910691860157401,True,2021-02-12,51.0,7,1.0,0.20996766584148416,16.74225814320858,grid,WTI front (CRUDE_ICE),,
2021-01-04,2023-01-03,0.1531360320050679,0.1531360320050679,-0.8468180133989518,True,2021-02-24,37.0,5,1.0,0.1531360320050679,19.987183233261668,grid,WTI front (CRUDE_ICE),,
2021-02-01,2023-01-31,0.22107472046497303,0.22107472046497303,-0.7815013324324411,True,2021-07-01,107.0,24,1.0,0.22107472046497303,18.87181109956236,grid,WTI front (CRUDE_ICE),,
2021-03-01,2023-02-28,0.2421416747801985,0.2421416747801985,-0.774746211077205,True,2021-10-15,163.0,37,1.0,0.2421416747801985,17.183438787989008,grid,WTI front (CRUDE_ICE),,
2021-04-01,2023-03-31,0.24499455176149607,0.24499455176149607,-0.7719276779011732,True,2021-10-19,142.0,32,1.0,0.24499455176149607,18.28860932025381,grid,WTI front (CRUDE_ICE),,
2021-05-03,2023-05-02,0.2640467539316699,0.2640467539316699,-0.7690582452831748,True,2022-01-27,193.0,42,1.0,0.2640467539316699,19.7965106711717,grid,WTI front (CRUDE_ICE),,
2021-06-01,2023-05-31,0.26299349066789157,0.26299349066789157,-0.7577446905681079,True,2022-01-27,172.0,35,1.0,0.26299349066789157,18.96008658947957,grid,WTI front (CRUDE_ICE),,
2021-07-01,2023-06-30,0.19390558323727175,0.19390558323727175,-0.8114988084945973,True,2022-02-03,155.0,37,1.0,0.19390558323727175,17.020558594092677,grid,WTI front (CRUDE_ICE),,
2021-08-02,2023-08-01,0.2146331011437326,0.2146331011437326,-0.7859719175756061,True,2021-10-26,61.0,12,1.0,0.2146331011437326,19.441018134384144,grid,WTI front (CRUDE_ICE),,
2021-09-01,2023-08-31,0.18799176899950248,0.18799176899950248,-0.8220584965713226,True,2022-02-11,117.0,26,1.0,0.18799176899950248,19.722165705522976,grid,WTI front (CRUDE_ICE),,
2021-10-01,2023-09-29,0.17037424785165753,0.17037424785165753,-0.833055341453268,True,2022-02-04,90.0,20,1.0,0.17037424785165753,16.716238770570975,grid,WTI front (CRUDE_ICE),,
2021-11-01,2023-10-31,0.17681118530481843,0.17681118530481843,-0.8253104608979703,True,2022-02-11,74.0,19,1.0,0.17681118530481843,17.720167902948567,grid,WTI front (CRUDE_ICE),,
2021-12-01,2023-11-30,0.17707522126723269,0.17707522126723269,-0.8228716402248348,True,2022-01-31,43.0,8,1.0,0.17707522126723269,19.434809284706265,grid,WTI front (CRUDE_ICE),,
2022-01-03,2024-01-02,0.0,0.0,-1.0,True,2022-03-01,41.0,6,1.0,0.0,14.864448993342178,grid,WTI front (CRUDE_ICE),,
2022-02-01,2024-01-31,0.08494871636219546,0.08494871636219546,-0.9157342827597724,True,2022-03-07,24.0,6,1.0,0.08494871636219546,16.855764520970332,grid,WTI front (CRUDE_ICE),,
2022-03-01,2024-02-29,1.0506921674666643,0.49622596966503885,-0.5976276512913326,False,,,103,1.0,0.8838944238688389,8.304524403620478,grid,WTI front (CRUDE_ICE),,
1991-01-02,1992-12-31,0.8149898400271176,0.1495098038798346,-0.850437849367444,False,,,52,1.0,0.6890796070665781,19.37576783179604,grid,Brent (BRENT_W),,
1991-02-01,1993-01-29,0.22453812856609354,0.22453812856609354,-0.7806417582541983,True,1991-10-09,173.0,21,1.0,0.22453812856609354,17.503164917877506,grid,Brent (BRENT_W),,
1991-03-01,1993-02-26,1.0816445483597446,0.3645674576700044,-0.6529565074777476,False,,,51,1.0,1.0105204463455375,14.280300966980537,grid,Brent (BRENT_W),,
1991-04-02,1993-04-01,1.2135511436069868,0.6302277732351964,-0.3791339733354263,False,,,50,1.0,0.9344323152308587,8.90776373415824,grid,Brent (BRENT_W),,
1991-05-01,1993-04-30,1.114084871747591,0.6257090642028194,-0.3822659538880231,False,,,44,1.0,0.9226744446150392,8.14938317644698,grid,Brent (BRENT_W),,
1991-06-03,1993-06-02,1.1153020386894699,0.6296183894657941,-0.38204700197341146,False,,,45,1.0,0.7899241795766239,8.13506138633254,grid,Brent (BRENT_W),,
1991-07-01,1993-06-30,0.9855090500088303,0.5801506348689396,-0.4227762793163219,False,,,43,1.0,0.6807935699151723,9.19726881143762,grid,Brent (BRENT_W),,
1991-08-01,1993-07-30,0.8103315202708015,0.5989307435280958,-0.4084589482048784,False,,,46,1.0,0.7740361108789491,8.622782080549786,grid,Brent (BRENT_W),,
1991-09-02,1993-09-01,0.8035218230280785,0.6098119942708092,-0.39952516777431046,False,,,46,1.0,0.8502451258838734,8.06658556550064,grid,Brent (BRENT_W),,
1991-10-01,1993-09-30,0.7536810308581364,0.5464523541922354,-0.4732483091093568,False,,,46,1.0,0.7962785536012664,8.00421632238262,grid,Brent (BRENT_W),,
1991-11-01,1993-10-29,0.47321172729421557,0.47321172729421557,-0.5266225906124988,False,,,46,1.0,0.8372923952835475,8.153544659376136,grid,Brent (BRENT_W),,
1991-12-02,1993-12-01,0.09350623629456152,0.09350623629456152,-0.9064610250642109,True,1993-11-29,504.0,43,1.0,0.8571399336299675,17.1479128167458,grid,Brent (BRENT_W),,
1992-01-02,1993-12-31,0.11400999268601919,0.11400999268601919,-0.8860652924386214,True,1993-11-25,482.0,39,1.0,0.8773645826650145,13.418067339797329,grid,Brent (BRENT_W),,
1992-02-03,1994-02-02,0.1332565330359057,0.1332565330359057,-0.8702656111943943,True,1993-11-24,459.0,34,1.0,0.9388207996284251,16.315845439843294,grid,Brent (BRENT_W),,
1992-03-02,1994-03-01,0.15068980807587726,0.15068980807587726,-0.8492574320253317,True,1993-11-10,429.0,30,1.0,0.9241556874936099,19.539139632249295,grid,Brent (BRENT_W),,
1992-04-01,1994-03-31,0.1193855012624236,0.1193855012624236,-0.8815687330454087,True,1993-11-24,417.0,31,1.0,0.9282060221298168,17.39486254319773,grid,Brent (BRENT_W),,
1992-05-01,1994-04-29,0.04200331921496545,0.04200331921496545,-0.9579819744761012,True,1993-11-25,398.0,28,1.0,0.9195211705121464,19.153323646542884,grid,Brent (BRENT_W),,
1992-06-01,1994-05-31,0.12302152542715743,0.12302152542715743,-0.8805718980373821,True,1993-11-25,379.0,29,1.0,0.9143556435296176,11.9952691505947,grid,Brent (BRENT_W),,
1992-07-01,1994-06-30,0.12077699126788764,0.12077699126788764,-0.8810445762652727,True,1993-12-02,362.0,28,1.0,0.885673375451879,15.3603356675762,grid,Brent (BRENT_W),,
1992-08-03,1994-08-02,0.09800235836843198,0.09800235836843198,-0.9022752945838912,True,1993-11-25,334.0,24,1.0,0.6048362263868112,13.616618309720073,grid,Brent (BRENT_W),,
1992-09-01,1994-08-31,0.09805462824081038,0.09805462824081038,-0.9022649843423655,True,1993-11-25,314.0,24,1.0,0.6192346345593119,13.626233357483509,grid,Brent (BRENT_W),,
1992-10-01,1994-09-30,0.12006913475642816,0.12006913475642816,-0.8798888263327883,True,1993-12-02,297.0,27,1.0,0.7129903648716307,15.443013382761645,grid,Brent (BRENT_W),,
1992-11-02,1994-11-01,0.1157192336487574,0.1157192336487574,-0.8894059289991494,True,1993-12-20,287.0,28,1.0,0.6920660714856617,18.06449776502015,grid,Brent (BRENT_W),,
1992-12-01,1994-11-30,0.12691094121971144,0.12691094121971144,-0.881986888228642,True,1993-12-21,267.0,27,1.0,0.36477692752345475,19.513078193980217,grid,Brent (BRENT_W),,
1993-01-04,1995-01-03,0.13065856349016686,0.13065856349016686,-0.8740089193058779,True,1993-12-13,240.0,24,1.0,0.13065856349016686,19.743511828793427,grid,Brent (BRENT_W),,
1993-02-01,1995-01-31,0.11123176557693716,0.11123176557693716,-0.8904277980636963,True,1993-12-06,215.0,18,1.0,0.11123176557693716,16.344547700844494,grid,Brent (BRENT_W),,
1993-03-01,1995-02-28,0.12578522539151724,0.12578522539151724,-0.8765656708366869,True,1993-12-16,203.0,15,1.0,0.12578522539151724,15.578487242370134,grid,Brent (BRENT_W),,
1993-04-01,1995-03-31,0.10596998393573187,0.10596998393573187,-0.8939929135840226,True,1993-12-16,180.0,13,1.0,0.10596998393573187,17.667429673748437,grid,Brent (BRENT_W),,
1993-05-04,1995-05-03,0.1251899629593273,0.1251899629593273,-0.8749843812086681,True,1993-12-16,160.0,14,1.0,0.1251899629593273,15.671163377890313,grid,Brent (BRENT_W),,
1993-06-01,1995-05-31,0.11054604463608203,0.11054604463608203,-0.8894152507016635,True,1994-02-15,181.0,19,1.0,0.11054604463608203,19.87522700225217,grid,Brent (BRENT_W),,
1993-07-01,1995-06-30,0.21820993257128554,0.21820993257128554,-0.7857008915167326,True,1995-05-01,463.0,34,1.0,0.5137085064536322,19.59963523906339,grid,Brent (BRENT_W),,
1993-08-02,1995-08-01,0.19726091832634213,0.19726091832634213,-0.808291192973279,True,1995-05-01,441.0,34,1.0,0.2805773723896109,19.665510090620984,grid,Brent (BRENT_W),,
1993-09-01,1995-08-31,0.5868209002869165,0.21671350710864257,-0.7911456995110835,False,,,35,1.0,0.7074219670465067,19.57409302945641,grid,Brent (BRENT_W),,
1993-10-01,1995-09-29,0.19012496715271252,0.19012496715271252,-0.8101752264508171,True,1995-04-28,397.0,32,1.0,0.570816430375316,19.83845314011748,grid,Brent (BRENT_W),,
1993-11-01,1995-10-31,0.1889905476773658,0.1889905476773658,-0.8109432824714992,True,1994-08-01,188.0,23,1.0,0.1889905476773658,16.066090063718203,grid,Brent (BRENT_W),,
1993-12-01,1995-11-30,0.19138955471975516,0.19138955471975516,-0.8227086699288813,True,1994-07-29,165.0,24,1.0,0.19138955471975516,16.35187277661779,grid,Brent (BRENT_W),,
1994-01-04,1996-01-03,0.2332257016634039,0.2332257016634039,-0.7829379197000603,True,1994-07-12,131.0,18,1.0,0.2332257016634039,18.082516877704766,grid,Brent (BRENT_W),,
1994-02-01,1996-01-31,0.1986929602096634,0.1986929602096634,-0.8074623290130647,True,1994-07-28,123.0,18,1.0,0.1986929602096634,19.868320291335145,grid,Brent (BRENT_W),,
1994-03-01,1996-02-29,0.2332907955131378,0.2332907955131378,-0.7751812399737333,True,1994-06-20,75.0,10,1.0,0.2332907955131378,19.756109309677022,grid,Brent (BRENT_W),,
1994-04-05,1996-04-04,0.21766527528771623,0.21766527528771623,-0.7822585151926011,True,1994-08-01,82.0,8,1.0,0.21766527528771623,16.617292622920147,grid,Brent (BRENT_W),,
1994-05-03,1996-05-02,0.1626783975247313,0.1626783975247313,-0.8519087025109655,True,1996-03-18,476.0,44,1.0,0.7349089696388278,18.29063991526805,grid,Brent (BRENT_W),,
1994-06-01,1996-05-31,0.162377251099118,0.162377251099118,-0.8636915450799636,True,1996-03-25,461.0,47,1.0,1.0586176009873436,19.226635124288173,grid,Brent (BRENT_W),,
1994-07-01,1996-06-28,0.2047552950052212,0.2047552950052212,-0.8345026293748186,True,1996-04-09,448.0,49,1.0,1.1778105055367263,18.66113581088015,grid,Brent (BRENT_W),,
1994-08-01,1996-07-31,0.18913846602301362,0.18913846602301362,-0.822321563631883,True,1996-03-25,418.0,36,1.0,1.0352455762939865,16.02950709353073,grid,Brent (BRENT_W),,
1994-09-01,1996-08-30,0.21999894559405453,0.21999894559405453,-0.8008985539374747,True,1996-03-22,395.0,36,1.0,1.024412226285123,15.627561624556003,grid,Brent (BRENT_W),,
1994-10-03,1996-10-02,0.2200943940856101,0.2200943940856101,-0.7927483823922195,True,1996-03-18,369.0,28,1.0,1.0075220296322083,14.473454100172951,grid,Brent (BRENT_W),,
1994-11-01,1996-10-31,0.18418401279106447,0.18418401279106447,-0.8185165581656821,True,1996-03-22,352.0,26,1.0,0.9763761748154507,17.210960306294517,grid,Brent (BRENT_W),,
1994-12-01,1996-11-29,0.1674538275978589,0.1674538275978589,-0.8336366275048959,True,1996-03-22,330.0,25,1.0,0.931064463344452,18.279848077292957,grid,Brent (BRENT_W),,
1995-01-03,1997-01-02,0.2520729385134913,0.2520729385134913,-0.7478388050682826,True,1996-03-18,306.0,24,1.0,0.59319859829203,13.676005762802268,grid,Brent (BRENT_W),,
1995-02-01,1997-01-31,0.2278734786942884,0.2278734786942884,-0.789386303837289,True,1996-04-09,299.0,31,1.0,1.0813523017747158,17.628834839847723,grid,Brent (BRENT_W),,
1995-03-01,1997-02-28,0.2675799234061539,0.2675799234061539,-0.7440275756967697,True,1996-04-02,276.0,29,1.0,0.9539846256117941,16.44310892417182,grid,Brent (BRENT_W),,
1995-04-03,1997-04-02,0.082592103682529,0.082592103682529,-0.924549614667783,True,1996-04-10,257.0,32,1.0,0.4733643368435587,18.32980097544307,grid,Brent (BRENT_W),,
1995-05-01,1997-04-30,0.1394072363073123,0.1394072363073123,-0.8615918768673069,True,1996-04-10,239.0,24,1.0,0.1394072363073123,14.774858260965207,grid,Brent (BRENT_W),,
1995-06-01,1997-05-30,0.06862290296240015,0.06862290296240015,-0.9331911501971003,True,1996-04-10,218.0,21,1.0,0.06862290296240015,18.98534853005784,grid,Brent (BRENT_W),,
1995-07-03,1997-07-02,0.26138515719976135,0.26138515719976135,-0.7449879270752923,True,1996-04-02,192.0,18,1.0,0.26138515719976135,16.450068286312817,grid,Brent (BRENT_W),,
1995-08-01,1997-07-31,0.1982812213319819,0.1982812213319819,-0.8076113920739201,True,1996-04-09,174.0,18,1.0,0.1982812213319819,19.14342288014327,grid,Brent (BRENT_W),,
1995-09-01,1997-08-29,0.22166052046660104,0.22166052046660104,-0.7806112071121665,True,1996-04-02,149.0,21,1.0,0.22166052046660104,18.42755728324772,grid,Brent (BRENT_W),,
1995-10-02,1997-10-01,0.2167563415016328,0.2167563415016328,-0.7859299708072027,True,1996-03-25,122.0,17,1.0,0.2167563415016328,15.47955470959317,grid,Brent (BRENT_W),,
1995-11-01,1997-10-31,0.10402485586571793,0.10402485586571793,-0.8959387226872226,True,1996-04-10,110.0,15,1.0,0.10402485586571793,17.004271176057355,grid,Brent (BRENT_W),,
1995-12-01,1997-11-28,0.16595729880948884,0.16595729880948884,-0.8444864062499557,True,1996-04-11,89.0,14,1.0,0.16595729880948884,12.893337587605776,grid,Brent (BRENT_W),,
1996-01-02,1997-12-31,0.10564982938519288,0.10564982938519288,-0.8949503831713276,True,1996-04-11,70.0,12,1.0,0.10564982938519288,14.755537457913144,grid,Brent (BRENT_W),,
1996-02-01,1998-01-30,0.2291991267683738,0.2291991267683738,-0.7707206254505339,True,1996-04-10,47.0,7,1.0,0.2291991267683738,11.881959676584847,grid,Brent (BRENT_W),,
1996-03-01,1998-02-27,0.21308078943383166,0.21308078943383166,-0.7868446061783307,True,1996-07-15,92.0,16,1.0,0.21308078943383166,15.882344179949868,grid,Brent (BRENT_W),,
1996-04-01,1998-03-31,0.17244878619531062,0.17244878619531062,-0.8447096668103643,True,1996-09-06,109.0,20,1.0,0.17244878619531062,19.921456132270112,grid,Brent (BRENT_W),,
1996-05-01,1998-04-30,0.18041235749889034,0.18041235749889034,-0.8252199815577601,True,1996-09-10,91.0,10,1.0,0.18041235749889034,19.31076614128699,grid,Brent (BRENT_W),,
1996-06-03,1998-06-02,0.20898669758854616,0.20898669758854616,-0.790940131457464,True,1996-09-06,68.0,9,1.0,0.20898669758854616,17.157926223905662,grid,Brent (BRENT_W),,
1996-07-01,1998-06-30,0.2286798767085675,0.2286798767085675,-0.7758100664470535,True,1996-09-27,63.0,8,1.0,0.2286798767085675,18.51768641731781,grid,Brent (BRENT_W),,
1996-08-01,1998-07-31,0.23306458060918492,0.23306458060918492,-0.7668538182271946,True,1996-10-08,47.0,11,1.0,0.23306458060918492,18.27953690320449,grid,Brent (BRENT_W),,
1996-09-02,1998-09-01,0.0397439573818185,0.0397439573818185,-0.9699134328711982,True,1998-03-09,384.0,60,1.0,1.0429695057523691,17.553190331274944,grid,Brent (BRENT_W),,
1996-10-01,1998-09-30,0.10976163831325757,0.10976163831325757,-0.9068485599999767,True,1998-03-06,362.0,54,1.0,1.0862510118719346,16.08693870045286,grid,Brent (BRENT_W),,
1996-11-01,1998-10-30,0.08565879026950847,0.08565879026950847,-0.9226516003366453,True,1998-02-23,330.0,47,1.0,1.0954621595035152,16.02130486689353,grid,Brent (BRENT_W),,
1996-12-02,1998-12-01,0.08630639790805918,0.08630639790805918,-0.9176584684312016,True,1998-02-23,309.0,43,1.0,0.8266047979218373,15.47703968611241,grid,Brent (BRENT_W),,
1997-01-02,1998-12-31,0.0978057740677413,0.0978057740677413,-0.9038848446771419,True,1998-03-06,298.0,39,1.0,0.577636935623647,16.033766821843116,grid,Brent (BRENT_W),,
1997-02-03,1999-02-02,0.09600158603080117,0.09600158603080117,-0.9160715979180547,True,1998-03-13,281.0,42,1.0,0.5731447877005377,17.10572638068491,grid,Brent (BRENT_W),,
1997-03-03,1999-03-02,0.06124835926699984,0.06124835926699984,-0.9508109895997479,True,1998-03-16,262.0,39,1.0,0.46325650286995085,13.193784627148698,grid,Brent (BRENT_W),,
1997-04-01,1999-03-31,0.08686170276349475,0.08686170276349475,-0.9241653086929549,True,1998-03-13,242.0,36,1.0,0.08686170276349475,19.793812903695116,grid,Brent (BRENT_W),,
1997-05-01,1999-04-30,0.030870269101106643,0.030870269101106643,-0.9713946902079058,True,1998-03-09,216.0,30,1.0,0.030870269101106643,18.479388689942425,grid,Brent (BRENT_W),,
1997-06-02,1999-06-01,0.02542107074828465,0.02542107074828465,-0.9755861580391957,True,1998-03-09,196.0,25,1.0,0.02542107074828465,18.94892530288653,grid,Brent (BRENT_W),,
1997-07-01,1999-06-30,0.1349250423353251,0.1349250423353251,-0.8703528680660422,True,1998-02-23,165.0,22,1.0,0.1349250423353251,13.115913882392466,grid,Brent (BRENT_W),,
1997-08-01,1999-07-30,0.12926752191281932,0.12926752191281932,-0.8730835453616246,True,1998-02-23,142.0,21,1.0,0.12926752191281932,13.420132906795683,grid,Brent (BRENT_W),,
1997-09-01,1999-08-31,0.11948223831078895,0.11948223831078895,-0.8804759282641035,True,1998-02-16,117.0,14,1.0,0.11948223831078895,18.31792618215927,grid,Brent (BRENT_W),,
1997-10-01,1999-09-30,0.06733549719420523,0.06733549719420523,-0.9334732185711762,True,1998-02-23,100.0,14,1.0,0.06733549719420523,18.33769945015337,grid,Brent (BRENT_W),,
1997-11-03,1999-11-02,0.12743092694361147,0.12743092694361147,-0.8725244566162043,True,1998-03-10,88.0,14,1.0,0.12743092694361147,18.317189949894058,grid,Brent (BRENT_W),,
1997-12-01,1999-11-30,0.03182255935877002,0.03182255935877002,-0.9681662988458261,True,1998-07-20,158.0,30,1.0,0.03182255935877002,19.179514354732568,grid,Brent (BRENT_W),,
1998-01-02,1999-12-30,0.11022256111283213,0.11022256111283213,-0.8916178372889494,True,1998-11-09,216.0,38,1.0,0.11022256111283213,17.296547172983036,grid,Brent (BRENT_W),,
1998-02-02,2000-02-01,0.08360506212286421,0.08360506212286421,-0.9165059120249177,True,1998-11-17,201.0,38,1.0,0.08360506212286421,16.133846021749594,grid,Brent (BRENT_W),,
1998-03-02,2000-03-01,0.10849131124750508,0.10849131124750508,-0.8991625371564799,True,1998-11-30,190.0,43,1.0,0.10849131124750508,11.410627125155493,grid,Brent (BRENT_W),,
1998-04-01,2000-03-31,0.05241858993238292,0.05241858993238292,-0.9496712627122535,True,1998-11-30,168.0,30,1.0,0.05241858993238292,15.599789143918867,grid,Brent (BRENT_W),,
1998-05-01,2000-04-28,0.12041796764488469,0.12041796764488469,-0.8795398713100738,True,1998-11-24,144.0,24,1.0,0.12041796764488469,15.71929165608686,grid,Brent (BRENT_W),,
1998-06-01,2000-05-31,0.1061591561610141,0.1061591561610141,-0.8938036751252798,True,1998-12-01,130.0,24,1.0,0.1061591561610141,19.38830029736537,grid,Brent (BRENT_W),,
1998-07-01,2000-06-30,0.23127972467765578,0.23127972467765578,-0.7864601651392918,True,1999-06-30,252.0,54,1.0,0.23127972467765578,17.019037547815703,grid,Brent (BRENT_W),,
1998-08-03,2000-08-02,0.10890160460097378,0.10890160460097378,-0.893605826097834,True,1998-12-10,92.0,21,1.0,0.10890160460097378,15.524602828901457,grid,Brent (BRENT_W),,
1998-09-01,2000-08-31,0.13784596951070027,0.13784596951070027,-0.8621057675079276,True,1998-12-08,70.0,16,1.0,0.13784596951070027,18.255488295039328,grid,Brent (BRENT_W),,
1998-10-01,2000-09-29,0.22679431026714741,0.1362343877794634,-0.8637179134902582,True,1999-04-29,145.0,28,1.0,0.22679431026714741,19.874460967370236,grid,Brent (BRENT_W),,
1998-11-02,2000-11-01,0.19317072815419095,0.19317072815419095,-0.8067616384192557,True,1999-04-19,115.0,30,1.0,0.19317072815419095,17.577894860664113,grid,Brent (BRENT_W),,
1998-12-01,2000-11-30,0.24575303184204017,0.24575303184204017,-0.7952705188499973,True,1999-03-30,82.0,31,1.0,0.24575303184204017,14.847612217221533,grid,Brent (BRENT_W),,
1999-01-04,2001-01-03,0.22818174184256015,0.22818174184256015,-0.7866313055124683,True,1999-03-29,60.0,22,1.0,0.22818174184256015,16.664010830887644,grid,Brent (BRENT_W),,
1999-02-01,2001-01-31,0.21006429022064924,0.21006429022064924,-0.792663854036292,True,1999-03-25,38.0,9,1.0,0.21006429022064924,19.20361761838541,grid,Brent (BRENT_W),,
1999-03-01,2001-02-28,0.18532059949907972,0.18532059949907972,-0.8146145155813738,True,1999-03-30,21.0,6,1.0,0.18532059949907972,16.773418119534345,grid,Brent (BRENT_W),,
1999-04-01,2001-03-30,0.1857940804035647,0.1857940804035647,-0.8255973053473034,True,1999-08-09,88.0,18,1.0,0.1857940804035647,17.013041622690533,grid,Brent (BRENT_W),,
1999-05-04,2001-05-03,0.2071291778936872,0.2071291778936872,-0.7935872254529481,True,1999-08-09,68.0,12,1.0,0.2071291778936872,14.641901422995652,grid,Brent (BRENT_W),,
1999-06-01,2001-05-31,0.1976681290669453,0.1976681290669453,-0.8022626628650574,True,1999-07-29,42.0,7,1.0,0.1976681290669453,18.3800231250651,grid,Brent (BRENT_W),,
1999-07-01,2001-06-29,0.13919905105399336,0.13919905105399336,-0.8610862272898329,True,1999-09-23,59.0,9,1.0,0.13919905105399336,16.09589275303918,grid,Brent (BRENT_W),,
1999-08-02,2001-08-01,0.18279938182910035,0.18279938182910035,-0.8178985479725613,True,1999-11-22,79.0,17,1.0,0.18279938182910035,18.705652130879656,grid,Brent (BRENT_W),,
1999-09-01,2001-08-31,0.26036025323383377,0.26036025323383377,-0.7479598703466345,True,2000-01-18,95.0,24,1.0,0.26036025323383377,14.680942043063244,grid,Brent (BRENT_W),,
1999-10-01,2001-09-28,0.21213373999154228,0.21213373999154228,-0.7878593410695068,True,2000-02-04,86.0,21,1.0,0.21213373999154228,16.814937682984514,grid,Brent (BRENT_W),,
1999-11-01,2001-10-31,0.22757083897297056,0.22757083897297056,-0.7723494833462006,True,2000-02-14,71.0,15,1.0,0.22757083897297056,13.955147646084022,grid,Brent (BRENT_W),,
1999-12-01,2001-11-30,0.18950576403607125,0.18950576403607125,-0.818136891401738,True,2000-03-06,64.0,15,1.0,0.18950576403607125,19.786179215878008,grid,Brent (BRENT_W),,
2000-01-04,2002-01-03,0.0,0.0,-1.0,True,2000-03-07,45.0,12,1.0,0.0,16.064728272320846,grid,Brent (BRENT_W),,
2000-02-01,2002-01-31,0.2164884886574462,0.2164884886574462,-0.7851258382165556,True,2000-06-23,99.0,26,1.0,0.2164884886574462,18.935919702200053,grid,Brent (BRENT_W),,
2000-03-01,2002-02-28,0.2072402068314598,0.2072402068314598,-0.7926872337003353,True,2000-06-23,78.0,21,1.0,0.2072402068314598,17.7237294156346,grid,Brent (BRENT_W),,
2000-04-03,2002-04-02,0.24713802329528392,0.24713802329528392,-0.7527754481115552,True,2000-06-12,46.0,14,1.0,0.24713802329528392,12.36113473543656,grid,Brent (BRENT_W),,
2000-05-02,2002-05-01,0.22883017672831912,0.22883017672831912,-0.7710897046683147,True,2000-08-23,80.0,15,1.0,0.22883017672831912,18.873011507864845,grid,Brent (BRENT_W),,
2000-06-01,2002-05-31,0.8240848369834812,0.2832802700572743,-0.7662492981510574,False,,,92,1.0,0.950966494191311,14.288573105558745,grid,Brent (BRENT_W),,
2000-07-03,2002-07-02,0.7410065013646282,0.31924124990571023,-0.7245826591402216,False,,,92,1.0,1.0299933337590264,11.604310818782821,grid,Brent (BRENT_W),,
2000-08-01,2002-07-31,0.8602643666286318,0.3257711591543304,-0.7062738727840899,False,,,95,1.0,1.15463282218214,16.087031758766525,grid,Brent (BRENT_W),,
2000-09-01,2002-08-30,0.6263632166631556,0.36158359252322625,-0.7019164176736563,False,,,91,1.0,1.0794498483858348,10.08710836029577,grid,Brent (BRENT_W),,
2000-10-02,2002-10-01,0.37797022597001617,0.12056490777935913,-0.8838727425507282,False,,,77,1.0,0.8874177868580759,20.526453724586343,grid,Brent (BRENT_W),,
2000-11-01,2002-10-31,0.6239118320153674,0.20138787102770905,-0.8079022823644959,False,,,77,1.0,0.6716858064864557,15.39217130905596,grid,Brent (BRENT_W),,
2000-12-01,2002-11-29,0.7997600374211261,0.34952408537943325,-0.6854201681856837,False,,,86,1.0,0.5008475779869275,12.205752456867714,grid,Brent (BRENT_W),,
2001-01-02,2002-12-31,0.23808120666494273,0.23808120666494273,-0.8108194917056799,True,2002-09-23,436.0,79,1.0,0.6621623885756739,15.846598238199372,grid,Brent (BRENT_W),,
2001-02-01,2003-01-31,0.20518887107017045,0.20518887107017045,-0.8401290151584759,True,2002-09-23,414.0,73,1.0,0.5645029806892882,16.11662901165427,grid,Brent (BRENT_W),,
2001-03-01,2003-02-28,0.21470125207998422,0.1635860516851042,-0.8622207808081814,True,2002-12-23,459.0,76,1.0,0.6279250934681879,16.8102824260764,grid,Brent (BRENT_W),,
2001-04-02,2003-04-01,0.15273837225752232,0.15273837225752232,-0.86204640081149,True,2001-11-15,159.0,36,1.0,0.15273837225752232,9.260116801928405,grid,Brent (BRENT_W),,
2001-05-01,2003-04-30,0.16733904132245145,0.16733904132245145,-0.8504450841634912,True,2002-09-23,353.0,58,1.0,0.5546842972577121,17.81112688078293,grid,Brent (BRENT_W),,
2001-06-01,2003-05-30,0.11859311444844733,0.11859311444844733,-0.8853803726675333,True,2001-11-15,119.0,27,1.0,0.11859311444844733,9.601596781099541,grid,Brent (BRENT_W),,
2001-07-02,2003-07-01,0.0,0.0,-1.0,True,2001-11-15,98.0,22,1.0,0.0,13.988904939085577,grid,Brent (BRENT_W),,
2001-08-01,2003-07-31,0.1463041176312006,0.1463041176312006,-0.8561397561804813,True,2001-11-06,69.0,16,1.0,0.1463041176312006,16.736357176548978,grid,Brent (BRENT_W),,
2001-09-03,2003-09-02,0.12494536083562299,0.12494536083562299,-0.8750108929769189,True,2001-11-06,46.0,11,1.0,0.12494536083562299,18.151364153376623,grid,Brent (BRENT_W),,
2001-10-01,2003-09-30,0.1426741876422942,0.1426741876422942,-0.8573880152691213,True,2002-04-02,126.0,40,1.0,0.1426741876422942,11.36447402531733,grid,Brent (BRENT_W),,
2001-11-01,2003-10-31,0.2390596894735002,0.2390596894735002,-0.7903099631467391,True,2002-03-28,102.0,35,1.0,0.2390596894735002,16.60957236478289,grid,Brent (BRENT_W),,
2001-12-03,2003-12-02,0.0,0.0,-1.0,True,2002-04-02,81.0,23,1.0,0.0,16.236920550336908,grid,Brent (BRENT_W),,
2002-01-02,2003-12-31,0.0,0.0,-1.0,True,2002-04-02,62.0,16,1.0,0.0,14.609218610778118,grid,Brent (BRENT_W),,
2002-02-01,2004-01-30,0.0,0.0,-1.0,True,2002-04-02,40.0,10,1.0,0.0,15.88573019750918,grid,Brent (BRENT_W),,
2002-03-01,2004-02-27,0.19406933068885152,0.19406933068885152,-0.8058627212635907,True,2002-09-23,140.0,23,1.0,0.19406933068885152,18.880097000903188,grid,Brent (BRENT_W),,
2002-04-02,2004-04-01,0.20910425621728576,0.20910425621728576,-0.8005107270141331,True,2003-01-29,209.0,34,1.0,0.20910425621728576,14.78042459564766,grid,Brent (BRENT_W),,
2002-05-01,2004-04-30,0.24460417759788106,0.24460417759788106,-0.7688552293289711,True,2003-02-05,193.0,26,1.0,0.24460417759788106,17.74145704215677,grid,Brent (BRENT_W),,
2002-06-05,2004-06-04,0.18414112665355717,0.18414112665355717,-0.8224541272882901,True,2003-01-29,166.0,26,1.0,0.18414112665355717,16.98728963511672,grid,Brent (BRENT_W),,
2002-07-01,2004-06-30,0.15170601023577024,0.15170601023577024,-0.8512375405167178,True,2003-01-29,148.0,22,1.0,0.15170601023577024,18.592799696250104,grid,Brent (BRENT_W),,
2002-08-01,2004-07-30,0.20329423095679897,0.20329423095679897,-0.7966345911501036,True,2003-01-29,125.0,20,1.0,0.20329423095679897,15.821031088329573,grid,Brent (BRENT_W),,
2002-09-02,2004-09-01,0.18371706866561605,0.18371706866561605,-0.8221336724125691,True,2003-01-29,104.0,18,1.0,0.18371706866561605,15.758749885222478,grid,Brent (BRENT_W),,
2002-10-01,2004-09-30,0.1907176994370862,0.1907176994370862,-0.8092938485413508,True,2003-01-29,83.0,15,1.0,0.1907176994370862,14.85971054073533,grid,Brent (BRENT_W),,
2002-11-01,2004-10-29,0.24283007453728328,0.24283007453728328,-0.7570849051795295,True,2003-01-15,50.0,10,1.0,0.24283007453728328,14.956246358808123,grid,Brent (BRENT_W),,
2002-12-02,2004-12-01,0.2009989315683765,0.2009989315683765,-0.7989306941745846,True,2003-02-07,46.0,7,1.0,0.2009989315683765,14.983463589289377,grid,Brent (BRENT_W),,
2003-01-02,2004-12-31,0.18858956263856125,0.18858956263856125,-0.8150220533349108,True,2004-02-27,293.0,45,1.0,0.532776558933075,16.657780610436834,grid,Brent (BRENT_W),,
2003-02-03,2005-02-02,0.21871631242225775,0.21871631242225775,-0.7812071100662654,True,2004-02-27,271.0,42,1.0,0.5000773041596825,14.42938297374398,grid,Brent (BRENT_W),,
2003-03-03,2005-03-02,0.11492108059136014,0.11492108059136014,-0.8850386829476715,True,2004-03-01,252.0,39,1.0,0.11492108059136014,18.667178038849315,grid,Brent (BRENT_W),,
2003-04-01,2005-03-31,0.2129789338082823,0.2129789338082823,-0.793537075929841,True,2004-01-12,196.0,31,1.0,0.2129789338082823,18.74645884181495,grid,Brent (BRENT_W),,
2003-05-01,2005-04-29,0.26587990722298066,0.26587990722298066,-0.734027002227799,True,2003-12-17,161.0,24,1.0,0.26587990722298066,18.001243934050052,grid,Brent (BRENT_W),,
2003-06-02,2005-06-01,0.16703624641309572,0.16703624641309572,-0.8576152020641673,True,2004-05-04,234.0,41,1.0,0.16703624641309572,14.3488631365439,grid,Brent (BRENT_W),,
2003-07-01,2005-06-30,0.20565240021176773,0.20565240021176773,-0.8053662702324482,True,2004-04-27,209.0,31,1.0,0.20565240021176773,18.643670293348375,grid,Brent (BRENT_W),,
2003-08-01,2005-07-29,0.2273199315620896,0.2273199315620896,-0.7820015817853809,True,2004-04-30,189.0,30,1.0,0.2273199315620896,19.72821307025654,grid,Brent (BRENT_W),,
2003-09-01,2005-08-31,0.22135577131830866,0.22135577131830866,-0.7836602879229206,True,2004-04-27,166.0,29,1.0,0.22135577131830866,17.027276587780097,grid,Brent (BRENT_W),,
2003-10-01,2005-09-30,0.2261122796702268,0.2261122796702268,-0.7976837216023851,True,2004-05-05,149.0,28,1.0,0.2261122796702268,15.826407799067134,grid,Brent (BRENT_W),,
2003-11-03,2005-11-02,0.15596659111777395,0.15596659111777395,-0.851003433606887,True,2004-05-05,126.0,23,1.0,0.15596659111777395,19.827242140423344,grid,Brent (BRENT_W),,
2003-12-01,2005-11-30,0.23189599712817793,0.23189599712817793,-0.7839800912195876,True,2004-05-12,111.0,22,1.0,0.23189599712817793,16.443302987184786,grid,Brent (BRENT_W),,
2004-01-02,2005-12-30,0.15105566380804633,0.15105566380804633,-0.8586576426931417,True,2004-06-01,103.0,19,1.0,0.15105566380804633,18.747601201183123,grid,Brent (BRENT_W),,
2004-02-02,2006-02-01,0.24758720722618163,0.24758720722618163,-0.7532358226102946,True,2004-05-24,77.0,15,1.0,0.24758720722618163,17.746533103613654,grid,Brent (BRENT_W),,
2004-03-01,2006-02-28,0.250587642193905,0.250587642193905,-0.762065382563268,True,2004-08-09,111.0,24,1.0,0.250587642193905,15.264908620577886,grid,Brent (BRENT_W),,
2004-04-01,2006-03-31,0.22501442819023754,0.22501442819023754,-0.7752252060486453,True,2004-08-05,86.0,18,1.0,0.22501442819023754,18.972407116908563,grid,Brent (BRENT_W),,
2004-05-04,2006-05-03,0.23613911427388404,0.23613911427388404,-0.7846777350204037,True,2004-10-01,106.0,24,1.0,0.23613911427388404,18.753966762143236,grid,Brent (BRENT_W),,
2004-06-01,2006-05-31,0.19931202803241332,0.19931202803241332,-0.8006181883335034,True,2004-10-01,87.0,16,1.0,0.19931202803241332,19.91697371473106,grid,Brent (BRENT_W),,
2004-07-01,2006-06-30,0.2032280353096664,0.2032280353096664,-0.7967008099738244,True,2004-10-07,69.0,16,1.0,0.2032280353096664,18.25397848088295,grid,Brent (BRENT_W),,
2004-08-02,2006-08-01,0.3169014322011307,0.3169014322011307,-0.7394606552510985,True,2005-04-01,168.0,47,1.0,0.3169014322011307,14.161043062277594,grid,Brent (BRENT_W),,
2004-09-01,2006-08-31,0.2552144569771342,0.2552144569771342,-0.76074180602939,True,2005-03-16,137.0,34,1.0,0.2552144569771342,14.989736623594743,grid,Brent (BRENT_W),,
2004-10-01,2006-09-29,0.1884266474135015,0.1884266474135015,-0.8134821395110609,True,2005-04-01,125.0,31,1.0,0.1884266474135015,16.897038038345382,grid,Brent (BRENT_W),,
2004-11-01,2006-10-31,0.17516719804782685,0.17516719804782685,-0.8295093495630537,True,2005-04-01,104.0,28,1.0,0.17516719804782685,17.335939594671355,grid,Brent (BRENT_W),,
2004-12-01,2006-11-30,0.17651716988758726,0.17651716988758726,-0.8326263242400193,True,2005-03-16,72.0,20,1.0,0.17651716988758726,16.09148138761183,grid,Brent (BRENT_W),,
2005-01-04,2007-01-03,0.26171369339047373,0.26171369339047373,-0.7381946747456872,True,2005-03-16,51.0,10,1.0,0.26171369339047373,12.987956172833755,grid,Brent (BRENT_W),,
2005-02-01,2007-01-31,0.19433539373621878,0.19433539373621878,-0.8061973648076229,True,2005-08-08,130.0,20,1.0,0.19433539373621878,15.708304591368236,grid,Brent (BRENT_W),,
2005-03-01,2007-02-28,0.7934328358681653,0.43715944496496856,-0.6474703391802907,False,,,73,1.0,1.1964610439750556,10.751240387153793,grid,Brent (BRENT_W),,
2005-04-01,2007-03-30,0.7983139760744371,0.45077828805385806,-0.6341639513004703,False,,,68,1.0,1.1831069163029413,9.154691290054403,grid,Brent (BRENT_W),,
2005-05-03,2007-05-02,0.7041913573368894,0.32752299471937146,-0.7263436992496612,False,,,60,1.0,0.8817053451214156,12.657717786428794,grid,Brent (BRENT_W),,
2005-06-01,2007-05-31,0.8486343825485059,0.4907437611899813,-0.6446792736006213,False,,,71,1.0,1.2016238428899837,9.369949170124466,grid,Brent (BRENT_W),,
2005-07-01,2007-06-29,0.7658553258202673,0.4464399491872821,-0.6515510415122426,False,,,65,1.0,1.1390707517257441,9.841449278943543,grid,Brent (BRENT_W),,
2005-08-01,2007-07-31,0.6999200894465962,0.4345049444306529,-0.6636498678869208,False,,,63,1.0,1.1345089202019325,9.976844781079373,grid,Brent (BRENT_W),,
2005-09-01,2007-08-31,0.6542572486410085,0.3765092122639458,-0.6804454650151897,False,,,59,1.0,1.1115537892262328,10.365542248307294,grid,Brent (BRENT_W),,
2005-10-03,2007-10-02,0.6149403488878443,0.35487044597608075,-0.7053370206541913,False,,,59,1.0,0.9752328714080655,11.462756018146516,grid,Brent (BRENT_W),,
2005-11-01,2007-10-31,0.28783604990322575,0.16687926648784113,-0.848432508810854,False,,,53,1.0,0.8647362048159112,17.70222924001963,grid,Brent (BRENT_W),,
2005-12-01,2007-11-30,0.2508093707187917,0.1559637825397,-0.8612193786490713,True,2007-11-02,494.0,59,1.0,0.7276672284041601,19.801096523591315,grid,Brent (BRENT_W),,
2006-01-03,2008-01-02,0.22457213652216498,0.18685492400155446,-0.834186687400114,True,2007-11-02,473.0,49,1.0,0.7292744611759029,16.943859626146207,grid,Brent (BRENT_W),,
2006-02-01,2008-01-31,0.22161194748585852,0.15091152866849744,-0.8526958291714057,True,2007-11-02,452.0,46,1.0,0.2796400792468931,18.14014624765659,grid,Brent (BRENT_W),,
2006-03-01,2008-02-29,0.13973415539379302,0.13973415539379302,-0.8659312695885967,True,2007-01-11,222.0,34,1.0,0.13973415539379302,11.684589371209196,grid,Brent (BRENT_W),,
2006-04-03,2008-04-02,0.10885710401585622,0.10885710401585622,-0.9056969401579493,True,2007-01-16,202.0,30,1.0,0.10885710401585622,17.874043403125658,grid,Brent (BRENT_W),,
2006-05-01,2008-04-30,0.17961805311099213,0.12465278005160596,-0.8837368809004269,True,2007-11-02,390.0,38,1.0,0.5826058485568978,19.955483513375576,grid,Brent (BRENT_W),,
2006-06-01,2008-05-30,0.12992785794127582,0.12992785794127582,-0.8729356224577327,True,2007-01-10,157.0,21,1.0,0.12992785794127582,13.463830792358694,grid,Brent (BRENT_W),,
2006-07-03,2008-07-02,0.11723212955414997,0.11723212955414997,-0.8860992246478806,True,2007-01-10,135.0,17,1.0,0.11723212955414997,13.954465423050758,grid,Brent (BRENT_W),,
2006-08-01,2008-07-31,0.1111195777368309,0.1111195777368309,-0.8900377449117025,True,2007-01-10,114.0,17,1.0,0.1111195777368309,14.278794370801558,grid,Brent (BRENT_W),,
2006-09-01,2008-08-29,0.19975428019211036,0.19975428019211036,-0.8001757813313556,True,2007-10-16,289.0,31,1.0,0.6408091331263726,17.943697836918005,grid,Brent (BRENT_W),,
2006-10-02,2008-10-01,0.18642156585187977,0.18642156585187977,-0.8270472546781045,True,2007-10-15,267.0,33,1.0,0.3587395332279869,14.918941256573783,grid,Brent (BRENT_W),,
2006-11-01,2008-10-31,0.23352804668125823,0.23352804668125823,-0.7761167497544863,True,2007-09-27,233.0,28,1.0,0.23352804668125823,18.29559494681929,grid,Brent (BRENT_W),,
2006-12-01,2008-11-28,0.21650544745944159,0.21650544745944159,-0.7834187491027443,True,2007-09-21,207.0,22,1.0,0.21650544745944159,19.744242033335983,grid,Brent (BRENT_W),,
2007-01-02,2008-12-31,0.2251333682047463,0.2251333682047463,-0.7747878075278885,True,2007-07-19,141.0,17,1.0,0.2251333682047463,18.117973773123424,grid,Brent (BRENT_W),,
2007-02-01,2009-01-30,0.2518680675640918,0.2518680675640918,-0.7547761248067147,True,2007-10-15,181.0,21,1.0,0.2518680675640918,13.507659161058607,grid,Brent (BRENT_W),,
2007-03-01,2009-02-27,0.07990651375048488,0.07990651375048488,-0.9206300118032812,True,2007-10-25,169.0,17,1.0,0.07990651375048488,19.88528354579041,grid,Brent (BRENT_W),,
2007-04-02,2009-04-01,0.2041504415586978,0.2041504415586978,-0.8075380008191537,True,2007-11-02,153.0,17,1.0,0.2041504415586978,18.155534555706193,grid,Brent (BRENT_W),,
2007-05-01,2009-04-30,0.16772453490248038,0.16772453490248038,-0.8336953941712701,True,2007-10-29,129.0,15,1.0,0.16772453490248038,19.532865876607513,grid,Brent (BRENT_W),,
2007-06-01,2009-05-29,0.1223029931024716,0.1223029931024716,-0.8802919919976128,True,2007-11-20,122.0,14,1.0,0.1223029931024716,18.96227201494979,grid,Brent (BRENT_W),,
2007-07-02,2009-07-01,0.24661124759149664,0.24661124759149664,-0.7597966801331008,True,2007-11-20,101.0,14,1.0,0.24661124759149664,13.336024840282356,grid,Brent (BRENT_W),,
2007-08-01,2009-07-31,0.10554540407958425,0.10554540407958425,-0.8944176420951491,True,2007-11-20,79.0,11,1.0,0.10554540407958425,19.49246833830569,grid,Brent (BRENT_W),,
2007-09-03,2009-09-02,0.16684838251064854,0.16684838251064854,-0.8330932001093897,True,2008-01-02,85.0,11,1.0,0.16684838251064854,17.974577354548032,grid,Brent (BRENT_W),,
2007-10-01,2009-09-30,0.23775810345613418,0.23775810345613418,-0.762158652072091,True,2008-03-12,115.0,22,1.0,0.23775810345613418,18.7870654855853,grid,Brent (BRENT_W),,
2007-11-01,2009-10-30,0.2546227601351982,0.2546227601351982,-0.7824246646767414,True,2008-05-08,132.0,28,1.0,0.2546227601351982,19.36223463014305,grid,Brent (BRENT_W),,
2007-12-03,2009-12-02,0.2640587172523624,0.2640587172523624,-0.7472631439341009,True,2008-05-05,107.0,21,1.0,0.2640587172523624,16.568537187922608,grid,Brent (BRENT_W),,
2008-01-02,2009-12-31,0.16403680968270762,0.16403680968270762,-0.8359057573323587,True,2008-05-07,89.0,18,1.0,0.16403680968270762,19.93883580300315,grid,Brent (BRENT_W),,
2008-02-01,2010-01-29,0.2539722393856794,0.2539722393856794,-0.7459388392080434,True,2008-05-05,65.0,10,1.0,0.2539722393856794,17.092507171501815,grid,Brent (BRENT_W),,
2008-03-03,2010-03-02,0.14405464147186658,0.14405464147186658,-0.8634050442298624,True,2008-06-06,68.0,12,1.0,0.14405464147186658,19.411568997573795,grid,Brent (BRENT_W),,
2008-04-01,2010-03-31,0.23990056001324114,0.23990056001324114,-0.7600154453926462,True,2008-05-21,36.0,9,1.0,0.23990056001324114,11.84260918803919,grid,Brent (BRENT_W),,
2008-05-01,2010-04-30,0.010515086685794848,0.010515086685794848,-0.989481231745316,True,2008-09-16,98.0,27,1.0,0.010515086685794848,17.11839381544211,grid,Brent (BRENT_W),,
2008-06-02,2010-06-01,0.09174998135051092,0.09174998135051092,-0.9084466750182364,True,2008-09-15,75.0,20,1.0,0.09174998135051092,12.182385317415152,grid,Brent (BRENT_W),,
2008-07-01,2010-06-30,0.037010932075063646,0.037010932075063646,-0.9642816882967846,True,2008-09-15,54.0,13,1.0,0.037010932075063646,15.347433072471174,grid,Brent (BRENT_W),,
2008-08-01,2010-07-30,0.0,0.0,-1.0,True,2008-10-10,50.0,16,1.0,0.0,14.305438001131789,grid,Brent (BRENT_W),,
2008-09-01,2010-08-31,0.03048820332455872,0.03048820332455872,-0.9695011220681652,True,2008-10-16,33.0,19,1.0,0.03048820332455872,12.897291118312918,grid,Brent (BRENT_W),,
2008-10-01,2010-09-30,0.05492749625793413,0.05492749625793413,-0.9450532723874014,True,2008-10-24,17.0,8,1.0,0.05492749625793413,17.81343044433213,grid,Brent (BRENT_W),,
2008-11-03,2010-11-02,0.0,0.0,-1.0,True,2008-12-04,23.0,13,1.0,0.0,19.65833746454348,grid,Brent (BRENT_W),,
2008-12-01,2010-11-30,0.22717574555828857,0.22717574555828857,-0.8076254528571415,True,2009-06-10,134.0,64,1.0,0.22717574555828857,15.219145159605798,grid,Brent (BRENT_W),,
2009-01-02,2010-12-31,0.06585283178922861,0.06585283178922861,-0.9341241116498489,True,2009-06-01,105.0,40,1.0,0.06585283178922861,19.389809809237924,grid,Brent (BRENT_W),,
2009-02-02,2011-02-01,0.24984939832871333,0.24984939832871333,-0.75725668365827,True,2009-05-27,81.0,33,1.0,0.24984939832871333,14.297033013582396,grid,Brent (BRENT_W),,
2009-03-02,2011-03-01,0.16220490356012043,0.16220490356012043,-0.8423383471789494,True,2009-05-28,62.0,25,1.0,0.16220490356012043,16.67741334832648,grid,Brent (BRENT_W),,
2009-04-01,2011-03-31,0.24083118442951088,0.24083118442951088,-0.7625172414421455,True,2009-06-04,45.0,13,1.0,0.24083118442951088,18.450286686352886,grid,Brent (BRENT_W),,
2009-05-01,2011-04-29,0.2515544388447903,0.2515544388447903,-0.7532080763658289,True,2009-10-21,123.0,26,1.0,0.2515544388447903,18.236624691747966,grid,Brent (BRENT_W),,
2009-06-01,2011-05-31,0.2701727022813284,0.2701727022813284,-0.8209150312341142,True,2011-02-25,451.0,82,1.0,1.2030194166286974,17.84839954457314,grid,Brent (BRENT_W),,
2009-07-01,2011-06-30,0.2187831455312572,0.2187831455312572,-0.8390783105385364,True,2011-02-23,427.0,75,1.0,1.1931960273501765,11.241174732250608,grid,Brent (BRENT_W),,
2009-08-03,2011-08-02,0.20004662817413732,0.20004662817413732,-0.859052067658373,True,2011-03-01,408.0,70,1.0,1.2426648958108115,14.635880461994322,grid,Brent (BRENT_W),,
2009-09-01,2011-08-31,0.28527101251058784,0.28527101251058784,-0.7985432779486086,True,2011-02-24,384.0,66,1.0,1.1213122091017977,19.361156663908414,grid,Brent (BRENT_W),,
2009-10-01,2011-09-30,0.15350684623808292,0.15350684623808292,-0.8916806862103165,True,2011-03-01,365.0,61,1.0,1.2723906556480167,17.397729428730223,grid,Brent (BRENT_W),,
2009-11-02,2011-11-01,0.15753526872369458,0.15753526872369458,-0.8808073794514149,True,2011-03-01,343.0,57,1.0,1.271376332510799,16.454388384646343,grid,Brent (BRENT_W),,
2009-12-01,2011-11-30,0.16785752177003666,0.16785752177003666,-0.8710533175571791,True,2011-03-01,322.0,56,1.0,1.3001096051830892,15.726522841070388,grid,Brent (BRENT_W),,
2010-01-04,2012-01-03,0.23432872770283286,0.23432872770283286,-0.8083726043327659,True,2011-02-25,298.0,48,1.0,1.0173720308232435,18.646884798354446,grid,Brent (BRENT_W),,
2010-02-01,2012-01-31,0.1519483661042913,0.1519483661042913,-0.8725759342135986,True,2011-02-23,276.0,44,1.0,0.83409530979131,13.127212123184329,grid,Brent (BRENT_W),,
2010-03-01,2012-02-29,0.2329737724815885,0.2329737724815885,-0.7794536589157599,True,2011-02-21,254.0,38,1.0,0.382713083067052,15.474300446341763,grid,Brent (BRENT_W),,
2010-04-01,2012-03-30,0.07171438726779251,0.07171438726779251,-0.9314219798582983,True,2011-02-23,233.0,37,1.0,0.07171438726779251,15.865920769236594,grid,Brent (BRENT_W),,
2010-05-03,2012-05-02,0.07799874284192215,0.07799874284192215,-0.9219739480398919,True,2011-02-23,212.0,34,1.0,0.07799874284192215,15.31686205087082,grid,Brent (BRENT_W),,
2010-06-01,2012-05-31,0.24746338165924125,0.24746338165924125,-0.7783327393910364,True,2011-02-02,176.0,27,1.0,0.24746338165924125,18.58611877655677,grid,Brent (BRENT_W),,
2010-07-01,2012-06-29,0.2562800271318402,0.2562800271318402,-0.7547132963450546,True,2011-01-31,152.0,19,1.0,0.2562800271318402,15.634171960443624,grid,Brent (BRENT_W),,
2010-08-02,2012-08-01,0.22723791199714052,0.22723791199714052,-0.77268252688727,True,2011-02-01,131.0,16,1.0,0.22723791199714052,18.3066125246545,grid,Brent (BRENT_W),,
2010-09-01,2012-08-31,0.2575458148724174,0.2575458148724174,-0.74345956502242,True,2011-02-16,120.0,12,1.0,0.2575458148724174,18.248287421458755,grid,Brent (BRENT_W),,
2010-10-01,2012-09-28,0.2080911920772224,0.2080911920772224,-0.7963083513923652,True,2011-02-23,103.0,11,1.0,0.2080911920772224,11.153950398288986,grid,Brent (BRENT_W),,
2010-11-01,2012-10-31,0.15878528986048213,0.15878528986048213,-0.8438079217385781,True,2011-03-01,86.0,9,1.0,0.15878528986048213,16.364709326610093,grid,Brent (BRENT_W),,
2010-12-01,2012-11-30,0.24737364714295393,0.24737364714295393,-0.7525397417666644,True,2011-04-01,87.0,9,1.0,0.24737364714295393,17.31243647557585,grid,Brent (BRENT_W),,
2011-01-03,2013-01-02,0.2542479770762857,0.2542479770762857,-0.7469702004904193,True,2011-04-08,69.0,9,1.0,0.2542479770762857,12.291020870946634,grid,Brent (BRENT_W),,
2011-02-01,2013-01-31,1.0302776098661894,0.6047221764686332,-0.39506609666519954,False,,,71,1.0,1.3726635813602255,9.681687020151763,grid,Brent (BRENT_W),,
2011-03-01,2013-02-28,1.0789965619899844,0.8130887306683855,-0.3139832213588243,False,,,67,1.0,1.002823548652089,6.496906909854743,grid,Brent (BRENT_W),,
2011-04-01,2013-03-28,1.012061478698933,0.8125664133386525,-0.33491587156248803,False,,,62,1.0,0.9211077017862311,6.701254030103348,grid,Brent (BRENT_W),,
2011-05-02,2013-05-01,1.1719030498636063,0.7680573036831598,-0.3438650476499372,False,,,60,1.0,1.010330399871638,6.170394477052124,grid,Brent (BRENT_W),,
2011-06-01,2013-05-31,1.0123856844943877,0.5807909386095479,-0.472396792790287,False,,,54,1.0,0.9455152709522713,9.000779813396838,grid,Brent (BRENT_W),,
2011-07-01,2013-06-28,0.9767604859078864,0.5348417859378325,-0.5013944862536152,False,,,53,1.0,0.5891232533967795,9.875646753271123,grid,Brent (BRENT_W),,
2011-08-01,2013-07-31,0.9009731142238128,0.5853799811370796,-0.4673743664565633,False,,,54,1.0,0.9215665903178503,9.145059439295112,grid,Brent (BRENT_W),,
2011-09-01,2013-08-30,0.7052881139565405,0.5606736584765379,-0.4878730568170624,False,,,53,1.0,0.7660695128270331,9.957430678029539,grid,Brent (BRENT_W),,
2011-10-03,2013-10-02,0.7188494460394523,0.44345214210747874,-0.5639411979595272,False,,,48,1.0,0.8195007625189816,13.069217296429853,grid,Brent (BRENT_W),,
2011-11-01,2013-10-31,0.6091690752228445,0.42298312177261577,-0.587780446850473,False,,,42,1.0,0.7541729318737943,13.36557557933985,grid,Brent (BRENT_W),,
2011-12-01,2013-11-29,0.551012459050876,0.40236418283255604,-0.5998963579702121,False,,,41,1.0,0.6944720728033182,13.93721863572696,grid,Brent (BRENT_W),,
2012-01-03,2014-01-02,0.5985303827345898,0.37857475803109397,-0.6212926944119501,False,,,39,1.0,0.6551909438014317,14.372134406891954,grid,Brent (BRENT_W),,
2012-02-01,2014-01-31,0.6315427971894462,0.37931500095875725,-0.6205521923085506,False,,,39,1.0,0.5579147914097787,14.364954665147936,grid,Brent (BRENT_W),,
2012-03-01,2014-02-28,0.5176691998248348,0.3701586715696572,-0.62971172753498,False,,,34,1.0,0.5138283094081849,12.360827940910431,grid,Brent (BRENT_W),,
2012-04-02,2014-04-01,0.5993749556135842,0.3678446214476765,-0.6320265878580738,False,,,35,1.0,0.6263320899494074,11.9385771219156,grid,Brent (BRENT_W),,
2012-05-01,2014-04-30,0.5318896262554088,0.36693874439810326,-0.6329327820756232,False,,,35,1.0,0.8030751258069673,11.30480315145192,grid,Brent (BRENT_W),,
2012-06-01,2014-05-30,0.22068702282264954,0.22068702282264954,-0.779235709675737,True,2013-02-08,178.0,16,1.0,0.22068702282264954,17.411744737335933,grid,Brent (BRENT_W),,
2012-07-02,2014-07-01,0.5454417905313089,0.4424722527232341,-0.5614317176604184,False,,,35,1.0,0.9593175523461039,12.055405627177416,grid,Brent (BRENT_W),,
2012-08-01,2014-07-31,1.2017894909322748,0.8949961959197784,-0.24377583869299868,False,,,39,1.0,1.1631533174516775,5.853954151987714,grid,Brent (BRENT_W),,
2012-09-03,2014-09-02,1.1821437936597092,0.9045995469385527,-0.24453974568204295,False,,,37,1.0,1.104508002466625,5.524098007607661,grid,Brent (BRENT_W),,
2012-10-01,2014-09-30,1.078292811065071,0.8639443888801188,-0.25880525061067006,False,,,36,1.0,1.1141155193550891,5.958875179222138,grid,Brent (BRENT_W),,
2012-11-01,2014-10-31,0.7122774806486187,0.6425446843729016,-0.4294086735124284,False,,,37,1.0,1.0459774776609303,6.4322859420311405,grid,Brent (BRENT_W),,
2012-12-03,2014-12-02,0.08671591988526467,0.08671591988526467,-0.9211495007429805,True,2014-11-28,513.0,39,1.0,1.0003565632279785,14.454079123009569,grid,Brent (BRENT_W),,
2013-01-02,2014-12-31,0.09397018393477252,0.09397018393477252,-0.9125566021130307,True,2014-11-28,493.0,38,1.0,0.9287795614519558,13.815636687500053,grid,Brent (BRENT_W),,
2013-02-01,2015-01-30,0.10228455982264081,0.10228455982264081,-0.9025777243689708,True,2014-11-28,471.0,35,1.0,1.0084267472840054,12.966193434863278,grid,Brent (BRENT_W),,
2013-03-01,2015-02-27,0.12891499439093151,0.12891499439093151,-0.8722037554788336,True,2014-11-27,450.0,29,1.0,0.904485863743641,11.576104966775919,grid,Brent (BRENT_W),,
2013-04-01,2015-03-31,0.0518165852327051,0.0518165852327051,-0.9491010508808949,True,2014-11-28,431.0,33,1.0,0.9899410235380202,17.367844434213293,grid,Brent (BRENT_W),,
2013-05-01,2015-04-30,0.0,0.0,-1.0,True,2014-11-27,408.0,26,1.0,0.9026319748955649,18.142275728138255,grid,Brent (BRENT_W),,
2013-06-03,2015-06-02,0.025718242776669495,0.025718242776669495,-0.9752259413586649,True,2014-11-27,385.0,26,1.0,0.9484888050985797,14.386842286280896,grid,Brent (BRENT_W),,
2013-07-01,2015-06-30,0.0,0.0,-1.0,True,2014-11-27,365.0,23,1.0,0.8300293558514055,16.299043506090534,grid,Brent (BRENT_W),,
2013-08-01,2015-07-31,0.07575311630224064,0.07575311630224064,-0.9297438922529557,True,2014-11-27,342.0,22,1.0,1.068580193792154,11.479608151717718,grid,Brent (BRENT_W),,
2013-09-02,2015-09-01,0.11299987838301934,0.11299987838301934,-0.8931520927945004,True,2014-11-27,320.0,19,1.0,1.0352192482452591,11.983459127623028,grid,Brent (BRENT_W),,
2013-10-01,2015-09-30,0.03574083890029101,0.03574083890029101,-0.9664415828288996,True,2014-11-27,299.0,18,1.0,0.9194117494678447,13.592140217751037,grid,Brent (BRENT_W),,
2013-11-01,2015-10-30,0.005883128984773521,0.005883128984773521,-0.994327021517337,True,2014-11-27,276.0,16,1.0,0.5233108799788037,15.772197666190369,grid,Brent (BRENT_W),,
2013-12-02,2015-12-01,0.10295746183424795,0.10295746183424795,-0.9005133742361537,True,2014-11-27,255.0,17,1.0,0.31958785580347104,12.420554218126329,grid,Brent (BRENT_W),,
2014-01-02,2015-12-31,0.009287688720326388,0.009287688720326388,-0.9910000109129624,True,2014-11-27,234.0,14,1.0,0.009287688720326388,15.473171760919392,grid,Brent (BRENT_W),,
2014-02-03,2016-02-02,0.0,0.0,-1.0,True,2014-11-27,212.0,14,1.0,0.0,16.890455465571982,grid,Brent (BRENT_W),,
2014-03-03,2016-03-02,0.10338893867587604,0.10338893867587604,-0.9010926025776749,True,2014-11-27,192.0,16,1.0,0.10338893867587604,12.37442778910915,grid,Brent (BRENT_W),,
2014-04-01,2016-03-31,0.0,0.0,-1.0,True,2014-11-27,171.0,13,1.0,0.0,17.487302304406608,grid,Brent (BRENT_W),,
2014-05-01,2016-04-29,0.0,0.0,-1.0,True,2014-11-27,150.0,12,1.0,0.0,18.2963324669646,grid,Brent (BRENT_W),,
2014-06-02,2016-06-01,0.01935442387193099,0.01935442387193099,-0.9809682864069373,True,2014-11-27,128.0,12,1.0,0.01935442387193099,14.64558316480029,grid,Brent (BRENT_W),,
2014-07-01,2016-06-30,0.027832773460508557,0.027832773460508557,-0.9721574816580718,True,2014-11-27,107.0,10,1.0,0.027832773460508557,13.942617740482328,grid,Brent (BRENT_W),,
2014-08-01,2016-07-29,0.11141399616234576,0.11141399616234576,-0.888570322813653,True,2014-11-28,85.0,11,1.0,0.11141399616234576,12.507365899079941,grid,Brent (BRENT_W),,
2014-09-01,2016-08-31,0.039826570017973864,0.039826570017973864,-0.9601594858020569,True,2014-12-08,70.0,11,1.0,0.039826570017973864,18.770099142637108,grid,Brent (BRENT_W),,
2014-10-01,2016-09-30,0.0959078257572326,0.0959078257572326,-0.9040585947509302,True,2014-12-12,52.0,11,1.0,0.0959078257572326,14.96466830194353,grid,Brent (BRENT_W),,
2014-11-03,2016-11-02,0.02067008314694036,0.02067008314694036,-0.9793226797909865,True,2015-01-05,43.0,12,1.0,0.02067008314694036,15.16720904529926,grid,Brent (BRENT_W),,
2014-12-01,2016-11-30,0.11794927330857397,0.11794927330857397,-0.8820094299919232,True,2015-01-13,29.0,10,1.0,0.11794927330857397,19.19252113234473,grid,Brent (BRENT_W),,
2015-01-02,2016-12-30,0.08498744003981877,0.08498744003981877,-0.9225587736733847,True,2015-12-07,240.0,56,1.0,0.08498744003981877,12.036553802464246,grid,Brent (BRENT_W),,
2015-02-02,2017-02-01,0.11775957056770098,0.11775957056770098,-0.8986012566728513,True,2015-08-24,144.0,36,1.0,0.11775957056770098,10.070973144968436,grid,Brent (BRENT_W),,
2015-03-02,2017-03-01,0.11093869092759664,0.11093869092759664,-0.8962215305669834,True,2015-08-24,124.0,28,1.0,0.11093869092759664,10.06468180184432,grid,Brent (BRENT_W),,
2015-04-01,2017-03-31,0.10717708947137329,0.10717708947137329,-0.8927853854135215,True,2015-08-19,99.0,15,1.0,0.10717708947137329,14.954341366060374,grid,Brent (BRENT_W),,
2015-05-01,2017-04-28,0.028124684666430196,0.028124684666430196,-0.972541156657646,True,2015-08-24,81.0,14,1.0,0.028124684666430196,14.092378850573295,grid,Brent (BRENT_W),,
2015-06-01,2017-05-31,0.08873527162043282,0.08873527162043282,-0.9125819387057056,True,2015-08-24,60.0,12,1.0,0.08873527162043282,10.764603504438076,grid,Brent (BRENT_W),,
2015-07-01,2017-06-30,0.07875460076074596,0.07875460076074596,-0.9212178254781714,True,2015-12-07,113.0,23,1.0,0.07875460076074596,13.059189491514607,grid,Brent (BRENT_W),,
2015-08-03,2017-08-02,0.11899861339853626,0.11899861339853626,-0.8888539296919717,True,2016-01-07,111.0,34,1.0,0.11899861339853626,15.032517159803866,grid,Brent (BRENT_W),,
2015-09-01,2017-08-31,0.10890118520835296,0.10890118520835296,-0.9028517820910752,True,2016-01-08,91.0,23,1.0,0.10890118520835296,19.69469098816894,grid,Brent (BRENT_W),,
2015-10-01,2017-09-29,0.013889761197306281,0.013889761197306281,-0.986120376380521,True,2016-01-06,67.0,16,1.0,0.013889761197306281,17.037843374981808,grid,Brent (BRENT_W),,
2015-11-02,2017-11-01,0.08951020309527845,0.08951020309527845,-0.9113746742114138,True,2016-01-07,46.0,14,1.0,0.08951020309527845,18.949014649179755,grid,Brent (BRENT_W),,
2015-12-01,2017-11-30,0.033826488802679515,0.033826488802679515,-0.9663588373475545,True,2016-01-15,31.0,8,1.0,0.033826488802679515,18.407768510694513,grid,Brent (BRENT_W),,
2016-01-04,2018-01-03,0.16170623319056135,0.16170623319056135,-0.8382371498118728,True,2016-04-20,76.0,35,1.0,0.16170623319056135,14.72433900984867,grid,Brent (BRENT_W),,
2016-02-01,2018-01-31,0.13513687370681932,0.13513687370681932,-0.8713675047986209,True,2016-04-20,56.0,22,1.0,0.13513687370681932,17.212674141261605,grid,Brent (BRENT_W),,
2016-03-01,2018-02-28,0.2706200974726472,0.2706200974726472,-0.7497065753057981,True,2016-06-07,69.0,19,1.0,0.2706200974726472,14.244651660264935,grid,Brent (BRENT_W),,
2016-04-01,2018-03-29,0.1386239594436602,0.1386239594436602,-0.8613275051831539,True,2016-06-08,48.0,9,1.0,0.1386239594436602,19.831823689815984,grid,Brent (BRENT_W),,
2016-05-02,2018-05-01,0.24164980322284593,0.24164980322284593,-0.8484768151747246,True,2018-04-10,500.0,87,1.0,1.4952211267926823,16.870019918468028,grid,Brent (BRENT_W),,
2016-06-01,2018-05-31,0.2446446031939107,0.2446446031939107,-0.8378680529447915,True,2018-04-10,478.0,83,1.0,1.4695673126490614,15.89612658901055,grid,Brent (BRENT_W),,
2016-07-01,2018-06-29,0.23645064005969832,0.23645064005969832,-0.8330429857825782,True,2018-01-24,403.0,72,1.0,1.1539890674504603,18.08811639862298,grid,Brent (BRENT_W),,
2016-08-01,2018-07-31,0.2798447900165932,0.2798447900165932,-0.8066469399116559,True,2017-12-29,365.0,67,1.0,1.3826298399186474,18.88611448319494,grid,Brent (BRENT_W),,
2016-09-01,2018-08-31,0.24772014828375258,0.24772014828375258,-0.8116501251860733,True,2017-12-26,339.0,58,1.0,1.2790131318952898,13.505453281461843,grid,Brent (BRENT_W),,
2016-10-03,2018-10-02,0.22260775015214918,0.22260775015214918,-0.8162766612157153,True,2017-12-26,317.0,51,1.0,0.8281936685058102,13.61653668866306,grid,Brent (BRENT_W),,
2016-11-01,2018-10-31,0.18315887451241636,0.18315887451241636,-0.8441366439600628,True,2017-12-26,296.0,47,1.0,0.8802620503104721,16.01562726480918,grid,Brent (BRENT_W),,
2016-12-01,2018-11-30,0.22705949287698662,0.22705949287698662,-0.786798283498372,True,2017-12-11,264.0,37,1.0,0.378739096000309,15.458986989381705,grid,Brent (BRENT_W),,
2017-01-03,2019-01-02,0.21756065658649826,0.21756065658649826,-0.7923792801005528,True,2017-12-11,243.0,35,1.0,0.21756065658649826,15.680783284703166,grid,Brent (BRENT_W),,
2017-02-01,2019-01-31,0.17596321124304093,0.17596321124304093,-0.8243058333866108,True,2017-12-11,222.0,31,1.0,0.17596321124304093,18.114694920858803,grid,Brent (BRENT_W),,
2017-03-01,2019-02-28,0.2253562957753105,0.2253562957753105,-0.7750840939129945,True,2017-12-01,196.0,30,1.0,0.2253562957753105,18.473684455490286,grid,Brent (BRENT_W),,
2017-04-03,2019-04-02,0.14354772916125708,0.14354772916125708,-0.8587707514214118,True,2017-11-06,154.0,26,1.0,0.14354772916125708,15.200237101834652,grid,Brent (BRENT_W),,
2017-05-01,2019-04-30,0.24208124847515602,0.24208124847515602,-0.7597756793127308,True,2017-11-03,134.0,23,1.0,0.24208124847515602,14.926814507654008,grid,Brent (BRENT_W),,
2017-06-01,2019-05-31,0.19116601707636105,0.19116601707636105,-0.8131798840283407,True,2017-11-03,111.0,14,1.0,0.19116601707636105,18.091351568518398,grid,Brent (BRENT_W),,
2017-07-03,2019-07-02,0.18720482725769727,0.18720482725769727,-0.8173184277927238,True,2017-11-06,90.0,14,1.0,0.18720482725769727,13.925628305852221,grid,Brent (BRENT_W),,
2017-08-01,2019-07-31,0.25920381822625155,0.25920381822625155,-0.7407054286737842,True,2017-12-29,107.0,12,1.0,0.25920381822625155,18.48366903243621,grid,Brent (BRENT_W),,
2017-09-01,2019-08-30,0.24700631139956267,0.24700631139956267,-0.7535700895360109,True,2018-01-09,90.0,13,1.0,0.24700631139956267,16.789000461052726,grid,Brent (BRENT_W),,
2017-10-02,2019-10-01,0.24407574758176045,0.24407574758176045,-0.7561211000831397,True,2018-04-13,136.0,16,1.0,0.24407574758176045,19.22055602999485,grid,Brent (BRENT_W),,
2017-11-01,2019-10-31,0.26201861803667514,0.26201861803667514,-0.7476628942276206,True,2018-05-14,135.0,19,1.0,0.26201861803667514,15.910674069689986,grid,Brent (BRENT_W),,
2017-12-01,2019-11-29,0.21213631111560494,0.21213631111560494,-0.7903666497123263,True,2018-09-28,212.0,24,1.0,0.21213631111560494,16.905107362444024,grid,Brent (BRENT_W),,
2018-01-02,2019-12-31,0.15029487112903056,0.15029487112903056,-0.8613752286278585,True,2018-12-21,252.0,36,1.0,0.15029487112903056,14.991639181390202,grid,Brent (BRENT_W),,
2018-02-01,2020-01-31,0.13044475148043852,0.13044475148043852,-0.8738100357930604,True,2018-12-21,230.0,31,1.0,0.13044475148043852,15.89493054794359,grid,Brent (BRENT_W),,
2018-03-01,2020-02-28,0.1574673814437123,0.1574673814437123,-0.8424774856762743,True,2018-12-21,210.0,29,1.0,0.1574673814437123,19.241418551185145,grid,Brent (BRENT_W),,
2018-04-02,2020-04-01,0.07909517410552896,0.07909517410552896,-0.9214802713249495,True,2018-12-18,186.0,28,1.0,0.07909517410552896,14.660946673112427,grid,Brent (BRENT_W),,
2018-05-01,2020-04-30,0.08192214600665498,0.08192214600665498,-0.9244683537587284,True,2018-12-20,167.0,27,1.0,0.08192214600665498,18.324911266470565,grid,Brent (BRENT_W),,
2018-06-01,2020-05-29,0.0771246261999813,0.0771246261999813,-0.924856494267786,True,2018-12-20,144.0,24,1.0,0.0771246261999813,18.52368872831435,grid,Brent (BRENT_W),,
2018-07-02,2020-07-01,0.08373809412002292,0.08373809412002292,-0.9176159465323522,True,2018-12-20,123.0,20,1.0,0.08373809412002292,17.641236750450158,grid,Brent (BRENT_W),,
2018-08-01,2020-07-31,0.15205328506185195,0.15205328506185195,-0.8478934776553274,True,2018-12-17,98.0,13,1.0,0.15205328506185195,18.4129553402615,grid,Brent (BRENT_W),,
2018-09-03,2020-09-02,0.054830453277054166,0.054830453277054166,-0.9451503493452167,True,2018-12-18,76.0,11,1.0,0.054830453277054166,15.731572851429133,grid,Brent (BRENT_W),,
2018-10-01,2020-09-30,0.06002712505223366,0.06002712505223366,-0.9399518580981007,True,2018-12-20,58.0,11,1.0,0.06002712505223366,19.88518470321901,grid,Brent (BRENT_W),,
2018-11-01,2020-10-30,0.0,0.0,-1.0,True,2020-03-09,347.0,55,1.0,0.9053156696370381,12.505808150881121,grid,Brent (BRENT_W),,
2018-12-03,2020-12-02,0.22023494310084887,0.22023494310084887,-0.7816135051316603,True,2019-04-16,94.0,19,1.0,0.22023494310084887,19.05853745570732,grid,Brent (BRENT_W),,
2019-01-02,2020-12-31,0.2551990802135071,0.2551990802135071,-0.7447115688355853,True,2019-04-18,76.0,7,1.0,0.2551990802135071,19.854193676118452,grid,Brent (BRENT_W),,
2019-02-01,2021-01-29,0.06613919792152877,0.06613919792152877,-0.9547987957139202,True,2020-03-09,283.0,59,1.0,1.3849502138437528,6.04655118370363,grid,Brent (BRENT_W),,
2019-03-01,2021-02-26,0.06796178907095332,0.06796178907095332,-0.9548460286813358,True,2020-03-09,263.0,56,1.0,1.488133575875515,4.995493930744514,grid,Brent (BRENT_W),,
2019-04-01,2021-03-31,0.058829900687056125,0.058829900687056125,-0.9575774429164473,True,2020-03-09,242.0,50,1.0,0.058829900687056125,4.876655869494378,grid,Brent (BRENT_W),,
2019-05-01,2021-04-30,0.0,0.0,-1.0,True,2020-03-09,221.0,45,1.0,0.0,5.194465421246313,grid,Brent (BRENT_W),,
2019-06-03,2021-06-02,0.0,0.0,-1.0,True,2020-03-09,198.0,48,1.0,0.0,6.197914144639541,grid,Brent (BRENT_W),,
2019-07-01,2021-06-30,0.0,0.0,-1.0,True,2020-03-09,178.0,43,1.0,0.0,6.05860585301517,grid,Brent (BRENT_W),,
2019-08-01,2021-07-30,0.0,0.0,-1.0,True,2020-03-09,155.0,32,1.0,0.0,7.356746490948675,grid,Brent (BRENT_W),,
2019-09-02,2021-09-01,0.0,0.0,-1.0,True,2020-03-09,133.0,31,1.0,0.0,7.9788502866732145,grid,Brent (BRENT_W),,
2019-10-01,2021-09-30,0.0,0.0,-1.0,True,2020-03-09,112.0,21,1.0,0.0,13.874826852558684,grid,Brent (BRENT_W),,
2019-11-01,2021-10-29,0.0,0.0,-1.0,True,2020-03-09,89.0,19,1.0,0.0,12.409455480830209,grid,Brent (BRENT_W),,
2019-12-02,2021-12-01,0.0,0.0,-1.0,True,2020-03-09,68.0,17,1.0,0.0,13.953028311699443,grid,Brent (BRENT_W),,
2020-01-02,2021-12-31,0.0,0.0,-1.0,True,2020-03-09,47.0,13,1.0,0.0,11.115715789637576,grid,Brent (BRENT_W),,
2020-02-03,2022-02-02,0.0,0.0,-1.0,True,2020-03-09,25.0,8,1.0,0.0,6.5914503591499685,grid,Brent (BRENT_W),,
2020-03-02,2022-03-01,0.0,0.0,-1.0,True,2020-03-12,8.0,3,1.0,0.0,15.750442567691938,grid,Brent (BRENT_W),,
2020-04-01,2022-03-31,0.0,0.0,-1.0,True,2020-04-21,13.0,6,1.0,0.0,13.701720576008373,grid,Brent (BRENT_W),,
2020-05-01,2022-04-29,0.2730018106666932,0.2730018106666932,-0.7269026052451426,True,2020-05-18,11.0,8,1.0,0.2730018106666932,8.884786070624752,grid,Brent (BRENT_W),,
2020-06-01,2022-05-31,0.18002439151961866,0.18002439151961866,-0.845286720427672,True,2021-01-08,157.0,35,1.0,0.18002439151961866,15.716365518682794,grid,Brent (BRENT_W),,
2020-07-01,2022-06-30,0.13790946581911903,0.13790946581911903,-0.8651108739486815,True,2021-01-08,135.0,27,1.0,0.13790946581911903,17.285148687420474,grid,Brent (BRENT_W),,
2020-08-03,2022-08-02,0.16053146552015465,0.16053146552015465,-0.8413655983369617,True,2021-01-08,112.0,26,1.0,0.16053146552015465,15.69177824242141,grid,Brent (BRENT_W),,
2020-09-01,2022-08-31,0.17542833761436358,0.17542833761436358,-0.8245102409699759,True,2021-01-08,91.0,25,1.0,0.17542833761436358,14.692274683083927,grid,Brent (BRENT_W),,
2020-10-01,2022-09-30,0.17902171457525212,0.17902171457525212,-0.827092458532345,True,2021-01-05,66.0,17,1.0,0.17902171457525212,16.33197125135699,grid,Brent (BRENT_W),,
2020-11-02,2022-11-01,0.23061221821636296,0.23061221821636296,-0.7693070392473735,True,2020-12-18,34.0,6,1.0,0.23061221821636296,17.257516426853194,grid,Brent (BRENT_W),,
2020-12-01,2022-11-30,0.22941637256215525,0.22941637256215525,-0.7705033035941027,True,2021-02-12,51.0,7,1.0,0.22941637256215525,15.035954839075066,grid,Brent (BRENT_W),,
2021-01-04,2023-01-03,0.19822100005330426,0.19822100005330426,-0.8017095983061029,True,2021-02-24,37.0,6,1.0,0.19822100005330426,17.06768272155932,grid,Brent (BRENT_W),,
2021-02-01,2023-01-31,0.26585826452019545,0.26585826452019545,-0.7340486525081824,True,2021-06-23,101.0,21,1.0,0.26585826452019545,18.4504977313045,grid,Brent (BRENT_W),,
2021-03-01,2023-02-28,0.1777720726346997,0.1777720726346997,-0.8348413375204355,True,2021-10-05,155.0,32,1.0,0.1777720726346997,19.889315229348572,grid,Brent (BRENT_W),,
2021-04-01,2023-03-31,0.21946015706325542,0.21946015706325542,-0.7851983288204499,True,2021-10-11,136.0,29,1.0,0.21946015706325542,18.969521645418013,grid,Brent (BRENT_W),,
2021-05-03,2023-05-02,0.26865119096491014,0.26865119096491014,-0.7506824757494798,True,2022-01-25,191.0,38,1.0,0.26865119096491014,19.844473539352823,grid,Brent (BRENT_W),,
2021-06-01,2023-05-31,0.1923804219971466,0.1923804219971466,-0.8273665373927475,True,2022-02-03,177.0,34,1.0,0.1923804219971466,19.725584365088547,grid,Brent (BRENT_W),,
2021-07-01,2023-06-30,0.2212461720893448,0.2212461720893448,-0.7873340973783336,True,2022-01-28,151.0,30,1.0,0.2212461720893448,18.790920156174334,grid,Brent (BRENT_W),,
2021-08-02,2023-08-01,0.22223080128654668,0.22223080128654668,-0.7776913907001983,True,2022-01-18,121.0,21,1.0,0.22223080128654668,19.77310341250011,grid,Brent (BRENT_W),,
2021-09-01,2023-08-31,0.25374810182240476,0.25374810182240476,-0.767558449213083,True,2022-02-11,117.0,25,1.0,0.25374810182240476,14.855999534895023,grid,Brent (BRENT_W),,
2021-10-01,2023-09-29,0.22076323411267024,0.22076323411267024,-0.7821628075920865,True,2022-02-11,95.0,17,1.0,0.22076323411267024,15.118436406835569,grid,Brent (BRENT_W),,
2021-11-01,2023-10-31,0.23251154739584204,0.23251154739584204,-0.7733034291845536,True,2022-02-21,80.0,19,1.0,0.23251154739584204,17.626238299893412,grid,Brent (BRENT_W),,
2021-12-01,2023-11-30,0.23302256144397238,0.23302256144397238,-0.7668958521042641,True,2022-01-31,43.0,8,1.0,0.23302256144397238,19.085032715579956,grid,Brent (BRENT_W),,
2022-01-03,2024-01-02,0.0,0.0,-1.0,True,2022-03-01,41.0,9,1.0,0.0,15.520295638933703,grid,Brent (BRENT_W),,
2022-02-01,2024-01-31,0.13905726664111454,0.13905726664111454,-0.8610221776749571,True,2022-03-04,23.0,7,1.0,0.13905726664111454,14.831855879877185,grid,Brent (BRENT_W),,
2022-03-01,2024-02-29,1.6478605619530944,0.48617560028494017,-0.513654178677597,False,,,116,1.0,1.4639282957049469,8.556400821541859,grid,Brent (BRENT_W),,
1991-01-02,1992-12-31,0.22543552592731878,0.22543552592731878,-0.7834640607625736,True,1992-09-03,424.0,34,1.0,0.6527818274980697,17.574473683584117,grid,NatGas (GAS_US),,
1991-02-01,1993-01-29,0.2080987718925285,0.2080987718925285,-0.7916929210285,True,1992-08-10,384.0,31,1.0,0.7500070738739888,18.74559992139044,grid,NatGas (GAS_US),,
1991-03-01,1993-02-26,0.2073890030409624,0.2073890030409624,-0.7950402687320771,True,1992-07-30,358.0,30,1.0,0.6966115098731879,16.07191618178019,grid,NatGas (GAS_US),,
1991-04-01,1993-03-31,0.20875720567997483,0.20875720567997483,-0.794421255538251,True,1992-07-30,338.0,30,1.0,0.9266793050797114,16.00164859904238,grid,NatGas (GAS_US),,
1991-05-01,1993-04-30,0.19931073059907684,0.19931073059907684,-0.8004897591600832,True,1992-07-30,316.0,31,1.0,0.956463568845126,17.134730557852087,grid,NatGas (GAS_US),,
1991-06-03,1993-06-02,0.15143266993689833,0.15143266993689833,-0.8484157458089105,True,1992-07-27,291.0,27,1.0,0.6418886837708414,14.732020313048348,grid,NatGas (GAS_US),,
1991-07-01,1993-06-30,0.21586596727705784,0.21586596727705784,-0.7868653369957291,True,1992-07-24,270.0,26,1.0,0.899790376069491,16.33221687447162,grid,NatGas (GAS_US),,
1991-08-01,1993-07-30,0.21912953443279004,0.21912953443279004,-0.7806511166838939,True,1992-07-13,239.0,21,1.0,0.21912953443279004,13.882778430496293,grid,NatGas (GAS_US),,
1991-09-03,1993-09-02,0.07591971444444534,0.07591971444444534,-0.9250046761217727,True,1992-07-27,227.0,22,1.0,0.07591971444444534,19.141942740884883,grid,NatGas (GAS_US),,
1991-10-01,1993-09-30,0.22814405635435375,0.22814405635435375,-0.7773204509271995,True,1992-07-21,203.0,17,1.0,0.22814405635435375,15.70419902441766,grid,NatGas (GAS_US),,
1991-11-01,1993-10-29,0.21891646385961064,0.21891646385961064,-0.781927625793697,True,1992-07-13,174.0,15,1.0,0.21891646385961064,12.778748945137558,grid,NatGas (GAS_US),,
1991-12-02,1993-12-01,0.15974970667432706,0.15974970667432706,-0.8400903837093824,True,1992-07-13,154.0,14,1.0,0.15974970667432706,15.05342333726078,grid,NatGas (GAS_US),,
1992-01-02,1993-12-30,0.19799194951265284,0.19799194951265284,-0.8259463332353603,True,1992-07-13,133.0,13,1.0,0.19799194951265284,14.1051611822327,grid,NatGas (GAS_US),,
1992-02-03,1994-02-02,0.17033218338322606,0.17033218338322606,-0.8319868060567386,True,1992-06-01,82.0,8,1.0,0.17033218338322606,18.035721367454613,grid,NatGas (GAS_US),,
1992-03-02,1994-03-01,0.20593721895121883,0.20593721895121883,-0.7938566376864676,True,1992-06-01,63.0,7,1.0,0.20593721895121883,14.74537266316676,grid,NatGas (GAS_US),,
1992-04-01,1994-03-31,0.11318346477052339,0.11318346477052339,-0.8881725861931786,True,1992-07-27,80.0,8,1.0,0.11318346477052339,15.845788663661606,grid,NatGas (GAS_US),,
1992-05-01,1994-04-29,0.2018914333363457,0.2018914333363457,-0.7979064731367911,True,1992-09-09,90.0,7,1.0,0.2018914333363457,19.143899288023427,grid,NatGas (GAS_US),,
1992-06-01,1994-05-31,0.1962985478189934,0.1962985478189934,-0.808273275341112,True,1993-03-31,208.0,20,1.0,0.1962985478189934,19.01666246552115,grid,NatGas (GAS_US),,
1992-07-01,1994-06-30,0.1776507216760403,0.1776507216760403,-0.8239913403442695,True,1993-03-24,181.0,19,1.0,0.1776507216760403,15.567730408586804,grid,NatGas (GAS_US),,
1992-08-03,1994-08-02,0.1667444435029252,0.1667444435029252,-0.8646242172314562,True,1993-04-12,171.0,20,1.0,0.1667444435029252,12.56146218722066,grid,NatGas (GAS_US),,
1992-09-01,1994-08-31,0.08779229482200476,0.08779229482200476,-0.9183355987304558,True,1993-04-12,150.0,15,1.0,0.08779229482200476,15.264847906612275,grid,NatGas (GAS_US),,
1992-10-01,1994-09-30,0.20984390100656553,0.20984390100656553,-0.7982684059057072,True,1993-04-08,128.0,13,1.0,0.20984390100656553,10.593183346915023,grid,NatGas (GAS_US),,
1992-11-02,1994-11-01,0.04081129313875062,0.04081129313875062,-0.9599690184449157,True,1993-04-12,107.0,10,1.0,0.04081129313875062,17.75880988478377,grid,NatGas (GAS_US),,
1992-12-01,1994-11-30,0.13549238604894662,0.13549238604894662,-0.8707749834941714,True,1993-04-08,87.0,8,1.0,0.13549238604894662,13.167749413967567,grid,NatGas (GAS_US),,
1993-01-04,1995-01-03,0.1975422221754311,0.1975422221754311,-0.8022600378624314,True,1993-04-06,64.0,5,1.0,0.1975422221754311,14.588491049013273,grid,NatGas (GAS_US),,
1993-02-01,1995-01-31,0.12465851681726106,0.12465851681726106,-0.8754333036954113,True,1993-04-12,47.0,6,1.0,0.12465851681726106,13.039187039268567,grid,NatGas (GAS_US),,
1993-03-02,1995-03-01,0.12254452987134114,0.12254452987134114,-0.9177600480995625,True,1994-12-23,456.0,46,1.0,1.2167926222876368,17.3231374660559,grid,NatGas (GAS_US),,
1993-04-01,1995-03-31,0.08036943716247612,0.08036943716247612,-0.9378031778309422,True,1994-12-01,418.0,41,1.0,1.1544139355374252,16.580403939080124,grid,NatGas (GAS_US),,
1993-05-03,1995-05-02,0.07325309211156268,0.07325309211156268,-0.9402484539707737,True,1995-01-06,421.0,38,1.0,1.078122210925053,17.40378449908764,grid,NatGas (GAS_US),,
1993-06-01,1995-05-31,0.11241296008425401,0.11241296008425401,-0.8973496525390605,True,1994-11-16,368.0,29,1.0,1.089523289164518,16.414300042853434,grid,NatGas (GAS_US),,
1993-07-01,1995-06-30,0.10498688848997799,0.10498688848997799,-0.9043718602210952,True,1994-11-16,346.0,29,1.0,1.089950834078773,17.418174236985866,grid,NatGas (GAS_US),,
1993-08-02,1995-08-01,0.09739054047069048,0.09739054047069048,-0.907774176619219,True,1994-10-20,306.0,25,1.0,0.8675152798200727,15.378171221968737,grid,NatGas (GAS_US),,
1993-09-02,1995-09-01,0.09132383768350757,0.09132383768350757,-0.9145200764048047,True,1994-11-17,304.0,28,1.0,0.48937918624078347,15.303323216149543,grid,NatGas (GAS_US),,
1993-10-01,1995-09-29,0.10109749834891053,0.10109749834891053,-0.9028000975552176,True,1994-11-16,283.0,24,1.0,0.4018354436352628,17.881469575130765,grid,NatGas (GAS_US),,
1993-11-01,1995-10-31,0.12311466962366177,0.12311466962366177,-0.8778699987449139,True,1994-10-20,243.0,22,1.0,0.12311466962366177,13.39309847336762,grid,NatGas (GAS_US),,
1993-12-01,1995-11-30,0.1108627502713196,0.1108627502713196,-0.8890262760046851,True,1994-10-18,221.0,17,1.0,0.1108627502713196,19.7977954426643,grid,NatGas (GAS_US),,
1994-01-03,1996-01-02,0.15463986185962764,0.15463986185962764,-0.8452053434838562,True,1994-10-06,192.0,16,1.0,0.15463986185962764,18.833186828262438,grid,NatGas (GAS_US),,
1994-02-01,1996-01-31,0.09558585419677267,0.09558585419677267,-0.9043184642674948,True,1994-10-18,179.0,12,1.0,0.09558585419677267,18.695568171132585,grid,NatGas (GAS_US),,
1994-03-01,1996-02-29,0.09899943775821836,0.09899943775821836,-0.9009820097104795,True,1994-11-16,181.0,12,1.0,0.09899943775821836,17.37422725345387,grid,NatGas (GAS_US),,
1994-04-04,1996-04-03,0.10130586597200449,0.10130586597200449,-0.8989083535910352,True,1994-11-16,158.0,12,1.0,0.10130586597200449,17.077161301889753,grid,NatGas (GAS_US),,
1994-05-02,1996-05-01,0.002981859938368809,0.002981859938368809,-0.9971550935692715,True,1994-12-19,160.0,16,1.0,0.002981859938368809,17.692780251387383,grid,NatGas (GAS_US),,
1994-06-01,1996-05-31,0.10342317830499011,0.10342317830499011,-0.8973323421821672,True,1994-11-17,119.0,10,1.0,0.10342317830499011,15.312872009236946,grid,NatGas (GAS_US),,
1994-07-01,1996-06-28,0.10137112241598216,0.10137112241598216,-0.8985274049890069,True,1994-11-17,97.0,9,1.0,0.10137112241598216,14.803555735684474,grid,NatGas (GAS_US),,
1994-08-01,1996-07-31,0.10672694199410065,0.10672694199410065,-0.89333125770462,True,1995-01-09,110.0,12,1.0,0.10672694199410065,12.74781357804002,grid,NatGas (GAS_US),,
1994-09-01,1996-08-30,0.20857725734074348,0.20857725734074348,-0.7931368210145983,True,1996-01-09,337.0,33,1.0,0.5749227006292761,13.786067983207444,grid,NatGas (GAS_US),,
1994-10-03,1996-10-02,0.16982815014550712,0.16982815014550712,-0.8350678098312189,True,1996-01-09,316.0,33,1.0,0.676017002523527,13.284649609183338,grid,NatGas (GAS_US),,
1994-11-01,1996-10-31,0.08179737292871672,0.08179737292871672,-0.9181207478191024,True,1996-01-09,295.0,29,1.0,0.5491599972322774,17.958120184894828,grid,NatGas (GAS_US),,
1994-12-01,1996-11-27,0.19723479415295914,0.19723479415295914,-0.8170805536182578,True,1996-01-05,274.0,34,1.0,1.0192954020494418,15.936915665843614,grid,NatGas (GAS_US),,
1995-01-03,1997-01-02,0.18836332821360932,0.18836332821360932,-0.8300513751163201,True,1996-01-03,251.0,28,1.0,0.18836332821360932,15.73978612925927,grid,NatGas (GAS_US),,
1995-02-01,1997-01-31,0.23793867398190938,0.23793867398190938,-0.7798841491839102,True,1995-12-21,223.0,21,1.0,0.23793867398190938,17.36519436766159,grid,NatGas (GAS_US),,
1995-03-01,1997-02-28,0.15853470873752087,0.15853470873752087,-0.8415902458649774,True,1995-12-20,203.0,18,1.0,0.15853470873752087,17.055940586234293,grid,NatGas (GAS_US),,
1995-04-03,1997-04-02,0.24554284145203353,0.24554284145203353,-0.7542113699178844,True,1995-12-19,179.0,14,1.0,0.24554284145203353,11.482165836519968,grid,NatGas (GAS_US),,
1995-05-01,1997-04-30,0.25952093637507967,0.25952093637507967,-0.7442856751701996,True,1995-12-19,160.0,16,1.0,0.25952093637507967,11.333639392651959,grid,NatGas (GAS_US),,
1995-06-01,1997-05-30,0.2204227084422098,0.2204227084422098,-0.7793566482059963,True,1995-12-19,138.0,15,1.0,0.2204227084422098,10.20560296478822,grid,NatGas (GAS_US),,
1995-07-05,1997-07-03,0.18224591863327286,0.18224591863327286,-0.8331705097027762,True,1995-12-19,116.0,12,1.0,0.18224591863327286,11.424385449117477,grid,NatGas (GAS_US),,
1995-08-01,1997-07-31,0.10842423636834508,0.10842423636834508,-0.8914672308625174,True,1995-12-20,98.0,8,1.0,0.10842423636834508,15.17492776104603,grid,NatGas (GAS_US),,
1995-09-01,1997-08-29,0.2245359720134249,0.2245359720134249,-0.7784717466096424,True,1996-01-03,83.0,6,1.0,0.2245359720134249,13.762919762716843,grid,NatGas (GAS_US),,
1995-10-02,1997-10-01,0.1972865529657683,0.1972865529657683,-0.8025159629972289,True,1996-01-03,63.0,8,1.0,0.1972865529657683,15.467313497756347,grid,NatGas (GAS_US),,
1995-11-01,1997-10-31,0.15821361102259676,0.15821361102259676,-0.8416280169943977,True,1996-01-05,43.0,7,1.0,0.15821361102259676,17.415512561702535,grid,NatGas (GAS_US),,
1995-12-01,1997-11-26,0.2539501670787736,0.2539501670787736,-0.7768943537917465,True,1996-04-12,90.0,21,1.0,0.2539501670787736,16.06374555415855,grid,NatGas (GAS_US),,
1996-01-02,1997-12-31,0.24516554781740418,0.24516554781740418,-0.7873467922270792,True,1996-06-17,115.0,21,1.0,0.24516554781740418,15.414914315590424,grid,NatGas (GAS_US),,
1996-02-01,1998-01-30,0.18864613683363574,0.18864613683363574,-0.8145069107142009,True,1996-06-17,94.0,12,1.0,0.18864613683363574,17.363823683893578,grid,NatGas (GAS_US),,
1996-03-01,1998-02-27,0.22524474913338335,0.22524474913338335,-0.8263113425611033,True,1996-11-22,185.0,33,1.0,0.22524474913338335,19.491409773809536,grid,NatGas (GAS_US),,
1996-04-01,1998-03-31,0.2403936432358502,0.2403936432358502,-0.7893191216098094,True,1996-11-22,164.0,31,1.0,0.2403936432358502,11.48386322153069,grid,NatGas (GAS_US),,
1996-05-01,1998-04-30,0.21624002327629366,0.21624002327629366,-0.7916266510191264,True,1996-11-25,144.0,27,1.0,0.21624002327629366,17.586696931428733,grid,NatGas (GAS_US),,
1996-06-03,1998-06-02,0.17205000342335952,0.17205000342335952,-0.8277777743509915,True,1996-11-25,122.0,24,1.0,0.17205000342335952,17.599554001947403,grid,NatGas (GAS_US),,
1996-07-01,1998-06-30,0.1582529639858946,0.1582529639858946,-0.8415886246387442,True,1996-11-22,101.0,20,1.0,0.1582529639858946,12.789579080998951,grid,NatGas (GAS_US),,
1996-08-01,1998-07-31,0.13775618038521417,0.13775618038521417,-0.865683975196505,True,1996-11-22,80.0,13,1.0,0.13775618038521417,16.98194275721401,grid,NatGas (GAS_US),,
1996-09-03,1998-09-02,0.20617404648092802,0.20617404648092802,-0.7943593172924618,True,1996-11-19,55.0,10,1.0,0.20617404648092802,9.371690704353968,grid,NatGas (GAS_US),,
1996-10-01,1998-09-30,0.21014479475532427,0.21014479475532427,-0.796315777066161,True,1996-11-25,39.0,9,1.0,0.21014479475532427,15.119598570602266,grid,NatGas (GAS_US),,
1996-11-01,1998-10-30,0.11286764467340749,0.11286764467340749,-0.8870193747012938,True,1996-12-13,28.0,5,1.0,0.11286764467340749,16.066274614647924,grid,NatGas (GAS_US),,
1996-12-02,1998-12-01,0.21967816648488883,0.21967816648488883,-0.8259786430576006,True,1997-10-22,225.0,43,1.0,0.21967816648488883,12.862218779890393,grid,NatGas (GAS_US),,
1997-01-02,1998-12-31,0.13645762961684932,0.13645762961684932,-0.86340577615931,True,1997-10-20,202.0,26,1.0,0.13645762961684932,18.69277993924799,grid,NatGas (GAS_US),,
1997-02-03,1999-02-02,0.25219523864695287,0.25219523864695287,-0.7690572496865897,True,1997-09-23,161.0,19,1.0,0.25219523864695287,15.533603240273893,grid,NatGas (GAS_US),,
1997-03-03,1999-03-02,0.22022016626387195,0.22022016626387195,-0.78176377200803,True,1997-09-03,128.0,11,1.0,0.22022016626387195,19.149502433768568,grid,NatGas (GAS_US),,
1997-04-01,1999-03-31,0.12779383784577564,0.12779383784577564,-0.8770378021416844,True,1997-09-22,121.0,10,1.0,0.12779383784577564,18.946642466064922,grid,NatGas (GAS_US),,
1997-05-01,1999-04-30,0.19331908421161123,0.19331908421161123,-0.8200953468825339,True,1997-10-20,119.0,13,1.0,0.19331908421161123,12.80240959392319,grid,NatGas (GAS_US),,
1997-06-02,1999-06-01,0.1419191212560784,0.1419191212560784,-0.8627611408097504,True,1997-10-20,98.0,10,1.0,0.1419191212560784,15.136222808794583,grid,NatGas (GAS_US),,
1997-07-01,1999-06-30,0.09772213383355949,0.09772213383355949,-0.9021800462126531,True,1997-10-20,77.0,7,1.0,0.09772213383355949,16.589040538954247,grid,NatGas (GAS_US),,
1997-08-01,1999-07-30,0.14114468305945582,0.14114468305945582,-0.8587140309715158,True,1997-10-22,57.0,9,1.0,0.14114468305945582,15.299952711249615,grid,NatGas (GAS_US),,
1997-09-02,1999-09-01,0.10275321182743898,0.10275321182743898,-0.9030732164610659,True,1998-06-09,192.0,25,1.0,0.10275321182743898,17.093871888919512,grid,NatGas (GAS_US),,
1997-10-01,1999-09-30,0.08861622306437797,0.08861622306437797,-0.9127128239144341,True,1998-08-06,212.0,28,1.0,0.08861622306437797,18.98707066349662,grid,NatGas (GAS_US),,
1997-11-03,1999-11-02,0.08124851800103729,0.08124851800103729,-0.9186701521511138,True,1998-09-02,208.0,26,1.0,0.08124851800103729,16.147363340223198,grid,NatGas (GAS_US),,
1997-12-01,1999-11-30,0.049186159843121774,0.049186159843121774,-0.954275191805384,True,1998-12-28,269.0,33,1.0,0.17673056044463542,17.382094790381956,grid,NatGas (GAS_US),,
1998-01-02,1999-12-30,0.13547602817507637,0.13547602817507637,-0.8699335088585886,True,1998-11-30,228.0,32,1.0,0.13547602817507637,12.71861427240711,grid,NatGas (GAS_US),,
1998-02-02,2000-02-01,0.07278881022590204,0.07278881022590204,-0.9276943390945612,True,1998-12-02,210.0,29,1.0,0.07278881022590204,17.62531200462487,grid,NatGas (GAS_US),,
1998-03-02,2000-03-01,0.12301076819655457,0.12301076819655457,-0.8789110371403143,True,1998-11-30,189.0,27,1.0,0.12301076819655457,12.972870386643809,grid,NatGas (GAS_US),,
1998-04-01,2000-03-31,0.1084574710104063,0.1084574710104063,-0.8941457479115782,True,1998-11-30,167.0,23,1.0,0.1084574710104063,13.27987479777368,grid,NatGas (GAS_US),,
1998-05-01,2000-04-28,0.7410623202762588,0.12163998170268475,-0.8856907303913333,False,,,52,1.0,0.6595327883536052,17.068589616163443,grid,NatGas (GAS_US),,
1998-06-01,2000-05-31,0.19748973708733794,0.1270481053784287,-0.8804141943092422,True,2000-05-19,494.0,53,1.0,0.6999090088704175,17.091389965454795,grid,NatGas (GAS_US),,
1998-07-01,2000-06-30,0.07058176337147229,0.07058176337147229,-0.9293475842127404,True,1999-02-25,163.0,26,1.0,0.07058176337147229,18.558950378674815,grid,NatGas (GAS_US),,
1998-08-03,2000-08-02,0.20424150101950106,0.20424150101950106,-0.8476899816870206,True,2000-05-17,448.0,57,1.0,0.9105278213536907,11.674287305926645,grid,NatGas (GAS_US),,
1998-09-01,2000-08-31,0.23655580610888094,0.23655580610888094,-0.7830411187752405,True,1999-08-23,244.0,33,1.0,0.23655580610888094,13.22597048396389,grid,NatGas (GAS_US),,
1998-10-01,2000-09-29,0.09878146270709293,0.09878146270709293,-0.9175423246645503,True,2000-05-17,406.0,49,1.0,0.8128251614917782,14.997120286674537,grid,NatGas (GAS_US),,
1998-11-02,2000-11-01,0.1967768668773617,0.1967768668773617,-0.8116597785114403,True,1999-08-23,201.0,29,1.0,0.1967768668773617,14.043481865314327,grid,NatGas (GAS_US),,
1998-12-01,2000-11-30,0.08527098875118574,0.08527098875118574,-0.9255091726570867,True,1999-08-19,180.0,26,1.0,0.08527098875118574,19.616924614869077,grid,NatGas (GAS_US),,
1999-01-04,2001-01-03,0.08425980108457662,0.08425980108457662,-0.9235067202408491,True,1999-08-19,158.0,21,1.0,0.08425980108457662,19.48925671991377,grid,NatGas (GAS_US),,
1999-02-01,2001-01-31,0.1723077562337933,0.1723077562337933,-0.8343280494645355,True,1999-08-06,130.0,15,1.0,0.1723077562337933,17.524659841252625,grid,NatGas (GAS_US),,
1999-03-01,2001-02-28,0.23566679110572614,0.23566679110572614,-0.774519121970819,True,1999-08-09,112.0,18,1.0,0.23566679110572614,17.153303887691948,grid,NatGas (GAS_US),,
1999-04-01,2001-03-30,0.15800657781945365,0.15800657781945365,-0.8797051090731526,True,2000-05-17,282.0,33,1.0,1.3130568131587006,14.021352473335257,grid,NatGas (GAS_US),,
1999-05-03,2001-05-02,0.10225435424845558,0.10225435424845558,-0.9206039371359632,True,2000-05-19,263.0,37,1.0,1.1205829417260271,19.29155306192254,grid,NatGas (GAS_US),,
1999-06-01,2001-05-31,0.3070157244109437,0.3070157244109437,-0.753045759507414,True,2000-05-17,241.0,34,1.0,0.3070157244109437,9.756670217600595,grid,NatGas (GAS_US),,
1999-07-01,2001-06-29,0.316643631524275,0.316643631524275,-0.7558350756665966,True,2000-05-17,219.0,29,1.0,0.316643631524275,13.24649081179273,grid,NatGas (GAS_US),,
1999-08-02,2001-08-01,0.16222148146754117,0.16222148146754117,-0.8593251490426639,True,2000-05-17,198.0,27,1.0,0.16222148146754117,12.059202311145897,grid,NatGas (GAS_US),,
1999-09-01,2001-08-31,0.0,0.0,-1.0,True,2000-05-17,176.0,19,1.0,0.0,14.83405600142772,grid,NatGas (GAS_US),,
1999-10-01,2001-09-28,0.0,0.0,-1.0,True,2000-05-17,155.0,19,1.0,0.0,15.285833720124137,grid,NatGas (GAS_US),,
1999-11-01,2001-10-31,0.1912441132904276,0.1912441132904276,-0.8085644511607332,True,2000-05-16,133.0,15,1.0,0.1912441132904276,17.473119052263545,grid,NatGas (GAS_US),,
1999-12-01,2001-11-30,0.20150211581465025,0.20150211581465025,-0.8046145111908304,True,2000-05-10,109.0,10,1.0,0.20150211581465025,15.9869524317681,grid,NatGas (GAS_US),,
2000-01-04,2002-01-03,0.18129259222707345,0.18129259222707345,-0.8185259337066332,True,2000-05-01,81.0,5,1.0,0.18129259222707345,16.63083418116382,grid,NatGas (GAS_US),,
2000-02-01,2002-01-31,0.15424785105148506,0.15424785105148506,-0.8492820410015325,True,2000-05-17,74.0,6,1.0,0.15424785105148506,12.246503664082802,grid,NatGas (GAS_US),,
2000-03-01,2002-02-28,0.06416386017989047,0.06416386017989047,-0.9367704751842281,True,2000-05-25,60.0,5,1.0,0.06416386017989047,19.09039697055872,grid,NatGas (GAS_US),,
2000-04-03,2002-04-02,0.19023601401678208,0.19023601401678208,-0.8126290696665721,True,2000-05-25,37.0,5,1.0,0.19023601401678208,12.049928374130616,grid,NatGas (GAS_US),,
2000-05-01,2002-04-30,0.223849478898841,0.223849478898841,-0.7793429933944038,True,2000-06-22,37.0,10,1.0,0.223849478898841,17.380696050145914,grid,NatGas (GAS_US),,
2000-06-01,2002-05-31,0.18730786431646873,0.18730786431646873,-0.8242686303920778,True,2000-11-14,115.0,22,1.0,0.18730786431646873,15.428741118904647,grid,NatGas (GAS_US),,
2000-07-05,2002-07-03,0.17915402804550754,0.17915402804550754,-0.8221908617170403,True,2000-09-19,53.0,8,1.0,0.17915402804550754,17.643433925169177,grid,NatGas (GAS_US),,
2000-08-01,2002-07-31,0.15462874046918815,0.15462874046918815,-0.8453031907403756,True,2000-11-15,75.0,12,1.0,0.15462874046918815,13.422405723724996,grid,NatGas (GAS_US),,
2000-09-01,2002-08-30,0.2602393667255169,0.2602393667255169,-0.7604272596972536,True,2000-12-01,62.0,12,1.0,0.2602393667255169,13.15723914931916,grid,NatGas (GAS_US),,
2000-10-02,2002-10-01,0.18459521601017018,0.18459521601017018,-0.8221291920003104,True,2000-12-01,42.0,15,1.0,0.18459521601017018,13.513502439774811,grid,NatGas (GAS_US),,
2000-11-01,2002-10-31,0.13092764313889685,0.13092764313889685,-0.8693471634434637,True,2000-12-01,20.0,6,1.0,0.13092764313889685,14.876095096351687,grid,NatGas (GAS_US),,
2000-12-01,2002-11-27,0.23696364739140346,0.23696364739140346,-0.762799151760357,True,2000-12-29,19.0,6,1.0,0.23696364739140346,11.421267109702601,grid,NatGas (GAS_US),,
2001-01-02,2002-12-31,0.10261237900156997,0.10261237900156997,-0.8972849059043344,True,2001-05-02,83.0,18,1.0,0.10261237900156997,14.018834122461856,grid,NatGas (GAS_US),,
2001-02-01,2003-01-31,0.10083569774349753,0.10083569774349753,-0.9130980149907763,True,2001-07-19,116.0,25,1.0,0.10083569774349753,12.11964241008802,grid,NatGas (GAS_US),,
2001-03-01,2003-02-28,0.02419587791439461,0.02419587791439461,-0.9770830495795829,True,2001-06-29,84.0,18,1.0,0.02419587791439461,15.542476904454617,grid,NatGas (GAS_US),,
2001-04-02,2003-04-01,0.09116410550695415,0.09116410550695415,-0.9095859474034753,True,2001-06-29,62.0,16,1.0,0.09116410550695415,11.008968111360298,grid,NatGas (GAS_US),,
2001-05-01,2003-04-30,0.06205563232486852,0.06205563232486852,-0.9390359185771974,True,2001-08-28,83.0,23,1.0,0.06205563232486852,14.430010538340172,grid,NatGas (GAS_US),,
2001-06-01,2003-05-30,0.030388059660292073,0.030388059660292073,-0.9697488596426321,True,2001-09-19,73.0,21,1.0,0.030388059660292073,13.73672981847529,grid,NatGas (GAS_US),,
2001-07-02,2003-07-01,0.08863345664145375,0.08863345664145375,-0.92268178965216,True,2002-01-10,128.0,30,1.0,0.08863345664145375,17.040313459198412,grid,NatGas (GAS_US),,
2001-08-01,2003-07-31,0.1336682223425392,0.1336682223425392,-0.866197975633094,True,2001-10-01,39.0,9,1.0,0.1336682223425392,17.42968333501882,grid,NatGas (GAS_US),,
2001-09-04,2003-09-03,0.1815399850350777,0.1815399850350777,-0.8420697333722692,True,2002-05-14,169.0,33,1.0,0.1815399850350777,18.56867471379215,grid,NatGas (GAS_US),,
2001-10-01,2003-09-30,0.24475984202326062,0.24475984202326062,-0.7860515269512698,True,2002-04-02,123.0,24,1.0,0.24475984202326062,15.836264871640712,grid,NatGas (GAS_US),,
2001-11-01,2003-10-31,0.2007665547053602,0.2007665547053602,-0.7990324777724123,True,2002-05-14,130.0,26,1.0,0.2007665547053602,16.28883072382958,grid,NatGas (GAS_US),,
2001-12-03,2003-12-02,0.19036505071779647,0.19036505071779647,-0.8216693839424022,True,2002-03-21,73.0,17,1.0,0.19036505071779647,14.229740395884885,grid,NatGas (GAS_US),,
2002-01-02,2003-12-31,0.11980228867415348,0.11980228867415348,-0.882003531516661,True,2002-03-18,51.0,9,1.0,0.11980228867415348,12.51652790017803,grid,NatGas (GAS_US),,
2002-02-01,2004-01-30,0.1524360522052276,0.1524360522052276,-0.8478743747460906,True,2002-03-18,30.0,4,1.0,0.1524360522052276,11.900491090611563,grid,NatGas (GAS_US),,
2002-03-01,2004-02-27,0.11006283920203118,0.11006283920203118,-0.8898269877857545,True,2002-04-02,21.0,6,1.0,0.11006283920203118,16.141673775274047,grid,NatGas (GAS_US),,
2002-04-01,2004-03-31,0.1934094550832509,0.1934094550832509,-0.8416844533312008,True,2003-01-03,191.0,37,1.0,0.1934094550832509,17.395949252518065,grid,NatGas (GAS_US),,
2002-05-01,2004-04-30,0.19499356645687926,0.19499356645687926,-0.8171665197385061,True,2002-12-20,161.0,26,1.0,0.19499356645687926,19.741846696741064,grid,NatGas (GAS_US),,
2002-06-03,2004-06-02,0.11869035155727016,0.11869035155727016,-0.8827828277167274,True,2002-12-13,134.0,25,1.0,0.11869035155727016,18.344991251908077,grid,NatGas (GAS_US),,
2002-07-01,2004-06-30,0.13621538117918042,0.13621538117918042,-0.8636482670879075,True,2002-12-12,113.0,20,1.0,0.13621538117918042,11.956437365984645,grid,NatGas (GAS_US),,
2002-08-01,2004-07-30,0.20963158234372253,0.20963158234372253,-0.792019791141528,True,2002-12-11,91.0,14,1.0,0.20963158234372253,17.87964056452582,grid,NatGas (GAS_US),,
2002-09-03,2004-09-02,0.13980470083810786,0.13980470083810786,-0.8705898852930163,True,2003-01-16,93.0,15,1.0,0.13980470083810786,13.334973747272743,grid,NatGas (GAS_US),,
2002-10-01,2004-09-30,0.18615747596623078,0.18615747596623078,-0.8282762063669815,True,2003-02-03,84.0,15,1.0,0.18615747596623078,15.176978665582729,grid,NatGas (GAS_US),,
2002-11-01,2004-10-29,0.12784959734823195,0.12784959734823195,-0.8730728261470196,True,2003-01-16,50.0,9,1.0,0.12784959734823195,13.392108764487277,grid,NatGas (GAS_US),,
2002-12-02,2004-12-01,0.06408245888238503,0.06408245888238503,-0.9358533945121271,True,2003-02-07,46.0,6,1.0,0.06408245888238503,19.177292287764747,grid,NatGas (GAS_US),,
2003-01-02,2004-12-30,0.0,0.0,-1.0,True,2003-02-24,35.0,6,1.0,0.0,9.778754434430954,grid,NatGas (GAS_US),,
2003-02-03,2005-02-02,1.839097330737606,0.3599476883725151,-0.6449135933427028,False,,,73,1.0,1.589887873339153,15.674735772113998,grid,NatGas (GAS_US),,
2003-03-03,2005-03-02,1.9090915526959504,0.7232961562829723,-0.47568685562176516,False,,,77,1.0,1.4831428389475128,6.347971199399663,grid,NatGas (GAS_US),,
2003-04-01,2005-03-31,1.8861114681685587,0.757709197920055,-0.5258074172854958,False,,,77,1.0,1.5187344291599219,7.356743744415356,grid,NatGas (GAS_US),,
2003-05-01,2005-04-29,1.7132943633324755,0.6459718168886435,-0.5567251174094121,False,,,76,1.0,1.2563211302173993,8.332616014746586,grid,NatGas (GAS_US),,
2003-06-02,2005-06-01,1.5442599139673858,0.4570780875574738,-0.6393804410574112,False,,,69,1.0,0.9842380577832347,9.934815384313987,grid,NatGas (GAS_US),,
2003-07-01,2005-06-30,1.9068153782621027,0.5262540877385962,-0.645086401834976,False,,,74,1.0,1.085565646501954,10.382986026472647,grid,NatGas (GAS_US),,
2003-08-01,2005-07-29,0.17240267288193684,0.17240267288193684,-0.8695841351807586,True,2004-10-26,308.0,42,1.0,1.2280633768774163,13.704169402761355,grid,NatGas (GAS_US),,
2003-09-02,2005-09-01,0.26954874043558835,0.26954874043558835,-0.7993139648073821,True,2004-10-26,287.0,39,1.0,1.2510864164604525,13.490439024366943,grid,NatGas (GAS_US),,
2003-10-01,2005-09-30,0.1310058848794333,0.1310058848794333,-0.8924058294338216,True,2004-10-22,264.0,35,1.0,0.7828896517206081,18.792793525503395,grid,NatGas (GAS_US),,
2003-11-03,2005-11-02,0.22264871463733943,0.22264871463733943,-0.7830196045783423,True,2004-01-09,43.0,9,1.0,0.22264871463733943,15.22246329560389,grid,NatGas (GAS_US),,
2003-12-01,2005-11-30,0.067199255908231,0.067199255908231,-0.9430595342602528,True,2004-10-26,225.0,29,1.0,0.067199255908231,18.52076090611998,grid,NatGas (GAS_US),,
2004-01-05,2006-01-04,0.21831180758925112,0.21831180758925112,-0.8567918515655462,True,2005-08-30,415.0,60,1.0,1.0154625705600344,12.943195614016942,grid,NatGas (GAS_US),,
2004-02-02,2006-02-01,0.27026229863231244,0.27026229863231244,-0.8188711195684137,True,2005-08-29,395.0,55,1.0,1.0056572167812918,13.241020770554007,grid,NatGas (GAS_US),,
2004-03-01,2006-02-28,0.266485740616995,0.266485740616995,-0.8204057905029355,True,2005-08-29,376.0,53,1.0,1.1935406321894564,16.764034144318074,grid,NatGas (GAS_US),,
2004-04-01,2006-03-31,0.21363331068765243,0.21363331068765243,-0.7913254755662629,True,2004-10-26,143.0,16,1.0,0.21363331068765243,11.576357812953956,grid,NatGas (GAS_US),,
2004-05-03,2006-05-02,0.26226181774426005,0.26226181774426005,-0.7463907831048845,True,2004-10-26,122.0,14,1.0,0.26226181774426005,10.782741123647343,grid,NatGas (GAS_US),,
2004-06-01,2006-05-31,0.23928790278388778,0.23928790278388778,-0.812014164019939,True,2005-08-29,312.0,46,1.0,1.1461979351529024,16.965559218030904,grid,NatGas (GAS_US),,
2004-07-01,2006-06-30,0.22363431523820962,0.22363431523820962,-0.7796293211436853,True,2004-10-26,81.0,10,1.0,0.22363431523820962,12.37598209662837,grid,NatGas (GAS_US),,
2004-08-02,2006-08-01,0.13471850544182146,0.13471850544182146,-0.8652894988973885,True,2004-10-26,60.0,10,1.0,0.13471850544182146,13.47751838154536,grid,NatGas (GAS_US),,
2004-09-01,2006-08-31,0.14320188645472667,0.14320188645472667,-0.8566547683135869,True,2004-10-22,36.0,4,1.0,0.14320188645472667,15.26968344125492,grid,NatGas (GAS_US),,
2004-10-01,2006-09-29,0.0,0.0,-1.0,True,2005-08-29,227.0,36,1.0,0.0,13.253786660687954,grid,NatGas (GAS_US),,
2004-11-01,2006-10-31,0.0,0.0,-1.0,True,2005-08-29,206.0,32,1.0,0.0,11.121831764084508,grid,NatGas (GAS_US),,
2004-12-01,2006-11-30,0.24073825076905916,0.24073825076905916,-0.7869724209443993,True,2005-08-12,175.0,23,1.0,0.24073825076905916,12.262646104072118,grid,NatGas (GAS_US),,
2005-01-03,2007-01-02,0.2705968082347016,0.2705968082347016,-0.7356860898828859,True,2005-08-10,152.0,16,1.0,0.2705968082347016,12.838389925388368,grid,NatGas (GAS_US),,
2005-02-01,2007-01-31,0.23726723928564603,0.23726723928564603,-0.7846738405697264,True,2005-08-12,134.0,16,1.0,0.23726723928564603,12.363208813811191,grid,NatGas (GAS_US),,
2005-03-01,2007-02-28,0.2364199220068027,0.2364199220068027,-0.7849125664230703,True,2005-08-24,123.0,15,1.0,0.2364199220068027,14.511205073827036,grid,NatGas (GAS_US),,
2005-04-01,2007-03-30,0.0,0.0,-1.0,True,2005-08-29,104.0,12,1.0,0.0,15.485920403021778,grid,NatGas (GAS_US),,
2005-05-02,2007-05-01,0.1836763321063823,0.1836763321063823,-0.8215403457108261,True,2005-08-16,74.0,10,1.0,0.1836763321063823,17.50252595316335,grid,NatGas (GAS_US),,
2005-06-01,2007-05-31,0.2621498087621823,0.2621498087621823,-0.7489949500677227,True,2005-08-24,59.0,8,1.0,0.2621498087621823,15.029465510153006,grid,NatGas (GAS_US),,
2005-07-01,2007-06-29,0.16947552710165023,0.16947552710165023,-0.8349214918068296,True,2005-08-29,40.0,8,1.0,0.16947552710165023,9.913284144630673,grid,NatGas (GAS_US),,
2005-08-01,2007-07-31,0.0,0.0,-1.0,True,2005-09-19,34.0,7,1.0,0.0,14.362104435367312,grid,NatGas (GAS_US),,
2005-09-01,2007-08-31,0.12143919905793354,0.12143919905793354,-0.8953492511426547,True,2006-02-06,106.0,22,1.0,0.12143919905793354,14.342437143098074,grid,NatGas (GAS_US),,
2005-10-03,2007-10-02,0.07408184654240255,0.07408184654240255,-0.9332733252793053,True,2006-02-10,89.0,23,1.0,0.07408184654240255,16.859999426937687,grid,NatGas (GAS_US),,
2005-11-01,2007-10-31,0.13020386883561944,0.13020386883561944,-0.8729083273929781,True,2006-01-18,51.0,15,1.0,0.13020386883561944,19.156576516015868,grid,NatGas (GAS_US),,
2005-12-01,2007-11-30,0.09009053020011852,0.09009053020011852,-0.9098192890889705,True,2006-01-12,28.0,8,1.0,0.09009053020011852,16.193177970435514,grid,NatGas (GAS_US),,
2006-01-03,2008-01-02,0.1031247911336724,0.1031247911336724,-0.8967719808471748,True,2006-05-15,91.0,17,1.0,0.1031247911336724,15.20837644917516,grid,NatGas (GAS_US),,
2006-02-01,2008-01-31,0.07029092929822897,0.07029092929822897,-0.9301587619157194,True,2006-09-25,163.0,36,1.0,0.07029092929822897,16.354715575615337,grid,NatGas (GAS_US),,
2006-03-01,2008-02-29,0.10230361209221531,0.10230361209221531,-0.9018913719320514,True,2006-12-22,207.0,39,1.0,0.10230361209221531,17.124988304937574,grid,NatGas (GAS_US),,
2006-04-03,2008-04-02,0.0,0.0,-1.0,True,2006-12-26,185.0,38,1.0,0.0,17.713070412017572,grid,NatGas (GAS_US),,
2006-05-01,2008-04-30,0.03340206573198952,0.03340206573198952,-0.971838854697209,True,2007-08-22,335.0,48,1.0,0.6290734898287765,19.25012722888181,grid,NatGas (GAS_US),,
2006-06-01,2008-05-30,0.08610662580317524,0.08610662580317524,-0.9221092974150249,True,2006-12-27,145.0,34,1.0,0.08610662580317524,15.57339523654913,grid,NatGas (GAS_US),,
2006-07-05,2008-07-03,0.07861460165425885,0.07861460165425885,-0.9251222154659228,True,2006-12-27,123.0,26,1.0,0.07861460165425885,17.63638264798248,grid,NatGas (GAS_US),,
2006-08-01,2008-07-31,0.08515961955294676,0.08515961955294676,-0.9177967563226664,True,2006-12-27,104.0,17,1.0,0.08515961955294676,15.03629117653624,grid,NatGas (GAS_US),,
2006-09-01,2008-08-29,0.08725683562598709,0.08725683562598709,-0.9126558201942071,True,2007-08-27,252.0,26,1.0,0.08725683562598709,17.092451325302346,grid,NatGas (GAS_US),,
2006-10-02,2008-10-01,0.6863474351090484,0.26571271724130563,-0.7715066493018605,False,,,57,1.0,0.6783528253448164,19.975063144159144,grid,NatGas (GAS_US),,
2006-11-01,2008-10-31,0.19823912701745763,0.19823912701745763,-0.8133451184590185,True,2008-06-18,411.0,40,1.0,0.6241327515873488,17.514031615525152,grid,NatGas (GAS_US),,
2006-12-01,2008-11-28,0.22125834955567622,0.22125834955567622,-0.7935067459941156,True,2008-07-01,399.0,42,1.0,0.6423875994478876,17.627791468508505,grid,NatGas (GAS_US),,
2007-01-02,2008-12-31,0.24934868571038626,0.24934868571038626,-0.7750188173393988,True,2008-06-05,362.0,37,1.0,0.4394392577323107,18.644436802902995,grid,NatGas (GAS_US),,
2007-02-01,2009-01-30,0.20060397167731997,0.20060397167731997,-0.8069107869307226,True,2008-06-12,345.0,33,1.0,0.5388457844013931,19.353597490572003,grid,NatGas (GAS_US),,
2007-03-01,2009-02-27,0.2430323755644893,0.2430323755644893,-0.7641810350555394,True,2008-06-11,324.0,34,1.0,0.7810600292565075,19.526067147110787,grid,NatGas (GAS_US),,
2007-04-02,2009-04-01,0.19278465988192103,0.19278465988192103,-0.8070223624805596,True,2008-06-06,299.0,31,1.0,0.7879425728739684,16.187190737444766,grid,NatGas (GAS_US),,
2007-05-01,2009-04-30,0.23178216273143945,0.23178216273143945,-0.7764967854932369,True,2008-06-06,279.0,32,1.0,0.5371292971735686,16.31449506675708,grid,NatGas (GAS_US),,
2007-06-01,2009-05-29,0.20759850803932017,0.20759850803932017,-0.7921936856463262,True,2008-06-11,259.0,32,1.0,0.43609611905298795,19.740797586348908,grid,NatGas (GAS_US),,
2007-07-02,2009-07-01,0.22464970664335512,0.22464970664335512,-0.8046804799646969,True,2008-06-04,233.0,33,1.0,0.22464970664335512,17.76578556094771,grid,NatGas (GAS_US),,
2007-08-01,2009-07-31,0.2076676080165391,0.2076676080165391,-0.805452687854539,True,2008-05-23,204.0,28,1.0,0.2076676080165391,18.25811352056388,grid,NatGas (GAS_US),,
2007-09-03,2009-09-02,0.2126525900322693,0.2126525900322693,-0.7980989789447162,True,2008-04-25,162.0,18,1.0,0.2126525900322693,17.26631882753407,grid,NatGas (GAS_US),,
2007-10-01,2009-09-30,0.20773293950514604,0.20773293950514604,-0.8048238094948245,True,2008-05-09,151.0,17,1.0,0.20773293950514604,16.21075627115752,grid,NatGas (GAS_US),,
2007-11-01,2009-10-30,0.20674394941226032,0.20674394941226032,-0.7945733482018473,True,2008-04-28,120.0,16,1.0,0.20674394941226032,16.20294329167251,grid,NatGas (GAS_US),,
2007-12-03,2009-12-02,0.21913258933584162,0.21913258933584162,-0.7806480587228812,True,2008-04-18,93.0,11,1.0,0.21913258933584162,16.823449737460543,grid,NatGas (GAS_US),,
2008-01-02,2009-12-31,0.20472571947394805,0.20472571947394805,-0.8028210382915815,True,2008-05-23,97.0,14,1.0,0.20472571947394805,18.707330771640997,grid,NatGas (GAS_US),,
2008-02-01,2010-01-29,0.17899464955628003,0.17899464955628003,-0.8208261766203403,True,2008-05-09,66.0,10,1.0,0.17899464955628003,18.356432703144595,grid,NatGas (GAS_US),,
2008-03-03,2010-03-02,0.14401291749186176,0.14401291749186176,-0.8667840811597988,True,2008-08-18,113.0,18,1.0,0.14401291749186176,15.340661054398613,grid,NatGas (GAS_US),,
2008-04-01,2010-03-31,0.08895388346255546,0.08895388346255546,-0.9109570736110556,True,2008-08-08,88.0,12,1.0,0.08895388346255546,15.372996446630522,grid,NatGas (GAS_US),,
2008-05-02,2010-04-30,0.11708034264609972,0.11708034264609972,-0.8833055623284083,True,2008-08-18,72.0,11,1.0,0.11708034264609972,15.244351666963492,grid,NatGas (GAS_US),,
2008-06-02,2010-06-01,0.12383310169585694,0.12383310169585694,-0.8787524766404291,True,2008-08-14,50.0,8,1.0,0.12383310169585694,17.32228574211712,grid,NatGas (GAS_US),,
2008-07-01,2010-06-30,0.07002320894873157,0.07002320894873157,-0.9299066977490175,True,2008-08-18,32.0,6,1.0,0.07002320894873157,18.138224685730204,grid,NatGas (GAS_US),,
2008-08-01,2010-07-30,0.0587456196872992,0.0587456196872992,-0.9411955758885894,True,2008-12-04,86.0,13,1.0,0.0587456196872992,14.08450994195959,grid,NatGas (GAS_US),,
2008-09-02,2010-09-01,0.08360652411817937,0.08360652411817937,-0.9163097856674881,True,2009-01-15,93.0,11,1.0,0.08360652411817937,15.812752001741924,grid,NatGas (GAS_US),,
2008-10-01,2010-09-30,0.05652128694857365,0.05652128694857365,-0.943422135186613,True,2009-01-20,74.0,13,1.0,0.05652128694857365,15.687686469454643,grid,NatGas (GAS_US),,
2008-11-03,2010-11-02,0.03999894350021089,0.03999894350021089,-0.9617505183179639,True,2009-02-17,71.0,13,1.0,0.03999894350021089,13.955065589614495,grid,NatGas (GAS_US),,
2008-12-01,2010-11-30,0.10986023091867612,0.10986023091867612,-0.8900297988802041,True,2009-03-09,65.0,10,1.0,0.10986023091867612,14.144937269992129,grid,NatGas (GAS_US),,
2009-01-02,2010-12-31,0.09733858463727192,0.09733858463727192,-0.9025639793420701,True,2009-04-07,64.0,9,1.0,0.09733858463727192,12.908513059320253,grid,NatGas (GAS_US),,
2009-02-02,2011-02-01,0.09665414747853222,0.09665414747853222,-0.9057123299707546,True,2009-09-03,148.0,34,1.0,0.09665414747853222,11.877073928008587,grid,NatGas (GAS_US),,
2009-03-02,2011-03-01,0.028392183106260394,0.028392183106260394,-0.9788172994416547,True,2010-10-21,410.0,62,1.0,0.6193066325935714,19.44629789523889,grid,NatGas (GAS_US),,
2009-04-01,2011-03-31,0.0673853877636416,0.0673853877636416,-0.9453439813820033,True,2010-09-20,366.0,56,1.0,0.23523138946336117,17.321932325514375,grid,NatGas (GAS_US),,
2009-05-01,2011-04-29,0.06967372682543319,0.06967372682543319,-0.9398439939750456,True,2010-03-26,224.0,44,1.0,0.06967372682543319,18.303439532231412,grid,NatGas (GAS_US),,
2009-06-01,2011-05-31,0.0763377352514937,0.0763377352514937,-0.9273405312434576,True,2010-09-20,325.0,47,1.0,0.44284490744307126,15.466094047637672,grid,NatGas (GAS_US),,
2009-07-01,2011-06-30,0.32051955448514824,0.1503177798980755,-0.8697448370075543,False,,,61,1.0,0.7337098302547497,11.413630926320963,grid,NatGas (GAS_US),,
2009-08-03,2011-08-02,0.0716875615519686,0.0716875615519686,-0.9282406791271586,True,2010-10-07,293.0,41,1.0,0.4703157298584596,18.79730515529228,grid,NatGas (GAS_US),,
2009-09-01,2011-08-31,0.11065108580831932,0.11065108580831932,-0.9046149874722483,True,2010-10-07,272.0,38,1.0,0.3485035243393067,17.6005217070874,grid,NatGas (GAS_US),,
2009-10-01,2011-09-30,0.09484774175944907,0.09484774175944907,-0.9132492646237619,True,2011-08-16,464.0,47,1.0,0.3117881643012313,19.004657295581545,grid,NatGas (GAS_US),,
2009-11-02,2011-11-01,0.08652912806075225,0.08652912806075225,-0.9176218974094389,True,2010-10-22,241.0,31,1.0,0.08652912806075225,18.838580705775065,grid,NatGas (GAS_US),,
2009-12-01,2011-11-30,0.12965113425956373,0.12965113425956373,-0.8702190848252616,True,2010-10-07,210.0,27,1.0,0.12965113425956373,16.188525516854934,grid,NatGas (GAS_US),,
2010-01-04,2012-01-03,0.09079541593297343,0.09079541593297343,-0.9117263249760686,True,2011-09-22,427.0,43,1.0,0.42853731289981334,16.101106315243104,grid,NatGas (GAS_US),,
2010-02-01,2012-01-31,0.08805071457835599,0.08805071457835599,-0.912933697119245,True,2011-10-03,416.0,37,1.0,0.5040623348174831,18.27484805899422,grid,NatGas (GAS_US),,
2010-03-01,2012-02-29,0.08089303863706807,0.08089303863706807,-0.9339271121277462,True,2011-12-19,452.0,45,1.0,0.7251467989067439,17.957340273462723,grid,NatGas (GAS_US),,
2010-04-01,2012-03-30,0.11162584142139342,0.11162584142139342,-0.8955526537526263,True,2011-10-12,382.0,35,1.0,0.634882656370598,18.784163418144896,grid,NatGas (GAS_US),,
2010-05-03,2012-05-02,0.11518784186339945,0.11518784186339945,-0.8906763970262626,True,2011-09-30,353.0,31,1.0,0.5610749583765692,17.814516321703334,grid,NatGas (GAS_US),,
2010-06-01,2012-05-31,0.13090182429136987,0.13090182429136987,-0.8720026464665201,True,2011-09-23,328.0,29,1.0,0.7540742493772724,18.01618301349225,grid,NatGas (GAS_US),,
2010-07-01,2012-06-29,0.09035297345363226,0.09035297345363226,-0.9162976651950855,True,2011-12-12,361.0,37,1.0,0.8082980556272165,15.413570377543335,grid,NatGas (GAS_US),,
2010-08-02,2012-08-01,0.0674257035943853,0.0674257035943853,-0.9373784665715078,True,2011-12-14,342.0,34,1.0,0.7538089686141891,16.266129594552478,grid,NatGas (GAS_US),,
2010-09-01,2012-08-31,0.0,0.0,-1.0,True,2012-01-19,343.0,38,1.0,1.279384221154345,18.339113423975753,grid,NatGas (GAS_US),,
2010-10-01,2012-09-28,0.09380589236327726,0.09380589236327726,-0.9360666667492623,True,2012-01-18,323.0,37,1.0,1.1581104234993023,18.469857376376073,grid,NatGas (GAS_US),,
2010-11-01,2012-10-31,0.09178832505763898,0.09178832505763898,-0.9338996356644892,True,2012-01-13,300.0,32,1.0,1.0127221098695252,19.70258860937451,grid,NatGas (GAS_US),,
2010-12-01,2012-11-30,0.11959566840782324,0.11959566840782324,-0.9095310453521582,True,2012-01-11,277.0,27,1.0,0.6132468904422637,11.053553320569398,grid,NatGas (GAS_US),,
2011-01-03,2013-01-02,0.045697345699344756,0.045697345699344756,-0.9598427952727142,True,2012-01-11,255.0,23,1.0,0.24972311207171924,12.720349281856315,grid,NatGas (GAS_US),,
2011-02-01,2013-01-31,0.0,0.0,-1.0,True,2012-01-17,238.0,23,1.0,0.0,17.01158313128718,grid,NatGas (GAS_US),,
2011-03-01,2013-02-28,0.005670726802376541,0.005670726802376541,-0.9952878308184667,True,2012-01-11,216.0,21,1.0,0.005670726802376541,16.813900525282577,grid,NatGas (GAS_US),,
2011-04-01,2013-03-28,0.09326133269449782,0.09326133269449782,-0.9195325193688204,True,2012-01-10,193.0,19,1.0,0.09326133269449782,17.583916776723072,grid,NatGas (GAS_US),,
2011-05-02,2013-05-01,0.07879648857992885,0.07879648857992885,-0.9258714142558074,True,2012-01-10,174.0,16,1.0,0.07879648857992885,19.014720440853615,grid,NatGas (GAS_US),,
2011-06-01,2013-05-31,0.07634753800007604,0.07634753800007604,-0.923576038037962,True,2012-01-10,153.0,12,1.0,0.07634753800007604,19.866839793874277,grid,NatGas (GAS_US),,
2011-07-01,2013-06-28,0.0677166791943566,0.0677166791943566,-0.9322155363419854,True,2012-01-11,132.0,9,1.0,0.0677166791943566,11.751237983190494,grid,NatGas (GAS_US),,
2011-08-01,2013-07-31,0.10317017517764407,0.10317017517764407,-0.8979655831035454,True,2012-01-12,114.0,9,1.0,0.10317017517764407,14.718289416856788,grid,NatGas (GAS_US),,
2011-09-01,2013-08-30,0.0,0.0,-1.0,True,2012-01-17,93.0,8,1.0,0.0,16.03828471589461,grid,NatGas (GAS_US),,
2011-10-03,2013-10-02,0.06684559441727735,0.06684559441727735,-0.9330874930757984,True,2012-01-19,74.0,7,1.0,0.06684559441727735,11.238035897249313,grid,NatGas (GAS_US),,
2011-11-01,2013-10-31,0.05574621066400483,0.05574621066400483,-0.9441979873233185,True,2012-03-07,86.0,12,1.0,0.05574621066400483,19.78570045319624,grid,NatGas (GAS_US),,
2011-12-01,2013-11-29,0.0036286917312763683,0.0036286917312763683,-0.9963676759446684,True,2012-03-29,80.0,12,1.0,0.0036286917312763683,17.497616490263862,grid,NatGas (GAS_US),,
2012-01-03,2014-01-02,1.152977398556544,0.2217438735301423,-0.7780341606304882,False,,,54,1.0,0.8732478402165853,11.818677309464864,grid,NatGas (GAS_US),,
2012-02-01,2014-01-31,1.1671473406762374,0.5043285940644128,-0.514384325203197,False,,,58,1.0,1.2324513433461808,8.00482707124105,grid,NatGas (GAS_US),,
2012-03-01,2014-02-28,0.9397763623022029,0.5682982680342731,-0.5195438459603039,False,,,60,1.0,1.16919474967572,9.465329655170631,grid,NatGas (GAS_US),,
2012-04-02,2014-04-01,1.105464093952588,0.4568535436234069,-0.6588297218295798,False,,,55,1.0,1.0064718055235278,13.856322906469119,grid,NatGas (GAS_US),,
2012-05-01,2014-04-30,1.0801290357942808,0.6963660706581812,-0.4137492379501637,False,,,59,1.0,1.2083101436667916,7.751445642423787,grid,NatGas (GAS_US),,
2012-06-01,2014-05-30,0.9989680939236716,0.4333352031640325,-0.6191571527014756,False,,,51,1.0,1.003009831315476,14.870900315549067,grid,NatGas (GAS_US),,
2012-07-02,2014-07-01,1.416677302394379,0.8535495707783953,-0.3822994558497035,False,,,49,1.0,1.3831059901915994,5.953712507320887,grid,NatGas (GAS_US),,
2012-08-01,2014-07-30,1.3998913565976105,0.7723356695986306,-0.4089556295696869,False,,,48,1.0,1.2524544546012581,6.256344757034488,grid,NatGas (GAS_US),,
2012-09-04,2014-09-03,1.6477324795931887,0.7879544326445599,-0.3127073165560057,False,,,52,1.0,1.2268877120810595,6.7244659068222905,grid,NatGas (GAS_US),,
2012-10-01,2014-09-30,1.433695378185306,0.8057354680269735,-0.39173041180234935,False,,,46,1.0,1.1851721292161654,6.174889215025862,grid,NatGas (GAS_US),,
2012-11-01,2014-10-31,1.4124249185815747,0.6687911377470852,-0.34213681922997885,False,,,46,1.0,0.9756575138078644,6.929978468364306,grid,NatGas (GAS_US),,
2012-12-03,2014-12-02,1.363350818517009,0.6302630211122673,-0.45953272151979196,False,,,48,1.0,1.023080269699254,8.979360482086214,grid,NatGas (GAS_US),,
2013-01-02,2014-12-31,0.7697338262206157,0.6080740775616869,-0.513486075988123,False,,,55,1.0,1.180063134629091,8.981134161158009,grid,NatGas (GAS_US),,
2013-02-01,2015-01-30,0.41626490546637046,0.41626490546637046,-0.720057176299669,False,,,52,1.0,1.0655898722887809,8.51272345408224,grid,NatGas (GAS_US),,
2013-03-01,2015-02-27,0.6144009710830372,0.46545399908402013,-0.6775669894596893,False,,,57,1.0,0.9031986393535455,9.960044911943847,grid,NatGas (GAS_US),,
2013-04-01,2015-03-31,0.46104039697253113,0.40738514383628804,-0.6776063234147685,False,,,51,1.0,0.83433212750328,9.961314899125995,grid,NatGas (GAS_US),,
2013-05-01,2015-04-30,0.46583787394431186,0.3084905421878862,-0.7444052148206186,False,,,52,1.0,0.6282608413416775,9.552132800349561,grid,NatGas (GAS_US),,
2013-06-03,2015-06-02,0.32933354819983535,0.20481739253660747,-0.837931493258686,False,,,53,1.0,0.760203111495773,11.166634337704838,grid,NatGas (GAS_US),,
2013-07-01,2015-06-30,0.2912490546968299,0.2912490546968299,-0.7350967820285255,True,2014-02-19,160.0,17,1.0,0.2912490546968299,11.001721996851414,grid,NatGas (GAS_US),,
2013-08-01,2015-07-31,0.23850593919129418,0.23850593919129418,-0.7753516261180327,True,2014-02-19,138.0,14,1.0,0.23850593919129418,12.016756631101973,grid,NatGas (GAS_US),,
2013-09-03,2015-09-02,0.2866368378112778,0.15600414999045253,-0.8680697726751608,False,,,48,1.0,0.9467506919567499,18.193202399551712,grid,NatGas (GAS_US),,
2013-10-01,2015-09-30,0.10585279084575376,0.10585279084575376,-0.9127355163279846,True,2015-04-13,382.0,39,1.0,1.0135874731952808,18.782658990579428,grid,NatGas (GAS_US),,
2013-11-01,2015-10-30,0.18553944661556043,0.18553944661556043,-0.8142748282126522,True,2014-02-19,73.0,8,1.0,0.18553944661556043,13.917346381620327,grid,NatGas (GAS_US),,
2013-12-02,2015-12-01,0.07117874028729557,0.07117874028729557,-0.9403167245071262,True,2015-01-12,275.0,29,1.0,1.0319312002772127,18.92393074377671,grid,NatGas (GAS_US),,
2014-01-02,2015-12-31,0.06228372904750196,0.06228372904750196,-0.9455181383537643,True,2015-01-12,254.0,25,1.0,0.18357882365059375,19.35403383201479,grid,NatGas (GAS_US),,
2014-02-03,2016-02-02,0.1151104587434031,0.1151104587434031,-0.8958262003278856,True,2015-01-29,246.0,25,1.0,0.1151104587434031,16.587961178496126,grid,NatGas (GAS_US),,
2014-03-03,2016-03-02,0.09980157925329802,0.09980157925329802,-0.9051335675468333,True,2015-02-05,232.0,24,1.0,0.09980157925329802,18.038515233500608,grid,NatGas (GAS_US),,
2014-04-01,2016-03-31,0.11258684125872682,0.11258684125872682,-0.8908221490140529,True,2015-01-29,206.0,24,1.0,0.11258684125872682,17.11183496451187,grid,NatGas (GAS_US),,
2014-05-01,2016-04-29,0.10129542327641429,0.10129542327641429,-0.9031141870429601,True,2015-02-06,192.0,22,1.0,0.10129542327641429,16.665166142952046,grid,NatGas (GAS_US),,
2014-06-02,2016-06-01,0.0912634153965589,0.0912634153965589,-0.9088536530983866,True,2015-02-06,171.0,18,1.0,0.0912634153965589,18.509759253785543,grid,NatGas (GAS_US),,
2014-07-01,2016-06-30,0.0962432505821773,0.0962432505821773,-0.9122200096086707,True,2015-09-30,314.0,31,1.0,0.3909055233818274,14.0396577950748,grid,NatGas (GAS_US),,
2014-08-06,2016-08-05,0.09890647986427893,0.09890647986427893,-0.9092058659037062,True,2015-09-30,293.0,29,1.0,0.3280460663346669,16.192511822426283,grid,NatGas (GAS_US),,
2014-09-01,2016-08-31,0.10219648976546006,0.10219648976546006,-0.9086895257187453,True,2015-09-30,275.0,28,1.0,0.29390849822768983,14.385073238908388,grid,NatGas (GAS_US),,
2014-10-01,2016-09-30,0.07879662614513432,0.07879662614513432,-0.927908733266395,True,2015-09-30,253.0,27,1.0,0.13235782124560425,16.987018341982747,grid,NatGas (GAS_US),,
2014-11-03,2016-11-02,0.12646007486073488,0.12646007486073488,-0.8793017231240319,True,2015-01-30,61.0,14,1.0,0.12646007486073488,16.76055162975805,grid,NatGas (GAS_US),,
2014-12-01,2016-11-30,0.027606820244462576,0.027606820244462576,-0.9723655453008383,True,2015-10-26,228.0,23,1.0,0.027606820244462576,17.134442188818007,grid,NatGas (GAS_US),,
2015-01-02,2016-12-30,0.07013491429996876,0.07013491429996876,-0.9434199773443299,True,2015-12-15,243.0,25,1.0,0.07013491429996876,19.81007616008074,grid,NatGas (GAS_US),,
2015-02-02,2017-02-01,0.10053160552986005,0.10053160552986005,-0.9181927039062207,True,2015-12-14,221.0,21,1.0,0.10053160552986005,10.32934780052897,grid,NatGas (GAS_US),,
2015-03-02,2017-03-01,0.10063058557247045,0.10063058557247045,-0.91434445942971,True,2015-12-14,201.0,21,1.0,0.10063058557247045,10.210015157075954,grid,NatGas (GAS_US),,
2015-04-01,2017-03-31,0.07779409102737929,0.07779409102737929,-0.9286692849533797,True,2015-12-10,177.0,16,1.0,0.07779409102737929,17.779333053696078,grid,NatGas (GAS_US),,
2015-05-01,2017-04-28,0.11485545889833544,0.11485545889833544,-0.8894191925494646,True,2015-12-07,153.0,12,1.0,0.11485545889833544,12.23953876569189,grid,NatGas (GAS_US),,
2015-06-01,2017-05-31,0.025787549783852698,0.025787549783852698,-0.9753584229470704,True,2015-12-14,138.0,11,1.0,0.025787549783852698,15.169745544947276,grid,NatGas (GAS_US),,
2015-07-01,2017-06-30,0.0870357729657766,0.0870357729657766,-0.9131897810761436,True,2015-12-14,116.0,7,1.0,0.0870357729657766,10.98355998469994,grid,NatGas (GAS_US),,
2015-08-03,2017-08-02,0.13655882294426305,0.13655882294426305,-0.8655962545792235,True,2015-12-10,91.0,8,1.0,0.13655882294426305,14.903744632393552,grid,NatGas (GAS_US),,
2015-09-02,2017-09-01,0.06827868815959412,0.06827868815959412,-0.9316529648052111,True,2016-02-19,120.0,12,1.0,0.06827868815959412,18.174181810160363,grid,NatGas (GAS_US),,
2015-10-01,2017-09-29,0.8276117985256165,0.19306215631204515,-0.8067445882762311,False,,,52,1.0,0.7572664752235362,11.781513096171153,grid,NatGas (GAS_US),,
2015-11-02,2017-11-01,1.2184132881813736,0.5391017518643716,-0.46971043152903613,False,,,63,1.0,0.9505525915401835,6.1841809241408745,grid,NatGas (GAS_US),,
2015-12-01,2017-11-30,1.50052652712455,0.7736233785260337,-0.33461567508714163,False,,,67,1.0,1.3234127142798982,5.961761211851614,grid,NatGas (GAS_US),,
2016-01-04,2018-01-03,1.102673972306835,0.5254259860428449,-0.47435965432894,False,,,58,1.0,0.9620035067063756,8.306120677612764,grid,NatGas (GAS_US),,
2016-02-01,2018-01-31,1.261151457534599,0.49637719665173763,-0.5101967905979466,False,,,55,1.0,1.1560422501143333,10.569137863605595,grid,NatGas (GAS_US),,
2016-03-01,2018-02-28,1.3878522873194383,0.2686749522580889,-0.7347550323630049,False,,,49,1.0,1.4711053155815152,18.913474189124546,grid,NatGas (GAS_US),,
2016-04-01,2018-03-29,1.047429431228232,0.5441877704756448,-0.5529134923672114,False,,,50,1.0,1.4946935429271195,10.132275939518909,grid,NatGas (GAS_US),,
2016-05-02,2018-05-01,1.0192797203080908,0.604844107587889,-0.5635329370591371,False,,,48,1.0,1.4639443686444178,8.862717343165373,grid,NatGas (GAS_US),,
2016-06-01,2018-05-31,1.084992224238249,0.6840587176198484,-0.5417354417923159,False,,,48,1.0,1.4642845885835287,5.890715592424228,grid,NatGas (GAS_US),,
2016-07-01,2018-06-29,0.9281942796098425,0.6217391011014468,-0.5437611181927964,False,,,46,1.0,1.206496911168794,4.8873362105944524,grid,NatGas (GAS_US),,
2016-08-01,2018-07-31,0.8804696116240178,0.607936822729767,-0.5624958161500582,False,,,47,1.0,1.221286804265161,5.134814760646424,grid,NatGas (GAS_US),,
2016-09-01,2018-08-31,0.8050510972139605,0.4822697942913654,-0.6237692401808427,False,,,42,1.0,1.0896705249129899,6.02794181381877,grid,NatGas (GAS_US),,
2016-10-03,2018-10-02,0.8350986489092327,0.4135615574381108,-0.6577701698101466,False,,,42,1.0,1.0199338258735584,6.913250658170892,grid,NatGas (GAS_US),,
2016-11-01,2018-10-31,0.7466397600805479,0.2646546498004452,-0.7637634924242469,False,,,38,1.0,0.7278240974353688,10.307286316879116,grid,NatGas (GAS_US),,
2016-12-01,2018-11-30,0.2212613864837999,0.2212613864837999,-0.7979026588896297,True,2018-11-14,487.0,34,1.0,0.7498234203675375,9.553509306623447,grid,NatGas (GAS_US),,
2017-01-03,2019-01-02,0.1334728603523418,0.1334728603523418,-0.8744936322562269,True,2018-11-14,466.0,38,1.0,0.7530554006538507,6.9330254719054905,grid,NatGas (GAS_US),,
2017-02-01,2019-01-31,0.0,0.0,-1.0,True,2018-11-14,446.0,37,1.0,0.9625710506430988,6.712414234143966,grid,NatGas (GAS_US),,
2017-03-01,2019-02-28,0.0,0.0,-1.0,True,2018-11-14,426.0,34,1.0,0.9174150554898638,8.91958451900007,grid,NatGas (GAS_US),,
2017-04-03,2019-04-02,0.0,0.0,-1.0,True,2018-11-14,403.0,33,1.0,0.8720025423455551,8.07654862165573,grid,NatGas (GAS_US),,
2017-05-01,2019-04-30,0.0,0.0,-1.0,True,2018-11-14,384.0,32,1.0,0.8315356624599848,8.463196652768438,grid,NatGas (GAS_US),,
2017-06-01,2019-05-31,0.0,0.0,-1.0,True,2018-11-14,361.0,24,1.0,1.146175663293907,9.531753211361801,grid,NatGas (GAS_US),,
2017-07-03,2019-07-02,0.0,0.0,-1.0,True,2018-11-14,339.0,27,1.0,1.1338949170333457,11.298330570320108,grid,NatGas (GAS_US),,
2017-08-01,2019-07-31,0.0,0.0,-1.0,True,2018-11-14,320.0,26,1.0,1.1339705109692704,13.550694504597395,grid,NatGas (GAS_US),,
2017-09-01,2019-08-30,0.0,0.0,-1.0,True,2018-11-14,297.0,26,1.0,1.1413210163757976,11.144245312365115,grid,NatGas (GAS_US),,
2017-10-02,2019-10-01,0.0,0.0,-1.0,True,2018-11-14,276.0,24,1.0,1.0761014207049764,14.45225202865432,grid,NatGas (GAS_US),,
2017-11-01,2019-10-31,0.0,0.0,-1.0,True,2018-11-14,254.0,23,1.0,0.5528977386503894,19.23744021544939,grid,NatGas (GAS_US),,
2017-12-01,2019-11-29,0.0,0.0,-1.0,True,2018-11-14,232.0,18,1.0,0.0,18.11726142706618,grid,NatGas (GAS_US),,
2018-01-02,2020-01-01,0.0,0.0,-1.0,True,2018-11-14,212.0,17,1.0,0.0,12.045060304820655,grid,NatGas (GAS_US),,
2018-02-01,2020-01-31,0.0,0.0,-1.0,True,2018-11-14,191.0,10,1.0,0.0,10.107202755979184,grid,NatGas (GAS_US),,
2018-03-01,2020-02-28,0.0,0.0,-1.0,True,2018-11-14,172.0,7,1.0,0.0,9.842886905296591,grid,NatGas (GAS_US),,
2018-04-02,2020-04-01,0.0,0.0,-1.0,True,2018-11-14,152.0,9,1.0,0.0,10.196815535725165,grid,NatGas (GAS_US),,
2018-05-01,2020-04-30,0.0,0.0,-1.0,True,2018-11-14,131.0,7,1.0,0.0,9.553788557631325,grid,NatGas (GAS_US),,
2018-06-01,2020-05-29,0.0,0.0,-1.0,True,2018-11-14,108.0,8,1.0,0.0,9.212629717287278,grid,NatGas (GAS_US),,
2018-07-02,2020-07-01,0.0,0.0,-1.0,True,2018-11-14,88.0,7,1.0,0.0,16.09484872358274,grid,NatGas (GAS_US),,
2018-08-01,2020-07-31,0.0,0.0,-1.0,True,2018-11-14,66.0,7,1.0,0.0,10.449301254863157,grid,NatGas (GAS_US),,
2018-09-05,2020-09-04,0.0,0.0,-1.0,True,2018-11-14,43.0,5,1.0,0.0,11.836842735609562,grid,NatGas (GAS_US),,
2018-10-01,2020-09-30,0.21495606155522834,0.21495606155522834,-0.78768608424459,True,2018-11-14,32.0,4,1.0,0.21495606155522834,5.3585514785703365,grid,NatGas (GAS_US),,
2018-11-01,2020-10-30,0.13124445275269733,0.13124445275269733,-0.8737267596824022,True,2019-06-20,164.0,25,1.0,0.13124445275269733,26.32868591782075,grid,NatGas (GAS_US),,
2018-12-03,2020-12-02,0.11605620723688012,0.11605620723688012,-0.8856149177757063,True,2019-06-18,140.0,14,1.0,0.11605620723688012,18.339174805053435,grid,NatGas (GAS_US),,
2019-01-01,2020-12-31,0.1070561530444967,0.1070561530444967,-0.8934711012636892,True,2020-01-20,270.0,29,1.0,0.40184300000177153,13.634065726865073,grid,NatGas (GAS_US),,
2019-02-01,2021-01-29,0.061148097404444414,0.061148097404444414,-0.9401313079061067,True,2020-02-27,275.0,30,1.0,0.24011467548866094,18.001072158109938,grid,NatGas (GAS_US),,
2019-03-01,2021-02-26,0.06151794980282162,0.06151794980282162,-0.9384204706678463,True,2020-02-28,256.0,30,1.0,0.24078652493332606,16.211619508843253,grid,NatGas (GAS_US),,
2019-04-01,2021-03-31,0.05342954282618084,0.05342954282618084,-0.9499634977970673,True,2020-04-01,258.0,31,1.0,0.2111614934947783,17.449030270858028,grid,NatGas (GAS_US),,
2019-05-01,2021-04-30,0.035490494873756155,0.035490494873756155,-0.9696997307164982,True,2020-06-15,289.0,40,1.0,0.4739535921813198,18.709571497225916,grid,NatGas (GAS_US),,
2019-06-03,2021-06-02,0.10515521933185036,0.10515521933185036,-0.9122840102815641,True,2020-04-02,215.0,26,1.0,0.10515521933185036,13.95929799874169,grid,NatGas (GAS_US),,
2019-07-01,2021-06-30,0.06623052583604583,0.06623052583604583,-0.9442464740499699,True,2020-04-01,194.0,24,1.0,0.06623052583604583,17.518309113508842,grid,NatGas (GAS_US),,
2019-08-01,2021-07-30,0.12637991316578168,0.12637991316578168,-0.8797091993072687,True,2020-02-27,147.0,20,1.0,0.12637991316578168,13.900959755511174,grid,NatGas (GAS_US),,
2019-09-03,2021-09-02,0.14684724119207296,0.14684724119207296,-0.8584060058991291,True,2020-02-10,112.0,13,1.0,0.14684724119207296,14.065809768698477,grid,NatGas (GAS_US),,
2019-10-01,2021-09-30,0.13036967141800754,0.13036967141800754,-0.8718958932180959,True,2020-02-27,107.0,10,1.0,0.13036967141800754,13.587989113592775,grid,NatGas (GAS_US),,
2019-11-01,2021-10-29,0.10595125477709297,0.10595125477709297,-0.8950134556036398,True,2020-02-28,85.0,10,1.0,0.10595125477709297,13.790750292885432,grid,NatGas (GAS_US),,
2019-12-02,2021-12-01,0.24253118285878722,0.12121030447603443,-0.8792750630170069,True,2021-09-09,451.0,52,1.0,0.600427236754079,18.406910522091092,grid,NatGas (GAS_US),,
2020-01-01,2021-12-31,0.21402782849296237,0.21402782849296237,-0.7873087386913873,True,2021-09-13,431.0,54,1.0,0.5061144087881784,13.260693268013572,grid,NatGas (GAS_US),,
2020-02-03,2022-02-02,0.2362984061607969,0.2362984061607969,-0.8271476114664859,True,2021-09-13,408.0,63,1.0,1.0249018260422678,11.647161892637145,grid,NatGas (GAS_US),,
2020-03-02,2022-03-01,0.0794737571635207,0.0794737571635207,-0.9394956052537694,True,2021-09-13,388.0,59,1.0,1.152200621339931,19.209429309727557,grid,NatGas (GAS_US),,
2020-04-01,2022-03-31,0.15122530523807753,0.15122530523807753,-0.895082469316863,True,2021-09-08,363.0,56,1.0,1.1442297918301536,13.072939106294562,grid,NatGas (GAS_US),,
2020-05-01,2022-04-29,0.22105372012253197,0.22105372012253197,-0.8075988525857656,True,2021-09-02,339.0,47,1.0,0.9827712797791411,18.398745175281174,grid,NatGas (GAS_US),,
2020-06-01,2022-05-31,0.08941087333178618,0.08941087333178618,-0.911983226851881,True,2020-08-27,62.0,11,1.0,0.08941087333178618,18.790582884917956,grid,NatGas (GAS_US),,
2020-07-01,2022-06-30,0.2764990712182213,0.2764990712182213,-0.743834928980249,True,2020-08-27,40.0,8,1.0,0.2764990712182213,11.060477702817149,grid,NatGas (GAS_US),,
2020-08-03,2022-08-02,0.03273298712507317,0.03273298712507317,-0.9702810013895997,True,2021-09-01,273.0,34,1.0,0.5932853885281661,17.429907421133798,grid,NatGas (GAS_US),,
2020-09-01,2022-08-31,0.10494629824240805,0.10494629824240805,-0.9024961687598271,True,2021-08-27,249.0,25,1.0,0.10494629824240805,17.788103696623956,grid,NatGas (GAS_US),,
2020-10-01,2022-09-30,0.17577184743812196,0.17577184743812196,-0.8257166260761115,True,2021-08-04,211.0,27,1.0,0.17577184743812196,15.627423950514013,grid,NatGas (GAS_US),,
2020-11-02,2022-11-01,0.15283779485283286,0.15283779485283286,-0.8470092143615287,True,2021-08-04,189.0,24,1.0,0.15283779485283286,16.344551144913535,grid,NatGas (GAS_US),,
2020-12-01,2022-11-30,0.18125519548444965,0.18125519548444965,-0.8344872122568492,True,2021-07-21,159.0,17,1.0,0.18125519548444965,17.392218153617346,grid,NatGas (GAS_US),,
2021-01-04,2023-01-03,0.21249847432339547,0.21249847432339547,-0.8048077815065919,True,2021-07-21,137.0,14,1.0,0.21249847432339547,15.42061044876212,grid,NatGas (GAS_US),,
2021-02-01,2023-01-31,0.20065195646104958,0.20065195646104958,-0.8046146547441645,True,2021-07-21,118.0,11,1.0,0.20065195646104958,15.270837861354542,grid,NatGas (GAS_US),,
2021-03-01,2023-02-28,0.15855715849485416,0.15855715849485416,-0.8412841256307766,True,2021-07-21,99.0,9,1.0,0.15855715849485416,17.791586987367992,grid,NatGas (GAS_US),,
2021-04-01,2023-03-31,0.1898751759472625,0.1898751759472625,-0.8099347588115491,True,2021-07-20,75.0,7,1.0,0.1898751759472625,17.62020371258898,grid,NatGas (GAS_US),,
2021-05-03,2023-05-02,0.04849749166853765,0.04849749166853765,-0.9536658243704614,True,2021-09-01,85.0,9,1.0,0.04849749166853765,16.11233016090795,grid,NatGas (GAS_US),,
2021-06-01,2023-05-31,0.19880513877795078,0.19880513877795078,-0.802279106218299,True,2021-09-01,65.0,6,1.0,0.19880513877795078,12.922414013592961,grid,NatGas (GAS_US),,
2021-07-01,2023-06-30,0.0906325552196492,0.0906325552196492,-0.9092767215018527,True,2021-09-15,52.0,7,1.0,0.0906325552196492,18.792122401052143,grid,NatGas (GAS_US),,
2021-08-02,2023-08-01,0.0,0.0,-1.0,True,2021-10-05,45.0,12,1.0,0.0,18.076892655546004,grid,NatGas (GAS_US),,
2021-09-01,2023-08-31,0.2724340666969825,0.18447729055871487,-0.8554646314416766,True,2022-04-07,151.0,43,1.0,0.2724340666969825,16.21317775740647,grid,NatGas (GAS_US),,
2021-10-01,2023-09-29,0.2260305423256857,0.15264303959616976,-0.8631467656587501,True,2022-04-07,130.0,35,1.0,0.2260305423256857,16.348836731856508,grid,NatGas (GAS_US),,
2021-11-01,2023-10-31,0.22415409020170454,0.19761768164927607,-0.8093415413083753,True,2022-04-06,108.0,30,1.0,0.22415409020170454,18.06428400323984,grid,NatGas (GAS_US),,
2021-12-01,2023-11-30,0.2295871684521823,0.2295871684521823,-0.7894581962627912,True,2022-03-24,78.0,19,1.0,0.2295871684521823,12.035210814236946,grid,NatGas (GAS_US),,
2022-01-03,2024-01-02,0.23641528413520782,0.23641528413520782,-0.7663493216228168,True,2022-03-24,56.0,15,1.0,0.23641528413520782,9.694642999899314,grid,NatGas (GAS_US),,
2022-02-01,2024-01-31,0.22032306046870861,0.22032306046870861,-0.7849572897929459,True,2022-04-05,44.0,12,1.0,0.22032306046870861,9.735803669549888,grid,NatGas (GAS_US),,
2022-03-01,2024-02-29,0.21456405625785133,0.21456405625785133,-0.7943696207192374,True,2022-04-12,30.0,8,1.0,0.21456405625785133,17.61587938638968,grid,NatGas (GAS_US),,
2007-01-30,2009-01-29,0.14788670558065858,0.14788670558065858,-0.866855034727499,True,2008-06-18,349.0,37,1.0,0.7052567053329184,17.94752092425879,grid,NatGas front (GAS-LAST),,
2007-02-01,2009-01-30,0.20506701911479427,0.20506701911479427,-0.8000455978340963,True,2008-06-16,345.0,37,1.0,0.6497614041783921,16.61316835471256,grid,NatGas front (GAS-LAST),,
2007-03-01,2009-02-27,0.22779362493727737,0.22779362493727737,-0.7865124470755639,True,2008-06-06,320.0,33,1.0,0.7536389274424475,16.977159165555857,grid,NatGas front (GAS-LAST),,
2007-04-02,2009-04-01,0.19856969662944926,0.19856969662944926,-0.8012315349054562,True,2008-06-12,302.0,34,1.0,0.8270351415867312,17.042938239449764,grid,NatGas front (GAS-LAST),,
2007-05-01,2009-04-30,0.19644663823436156,0.19644663823436156,-0.8033567184841226,True,2008-06-06,278.0,32,1.0,0.6918424930055652,16.233561002302398,grid,NatGas front (GAS-LAST),,
2007-06-01,2009-05-29,0.1973182042365489,0.1973182042365489,-0.8024842800434946,True,2008-06-06,256.0,32,1.0,0.41951936246921884,16.168383512620885,grid,NatGas front (GAS-LAST),,
2007-07-02,2009-07-01,0.22682985440270273,0.22682985440270273,-0.7948625572501143,True,2008-06-03,232.0,30,1.0,0.22682985440270273,17.270850480927187,grid,NatGas front (GAS-LAST),,
2007-08-01,2009-07-31,0.26933073828267673,0.26933073828267673,-0.7367974090832818,True,2008-05-09,195.0,24,1.0,0.26933073828267673,15.690330280893612,grid,NatGas front (GAS-LAST),,
2007-09-04,2009-09-03,0.2672806585668387,0.2672806585668387,-0.7686516792700611,True,2008-05-09,172.0,24,1.0,0.2672806585668387,16.483926427450154,grid,NatGas front (GAS-LAST),,
2007-10-01,2009-09-30,0.1893237514348973,0.1893237514348973,-0.8148674899491651,True,2008-04-25,143.0,14,1.0,0.1893237514348973,17.67471289135162,grid,NatGas front (GAS-LAST),,
2007-11-01,2009-10-30,0.2258896608923715,0.2258896608923715,-0.7738842233309595,True,2008-05-09,130.0,17,1.0,0.2258896608923715,16.67172688102385,grid,NatGas front (GAS-LAST),,
2007-12-03,2009-12-02,0.20303709103663117,0.20303709103663117,-0.7967596686320009,True,2008-04-21,95.0,11,1.0,0.20303709103663117,17.510346413895267,grid,NatGas front (GAS-LAST),,
2008-01-02,2009-12-31,0.2119602610264778,0.2119602610264778,-0.7957859459093348,True,2008-05-23,99.0,14,1.0,0.2119602610264778,18.357516286019163,grid,NatGas front (GAS-LAST),,
2008-02-01,2010-01-29,0.2193565485560548,0.2193565485560548,-0.7804238753192645,True,2008-05-09,68.0,11,1.0,0.2193565485560548,17.616821830065867,grid,NatGas front (GAS-LAST),,
2008-03-03,2010-03-02,0.15628685250419472,0.15628685250419472,-0.8555327380870333,True,2008-08-25,122.0,19,1.0,0.15628685250419472,19.622532616421054,grid,NatGas front (GAS-LAST),,
2008-04-01,2010-03-31,0.08774401195155922,0.08774401195155922,-0.9121681562046454,True,2008-08-08,91.0,12,1.0,0.08774401195155922,15.445344433760754,grid,NatGas front (GAS-LAST),,
2008-05-01,2010-04-30,0.07910461226887254,0.07910461226887254,-0.9208162039350625,True,2008-08-08,69.0,11,1.0,0.07910461226887254,15.62477739071972,grid,NatGas front (GAS-LAST),,
2008-06-02,2010-06-01,0.10894878147419262,0.10894878147419262,-0.8917297161116542,True,2008-08-14,52.0,9,1.0,0.10894878147419262,19.103067787344433,grid,NatGas front (GAS-LAST),,
2008-07-01,2010-06-30,0.0717848552091501,0.0717848552091501,-0.9281432880789289,True,2008-08-18,33.0,6,1.0,0.0717848552091501,17.906028586064654,grid,NatGas front (GAS-LAST),,
2008-08-01,2010-07-30,0.07640417783862463,0.07640417783862463,-0.9235193415028783,True,2008-12-04,87.0,11,1.0,0.07640417783862463,14.475533947454283,grid,NatGas front (GAS-LAST),,
2008-09-02,2010-09-01,0.0743312766124437,0.0743312766124437,-0.926871599267786,True,2009-01-15,94.0,19,1.0,0.0743312766124437,17.035520392457336,grid,NatGas front (GAS-LAST),,
2008-10-01,2010-09-30,0.09421066925905418,0.09421066925905418,-0.9056950257667126,True,2009-01-23,78.0,18,1.0,0.09421066925905418,13.932315977790308,grid,NatGas front (GAS-LAST),,
2008-11-03,2010-11-02,0.020856566556946503,0.020856566556946503,-0.980055651707977,True,2009-02-17,71.0,13,1.0,0.020856566556946503,15.630973587217062,grid,NatGas front (GAS-LAST),,
2008-12-01,2010-11-30,0.09897752021342551,0.09897752021342551,-0.9009234031897643,True,2009-03-11,68.0,13,1.0,0.09897752021342551,17.520614276549214,grid,NatGas front (GAS-LAST),,
2009-01-02,2010-12-31,0.09706487139673751,0.09706487139673751,-0.9028379665698323,True,2009-04-07,65.0,9,1.0,0.09706487139673751,12.926896449710197,grid,NatGas front (GAS-LAST),,
2009-02-02,2011-02-01,0.07921421653547413,0.07921421653547413,-0.9231310165585831,True,2009-09-03,149.0,34,1.0,0.07921421653547413,13.175003018633454,grid,NatGas front (GAS-LAST),,
2009-03-02,2011-03-01,0.07762610910724377,0.07762610910724377,-0.9369993091996792,True,2010-10-18,412.0,65,1.0,0.675202541264597,15.796578773224024,grid,NatGas front (GAS-LAST),,
2009-04-01,2011-03-31,0.08377128566461518,0.08377128566461518,-0.9344026597682475,True,2010-10-22,394.0,63,1.0,0.5226118599167371,15.595103571911938,grid,NatGas front (GAS-LAST),,
2009-05-01,2011-04-29,0.07532489532456885,0.07532489532456885,-0.9362174520809493,True,2010-10-07,362.0,59,1.0,0.3374785857430402,19.472826324759822,grid,NatGas front (GAS-LAST),,
2009-06-01,2011-05-31,0.07543086313528803,0.07543086313528803,-0.9290336555065225,True,2010-10-25,354.0,54,1.0,0.4981740134917405,18.874683529292145,grid,NatGas front (GAS-LAST),,
2009-07-01,2011-06-30,0.5366285067516133,0.37193317303083456,-0.706921232090254,False,,,64,1.0,1.079072453439578,5.9843715149390375,grid,NatGas front (GAS-LAST),,
2009-08-03,2011-08-02,0.2730719872839671,0.17098922883977785,-0.8466544676411185,False,,,61,1.0,0.806555569809072,10.394386707576428,grid,NatGas front (GAS-LAST),,
2009-09-01,2011-08-31,0.29718020968421915,0.18429186489718133,-0.8539503342687558,False,,,60,1.0,0.6224042864901641,14.334398409549978,grid,NatGas front (GAS-LAST),,
2009-10-01,2011-09-30,0.08997674634080902,0.08997674634080902,-0.9170250926464532,True,2011-09-22,498.0,54,1.0,0.4367863847354063,17.053388579655014,grid,NatGas front (GAS-LAST),,
2009-11-02,2011-11-01,0.09670800458215748,0.09670800458215748,-0.9114940310244278,True,2011-09-29,481.0,51,1.0,0.371818980013915,19.72600280740762,grid,NatGas front (GAS-LAST),,
2009-12-01,2011-11-30,0.1212291282193839,0.1212291282193839,-0.878649521301918,True,2010-10-21,224.0,31,1.0,0.1212291282193839,12.903402263169587,grid,NatGas front (GAS-LAST),,
2010-01-04,2012-01-03,0.09218624121576707,0.09218624121576707,-0.9090783126402414,True,2011-08-29,417.0,40,1.0,0.47505780335370573,17.31441335131812,grid,NatGas front (GAS-LAST),,
2010-02-01,2012-01-31,0.08427091416795722,0.08427091416795722,-0.9188179628285473,True,2011-10-05,424.0,40,1.0,0.5697216119904077,17.68365452932689,grid,NatGas front (GAS-LAST),,
2010-03-01,2012-02-29,0.07657766694119303,0.07657766694119303,-0.9376394605110371,True,2011-12-14,454.0,46,1.0,0.8590740964092409,13.04081543438267,grid,NatGas front (GAS-LAST),,
2010-04-01,2012-03-30,0.10240378492985668,0.10240378492985668,-0.9079759968471994,True,2011-11-11,409.0,39,1.0,0.8599544478540571,17.13618013107833,grid,NatGas front (GAS-LAST),,
2010-05-03,2012-05-02,0.061247169084070706,0.061247169084070706,-0.9455933961076723,True,2011-11-14,389.0,42,1.0,0.9334128232356551,18.9881865322139,grid,NatGas front (GAS-LAST),,
2010-06-01,2012-05-31,0.07999403310886488,0.07999403310886488,-0.9268405918030913,True,2011-11-07,364.0,35,1.0,0.8929196694490931,18.430800804342738,grid,NatGas front (GAS-LAST),,
2010-07-01,2012-06-29,0.0427857601731915,0.0427857601731915,-0.9588716425584131,True,2011-12-14,368.0,41,1.0,0.9350765566297272,17.631929613113286,grid,NatGas front (GAS-LAST),,
2010-08-02,2012-08-01,0.07468627494889638,0.07468627494889638,-0.9305390000310132,True,2011-12-28,356.0,41,1.0,0.9507066836777086,19.32674800919668,grid,NatGas front (GAS-LAST),,
2010-09-01,2012-08-31,0.006233602853326027,0.006233602853326027,-0.9955048830356966,True,2012-01-19,348.0,39,1.0,1.3424221899480022,15.30640309601574,grid,NatGas front (GAS-LAST),,
2010-10-01,2012-09-28,0.018780094092496067,0.018780094092496067,-0.9871845117602505,True,2012-01-17,325.0,36,1.0,1.1325852612820284,12.697807465253808,grid,NatGas front (GAS-LAST),,
2010-11-01,2012-10-31,0.07538909938215993,0.07538909938215993,-0.9456227300993721,True,2012-01-11,301.0,32,1.0,1.0227977705289752,11.185827663644256,grid,NatGas front (GAS-LAST),,
2010-12-01,2012-11-30,0.0710620973566355,0.0710620973566355,-0.9447981499927145,True,2012-01-11,280.0,30,1.0,0.6347420002357457,11.240582757185047,grid,NatGas front (GAS-LAST),,
2011-01-03,2013-01-02,0.03360369341307674,0.03360369341307674,-0.9710933447167188,True,2012-01-11,258.0,25,1.0,0.17745182725269038,13.632483668855151,grid,NatGas front (GAS-LAST),,
2011-02-01,2013-01-31,0.08981981980964036,0.08981981980964036,-0.9253975013494231,True,2012-01-10,237.0,23,1.0,0.08981981980964036,17.495398971575383,grid,NatGas front (GAS-LAST),,
2011-03-01,2013-02-28,0.09348945434942033,0.09348945434942033,-0.9222039557766964,True,2012-01-10,218.0,22,1.0,0.09348945434942033,18.469431265383324,grid,NatGas front (GAS-LAST),,
2011-04-01,2013-03-28,0.07800400665189519,0.07800400665189519,-0.9326976565695528,True,2011-12-29,188.0,18,1.0,0.07800400665189519,15.738409143387235,grid,NatGas front (GAS-LAST),,
2011-05-02,2013-05-01,0.06359435617526353,0.06359435617526353,-0.9402002688343034,True,2011-12-29,168.0,15,1.0,0.06359435617526353,16.953555491328416,grid,NatGas front (GAS-LAST),,
2011-06-01,2013-05-31,0.07149565759349397,0.07149565759349397,-0.9284327751816878,True,2011-12-29,147.0,12,1.0,0.07149565759349397,16.246239471663525,grid,NatGas front (GAS-LAST),,
2011-07-01,2013-06-28,0.003948706932255136,0.003948706932255136,-0.996047340408153,True,2012-01-11,133.0,9,1.0,0.003948706932255136,16.974053587461455,grid,NatGas front (GAS-LAST),,
2011-08-01,2013-07-31,0.08805941750161847,0.08805941750161847,-0.9129099926257944,True,2012-01-11,113.0,9,1.0,0.08805941750161847,10.72920241781012,grid,NatGas front (GAS-LAST),,
2011-09-01,2013-08-30,0.10404134661684715,0.10404134661684715,-0.8958545078910439,True,2012-01-12,91.0,8,1.0,0.10404134661684715,14.70326101338104,grid,NatGas front (GAS-LAST),,
2011-10-03,2013-10-02,0.04740310740188104,0.04740310740188104,-0.9525494420401591,True,2012-01-19,74.0,7,1.0,0.04740310740188104,12.309174214927811,grid,NatGas front (GAS-LAST),,
2011-11-01,2013-10-31,0.055992252339294585,0.055992252339294585,-0.9439516993600655,True,2012-03-07,86.0,13,1.0,0.055992252339294585,19.62092861877894,grid,NatGas front (GAS-LAST),,
2011-12-01,2013-11-29,0.10853151510038175,0.10853151510038175,-0.8916155361849826,True,2012-03-27,79.0,12,1.0,0.10853151510038175,17.330963550267732,grid,NatGas front (GAS-LAST),,
2012-01-03,2014-01-02,1.3319843829766755,0.18196468729574455,-0.8178531658701256,False,,,61,1.0,0.9652631908707212,12.727095762008544,grid,NatGas front (GAS-LAST),,
2012-02-01,2014-01-31,1.2958432220084497,0.47283842303230683,-0.5390858602734551,False,,,62,1.0,1.2810768355251696,8.709670115315648,grid,NatGas front (GAS-LAST),,
2012-03-01,2014-02-28,1.0181215898590898,0.4757839459892699,-0.6086722056451705,False,,,55,1.0,1.2085635453051784,11.481111904814199,grid,NatGas front (GAS-LAST),,
2012-04-02,2014-04-01,1.3075105229488426,0.36308842957762044,-0.7002410349064617,False,,,56,1.0,0.9341548250722281,15.405260780436352,grid,NatGas front (GAS-LAST),,
2012-05-01,2014-04-30,1.172516005043778,0.509997059298226,-0.5422071230258352,False,,,56,1.0,0.7204316793448915,10.62807968542936,grid,NatGas front (GAS-LAST),,
2012-06-01,2014-05-30,0.212587374056873,0.212587374056873,-0.8062773315877184,True,2013-04-18,221.0,26,1.0,0.212587374056873,18.90541689741069,grid,NatGas front (GAS-LAST),,
2012-07-02,2014-06-30,1.6342442846827372,0.8129547937428676,-0.2444325740022908,False,,,55,1.0,1.3941016635745467,5.174606295485117,grid,NatGas front (GAS-LAST),,
2012-08-01,2014-07-31,1.7199906506426843,0.8558781158967899,-0.28405477943914526,False,,,56,1.0,1.208158971783665,5.506343282497025,grid,NatGas front (GAS-LAST),,
2012-09-04,2014-09-03,1.6390651897965747,0.7637346406790106,-0.27140001767163724,False,,,51,1.0,1.2814045621492696,5.277294308532323,grid,NatGas front (GAS-LAST),,
2012-10-01,2014-09-30,1.4889467187808547,0.772808420703325,-0.2710042240274656,False,,,46,1.0,1.0191912576305582,5.106290955910957,grid,NatGas front (GAS-LAST),,
2012-11-01,2014-10-31,1.425818203925997,0.7355472776643308,-0.285896288869129,False,,,47,1.0,0.9733146179506514,6.1184115656777065,grid,NatGas front (GAS-LAST),,
2012-12-03,2014-12-02,1.449146660629252,0.6532054126601438,-0.37284338679472684,False,,,44,1.0,0.9867424833578546,6.658730141397275,grid,NatGas front (GAS-LAST),,
2013-01-02,2015-01-01,0.7488302890039459,0.5661306839560013,-0.5584047802327339,False,,,48,1.0,1.0604749478051394,8.406652721655991,grid,NatGas front (GAS-LAST),,
2013-02-01,2015-01-30,0.37795507824488617,0.37795507824488617,-0.7380304559633997,False,,,48,1.0,1.0509105079897854,8.130781696400122,grid,NatGas front (GAS-LAST),,
2013-03-01,2015-02-27,0.47856539238398704,0.3654706565632739,-0.7445805082977799,False,,,50,1.0,1.0856759087224492,7.951001117652127,grid,NatGas front (GAS-LAST),,
2013-04-01,2015-03-31,0.33183357370549327,0.32319061363161355,-0.7463071359548463,False,,,46,1.0,1.000743674663548,7.6590706596577975,grid,NatGas front (GAS-LAST),,
2013-05-01,2015-04-30,0.41783220109467833,0.275707895310846,-0.7810293069703168,False,,,46,1.0,0.8453910289832395,7.827768598329118,grid,NatGas front (GAS-LAST),,
2013-06-03,2015-06-02,0.5243803560680187,0.3808071842056389,-0.7272652458136913,False,,,50,1.0,0.9733065761764877,6.2401479590972,grid,NatGas front (GAS-LAST),,
2013-07-01,2015-06-30,0.11677295405754673,0.11677295405754673,-0.9044888202209705,True,2015-04-10,437.0,42,1.0,0.9410384189593679,17.385077038571126,grid,NatGas front (GAS-LAST),,
2013-08-01,2015-07-31,0.1206789377126366,0.1206789377126366,-0.9005279000808869,True,2015-03-27,405.0,38,1.0,1.0810980382228013,17.543290761902206,grid,NatGas front (GAS-LAST),,
2013-09-02,2015-09-01,0.26653245168188305,0.13523086926139416,-0.8950352482214032,False,,,47,1.0,1.1679621681050316,17.425467049047754,grid,NatGas front (GAS-LAST),,
2013-10-01,2015-09-30,0.1098937116443827,0.1098937116443827,-0.9145323282032554,True,2015-04-10,371.0,38,1.0,1.047193006521177,18.827733172559764,grid,NatGas front (GAS-LAST),,
2013-11-01,2015-10-30,0.11047508618361952,0.11047508618361952,-0.9088664348779258,True,2015-03-27,339.0,35,1.0,1.2122326832669965,19.561360974687847,grid,NatGas front (GAS-LAST),,
2013-12-02,2015-12-01,0.1369621629266865,0.1369621629266865,-0.8789857069732215,True,2015-01-30,278.0,29,1.0,0.51013975224054,13.248535235878283,grid,NatGas front (GAS-LAST),,
2014-01-02,2015-12-31,0.06752958816629392,0.06752958816629392,-0.943665764483945,True,2015-04-09,305.0,29,1.0,0.44536943601556633,17.417041679426454,grid,NatGas front (GAS-LAST),,
2014-02-03,2016-02-02,0.10292502421701716,0.10292502421701716,-0.9064314723482677,True,2015-03-27,276.0,26,1.0,0.42119892576929713,16.901014833284176,grid,NatGas front (GAS-LAST),,
2014-03-03,2016-03-02,0.04860594240596687,0.04860594240596687,-0.9546875484664593,True,2015-04-09,265.0,23,1.0,0.26114525865441446,19.13007517001001,grid,NatGas front (GAS-LAST),,
2014-04-01,2016-03-31,0.10957903360678081,0.10957903360678081,-0.8916403834796358,True,2015-01-22,190.0,21,1.0,0.10957903360678081,17.487413282316712,grid,NatGas front (GAS-LAST),,
2014-05-01,2016-04-29,0.09237903337135092,0.09237903337135092,-0.9081015994534384,True,2015-03-27,217.0,23,1.0,0.09237903337135092,17.655610335103198,grid,NatGas front (GAS-LAST),,
2014-06-02,2016-06-01,0.048679360736028264,0.048679360736028264,-0.9512719111751469,True,2015-04-09,204.0,20,1.0,0.048679360736028264,19.35345889718098,grid,NatGas front (GAS-LAST),,
2014-07-02,2016-07-01,0.07560414526009482,0.07560414526009482,-0.9257848321454124,True,2015-04-09,183.0,18,1.0,0.07560414526009482,15.79421452713977,grid,NatGas front (GAS-LAST),,
2014-08-01,2016-07-29,0.11436383951679195,0.11436383951679195,-0.892239736203763,True,2015-04-27,177.0,18,1.0,0.11436383951679195,15.847682812595515,grid,NatGas front (GAS-LAST),,
2014-09-02,2016-09-01,0.07967037934591224,0.07967037934591224,-0.9251391373247018,True,2015-09-30,274.0,26,1.0,0.2487359586673653,17.653587772230328,grid,NatGas front (GAS-LAST),,
2014-10-01,2016-09-30,0.11647106071690297,0.11647106071690297,-0.8907784565363452,True,2015-04-01,127.0,15,1.0,0.11647106071690297,16.94613038988269,grid,NatGas front (GAS-LAST),,
2014-11-03,2016-11-02,0.11553473702942099,0.11553473702942099,-0.8890057970422486,True,2015-04-13,112.0,15,1.0,0.11553473702942099,19.614480475500798,grid,NatGas front (GAS-LAST),,
2014-12-01,2016-11-30,0.052095472617723,0.052095472617723,-0.9478523797620391,True,2015-04-09,91.0,10,1.0,0.052095472617723,19.468673901860473,grid,NatGas front (GAS-LAST),,
2015-01-01,2016-12-30,0.03429007225933817,0.03429007225933817,-0.9714665783017394,True,2015-12-14,245.0,26,1.0,0.03429007225933817,16.268147568237584,grid,NatGas front (GAS-LAST),,
2015-02-02,2017-02-01,0.09389584465650255,0.09389584465650255,-0.9233550544404645,True,2015-12-09,220.0,23,1.0,0.09389584465650255,19.817930822079262,grid,NatGas front (GAS-LAST),,
2015-03-02,2017-03-01,0.11019061710798005,0.11019061710798005,-0.9092303216515328,True,2015-12-14,203.0,23,1.0,0.11019061710798005,12.8622505205428,grid,NatGas front (GAS-LAST),,
2015-04-01,2017-03-31,0.12142413209202492,0.12142413209202492,-0.8912893537025961,True,2015-12-07,176.0,17,1.0,0.12142413209202492,12.635706317634828,grid,NatGas front (GAS-LAST),,
2015-05-01,2017-04-28,0.11269297836473852,0.11269297836473852,-0.8944847097209789,True,2015-12-09,157.0,13,1.0,0.11269297836473852,17.329796931908444,grid,NatGas front (GAS-LAST),,
2015-06-01,2017-05-31,0.11393410179512567,0.11393410179512567,-0.8927332165244574,True,2015-12-11,139.0,11,1.0,0.11393410179512567,17.350756804967876,grid,NatGas front (GAS-LAST),,
2015-07-01,2017-06-30,0.06255978876854396,0.06255978876854396,-0.9373775888202763,True,2015-12-14,118.0,8,1.0,0.06255978876854396,14.156371149267308,grid,NatGas front (GAS-LAST),,
2015-08-03,2017-08-02,0.0864404754952236,0.0864404754952236,-0.9145750010382987,True,2015-12-10,93.0,9,1.0,0.0864404754952236,19.00791754845226,grid,NatGas front (GAS-LAST),,
2015-09-01,2017-08-31,0.10619791105940185,0.10619791105940185,-0.8940425500487345,True,2016-02-18,120.0,15,1.0,0.10619791105940185,19.8176803529845,grid,NatGas front (GAS-LAST),,
2015-10-01,2017-09-29,0.8453797800718159,0.12726654610444177,-0.8726060599555138,False,,,51,1.0,0.7307824495641826,17.50194064577524,grid,NatGas front (GAS-LAST),,
2015-11-02,2017-11-01,0.974212477283192,0.34121554452315556,-0.6634433545496922,False,,,55,1.0,0.8489886267469057,8.962102706622765,grid,NatGas front (GAS-LAST),,
2015-12-01,2017-11-30,1.033379861020536,0.5985720936316925,-0.46645749581507623,False,,,54,1.0,1.150324854796364,8.08573043438094,grid,NatGas front (GAS-LAST),,
2016-01-04,2018-01-03,0.8071878595831169,0.44810204478383364,-0.560086822517688,False,,,51,1.0,0.6182686662215975,9.836432113912368,grid,NatGas front (GAS-LAST),,
2016-02-01,2018-01-31,1.0057328434937394,0.41113640623627057,-0.597813570175139,False,,,54,1.0,1.0180639907995666,11.589886440618395,grid,NatGas front (GAS-LAST),,
2016-03-01,2018-02-28,0.22948708196860296,0.22948708196860296,-0.7734791077934264,True,2016-10-10,157.0,10,1.0,0.22948708196860296,13.021361721067773,grid,NatGas front (GAS-LAST),,
2016-04-01,2018-03-29,0.7416895654707231,0.4749157231057695,-0.6634123282329203,False,,,52,1.0,1.3756623437920958,10.946239065902637,grid,NatGas front (GAS-LAST),,
2016-05-02,2018-05-01,0.5781891607399442,0.3620480970471193,-0.745745578561529,False,,,47,1.0,1.3530212637947427,9.503350130200632,grid,NatGas front (GAS-LAST),,
2016-06-01,2018-05-31,0.6400974704344955,0.3403164526228166,-0.7480079181688,False,,,44,1.0,1.295166880362958,9.48605965743359,grid,NatGas front (GAS-LAST),,
2016-07-01,2018-06-29,0.938081195623083,0.6879631653571894,-0.5284673489928147,False,,,48,1.0,1.2385950699246409,4.72578069240188,grid,NatGas front (GAS-LAST),,
2016-08-01,2018-07-31,0.5271087293569396,0.3438102255330257,-0.728344535837814,False,,,41,1.0,0.9062306933476663,8.278403114116653,grid,NatGas front (GAS-LAST),,
2016-09-01,2018-08-31,0.7768595474502835,0.5070322885924312,-0.6199892747835363,False,,,42,1.0,1.1209795100213193,6.150187913931439,grid,NatGas front (GAS-LAST),,
2016-10-03,2018-10-02,0.6571690115669395,0.261103062656765,-0.7786128559631224,False,,,38,1.0,0.8295255325233356,10.859187237643255,grid,NatGas front (GAS-LAST),,
2016-11-01,2018-10-31,0.09626757229917379,0.09626757229917379,-0.9096682547876607,True,2017-12-15,289.0,27,1.0,0.6319262946719403,15.65346894680188,grid,NatGas front (GAS-LAST),,
2016-12-01,2018-11-30,0.46491879597668295,0.2333822596978936,-0.7970779385753528,False,,,42,1.0,0.6832156057816567,20.704840144644756,grid,NatGas front (GAS-LAST),,
2017-01-02,2019-01-01,0.8260511935138165,0.20938405025569895,-0.7904063561004014,False,,,40,1.0,0.2465635212719639,19.167691794886238,grid,NatGas front (GAS-LAST),,
2017-02-01,2019-01-31,0.18416028483124128,0.18416028483124128,-0.8252431342707669,True,2018-11-14,462.0,35,1.0,0.8776718994750965,6.368922496300756,grid,NatGas front (GAS-LAST),,
2017-03-01,2019-02-28,0.0,0.0,-1.0,True,2018-11-14,442.0,33,1.0,0.7775339601117907,7.18628924537792,grid,NatGas front (GAS-LAST),,
2017-04-03,2019-04-02,0.17319182928791424,0.17319182928791424,-0.8402738903692287,True,2018-11-14,419.0,36,1.0,0.8065910342903386,6.540991738064366,grid,NatGas front (GAS-LAST),,
2017-05-01,2019-04-30,0.09061859173215363,0.09061859173215363,-0.9119527179387347,True,2018-11-14,400.0,32,1.0,0.7645511953293144,7.300935369813948,grid,NatGas front (GAS-LAST),,
2017-06-01,2019-05-31,0.0,0.0,-1.0,True,2018-11-14,377.0,29,1.0,1.1271669789523915,7.874647092866653,grid,NatGas front (GAS-LAST),,
2017-07-03,2019-07-02,0.0,0.0,-1.0,True,2018-11-14,355.0,24,1.0,1.1078293507815864,10.17700252075846,grid,NatGas front (GAS-LAST),,
2017-08-01,2019-07-31,0.0,0.0,-1.0,True,2018-11-14,334.0,25,1.0,1.044466863963823,9.059421367768854,grid,NatGas front (GAS-LAST),,
2017-09-01,2019-08-30,0.0,0.0,-1.0,True,2018-11-14,311.0,26,1.0,1.1173401095610918,8.956018027348543,grid,NatGas front (GAS-LAST),,
2017-10-02,2019-10-01,0.0,0.0,-1.0,True,2018-11-14,291.0,22,1.0,1.1614801655115135,9.711665848272425,grid,NatGas front (GAS-LAST),,
2017-11-01,2019-10-31,0.0,0.0,-1.0,True,2018-11-14,269.0,22,1.0,1.1821630031353763,9.818467122988467,grid,NatGas front (GAS-LAST),,
2017-12-01,2019-11-29,0.0,0.0,-1.0,True,2018-11-14,247.0,18,1.0,0.0,8.919182307284053,grid,NatGas front (GAS-LAST),,
2018-01-01,2019-12-31,0.0,0.0,-1.0,True,2018-11-14,226.0,14,1.0,0.0,10.639661815912742,grid,NatGas front (GAS-LAST),,
2018-02-01,2020-01-31,0.0,0.0,-1.0,True,2018-11-14,203.0,12,1.0,0.0,12.00687312537516,grid,NatGas front (GAS-LAST),,
2018-03-01,2020-02-28,0.0,0.0,-1.0,True,2018-11-14,183.0,9,1.0,0.0,9.143961031676064,grid,NatGas front (GAS-LAST),,
2018-04-02,2020-04-01,0.0,0.0,-1.0,True,2018-11-14,162.0,9,1.0,0.0,11.156922311043191,grid,NatGas front (GAS-LAST),,
2018-05-01,2020-04-30,0.0,0.0,-1.0,True,2018-11-14,141.0,9,1.0,0.0,10.620456436928693,grid,NatGas front (GAS-LAST),,
2018-06-01,2020-05-29,0.0,0.0,-1.0,True,2018-11-14,118.0,8,1.0,0.0,9.786182954869044,grid,NatGas front (GAS-LAST),,
2018-07-02,2020-07-01,0.0,0.0,-1.0,True,2018-11-14,97.0,7,1.0,0.0,14.05183098790523,grid,NatGas front (GAS-LAST),,
2018-08-01,2020-07-31,0.0,0.0,-1.0,True,2018-11-14,75.0,7,1.0,0.0,11.74727187809808,grid,NatGas front (GAS-LAST),,
2018-09-03,2020-09-02,0.0,0.0,-1.0,True,2018-11-14,52.0,6,1.0,0.0,11.270811833769473,grid,NatGas front (GAS-LAST),,
2018-10-01,2020-09-30,0.1785102975590999,0.1785102975590999,-0.8244607260856132,True,2018-11-14,32.0,3,1.0,0.1785102975590999,5.564786337077361,grid,NatGas front (GAS-LAST),,
2018-11-01,2020-10-30,0.18599618362976755,0.14315030774520587,-0.8567063986534476,True,2018-11-22,15.0,6,1.0,0.18599618362976755,26.009772197451174,grid,NatGas front (GAS-LAST),,
2018-12-03,2020-12-02,0.038314522489507806,0.038314522489507806,-0.9621045026090858,True,2019-06-20,140.0,16,1.0,0.038314522489507806,16.654619977455212,grid,NatGas front (GAS-LAST),,
2019-01-01,2020-12-31,0.06676706282567164,0.06676706282567164,-0.933166103277606,True,2020-01-30,278.0,27,1.0,0.47942495678632396,19.922864818298997,grid,NatGas front (GAS-LAST),,
2019-02-01,2021-01-29,0.08453718455327192,0.08453718455327192,-0.9204846869213212,True,2020-03-18,289.0,32,1.0,0.3737756077618223,18.15290602235801,grid,NatGas front (GAS-LAST),,
2019-03-01,2021-02-26,0.09127294980728491,0.09127294980728491,-0.9100874445861746,True,2020-03-18,269.0,29,1.0,0.30845106234906067,15.116675877514627,grid,NatGas front (GAS-LAST),,
2019-04-01,2021-03-31,0.06785252721456231,0.06785252721456231,-0.9385002973372976,True,2020-03-23,251.0,28,1.0,0.06785252721456231,13.634367760958057,grid,NatGas front (GAS-LAST),,
2019-05-01,2021-04-30,0.0,0.0,-1.0,True,2020-06-25,297.0,39,1.0,0.5911831603030973,14.094877261095014,grid,NatGas front (GAS-LAST),,
2019-06-03,2021-06-02,0.0,0.0,-1.0,True,2020-06-25,275.0,36,1.0,0.3105284550506529,15.336239978665075,grid,NatGas front (GAS-LAST),,
2019-07-01,2021-06-30,0.08719583196170473,0.08719583196170473,-0.9260918032828602,True,2020-06-15,247.0,32,1.0,0.08719583196170473,17.53724098550617,grid,NatGas front (GAS-LAST),,
2019-08-01,2021-07-30,0.1331729262841162,0.1331729262841162,-0.8757031416373274,True,2020-02-28,149.0,18,1.0,0.1331729262841162,13.497791417829276,grid,NatGas front (GAS-LAST),,
2019-09-02,2021-09-01,0.00196488969994115,0.00196488969994115,-0.9982923718772959,True,2020-03-23,143.0,18,1.0,0.00196488969994115,17.522919983984018,grid,NatGas front (GAS-LAST),,
2019-10-01,2021-09-30,0.11564825672749278,0.11564825672749278,-0.8862926421633001,True,2020-02-28,106.0,11,1.0,0.11564825672749278,14.289282782211897,grid,NatGas front (GAS-LAST),,
2019-11-01,2021-10-29,0.11306634187165063,0.11306634187165063,-0.8877496446967884,True,2020-03-18,96.0,12,1.0,0.11306634187165063,16.542994194541052,grid,NatGas front (GAS-LAST),,
2019-12-02,2021-12-01,0.06717788602957397,0.06717788602957397,-0.9327548688392653,True,2021-09-08,455.0,52,1.0,0.7355968133070843,19.408820362856293,grid,NatGas front (GAS-LAST),,
2020-01-02,2021-12-31,0.239189753866707,0.239189753866707,-0.8211596728859965,True,2021-09-08,434.0,67,1.0,1.131109296070729,10.891389912140527,grid,NatGas front (GAS-LAST),,
2020-02-03,2022-02-02,0.08632235721122078,0.08632235721122078,-0.9453038984016771,True,2021-09-08,412.0,68,1.0,1.3272542680622517,15.535206226592342,grid,NatGas front (GAS-LAST),,
2020-03-02,2022-03-01,0.02844832134401331,0.02844832134401331,-0.982903008213307,True,2021-09-08,392.0,68,1.0,1.5512513666996726,18.94559183325905,grid,NatGas front (GAS-LAST),,
2020-04-01,2022-03-31,0.1281026293435435,0.1281026293435435,-0.9191180235793571,True,2021-09-01,366.0,61,1.0,1.3917091602540728,12.457278127402322,grid,NatGas front (GAS-LAST),,
2020-05-01,2022-04-29,0.06378887063726585,0.06378887063726585,-0.9520344280321398,True,2021-09-01,345.0,53,1.0,1.273768313908361,14.167947959424305,grid,NatGas front (GAS-LAST),,
2020-06-01,2022-05-31,0.17409547102362966,0.17409547102362966,-0.830224362618946,True,2020-09-04,69.0,14,1.0,0.17409547102362966,16.379352180762805,grid,NatGas front (GAS-LAST),,
2020-07-01,2022-06-30,0.32025769342209415,0.2909230559095868,-0.7881155395739415,True,2021-08-26,298.0,44,1.0,1.3955368995083617,17.368408708838427,grid,NatGas front (GAS-LAST),,
2020-08-03,2022-08-02,0.18379390777507135,0.18379390777507135,-0.8301506861878447,True,2021-08-04,259.0,33,1.0,0.29988365009285545,16.808755598586615,grid,NatGas front (GAS-LAST),,
2020-09-01,2022-08-31,0.2376707026617944,0.2376707026617944,-0.7695534458512351,True,2021-08-04,238.0,29,1.0,0.2376707026617944,14.691815752404365,grid,NatGas front (GAS-LAST),,
2020-10-01,2022-09-30,0.22958901437822934,0.22958901437822934,-0.7794090665162758,True,2021-07-23,208.0,27,1.0,0.22958901437822934,15.104624187192764,grid,NatGas front (GAS-LAST),,
2020-11-02,2022-11-01,0.1884542936117423,0.1884542936117423,-0.8228956405630498,True,2021-07-26,187.0,26,1.0,0.1884542936117423,17.624433770791576,grid,NatGas front (GAS-LAST),,
2020-12-01,2022-11-30,0.21242073483002274,0.21242073483002274,-0.8121263144809995,True,2021-07-20,162.0,20,1.0,0.21242073483002274,14.091343780572538,grid,NatGas front (GAS-LAST),,
2021-01-04,2023-01-03,0.21830158617746168,0.21830158617746168,-0.8190586080228014,True,2021-07-26,144.0,16,1.0,0.21830158617746168,17.143457023699955,grid,NatGas front (GAS-LAST),,
2021-02-01,2023-01-31,0.22779745492460082,0.22779745492460082,-0.781408425341873,True,2021-07-20,120.0,11,1.0,0.22779745492460082,13.06935575348185,grid,NatGas front (GAS-LAST),,
2021-03-01,2023-02-28,0.19082141849324538,0.19082141849324538,-0.8098281712415729,True,2021-07-20,100.0,9,1.0,0.19082141849324538,14.413171109349145,grid,NatGas front (GAS-LAST),,
2021-04-01,2023-03-31,0.1968478389809751,0.1968478389809751,-0.8050412455144607,True,2021-07-20,77.0,8,1.0,0.1968478389809751,13.882804602670685,grid,NatGas front (GAS-LAST),,
2021-05-03,2023-05-02,0.012141886716134687,0.012141886716134687,-0.988345459994194,True,2021-09-01,87.0,9,1.0,0.012141886716134687,16.559962327344472,grid,NatGas front (GAS-LAST),,
2021-06-01,2023-05-31,0.1529842047327628,0.1529842047327628,-0.8472637465208521,True,2021-09-01,66.0,6,1.0,0.1529842047327628,13.780907832909053,grid,NatGas front (GAS-LAST),,
2021-07-01,2023-06-30,0.18204952735907615,0.18204952735907615,-0.8177682408818057,True,2021-09-14,52.0,5,1.0,0.18204952735907615,18.043152817182428,grid,NatGas front (GAS-LAST),,
2021-08-02,2023-08-01,0.19598795010161763,0.19598795010161763,-0.8038158657641465,True,2021-10-04,44.0,8,1.0,0.19598795010161763,19.33425575772053,grid,NatGas front (GAS-LAST),,
2021-09-01,2023-08-31,0.25832073567178465,0.23855435689892013,-0.8151540874178335,True,2022-04-07,151.0,46,1.0,0.25832073567178465,13.30316457873316,grid,NatGas front (GAS-LAST),,
2021-10-01,2023-09-29,0.20838226144551122,0.20838226144551122,-0.8214953054238171,True,2022-04-07,130.0,40,1.0,0.20838226144551122,11.856686835812898,grid,NatGas front (GAS-LAST),,
2021-11-01,2023-10-31,0.17093304271683565,0.17093304271683565,-0.8384693152059578,True,2022-04-05,107.0,29,1.0,0.17093304271683565,14.045478264386448,grid,NatGas front (GAS-LAST),,
2021-12-01,2023-11-30,0.23990099802973158,0.23990099802973158,-0.7702758015157484,True,2022-03-24,78.0,20,1.0,0.23990099802973158,13.776210044834713,grid,NatGas front (GAS-LAST),,
2022-01-03,2024-01-02,0.20113718343727297,0.20113718343727297,-0.7986614780407678,True,2022-03-24,56.0,15,1.0,0.20113718343727297,15.129317111919967,grid,NatGas front (GAS-LAST),,
2022-02-01,2024-01-31,0.04451697515096794,0.04451697515096794,-0.9583870397746777,True,2022-04-07,46.0,12,1.0,0.04451697515096794,14.755977514968384,grid,NatGas front (GAS-LAST),,
2022-03-01,2024-02-29,0.14095037575818475,0.14095037575818475,-0.8594352118438042,True,2022-04-11,29.0,6,1.0,0.14095037575818475,13.409256012170701,grid,NatGas front (GAS-LAST),,
1991-01-02,1992-12-31,1.2001655638395075,0.9071207977480232,-0.170075253629696,False,,,34,0.5588235294117647,1.142064439623548,4.311056280122967,martingale,"WTI (Dec, CRUDE_W)",19.0,1.0
1991-02-01,1993-01-29,1.227375912758038,0.9042249338132515,-0.19643105512443326,False,,,32,0.59375,1.1545685150873684,5.142428768270874,martingale,"WTI (Dec, CRUDE_W)",19.0,1.0
1991-03-01,1993-02-26,1.21408358620312,0.9838321498333163,-0.19593115075041445,False,,,30,0.6,1.1508156634328088,5.126152612610662,martingale,"WTI (Dec, CRUDE_W)",18.0,1.0
1991-04-01,1993-03-31,1.0794447915091523,0.976393884978621,-0.19463661061223736,False,,,30,0.5666666666666667,1.1431854993352553,5.084098189519209,martingale,"WTI (Dec, CRUDE_W)",17.0,1.0
1991-05-01,1993-04-30,1.0745921606878392,0.9507874577054791,-0.18929073011541964,False,,,28,0.5357142857142857,1.1452755400012298,4.911854427041857,martingale,"WTI (Dec, CRUDE_W)",15.0,1.0
1991-06-03,1993-06-02,0.963031222576866,0.9087916593040785,-0.22919911337813026,False,,,29,0.5172413793103449,1.1531071377946565,4.820204915259572,martingale,"WTI (Dec, CRUDE_W)",15.0,1.0
1991-07-01,1993-06-30,1.0500454269417907,0.7860777215257233,-0.33195612626318616,False,,,27,0.5185185185185185,1.152045788919512,10.139425324534553,martingale,"WTI (Dec, CRUDE_W)",14.0,1.0
1991-08-01,1993-07-30,1.1361096019378216,0.7903841866929978,-0.32712149987901096,False,,,30,0.5666666666666667,1.141219052233901,10.139425324534555,martingale,"WTI (Dec, CRUDE_W)",17.0,1.0
1991-09-03,1993-09-02,1.1086211719343078,0.7836383867318614,-0.32149171811470156,False,,,31,0.5483870967741935,1.1015809659873739,10.139425324534553,martingale,"WTI (Dec, CRUDE_W)",17.0,1.0
1991-10-01,1993-09-30,0.9851330680043828,0.7741259853611875,-0.3223129893561619,False,,,31,0.5161290322580645,1.0179438141378534,10.139425324534555,martingale,"WTI (Dec, CRUDE_W)",16.0,1.0
1991-11-01,1993-10-29,1.102484523993064,0.7579547729813852,-0.3147558289865001,False,,,30,0.5,0.972511075645067,10.139425324534555,martingale,"WTI (Dec, CRUDE_W)",15.0,1.0
1991-12-02,1993-12-01,1.0862349069726307,0.7399597239448338,-0.3276076991190955,False,,,29,0.5172413793103449,1.0411976629524682,10.139425324534553,martingale,"WTI (Dec, CRUDE_W)",15.0,1.0
1992-01-02,1993-12-30,1.0534183047848975,0.700380573044797,-0.34268205983887123,False,,,29,0.4827586206896552,1.0408333128289304,10.139425324534553,martingale,"WTI (Dec, CRUDE_W)",14.0,1.0
1992-02-03,1994-02-02,1.056383147108674,0.707503215700406,-0.34415868937678884,False,,,29,0.5172413793103449,1.066708033029499,10.139425324534557,martingale,"WTI (Dec, CRUDE_W)",15.0,1.0
1992-03-02,1994-03-01,1.029861918504828,0.6929251622789936,-0.3511296695903754,False,,,30,0.5,1.066227116990425,10.139425324534555,martingale,"WTI (Dec, CRUDE_W)",15.0,1.0
1992-04-01,1994-03-31,1.069001476021627,0.7016338978777769,-0.34236782425760515,False,,,31,0.5161290322580645,0.9679531269255977,10.139425324534551,martingale,"WTI (Dec, CRUDE_W)",16.0,1.0
1992-05-01,1994-04-29,1.0281554920113665,0.6855222903666742,-0.3384272775296019,False,,,30,0.4666666666666667,0.9329226065732416,10.139425324534555,martingale,"WTI (Dec, CRUDE_W)",14.0,1.0
1992-06-01,1994-05-31,1.1644193991079028,0.980984561710059,-0.06560674944240619,False,,,28,0.5357142857142857,1.039223513808088,1.92370437601515,martingale,"WTI (Dec, CRUDE_W)",15.0,1.0
1992-07-01,1994-06-30,1.155845531874411,0.9835850663864013,-0.06663201670094021,False,,,27,0.5555555555555556,1.0456791879053944,1.9584239885385306,martingale,"WTI (Dec, CRUDE_W)",15.0,1.0
1992-08-03,1994-08-02,1.0989157388012856,0.6943784080909539,-0.3299066800320062,False,,,32,0.53125,1.006163022391208,10.139425324534555,martingale,"WTI (Dec, CRUDE_W)",17.0,1.0
1992-09-01,1994-08-31,1.1648322776703015,0.9720950395620338,-0.06774731520197286,False,,,31,0.5483870967741935,1.060235046705154,1.996380858822505,martingale,"WTI (Dec, CRUDE_W)",17.0,1.0
1992-10-01,1994-09-30,1.0995295335079953,0.8804072303629794,-0.1304231914763101,False,,,30,0.5,1.0196205285661568,4.341658365487043,martingale,"WTI (Dec, CRUDE_W)",15.0,1.0
1992-11-02,1994-11-01,1.0538331521512692,0.9029987148995844,-0.2324437075126864,False,,,32,0.5,1.064045960044557,7.193657758575779,martingale,"WTI (Dec, CRUDE_W)",16.0,1.0
1992-12-01,1994-11-30,1.008765929066138,0.857825229543231,-0.26567986545086764,False,,,31,0.4838709677419355,1.0736765498353702,7.812692731556682,martingale,"WTI (Dec, CRUDE_W)",15.0,1.0
1993-01-04,1995-01-03,0.8902759421594287,0.7587129506335017,-0.3521126794436723,False,,,31,0.4838709677419355,1.0665927501163441,8.79278370732613,martingale,"WTI (Dec, CRUDE_W)",15.0,1.0
1993-02-01,1995-01-31,0.9454628072767824,0.7736567564370697,-0.3369831649910652,False,,,30,0.5,1.0866385488664068,8.222953903249222,martingale,"WTI (Dec, CRUDE_W)",15.0,1.0
1993-03-02,1995-03-01,0.8292785536626501,0.7555598758952006,-0.34043312817671,False,,,32,0.46875,1.0556287205390111,8.350590518088381,martingale,"WTI (Dec, CRUDE_W)",15.0,1.0
1993-04-01,1995-03-31,1.000076084588986,0.7911082795024227,-0.32933217575297524,False,,,30,0.5333333333333333,1.0615697186922082,7.944579197763543,martingale,"WTI (Dec, CRUDE_W)",16.0,1.0
1993-05-03,1995-05-02,1.0793702817861908,0.782113494518367,-0.3303720347498462,False,,,30,0.5333333333333333,1.0987259832490845,7.982040045964365,martingale,"WTI (Dec, CRUDE_W)",16.0,1.0
1993-06-01,1995-05-31,1.0667600793587493,0.7826554969904761,-0.3333210065811465,False,,,31,0.5483870967741935,1.1255395151834873,8.088912178961731,martingale,"WTI (Dec, CRUDE_W)",17.0,1.0
1993-07-01,1995-06-30,1.0983399277512693,0.7483614765148642,-0.35749530181490197,False,,,33,0.5454545454545454,1.114773806403215,9.001984020515716,martingale,"WTI (Dec, CRUDE_W)",18.0,1.0
1993-08-02,1995-08-01,1.072784000170816,0.7148104733689433,-0.3775982203736783,False,,,30,0.5333333333333333,1.119190950767864,9.81529415965025,martingale,"WTI (Dec, CRUDE_W)",16.0,1.0
1993-09-02,1995-09-01,1.0690885388226687,0.718327715117149,-0.37745930497799385,False,,,29,0.5517241379310345,1.1177327300860898,9.809493785411707,martingale,"WTI (Dec, CRUDE_W)",16.0,1.0
1993-10-01,1995-09-29,0.9849541404560396,0.6925083278282758,-0.3827943638348068,False,,,28,0.5,1.0396357645566305,10.034133113874672,martingale,"WTI (Dec, CRUDE_W)",14.0,1.0
1993-11-01,1995-10-31,1.0127250257180036,0.7177881595734178,-0.3793840308754409,False,,,30,0.5333333333333333,1.0568757291351825,9.890091440029162,martingale,"WTI (Dec, CRUDE_W)",16.0,1.0
1993-12-01,1995-11-30,0.9054013311374336,0.6615833805727845,-0.4194096722424975,False,,,29,0.4827586206896552,0.6615833805727845,11.687263936667213,martingale,"WTI (Dec, CRUDE_W)",14.0,1.0
1994-01-03,1996-01-02,1.0006000089728733,0.6357500621795351,-0.42963501619615574,False,,,26,0.46153846153846156,0.8433558655360609,11.772387249739847,martingale,"WTI (Dec, CRUDE_W)",12.0,1.0
1994-02-01,1996-01-31,1.0096667822343117,0.6370285355705446,-0.43016504656861476,False,,,26,0.5,0.7388572268268245,11.772387249739852,martingale,"WTI (Dec, CRUDE_W)",13.0,1.0
1994-03-01,1996-02-29,0.872771660453423,0.6223909545402311,-0.4383228852858537,False,,,27,0.4444444444444444,0.7159547447108794,11.772387249739849,martingale,"WTI (Dec, CRUDE_W)",12.0,1.0
1994-04-04,1996-04-03,0.9809190037919253,0.6071657656569212,-0.4386984425472855,False,,,25,0.48,0.8799442836249783,11.772387249739845,martingale,"WTI (Dec, CRUDE_W)",12.0,1.0
1994-05-02,1996-05-01,0.9851198159576878,0.6103622751560278,-0.4358140845171058,False,,,25,0.48,0.9531311072070149,11.772387249739849,martingale,"WTI (Dec, CRUDE_W)",12.0,1.0
1994-06-01,1996-05-31,0.8690595887665863,0.60633800239635,-0.43091202719354915,False,,,27,0.4074074074074074,0.9299555670085706,11.772387249739845,martingale,"WTI (Dec, CRUDE_W)",11.0,1.0
1994-07-01,1996-06-28,0.41824685223410646,0.39772026039620334,-0.6222212076773634,False,,,27,0.37037037037037035,0.980280063319026,12.552364056466448,martingale,"WTI (Dec, CRUDE_W)",10.0,1.0
1994-08-01,1996-07-31,0.4734912747032853,0.3413129227001532,-0.6652166560483135,False,,,29,0.3103448275862069,0.9442518593434837,12.552364056466452,martingale,"WTI (Dec, CRUDE_W)",9.0,1.0
1994-09-01,1996-08-30,0.5365215202025971,0.3505401591741012,-0.6538730000376585,False,,,28,0.39285714285714285,1.002304235112403,12.552364056466445,martingale,"WTI (Dec, CRUDE_W)",11.0,1.0
1994-10-03,1996-10-02,0.635746158249678,0.374742025133539,-0.6427905111788378,False,,,31,0.4838709677419355,0.9885326872452055,12.552364056466446,martingale,"WTI (Dec, CRUDE_W)",15.0,1.0
1994-11-01,1996-10-31,0.6490261030377843,0.35149346552238203,-0.6572672903921153,False,,,34,0.47058823529411764,0.9075968553708351,12.552364056466446,martingale,"WTI (Dec, CRUDE_W)",16.0,1.0
1994-12-01,1996-11-27,0.6663675055275284,0.3661504197967194,-0.6496570303825958,False,,,37,0.4864864864864865,0.9172317871267716,12.552364056466443,martingale,"WTI (Dec, CRUDE_W)",18.0,1.0
1995-01-03,1997-01-02,0.6532439406571273,0.37374485611395336,-0.6483719380033874,False,,,41,0.4878048780487805,1.02716480889982,12.552364056466452,martingale,"WTI (Dec, CRUDE_W)",20.0,1.0
1995-02-01,1997-01-31,0.5982632906680946,0.36666749837808765,-0.6499744088222075,False,,,42,0.4523809523809524,1.0257900855813518,12.552364056466443,martingale,"WTI (Dec, CRUDE_W)",19.0,1.0
1995-03-01,1997-02-28,0.3593502621862571,0.23236432295789408,-0.7808593818293873,False,,,46,0.45652173913043476,0.5284567699739333,12.552364056466446,martingale,"WTI (Dec, CRUDE_W)",21.0,1.0
1995-04-03,1997-04-02,0.6709370400362619,0.36296294805175844,-0.6494461483638565,False,,,44,0.45454545454545453,1.0246664692962513,12.552364056466445,martingale,"WTI (Dec, CRUDE_W)",20.0,1.0
1995-05-01,1997-04-30,0.6774129001192448,0.3682584673731249,-0.6442800082968616,False,,,44,0.45454545454545453,1.0210688896353757,12.552364056466446,martingale,"WTI (Dec, CRUDE_W)",20.0,1.0
1995-06-01,1997-05-30,0.6973953074649807,0.3672801737983274,-0.6464072679624537,False,,,46,0.45652173913043476,0.8361729032979782,12.552364056466446,martingale,"WTI (Dec, CRUDE_W)",21.0,1.0
1995-07-05,1997-07-03,0.23703543580324932,0.19048673617942777,-0.8139338753663257,False,,,48,0.4166666666666667,0.22426450774633208,12.552364056466448,martingale,"WTI (Dec, CRUDE_W)",20.0,1.0
1995-08-01,1997-07-31,0.2676023997286996,0.1993532193117667,-0.8055737816397294,False,,,49,0.4489795918367347,0.3195587036392463,12.55236405646645,martingale,"WTI (Dec, CRUDE_W)",22.0,1.0
1995-09-01,1997-08-29,0.6495776475817483,0.3554734968511426,-0.6530374382019232,False,,,49,0.4489795918367347,0.5677902022434156,12.552364056466448,martingale,"WTI (Dec, CRUDE_W)",22.0,1.0
1995-10-02,1997-10-01,0.3053545357813039,0.19383523986629558,-0.8089273885759355,False,,,50,0.46,0.4340385424437436,12.552364056466448,martingale,"WTI (Dec, CRUDE_W)",23.0,1.0
1995-11-01,1997-10-31,0.7006175714291362,0.35821171492611315,-0.653776305883686,False,,,52,0.4807692307692308,0.6535266993381109,12.55236405646645,martingale,"WTI (Dec, CRUDE_W)",25.0,1.0
1995-12-01,1997-11-26,0.5877620249807815,0.3598659637907353,-0.6522841234561157,False,,,52,0.4807692307692308,0.5713353680700781,12.552364056466446,martingale,"WTI (Dec, CRUDE_W)",25.0,1.0
1996-01-02,1997-12-31,0.7208452975970004,0.35665609866511694,-0.6506084846996827,False,,,53,0.4716981132075472,0.6272363987151984,12.552364056466448,martingale,"WTI (Dec, CRUDE_W)",25.0,1.0
1996-02-01,1998-01-30,0.6892614634432882,0.36473654386869164,-0.6516357358211662,False,,,55,0.4909090909090909,0.6087591195847626,12.552364056466448,martingale,"WTI (Dec, CRUDE_W)",27.0,1.0
1996-03-01,1998-02-27,0.7310051157772233,0.3611518137841007,-0.6522266367906622,False,,,53,0.49056603773584906,0.6259129203730053,12.55236405646645,martingale,"WTI (Dec, CRUDE_W)",26.0,1.0
1996-04-01,1998-03-31,0.6717173645587875,0.35595541636568123,-0.6471954972762844,False,,,57,0.47368421052631576,0.6597125970245936,12.552364056466443,martingale,"WTI (Dec, CRUDE_W)",27.0,1.0
1996-05-01,1998-04-30,1.1757560210609768,0.8411151630645171,-0.19583822624412184,False,,,54,0.5,1.210555434713834,5.714892342148294,martingale,"WTI (Dec, CRUDE_W)",27.0,1.0
1996-06-03,1998-06-02,0.4528354365341384,0.4140724271068989,-0.700858246950461,False,,,57,0.47368421052631576,1.192247034904312,12.611059491171016,martingale,"WTI (Dec, CRUDE_W)",27.0,1.0
1996-07-01,1998-06-30,0.4512233442826273,0.4003543753584874,-0.7081192657715929,False,,,58,0.5,1.080366519941632,12.611059491171021,martingale,"WTI (Dec, CRUDE_W)",30.0,0.9666666666666667
1996-08-01,1998-07-31,0.44481715478321815,0.3903901113124971,-0.7073763932129256,False,,,58,0.5,1.2192608620123557,12.611059491171023,martingale,"WTI (Dec, CRUDE_W)",30.0,0.9666666666666667
1996-09-03,1998-09-02,0.4516898856424491,0.38365000064131927,-0.6948138091284022,False,,,56,0.48214285714285715,1.144599272403389,12.61105949117102,martingale,"WTI (Dec, CRUDE_W)",28.0,0.9642857142857143
1996-10-01,1998-09-30,0.4632230342797322,0.3642767231607135,-0.6929216337144788,False,,,55,0.45454545454545453,1.1197201421196468,12.611059491171021,martingale,"WTI (Dec, CRUDE_W)",26.0,0.9615384615384616
1996-11-01,1998-10-30,0.4361797080275003,0.35672598107828984,-0.6910778321866279,False,,,55,0.43636363636363634,1.0760272040014869,12.611059491171021,martingale,"WTI (Dec, CRUDE_W)",25.0,0.96
1996-12-02,1998-12-01,0.4774600018343849,0.36229312670654595,-0.6823456369886749,False,,,55,0.4727272727272727,0.9951209831034031,12.611059491171018,martingale,"WTI (Dec, CRUDE_W)",27.0,0.9629629629629629
1997-01-02,1998-12-31,0.5016375803791172,0.3726437184692124,-0.6799261165898927,False,,,59,0.4915254237288136,1.1197903015527977,12.61105949117102,martingale,"WTI (Dec, CRUDE_W)",30.0,0.9666666666666667
1997-02-03,1999-02-02,0.5063695342893025,0.3727934033595165,-0.678021443436394,False,,,58,0.5172413793103449,1.0816492404725238,12.611059491171021,martingale,"WTI (Dec, CRUDE_W)",31.0,0.967741935483871
1997-03-03,1999-03-02,0.49427023173619855,0.3470267855078897,-0.6953741102618812,False,,,59,0.4915254237288136,1.1050216868965892,12.611059491171018,martingale,"WTI (Dec, CRUDE_W)",30.0,0.9666666666666667
1997-04-01,1999-03-31,0.5533081049391625,0.34427096176687827,-0.6923071583129878,False,,,66,0.5,1.021455373889749,12.611059491171018,martingale,"WTI (Dec, CRUDE_W)",34.0,0.9705882352941176
1997-05-01,1999-04-30,0.5927107722943239,0.35044405346584356,-0.6925214800878114,False,,,68,0.5441176470588235,0.9205617261483878,12.611059491171021,martingale,"WTI (Dec, CRUDE_W)",38.0,0.9736842105263158
1997-06-02,1999-06-01,0.544511794231474,0.3459941059416079,-0.6870856834897894,False,,,67,0.5223880597014925,0.38013409354334154,12.611059491171018,martingale,"WTI (Dec, CRUDE_W)",36.0,0.9722222222222222
1997-07-01,1999-06-30,0.6060934493906158,0.33464218551975244,-0.6967508555583728,False,,,67,0.5522388059701493,0.36609042531935637,12.611059491171021,martingale,"WTI (Dec, CRUDE_W)",38.0,0.9736842105263158
1997-08-01,1999-07-30,0.6171443403297027,0.3157006062375407,-0.7024820127501467,False,,,68,0.5441176470588235,0.3752710112074651,12.611059491171021,martingale,"WTI (Dec, CRUDE_W)",38.0,0.9736842105263158
1997-09-02,1999-09-01,0.6499098174360659,0.3126052495505734,-0.7064770114020933,False,,,69,0.5652173913043478,0.3734629334112365,12.611059491171016,martingale,"WTI (Dec, CRUDE_W)",40.0,0.975
1997-10-01,1999-09-30,0.6817950148980532,0.3248596525345313,-0.6945050102902104,False,,,71,0.5915492957746479,0.4027884649079531,12.61105949117102,martingale,"WTI (Dec, CRUDE_W)",43.0,0.9767441860465116
1997-11-03,1999-11-02,0.7254098723138412,0.337766335191253,-0.690236579837163,False,,,74,0.5945945945945946,0.4267386058870567,12.61105949117102,martingale,"WTI (Dec, CRUDE_W)",45.0,0.9777777777777777
1997-12-01,1999-11-30,0.7057837177367039,0.3136524890691553,-0.7038682485880479,False,,,76,0.5789473684210527,0.4325128395434724,12.61105949117102,martingale,"WTI (Dec, CRUDE_W)",45.0,0.9777777777777777
1998-01-02,1999-12-30,0.7683744784194033,0.30032408398149596,-0.7133196379503056,False,,,77,0.5844155844155844,0.4410850392642674,12.611059491171021,martingale,"WTI (Dec, CRUDE_W)",46.0,0.9782608695652174
1998-02-02,2000-02-01,0.8360263609126671,0.2964330470290822,-0.7154729580861288,False,,,77,0.6103896103896104,0.4471352186426457,12.61105949117102,martingale,"WTI (Dec, CRUDE_W)",48.0,0.9791666666666666
1998-03-02,2000-03-01,0.8909673981781119,0.28772200034050854,-0.7204312071518585,False,,,78,0.6153846153846154,0.435988037801376,12.611059491171021,martingale,"WTI (Dec, CRUDE_W)",49.0,0.9795918367346939
1998-04-01,2000-03-31,1.5955927080609487,0.686736623230124,-0.31901411558196324,False,,,75,0.6266666666666667,1.186388923612122,10.158780250842511,martingale,"WTI (Dec, CRUDE_W)",47.0,1.0
1998-05-01,2000-04-28,1.3796892061696233,0.8511706220191368,-0.1487016832333482,False,,,76,0.618421052631579,1.2511724525569656,4.55081235930412,martingale,"WTI (Dec, CRUDE_W)",47.0,1.0
1998-06-01,2000-05-31,1.676388045303583,0.9899031208769731,-0.3084475908541817,False,,,80,0.6375,1.2422042956489523,10.070347495211111,martingale,"WTI (Dec, CRUDE_W)",51.0,1.0
1998-07-01,2000-06-30,1.746405448509007,0.9966043287281828,-0.31898411327923537,False,,,79,0.6455696202531646,1.3009851405165158,10.070347495211111,martingale,"WTI (Dec, CRUDE_W)",51.0,1.0
1998-08-03,2000-08-02,1.7537104111148387,0.9665571354745993,-0.3318716072154334,False,,,79,0.6329113924050633,1.3356002646363456,10.070347495211113,martingale,"WTI (Dec, CRUDE_W)",50.0,1.0
1998-09-01,2000-08-31,1.8261007709921548,0.9512076466570534,-0.3374957394812558,False,,,81,0.6296296296296297,1.3535556884982762,10.070347495211111,martingale,"WTI (Dec, CRUDE_W)",51.0,1.0
1998-10-01,2000-09-29,1.7111013013013745,0.9757293705258508,-0.3294266484649778,False,,,84,0.6309523809523809,1.3510160626785153,10.070347495211113,martingale,"WTI (Dec, CRUDE_W)",53.0,1.0
1998-11-02,2000-11-01,0.45594270386485164,0.4375280177554941,-0.7733549711569521,False,,,90,0.5888888888888889,1.4465238940318563,11.642737267336726,martingale,"WTI (Dec, CRUDE_W)",53.0,1.0
1998-12-01,2000-11-30,0.5617877037609118,0.334610940735692,-0.828080564124493,False,,,88,0.5795454545454546,1.488284380638799,11.642737267336729,martingale,"WTI (Dec, CRUDE_W)",51.0,1.0
1999-01-04,2001-01-03,0.5006434419811816,0.30563396164798334,-0.8401921859443666,False,,,89,0.5730337078651685,1.4674629305850542,11.642737267336724,martingale,"WTI (Dec, CRUDE_W)",51.0,1.0
1999-02-01,2001-01-31,0.2674512153352878,0.24974082597188965,-0.8715388178794184,False,,,88,0.5795454545454546,1.5951768926945318,11.642737267336726,martingale,"WTI (Dec, CRUDE_W)",51.0,1.0
1999-03-01,2001-02-28,0.29089099527487267,0.23531050157732475,-0.8777662824720904,False,,,88,0.5795454545454546,1.635201631768852,11.642737267336724,martingale,"WTI (Dec, CRUDE_W)",51.0,1.0
1999-04-01,2001-03-30,0.22885687997510937,0.22885687997510937,-0.8662373121921314,False,,,83,0.5662650602409639,1.4310490544439012,11.642737267336726,martingale,"WTI (Dec, CRUDE_W)",47.0,1.0
1999-05-03,2001-05-02,0.15014560074099098,0.1279652763941232,-0.9221223476657492,False,,,83,0.5421686746987951,0.9115464996160306,11.642737267336726,martingale,"WTI (Dec, CRUDE_W)",45.0,1.0
1999-06-01,2001-05-31,0.12428101387075599,0.11902245604397393,-0.9279479284274336,False,,,85,0.5294117647058824,1.3891491282978081,11.642737267336724,martingale,"WTI (Dec, CRUDE_W)",45.0,1.0
1999-07-01,2001-06-29,0.11195645041460667,0.08051680118285758,-0.948472636797214,False,,,84,0.5238095238095238,1.3359874714443343,12.2955877709248,martingale,"WTI (Dec, CRUDE_W)",44.0,1.0
1999-08-02,2001-08-01,0.11049222335565077,0.08002171858675544,-0.9464003462161106,False,,,83,0.5180722891566265,1.256426594118444,12.295587770924799,martingale,"WTI (Dec, CRUDE_W)",43.0,1.0
1999-09-01,2001-08-31,0.060709333025878394,0.04442746129672377,-0.9691901822905638,False,,,85,0.49411764705882355,1.376796664895757,12.295587770924804,martingale,"WTI (Dec, CRUDE_W)",42.0,1.0
1999-10-01,2001-09-28,0.0,0.0,-1.0,True,2001-09-24,491.0,87,0.47126436781609193,1.0024125365526475,12.295587770924804,martingale,"WTI (Dec, CRUDE_W)",41.0,1.0
1999-11-01,2001-10-31,0.0,0.0,-1.0,True,2001-09-24,470.0,80,0.4875,0.29874472998451035,12.2955877709248,martingale,"WTI (Dec, CRUDE_W)",39.0,1.0
1999-12-01,2001-11-30,0.0,0.0,-1.0,True,2001-09-24,450.0,77,0.4675324675324675,0.4098201809270409,12.295587770924806,martingale,"WTI (Dec, CRUDE_W)",36.0,1.0
2000-01-04,2002-01-03,0.0,0.0,-1.0,True,2001-09-24,429.0,75,0.4666666666666667,0.41463686449018555,12.295587770924804,martingale,"WTI (Dec, CRUDE_W)",35.0,1.0
2000-02-01,2002-01-31,0.0,0.0,-1.0,True,2001-09-24,410.0,72,0.4444444444444444,0.29952128595347494,12.2955877709248,martingale,"WTI (Dec, CRUDE_W)",32.0,1.0
2000-03-01,2002-02-28,0.0,0.0,-1.0,True,2001-09-24,390.0,70,0.42857142857142855,0.324822239671848,11.642737267336726,martingale,"WTI (Dec, CRUDE_W)",30.0,1.0
2000-04-03,2002-04-02,0.0,0.0,-1.0,True,2001-09-24,367.0,69,0.4492753623188406,0.2218635110368506,11.642737267336727,martingale,"WTI (Dec, CRUDE_W)",31.0,1.0
2000-05-01,2002-04-30,0.0,0.0,-1.0,True,2001-09-24,348.0,65,0.4307692307692308,0.16974396484323118,11.723041022643457,martingale,"WTI (Dec, CRUDE_W)",28.0,1.0
2000-06-01,2002-05-31,0.0,0.0,-1.0,True,2001-09-24,326.0,60,0.4,0.14390400064866304,11.642737267336726,martingale,"WTI (Dec, CRUDE_W)",24.0,1.0
2000-07-05,2002-07-03,0.0,0.0,-1.0,True,2001-09-24,304.0,56,0.4107142857142857,0.10870718242258509,11.642737267336726,martingale,"WTI (Dec, CRUDE_W)",23.0,1.0
2000-08-01,2002-07-31,0.0,0.0,-1.0,True,2001-09-24,285.0,54,0.4074074074074074,0.08974904882285509,11.642737267336727,martingale,"WTI (Dec, CRUDE_W)",22.0,1.0
2000-09-01,2002-08-30,0.0,0.0,-1.0,True,2001-09-24,262.0,50,0.38,0.07460804183067642,11.642737267336724,martingale,"WTI (Dec, CRUDE_W)",19.0,1.0
2000-10-02,2002-10-01,0.35009901771725793,0.21807700733434005,-0.788002511503274,False,,,90,0.4444444444444444,0.7241327230938521,11.817526535088525,martingale,"WTI (Dec, CRUDE_W)",40.0,1.0
2000-11-01,2002-10-31,0.3875117281758993,0.2864044482043161,-0.7471086064054204,False,,,83,0.46987951807228917,0.9075096601947192,11.097985477012475,martingale,"WTI (Dec, CRUDE_W)",39.0,1.0
2000-12-01,2002-11-27,0.3050188549920956,0.23134021290562182,-0.7819763541137729,False,,,81,0.4567901234567901,0.6422532344943531,11.814587751282561,martingale,"WTI (Dec, CRUDE_W)",37.0,1.0
2001-01-02,2002-12-31,0.3298862085381041,0.20887405155519392,-0.8036139248348106,False,,,82,0.45121951219512196,0.3773186240660001,12.313124531374598,martingale,"WTI (Dec, CRUDE_W)",37.0,1.0
2001-02-01,2003-01-31,0.3986668569048432,0.21722320262163516,-0.7913940988734878,False,,,80,0.475,0.4127916582326983,11.925787198860423,martingale,"WTI (Dec, CRUDE_W)",38.0,1.0
2001-03-01,2003-02-28,0.44285957183128305,0.2349995723702219,-0.7796040316142526,False,,,76,0.4868421052631579,0.5041803227370427,11.814587751282563,martingale,"WTI (Dec, CRUDE_W)",37.0,1.0
2001-04-02,2003-04-01,0.47242819158767324,0.21507700158892817,-0.7940736491582738,False,,,80,0.4875,0.4702763915587406,12.25180497457384,martingale,"WTI (Dec, CRUDE_W)",39.0,1.0
2001-05-01,2003-04-30,0.42330154395853115,0.24806095900620895,-0.7621574922129748,False,,,77,0.4935064935064935,0.5617037554171523,11.814587751282565,martingale,"WTI (Dec, CRUDE_W)",38.0,1.0
2001-06-01,2003-05-30,0.5367615426954776,0.2572423537714336,-0.7580831748120656,False,,,78,0.5128205128205128,0.5292994735453469,11.666035602634798,martingale,"WTI (Dec, CRUDE_W)",40.0,1.0
2001-07-02,2003-07-01,0.5567828746644621,0.21522668127002986,-0.7920979949401632,False,,,82,0.5121951219512195,0.33327813344574253,11.973121833914337,martingale,"WTI (Dec, CRUDE_W)",42.0,1.0
2001-08-01,2003-07-31,0.5831915655696175,0.2198922066141503,-0.7883297642243845,False,,,81,0.5185185185185185,0.2382871212288188,11.817526535088524,martingale,"WTI (Dec, CRUDE_W)",42.0,1.0
2001-09-04,2003-09-03,0.5734390569609068,0.22901896821135603,-0.7775398268150617,False,,,79,0.5316455696202531,0.33218410717457614,11.814587751282565,martingale,"WTI (Dec, CRUDE_W)",42.0,1.0
2001-10-01,2003-09-30,0.7713020461584358,0.34910480528867316,-0.6777084600459891,False,,,76,0.5526315789473685,0.5032958988630983,10.791434200740815,martingale,"WTI (Dec, CRUDE_W)",42.0,1.0
2001-11-01,2003-10-31,0.7888319048897523,0.29054800791390967,-0.7177571158378296,False,,,75,0.5333333333333333,0.4285443192183068,11.814587751282565,martingale,"WTI (Dec, CRUDE_W)",40.0,1.0
2001-12-03,2003-12-02,1.110114000875473,0.6133077009340439,-0.4716847584694992,False,,,75,0.5333333333333333,0.7697923485529946,10.791434200740815,martingale,"WTI (Dec, CRUDE_W)",40.0,1.0
2002-01-02,2003-12-31,1.3346674389386832,0.6206228911572726,-0.46748807716756935,False,,,69,0.5652173913043478,0.8611087633451722,10.791434200740813,martingale,"WTI (Dec, CRUDE_W)",39.0,1.0
2002-02-01,2004-01-30,1.3202319054518161,0.6129255931786355,-0.4726106169700999,False,,,69,0.5797101449275363,0.9388776514952671,10.791434200740813,martingale,"WTI (Dec, CRUDE_W)",40.0,1.0
2002-03-01,2004-02-27,1.3702440523802693,0.5907272872180461,-0.46959111379061813,False,,,67,0.582089552238806,0.9222995499354518,10.791434200740815,martingale,"WTI (Dec, CRUDE_W)",39.0,1.0
2002-04-01,2004-03-31,1.247175609035859,0.5443350236329455,-0.46245950267773694,False,,,63,0.5555555555555556,0.8968345542562108,10.791434200740815,martingale,"WTI (Dec, CRUDE_W)",35.0,1.0
2002-05-01,2004-04-30,1.31034887430833,0.5486241229536609,-0.4590678628032071,False,,,62,0.5645161290322581,0.8753748209026592,10.791434200740815,martingale,"WTI (Dec, CRUDE_W)",35.0,1.0
2002-06-03,2004-06-02,1.7007028456565902,0.8789945987593805,-0.1429325298216585,False,,,63,0.6031746031746031,1.2456262375836467,4.967067049910528,martingale,"WTI (Dec, CRUDE_W)",38.0,1.0
2002-07-01,2004-06-30,1.733372702165486,0.9841236125703219,-0.13599297763538154,False,,,64,0.625,1.287871266361588,4.6879520890521285,martingale,"WTI (Dec, CRUDE_W)",40.0,1.0
2002-08-01,2004-07-30,1.8129646976844513,0.9819851144524285,-0.13860162637941398,False,,,67,0.6119402985074627,1.3154557092842607,4.792346738227961,martingale,"WTI (Dec, CRUDE_W)",41.0,1.0
2002-09-03,2004-09-02,1.80614421082646,0.9695606059071329,-0.1337699910198913,False,,,68,0.6176470588235294,1.2666855929072907,4.5994873288980145,martingale,"WTI (Dec, CRUDE_W)",42.0,1.0
2002-10-01,2004-09-30,1.5734354915042443,0.8771618972092655,-0.28084163663549233,False,,,73,0.5753424657534246,1.1419572861531315,9.024365787626591,martingale,"WTI (Dec, CRUDE_W)",42.0,1.0
2002-11-01,2004-10-29,1.7268282505269346,0.9791300206638387,-0.28971736000196613,False,,,75,0.6,1.2766105205134537,9.024365787626591,martingale,"WTI (Dec, CRUDE_W)",45.0,1.0
2002-12-02,2004-12-01,1.1044082626423468,0.9956354420818284,-0.37879639598433945,False,,,77,0.5844155844155844,1.2215126451499745,9.024365787626591,martingale,"WTI (Dec, CRUDE_W)",45.0,1.0
2003-01-02,2004-12-30,1.3965218927882208,0.99985,-0.38234469078228983,False,,,80,0.575,1.3313300301223787,9.024365787626591,martingale,"WTI (Dec, CRUDE_W)",46.0,1.0
2003-02-03,2005-02-02,1.4455271950336046,0.9809654632321119,-0.3542025704701406,False,,,80,0.575,1.2476479088988728,9.024365787626593,martingale,"WTI (Dec, CRUDE_W)",46.0,1.0
2003-03-03,2005-03-02,1.4836685453773886,0.9505063793229587,-0.3470195455119215,False,,,81,0.5679012345679012,1.301135258452008,9.024365787626593,martingale,"WTI (Dec, CRUDE_W)",46.0,1.0
2003-04-01,2005-03-31,1.581485031905294,0.9834908334205357,-0.388012815296395,False,,,81,0.5925925925925926,1.292342402349057,9.024365787626591,martingale,"WTI (Dec, CRUDE_W)",48.0,1.0
2003-05-01,2005-04-29,1.5493395845730147,0.9059283356799819,-0.43645930031438995,False,,,82,0.573170731707317,1.3560273278612451,12.581772048190416,martingale,"WTI (Dec, CRUDE_W)",47.0,1.0
2003-06-02,2005-06-01,1.4741811744454236,0.9123744904097579,-0.410397243226293,False,,,83,0.5662650602409639,1.2995034166313677,12.581413285853193,martingale,"WTI (Dec, CRUDE_W)",47.0,1.0
2003-07-01,2005-06-30,1.5893920606548526,0.9032183516088746,-0.4001061203286025,False,,,83,0.5662650602409639,1.3286602915777888,12.125811157661479,martingale,"WTI (Dec, CRUDE_W)",47.0,1.0
2003-08-01,2005-07-29,1.6918039684531458,0.8916594128442596,-0.3851664766082977,False,,,83,0.5662650602409639,1.3458376329147905,11.389403480939013,martingale,"WTI (Dec, CRUDE_W)",47.0,1.0
2003-09-02,2005-09-01,1.8652937792233526,0.8542847510735425,-0.4113309610622522,False,,,87,0.5862068965517241,1.3671223891920734,12.581772048190413,martingale,"WTI (Dec, CRUDE_W)",51.0,1.0
2003-10-01,2005-09-30,0.8163171143146806,0.7925437775669282,-0.5692459853761398,False,,,88,0.5681818181818182,1.3112711684722416,12.581772048190409,martingale,"WTI (Dec, CRUDE_W)",50.0,1.0
2003-11-03,2005-11-02,1.0442666069714444,0.7690898152224982,-0.5642797454697996,False,,,88,0.5681818181818182,1.217954676353281,12.391285217019641,martingale,"WTI (Dec, CRUDE_W)",50.0,1.0
2003-12-01,2005-11-30,1.0317226265511759,0.7513823602992449,-0.5641290099065257,False,,,86,0.5697674418604651,1.0667070183957017,12.377048634357005,martingale,"WTI (Dec, CRUDE_W)",49.0,1.0
2004-01-05,2006-01-04,1.023005726257751,0.6719283617071622,-0.597705397331036,False,,,89,0.550561797752809,0.9960396778666437,11.73600576543374,martingale,"WTI (Dec, CRUDE_W)",49.0,1.0
2004-02-02,2006-02-01,1.093019683677647,0.6868030983473188,-0.5890870922891935,False,,,91,0.5494505494505495,1.1426513735655404,11.73600576543374,martingale,"WTI (Dec, CRUDE_W)",50.0,1.0
2004-03-01,2006-02-28,1.0537780302345494,0.6972070161746529,-0.5710608632115317,False,,,91,0.5384615384615384,1.2053516279752092,11.736005765433744,martingale,"WTI (Dec, CRUDE_W)",49.0,1.0
2004-04-01,2006-03-31,0.9373725004343151,0.6482622712969572,-0.5907295573900373,False,,,92,0.5217391304347826,1.22169580496533,11.73600576543374,martingale,"WTI (Dec, CRUDE_W)",48.0,1.0
2004-05-03,2006-05-02,1.1829313009963554,0.6845196445583391,-0.5562906959446527,False,,,92,0.532608695652174,1.2586151561017802,11.73600576543374,martingale,"WTI (Dec, CRUDE_W)",49.0,1.0
2004-06-01,2006-05-31,1.161189927282956,0.6978630772238548,-0.5299443615479895,False,,,92,0.5108695652173914,1.2507495828750397,11.736005765433742,martingale,"WTI (Dec, CRUDE_W)",47.0,1.0
2004-07-01,2006-06-30,1.040232075074361,0.6386045809679457,-0.5578575007686034,False,,,88,0.5113636363636364,1.3070683550578646,11.736005765433742,martingale,"WTI (Dec, CRUDE_W)",45.0,1.0
2004-08-02,2006-08-01,1.1553905553985486,0.6692636013779483,-0.5278947247088708,False,,,87,0.5057471264367817,1.329851916771042,11.736005765433742,martingale,"WTI (Dec, CRUDE_W)",44.0,1.0
2004-09-01,2006-08-31,1.2587785954767774,0.699521645201912,-0.5098940600687181,False,,,82,0.524390243902439,1.3940390960954674,11.73600576543374,martingale,"WTI (Dec, CRUDE_W)",43.0,1.0
2004-10-01,2006-09-29,1.2663332062809096,0.7244807665846438,-0.4729901061361601,False,,,84,0.5357142857142857,0.9293946321161166,11.73600576543374,martingale,"WTI (Dec, CRUDE_W)",45.0,1.0
2004-11-01,2006-10-31,1.325036501107263,0.7389806611110342,-0.4615962237091116,False,,,83,0.5421686746987951,0.9700141527945665,11.73600576543374,martingale,"WTI (Dec, CRUDE_W)",45.0,1.0
2004-12-01,2006-11-30,1.2219910202646416,0.7311084331297518,-0.469635642704192,False,,,83,0.5301204819277109,0.937304969658243,11.736005765433745,martingale,"WTI (Dec, CRUDE_W)",44.0,1.0
2005-01-03,2006-12-29,0.8803596759945015,0.6970927888157142,-0.4919691408471196,False,,,80,0.525,0.9852947733658858,11.736005765433742,martingale,"WTI (Dec, CRUDE_W)",42.0,1.0
2005-02-01,2007-01-31,1.160306740585362,0.6828053626812557,-0.4708288541329322,False,,,81,0.5185185185185185,0.9515360659660707,11.73600576543374,martingale,"WTI (Dec, CRUDE_W)",42.0,1.0
2005-03-01,2007-02-28,1.1781711306728224,0.6779610739176832,-0.4585827727387093,False,,,81,0.5061728395061729,0.8523820632901896,11.736005765433742,martingale,"WTI (Dec, CRUDE_W)",41.0,1.0
2005-04-01,2007-03-30,1.1338782845237434,0.6366108141759895,-0.44764806270882174,False,,,77,0.4935064935064935,0.8654462572190248,11.73600576543374,martingale,"WTI (Dec, CRUDE_W)",38.0,1.0
2005-05-02,2007-05-01,1.120593796878778,0.6246898092620525,-0.4600555107091264,False,,,73,0.5068493150684932,0.9353760665263787,11.736005765433742,martingale,"WTI (Dec, CRUDE_W)",37.0,1.0
2005-06-01,2007-05-31,0.9666455406666241,0.6186065651255304,-0.45683753531661764,False,,,73,0.4931506849315068,0.9050599154479346,11.73600576543374,martingale,"WTI (Dec, CRUDE_W)",36.0,1.0
2005-07-01,2007-06-29,1.0028901161230324,0.59779106112324,-0.45065471535977164,False,,,70,0.4714285714285714,0.9135888224757526,11.736005765433744,martingale,"WTI (Dec, CRUDE_W)",33.0,1.0
2005-08-01,2007-07-31,1.0254036926853902,0.5751765515592485,-0.44951173294197067,False,,,68,0.47058823529411764,0.8819963065879897,11.736005765433742,martingale,"WTI (Dec, CRUDE_W)",32.0,1.0
2005-09-01,2007-08-31,0.985035757443004,0.560154113224961,-0.43976185105269694,False,,,67,0.44776119402985076,0.8932000039066836,11.736005765433744,martingale,"WTI (Dec, CRUDE_W)",30.0,1.0
2005-10-03,2007-10-02,1.343978307636841,0.8741697006293894,-0.3203768914851387,False,,,63,0.49206349206349204,1.2570434138334574,8.372475156533906,martingale,"WTI (Dec, CRUDE_W)",31.0,1.0
2005-11-01,2007-10-31,1.4172370175412157,0.8344406760925653,-0.346658520665029,False,,,65,0.5076923076923077,1.2694668681111962,9.423722075790225,martingale,"WTI (Dec, CRUDE_W)",33.0,1.0
2005-12-01,2007-11-30,1.4063344886062363,0.8464265566220852,-0.348818602604802,False,,,63,0.5238095238095238,1.1746354986445107,9.513897632159123,martingale,"WTI (Dec, CRUDE_W)",33.0,1.0
2006-01-03,2008-01-02,1.411789569504798,0.8352545211623077,-0.3343390971237651,False,,,61,0.5409836065573771,1.2117898674384542,8.920617894400486,martingale,"WTI (Dec, CRUDE_W)",33.0,1.0
2006-02-01,2008-01-31,1.3046825721031639,0.6311488271056039,-0.36875648636735114,False,,,64,0.5,1.1065148028965837,11.373634463638538,martingale,"WTI (Dec, CRUDE_W)",32.0,1.0
2006-03-01,2008-02-29,1.4219298287723325,0.8143274530247515,-0.3355537152760909,False,,,63,0.5396825396825397,1.0829064560044785,8.969391814423837,martingale,"WTI (Dec, CRUDE_W)",34.0,1.0
2006-04-03,2008-04-02,1.415065357364943,0.8121794313731818,-0.3286682069609823,False,,,68,0.5441176470588235,1.2082753092564622,8.695234563733216,martingale,"WTI (Dec, CRUDE_W)",37.0,1.0
2006-05-01,2008-04-30,1.4306200139819378,0.789595206419586,-0.31323354018844063,False,,,68,0.5441176470588235,1.1376218668071412,8.100652523034181,martingale,"WTI (Dec, CRUDE_W)",37.0,1.0
2006-06-01,2008-05-30,1.540619825291236,0.779098797194385,-0.3275224774114439,False,,,74,0.5675675675675675,0.9153439912554938,8.650160371976185,martingale,"WTI (Dec, CRUDE_W)",42.0,1.0
2006-07-05,2008-07-03,1.6605597060877892,0.7846510699985508,-0.31299824079494265,False,,,76,0.5921052631578947,1.1350112145866271,8.091794950790453,martingale,"WTI (Dec, CRUDE_W)",45.0,1.0
2006-08-01,2008-07-31,1.6502178746270462,0.7572787732426026,-0.3208522835121308,False,,,78,0.5769230769230769,1.1204313190253488,8.390767962728301,martingale,"WTI (Dec, CRUDE_W)",45.0,1.0
2006-09-01,2008-08-29,1.745565722637876,0.7087572265351556,-0.35460324307606295,False,,,78,0.5897435897435898,1.0741949366068713,9.75835798214503,martingale,"WTI (Dec, CRUDE_W)",46.0,1.0
2006-10-02,2008-10-01,1.9626926750153135,0.6241284490754063,-0.40465963538976557,False,,,86,0.5813953488372093,1.074147955165631,11.393304407448046,martingale,"WTI (Dec, CRUDE_W)",50.0,1.0
2006-11-01,2008-10-31,2.094681709572994,0.6279456816278765,-0.4078322898469475,False,,,92,0.6086956521739131,1.145009460986383,11.393304407448044,martingale,"WTI (Dec, CRUDE_W)",56.0,1.0
2006-12-01,2008-11-28,2.1601147567494507,0.6236298924040047,-0.4026803881529678,False,,,101,0.6039603960396039,1.146572650394132,11.393304407448042,martingale,"WTI (Dec, CRUDE_W)",61.0,1.0
2007-01-03,2009-01-02,2.188986356045488,0.6156669593628716,-0.4166054920444373,False,,,112,0.6160714285714286,1.1956817781481057,11.393304407448044,martingale,"WTI (Dec, CRUDE_W)",69.0,1.0
2007-02-01,2009-01-30,1.1377376002391013,0.9517408622118654,-0.5551346253158089,False,,,115,0.6173913043478261,1.2839231239587847,9.19232056935785,martingale,"WTI (Dec, CRUDE_W)",72.0,0.9861111111111112
2007-03-01,2009-02-27,1.0648134983525446,0.606891279710388,-0.569617204169065,False,,,121,0.5867768595041323,1.2170519896514664,11.393304407448044,martingale,"WTI (Dec, CRUDE_W)",72.0,0.9861111111111112
2007-04-02,2009-04-01,1.0613257023186011,0.6046224974430339,-0.5644049763275818,False,,,130,0.5769230769230769,1.2199142039453728,11.393304407448042,martingale,"WTI (Dec, CRUDE_W)",76.0,0.9868421052631579
2007-05-01,2009-04-30,1.130284010362282,0.8052228856809663,-0.5605836123055197,False,,,130,0.5846153846153846,1.3774688724595188,9.024365787626593,martingale,"WTI (Dec, CRUDE_W)",77.0,0.987012987012987
2007-06-01,2009-05-29,1.227267584230609,0.9947284084446619,-0.5606911489102308,False,,,134,0.5970149253731343,1.4610766652892608,9.024365787626591,martingale,"WTI (Dec, CRUDE_W)",81.0,0.9876543209876543
2007-07-02,2009-07-01,1.2117501373883142,0.979181300399931,-0.5579486743990055,False,,,136,0.5955882352941176,1.6186580293622208,9.024365787626593,martingale,"WTI (Dec, CRUDE_W)",82.0,0.9878048780487805
2007-08-01,2009-07-31,0.609797035619719,0.609797035619719,-0.7177960031835626,False,,,143,0.5734265734265734,1.601969809329256,11.606231771785964,martingale,"WTI (Dec, CRUDE_W)",83.0,0.9879518072289156
2007-09-04,2009-09-03,0.3692631873141976,0.36123475404677385,-0.834273783292795,False,,,144,0.5694444444444444,1.726894364087292,11.60623177178596,martingale,"WTI (Dec, CRUDE_W)",84.0,0.9761904761904762
2007-10-01,2009-09-30,0.3733942992125989,0.2420734731950048,-0.8827961922643691,False,,,146,0.5616438356164384,1.7768539899456297,11.606231771785962,martingale,"WTI (Dec, CRUDE_W)",84.0,0.9761904761904762
2007-11-01,2009-10-30,0.40345947338498733,0.24265244219660254,-0.8723823521309099,False,,,149,0.5570469798657718,1.7170905813504453,11.606231771785962,martingale,"WTI (Dec, CRUDE_W)",85.0,0.9764705882352941
2007-12-03,2009-12-02,0.41397054909324843,0.2321722844279356,-0.8739849568878371,False,,,145,0.5586206896551724,1.7879823479183754,11.60623177178596,martingale,"WTI (Dec, CRUDE_W)",83.0,0.9759036144578314
2008-01-02,2009-12-31,0.3961199085641989,0.2300106523530563,-0.8682967817860654,False,,,146,0.547945205479452,1.6164738775595606,11.60623177178596,martingale,"WTI (Dec, CRUDE_W)",82.0,0.975609756097561
2008-02-01,2010-01-29,0.2709314903882917,0.20636529300835543,-0.8846921134887591,False,,,145,0.5448275862068965,0.837712967969183,11.60623177178596,martingale,"WTI (Dec, CRUDE_W)",81.0,0.9753086419753086
2008-03-03,2010-03-02,0.16522362481679975,0.15226194829816514,-0.9087247673528038,False,,,147,0.5374149659863946,0.8511781870551648,11.60623177178596,martingale,"WTI (Dec, CRUDE_W)",81.0,0.9753086419753086
2008-04-01,2010-03-31,0.15032125788450448,0.10641215152608866,-0.9347443467707461,False,,,140,0.5357142857142857,0.850593472236732,11.606231771785962,martingale,"WTI (Dec, CRUDE_W)",77.0,0.974025974025974
2008-05-02,2010-04-30,0.1914434103160167,0.11988131125527679,-0.9203747101052681,False,,,138,0.5362318840579711,0.7271507779853345,11.606231771785964,martingale,"WTI (Dec, CRUDE_W)",76.0,0.9736842105263158
2008-06-02,2010-06-01,0.21691451679679744,0.12241668811811635,-0.9114573661340462,False,,,139,0.5251798561151079,0.7765478237364256,11.606231771785962,martingale,"WTI (Dec, CRUDE_W)",75.0,0.9733333333333334
2008-07-01,2010-06-30,0.13641107347398534,0.12505004661769348,-0.903269526452573,False,,,135,0.5111111111111111,0.7431745126489221,11.606231771785962,martingale,"WTI (Dec, CRUDE_W)",71.0,0.971830985915493
2008-08-01,2010-07-30,0.041318483575290936,0.0323791850324091,-0.9752222861898251,False,,,133,0.5037593984962406,0.38951166063240883,11.606231771785962,martingale,"WTI (Dec, CRUDE_W)",69.0,0.9710144927536232
2008-09-02,2010-09-01,0.014759179339348312,0.014079212969037157,-0.9890493079664803,False,,,133,0.48872180451127817,0.20502429133583414,12.072144025304608,martingale,"WTI (Dec, CRUDE_W)",67.0,0.9701492537313433
2008-10-01,2010-09-30,0.26781995651045826,0.26781995651045826,-0.7812691478173228,True,2009-01-20,74.0,36,0.6111111111111112,0.26781995651045826,11.622379323910046,martingale,"WTI (Dec, CRUDE_W)",22.0,1.0
2008-11-03,2010-11-02,0.22178560059571006,0.22178560059571006,-0.8123945651960879,True,2009-01-20,52.0,25,0.56,0.22178560059571006,11.622379323910046,martingale,"WTI (Dec, CRUDE_W)",14.0,1.0
2008-12-01,2010-11-30,0.17977218228882436,0.17977218228882436,-0.8360278986200043,True,2009-01-20,33.0,14,0.5,0.17977218228882436,11.622379323910042,martingale,"WTI (Dec, CRUDE_W)",7.0,1.0
2009-01-02,2010-12-31,0.014151197814066489,0.006114345155371358,-0.9951491438748338,False,,,97,0.4329896907216495,0.4281846592341861,12.643429437267661,martingale,"WTI (Dec, CRUDE_W)",43.0,0.9767441860465116
2009-02-02,2011-02-01,0.015831937358153185,0.00527101980321827,-0.9959226150438311,False,,,92,0.45652173913043476,0.16559858001244962,12.64342943726766,martingale,"WTI (Dec, CRUDE_W)",43.0,0.9767441860465116
2009-03-02,2011-03-01,0.018437375051796098,0.00492517707722184,-0.99607341846564,False,,,86,0.45348837209302323,0.08428473729745978,12.643429437267661,martingale,"WTI (Dec, CRUDE_W)",40.0,0.975
2009-04-01,2011-03-31,0.01792771943120856,0.004590506704867358,-0.9960606156043481,False,,,82,0.4634146341463415,0.10784794495800125,12.64342943726766,martingale,"WTI (Dec, CRUDE_W)",39.0,0.9743589743589743
2009-05-01,2011-04-29,0.027956623699777434,0.004667406395753991,-0.9959239766872207,False,,,80,0.475,0.08175142137012231,12.643429437267661,martingale,"WTI (Dec, CRUDE_W)",39.0,0.9743589743589743
2009-06-01,2011-05-31,0.0025870675957758394,0.0025870675957758394,-0.9975540317579137,True,2011-05-05,480.0,73,0.4520547945205479,0.1565400473283772,12.643429437267663,martingale,"WTI (Dec, CRUDE_W)",34.0,0.9705882352941176
2009-07-01,2011-06-30,0.002456637460779444,0.002456637460779444,-0.9976167923629204,True,2011-05-05,458.0,70,0.44285714285714284,0.03827587324581823,12.643429437267658,martingale,"WTI (Dec, CRUDE_W)",32.0,0.96875
2009-08-03,2011-08-02,0.6414936593245837,0.25176381280793925,-0.771714230768958,False,,,69,0.4782608695652174,0.39882575926445213,11.364946970975298,martingale,"WTI (Dec, CRUDE_W)",33.0,1.0
2009-09-01,2011-08-31,0.6395240393014661,0.2409960230991694,-0.7820634122422667,False,,,71,0.49295774647887325,0.3824125930656989,11.364946970975303,martingale,"WTI (Dec, CRUDE_W)",35.0,1.0
2009-10-01,2011-09-30,0.7297810085390999,0.23400078575416908,-0.7824585988696766,False,,,73,0.4931506849315068,0.40086812045328557,11.364946970975302,martingale,"WTI (Dec, CRUDE_W)",36.0,1.0
2009-11-02,2011-11-01,0.5993225716518435,0.232081748579735,-0.7745297859620301,False,,,73,0.4657534246575342,0.3935907633338837,11.364946970975302,martingale,"WTI (Dec, CRUDE_W)",34.0,1.0
2009-12-01,2011-11-30,0.7251063108142536,0.23112606235307545,-0.7723258281184309,False,,,76,0.47368421052631576,0.42017844122595976,11.364946970975298,martingale,"WTI (Dec, CRUDE_W)",36.0,1.0
2010-01-04,2012-01-03,0.9648569972893308,0.36377399997276844,-0.6700316342888166,False,,,76,0.4868421052631579,0.6468195112630749,11.364946970975296,martingale,"WTI (Dec, CRUDE_W)",37.0,1.0
2010-02-01,2012-01-31,0.9690403856476738,0.3505657652648364,-0.6863184450576563,False,,,74,0.5,0.6620372289559715,11.364946970975296,martingale,"WTI (Dec, CRUDE_W)",37.0,1.0
2010-03-01,2012-02-29,1.0002225147593649,0.35624997855078944,-0.6802625525129544,False,,,70,0.5428571428571428,0.6889291491065216,11.3649469709753,martingale,"WTI (Dec, CRUDE_W)",38.0,1.0
2010-04-01,2012-03-30,0.9495782043802172,0.35119923828134103,-0.6734430246081946,False,,,70,0.5142857142857142,0.7213350264828974,11.3649469709753,martingale,"WTI (Dec, CRUDE_W)",36.0,1.0
2010-05-03,2012-05-02,0.9106920986896441,0.3498486511481914,-0.6647634917678542,False,,,68,0.5,0.7192814926190665,11.364946970975296,martingale,"WTI (Dec, CRUDE_W)",34.0,1.0
2010-06-01,2012-05-31,1.5607177303242352,0.9286516178952234,-0.12669636564365472,False,,,67,0.5522388059701493,1.231384392345486,3.519649927532939,martingale,"WTI (Dec, CRUDE_W)",37.0,1.0
2010-07-01,2012-06-29,1.5556488457799895,0.8973289358010363,-0.1320763087765201,False,,,66,0.5606060606060606,1.2036750217485372,3.6918492564039953,martingale,"WTI (Dec, CRUDE_W)",37.0,1.0
2010-08-02,2012-08-01,1.526554598771101,0.9430393396191771,-0.123810716502322,False,,,66,0.5757575757575758,1.2375822897295787,3.428158395335373,martingale,"WTI (Dec, CRUDE_W)",38.0,1.0
2010-09-01,2012-08-31,1.6062230986538621,0.9318499535291574,-0.13164123107687198,False,,,64,0.609375,1.3121261636996475,3.677844141822432,martingale,"WTI (Dec, CRUDE_W)",39.0,1.0
2010-10-01,2012-09-28,1.5764278324553753,0.9770950885064605,-0.1255869846351716,False,,,63,0.6349206349206349,1.3180851588409344,3.4844047724220464,martingale,"WTI (Dec, CRUDE_W)",40.0,1.0
2010-11-01,2012-10-31,1.6107207695728851,0.9783238665109876,-0.12504186906980053,False,,,66,0.6363636363636364,1.2242840580014138,3.4671191397973447,martingale,"WTI (Dec, CRUDE_W)",42.0,1.0
2010-12-01,2012-11-30,1.557105385784807,0.99985,-0.12529876643189142,False,,,63,0.6349206349206349,1.3272359239288853,3.4752626794348056,martingale,"WTI (Dec, CRUDE_W)",40.0,1.0
2011-01-03,2013-01-02,1.4869724318044204,0.9900738510872891,-0.12205364276333297,False,,,62,0.6129032258064516,1.2909052405132933,3.372743738297481,martingale,"WTI (Dec, CRUDE_W)",38.0,1.0
2011-02-01,2013-01-31,1.4791799496261906,0.9791724637171794,-0.11891301945869126,False,,,62,0.6129032258064516,1.2608351145362569,3.2742452275888696,martingale,"WTI (Dec, CRUDE_W)",38.0,1.0
2011-03-01,2013-02-28,1.4367388008528656,0.9669590533076026,-0.11582255475473857,False,,,62,0.5967741935483871,1.2616881058713818,3.1780028924073287,martingale,"WTI (Dec, CRUDE_W)",37.0,1.0
2011-04-01,2013-03-28,1.3609791788914638,0.9816051154643569,-0.11317893156613557,False,,,59,0.5932203389830508,1.2014691173106982,3.096208280071036,martingale,"WTI (Dec, CRUDE_W)",35.0,1.0
2011-05-02,2013-05-01,1.238418369960064,0.8992802458666272,-0.3096046448746793,False,,,62,0.5483870967741935,1.1580429218587134,9.45479296851325,martingale,"WTI (Dec, CRUDE_W)",34.0,1.0
2011-06-01,2013-05-31,1.2367918347263476,0.9393639273354916,-0.33140308585069955,False,,,62,0.5483870967741935,1.2731240320752046,9.45479296851325,martingale,"WTI (Dec, CRUDE_W)",34.0,1.0
2011-07-01,2013-06-28,0.9445840654909976,0.9106489136173623,-0.348275590667797,False,,,62,0.5161290322580645,1.2520978002863556,9.454792968513251,martingale,"WTI (Dec, CRUDE_W)",32.0,1.0
2011-08-01,2013-07-31,1.2034512044655632,0.90016619512306,-0.3525593064835485,False,,,60,0.55,1.2806734348594846,9.454792968513251,martingale,"WTI (Dec, CRUDE_W)",33.0,1.0
2011-09-01,2013-08-30,1.1131711270027385,0.812623327862987,-0.39599159401302975,False,,,55,0.5454545454545454,1.2782126017802107,9.454792968513248,martingale,"WTI (Dec, CRUDE_W)",30.0,1.0
2011-10-03,2013-10-02,0.9635369995439991,0.7048728751230158,-0.48030981770311487,False,,,49,0.5510204081632653,1.3022771631321284,10.328970174727132,martingale,"WTI (Dec, CRUDE_W)",27.0,1.0
2011-11-01,2013-10-31,1.0527162733359094,0.750320398648445,-0.4237452787933921,False,,,46,0.5869565217391305,1.288367471835096,9.45479296851325,martingale,"WTI (Dec, CRUDE_W)",27.0,1.0
2011-12-01,2013-11-29,1.0337971666237233,0.7387094203476403,-0.40378832999084247,False,,,42,0.5714285714285714,1.2137107635672861,9.45479296851325,martingale,"WTI (Dec, CRUDE_W)",24.0,1.0
2012-01-03,2014-01-02,1.0315070973905984,0.7382903693220142,-0.3958428011600925,False,,,39,0.5897435897435898,1.1877125640871473,9.45479296851325,martingale,"WTI (Dec, CRUDE_W)",23.0,1.0
2012-02-01,2014-01-31,1.00477345544935,0.714268174643147,-0.41008576292836674,False,,,40,0.575,1.2034774472259757,9.45479296851325,martingale,"WTI (Dec, CRUDE_W)",23.0,1.0
2012-03-01,2014-02-28,1.048671917707607,0.7399307698912028,-0.3729672964634909,False,,,40,0.575,1.175112293550981,9.454792968513251,martingale,"WTI (Dec, CRUDE_W)",23.0,1.0
2012-04-02,2014-04-01,1.0607751173938367,0.7538205702651539,-0.37230043148354486,False,,,40,0.6,1.1030224211283692,9.454792968513251,martingale,"WTI (Dec, CRUDE_W)",24.0,1.0
2012-05-01,2014-04-30,1.0451591366388797,0.7371676698918433,-0.37972344299913874,False,,,41,0.5853658536585366,0.9760740589398281,9.45479296851325,martingale,"WTI (Dec, CRUDE_W)",24.0,1.0
2012-06-01,2014-05-30,0.8100284032966469,0.5236405773231914,-0.5466539037327759,False,,,37,0.5405405405405406,0.7840815765520025,11.819083877251437,martingale,"WTI (Dec, CRUDE_W)",20.0,1.0
2012-07-02,2014-07-01,0.8159890220390432,0.5128003072258871,-0.5493244857632471,False,,,38,0.5263157894736842,0.6190814475029311,11.819083877251435,martingale,"WTI (Dec, CRUDE_W)",20.0,1.0
2012-08-01,2014-07-30,0.7911631131313577,0.510216056206871,-0.539268111664623,False,,,34,0.5294117647058824,0.7051092495500966,11.819083877251439,martingale,"WTI (Dec, CRUDE_W)",18.0,1.0
2012-09-04,2014-09-03,0.8319754401441101,0.520848138451189,-0.5149697582599372,False,,,34,0.5294117647058824,0.7224046208255209,11.187785620175458,martingale,"WTI (Dec, CRUDE_W)",18.0,1.0
2012-10-01,2014-09-30,0.7893249201887915,0.47282329969688563,-0.5488691261682909,False,,,31,0.5161290322580645,0.6721300967488845,11.81908387725144,martingale,"WTI (Dec, CRUDE_W)",16.0,1.0
2012-11-01,2014-10-31,0.7904603142966518,0.4285655398423391,-0.5807611341775056,False,,,33,0.5454545454545454,0.6322372688701555,11.819083877251435,martingale,"WTI (Dec, CRUDE_W)",18.0,1.0
2012-12-03,2014-12-02,0.8559022923056602,0.44785449428971685,-0.5667024902504463,False,,,38,0.5789473684210527,0.6532590471221543,11.819083877251437,martingale,"WTI (Dec, CRUDE_W)",22.0,1.0
2013-01-02,2014-12-31,0.8957766282011352,0.4484794630813128,-0.5618819533462127,False,,,39,0.6410256410256411,0.6438867076872837,11.819083877251442,martingale,"WTI (Dec, CRUDE_W)",25.0,1.0
2013-02-01,2015-01-30,0.9047903112918326,0.45310449452065205,-0.5511391497924463,False,,,42,0.6428571428571429,0.6602072374976791,11.81908387725144,martingale,"WTI (Dec, CRUDE_W)",27.0,1.0
2013-03-01,2015-02-27,1.2518558147726593,0.691155924572054,-0.3108181672278889,False,,,45,0.6222222222222222,1.0053028039385246,9.454792968513248,martingale,"WTI (Dec, CRUDE_W)",28.0,1.0
2013-04-01,2015-03-31,1.333609131126759,0.7414847874478924,-0.26469560832571315,False,,,50,0.62,1.0678227413463852,9.431153367365956,martingale,"WTI (Dec, CRUDE_W)",31.0,1.0
2013-05-01,2015-04-30,1.340339440192013,0.7181332175496925,-0.28175904630725357,False,,,49,0.6326530612244898,1.0394851590957774,9.431153367365958,martingale,"WTI (Dec, CRUDE_W)",31.0,1.0
2013-06-03,2015-06-02,1.3863359327403346,0.8675752997852764,-0.1335117756792813,False,,,54,0.6111111111111112,1.124564497794353,4.759906623941987,martingale,"WTI (Dec, CRUDE_W)",33.0,1.0
2013-07-01,2015-06-30,1.392035816901753,0.99985,-0.12016327924711157,False,,,53,0.6415094339622641,1.112642807686371,4.6848285480493415,martingale,"WTI (Dec, CRUDE_W)",34.0,1.0
2013-08-01,2015-07-31,1.400574161876254,0.984175917664906,-0.1139481428244773,False,,,59,0.6440677966101694,1.1083685486018118,4.411356177345535,martingale,"WTI (Dec, CRUDE_W)",38.0,1.0
2013-09-03,2015-09-02,1.358235068561285,0.9311651878779561,-0.11581712516438081,False,,,63,0.6349206349206349,1.0786185711725254,4.4931890829892795,martingale,"WTI (Dec, CRUDE_W)",40.0,1.0
2013-10-01,2015-09-30,1.3493566358560987,0.900869005928161,-0.12228557119505223,False,,,66,0.6060606060606061,1.0850327394598456,4.77909861561801,martingale,"WTI (Dec, CRUDE_W)",40.0,1.0
2013-11-01,2015-10-28,1.411340379334214,0.9150326937835329,-0.12396625393233374,False,,,69,0.6231884057971014,1.1381901338250757,4.854076931082572,martingale,"WTI (Dec, CRUDE_W)",43.0,1.0
2013-12-02,2015-12-01,1.4127169666495007,0.7895924973599368,-0.21856085357380683,False,,,75,0.6,1.170077646347487,5.14472589360609,martingale,"WTI (Dec, CRUDE_W)",45.0,1.0
2014-01-02,2015-12-31,1.4518800873105273,0.9175867379363287,-0.12332251816691309,False,,,79,0.620253164556962,1.2335159932352187,4.8253247387623,martingale,"WTI (Dec, CRUDE_W)",49.0,1.0
2014-02-03,2016-02-02,1.505248286242254,0.9842472556061715,-0.12579021655214317,False,,,86,0.6395348837209303,1.2390521790175277,4.935773430611566,martingale,"WTI (Dec, CRUDE_W)",55.0,1.0
2014-03-03,2016-03-02,1.4597863735310628,0.8994845974810299,-0.12059978657189685,False,,,90,0.6222222222222222,1.2018798587038158,4.704180594549632,martingale,"WTI (Dec, CRUDE_W)",56.0,1.0
2014-04-01,2016-03-31,1.490157800831357,0.9529113048547685,-0.12247812783702172,False,,,94,0.6276595744680851,1.231376767240645,4.787674350161968,martingale,"WTI (Dec, CRUDE_W)",59.0,1.0
2014-05-01,2016-04-29,1.4920320997899554,0.972943752065698,-0.13394985399122716,False,,,102,0.5882352941176471,1.2336028276008728,5.312194389228755,martingale,"WTI (Dec, CRUDE_W)",60.0,1.0
2014-06-02,2016-06-01,1.4868114996950994,0.9759389189963872,-0.1307971788082367,False,,,104,0.5961538461538461,1.2317403553808668,5.168351030542092,martingale,"WTI (Dec, CRUDE_W)",62.0,1.0
2014-07-01,2016-06-30,0.9364561054483288,0.9364561054483288,-0.35935614406023364,False,,,109,0.5688073394495413,1.232203588598193,9.743597032002585,martingale,"WTI (Dec, CRUDE_W)",62.0,1.0
2014-08-06,2016-08-05,0.7536343882684224,0.7265266049583732,-0.5094692162206433,False,,,113,0.5752212389380531,1.2821773031093646,9.743597032002585,martingale,"WTI (Dec, CRUDE_W)",66.0,0.9848484848484849
2014-09-01,2016-08-31,0.41794756318235476,0.41794756318235476,-0.7167038161706363,False,,,116,0.5517241379310345,1.3105167722082176,10.935285218431618,martingale,"WTI (Dec, CRUDE_W)",65.0,0.9846153846153847
2014-10-01,2016-09-30,0.16444071238709118,0.16444071238709118,-0.8886683698078466,True,2016-09-01,491.0,115,0.5478260869565217,1.293800930475924,10.935285218431622,martingale,"WTI (Dec, CRUDE_W)",64.0,0.984375
2014-11-03,2016-11-02,0.1426916545323722,0.1426916545323722,-0.902809127975797,True,2016-09-01,468.0,110,0.5363636363636364,1.301790867195101,10.935285218431622,martingale,"WTI (Dec, CRUDE_W)",60.0,0.9833333333333333
2014-12-01,2016-11-30,0.12577820807708062,0.12577820807708062,-0.9163382261830875,True,2016-09-01,448.0,108,0.5277777777777778,1.3418050550829794,11.294713477849307,martingale,"WTI (Dec, CRUDE_W)",58.0,0.9827586206896551
2015-01-02,2016-12-30,0.1098288018114036,0.1098288018114036,-0.9262778076378982,True,2016-09-01,427.0,103,0.5048543689320388,1.3395469204104862,11.294713477849303,martingale,"WTI (Dec, CRUDE_W)",53.0,0.9811320754716981
2015-02-02,2017-02-01,0.10869132761734564,0.10869132761734564,-0.9273383642820145,True,2016-09-01,406.0,99,0.5050505050505051,1.3443333937092974,11.294713477849303,martingale,"WTI (Dec, CRUDE_W)",51.0,0.9803921568627451
2015-03-02,2017-03-01,0.10843503153904312,0.10843503153904312,-0.926458812022928,True,2016-09-01,386.0,96,0.5104166666666666,1.3909260214939636,11.294713477849307,martingale,"WTI (Dec, CRUDE_W)",50.0,0.98
2015-04-01,2017-03-31,0.09967740682895404,0.09967740682895404,-0.9303496424591489,True,2016-09-01,364.0,89,0.5168539325842697,1.398075924537302,11.294713477849303,martingale,"WTI (Dec, CRUDE_W)",47.0,0.9787234042553191
2015-05-01,2017-04-28,0.10111684380172868,0.10111684380172868,-0.9270145166389244,True,2016-09-01,343.0,85,0.5176470588235295,1.3563093352012914,11.294713477849305,martingale,"WTI (Dec, CRUDE_W)",45.0,0.9777777777777777
2015-06-01,2017-05-31,0.09344708284531442,0.09344708284531442,-0.9301101910454616,True,2016-09-01,322.0,78,0.5256410256410257,1.3289189846854872,11.294713477849301,martingale,"WTI (Dec, CRUDE_W)",42.0,0.9761904761904762
2015-07-01,2017-06-30,0.08862722566512647,0.08862722566512647,-0.9331349207946025,True,2016-09-01,300.0,77,0.5194805194805194,1.1378703541249224,11.294713477849305,martingale,"WTI (Dec, CRUDE_W)",41.0,0.975609756097561
2015-08-03,2017-08-02,0.06213161811167212,0.06213161811167212,-0.9530020840847884,True,2016-09-01,277.0,71,0.49295774647887325,0.45197241200474486,11.624307200351446,martingale,"WTI (Dec, CRUDE_W)",36.0,0.9722222222222222
2015-09-02,2017-09-01,0.055797876960813675,0.055797876960813675,-0.9559268534321849,True,2016-09-01,256.0,65,0.47692307692307695,0.19249897547740377,11.624307200351444,martingale,"WTI (Dec, CRUDE_W)",32.0,0.96875
2015-10-01,2017-09-29,0.051231740337093656,0.051231740337093656,-0.9590011026779859,True,2016-09-01,235.0,62,0.46774193548387094,0.051231740337093656,11.624307200351444,martingale,"WTI (Dec, CRUDE_W)",30.0,0.9666666666666667
2015-11-02,2017-11-01,0.04997814304757195,0.04997814304757195,-0.9589015838029207,True,2016-09-01,215.0,57,0.47368421052631576,0.04997814304757195,11.624307200351444,martingale,"WTI (Dec, CRUDE_W)",28.0,0.9642857142857143
2015-12-01,2017-11-30,0.04344890139128564,0.04344890139128564,-0.9635458193193854,True,2016-09-01,194.0,51,0.47058823529411764,0.04344890139128564,11.624307200351447,martingale,"WTI (Dec, CRUDE_W)",25.0,0.96
2016-01-04,2018-01-03,0.03567796295779044,0.03567796295779044,-0.9694347536310783,True,2016-09-01,172.0,47,0.44680851063829785,0.03567796295779044,11.624307200351446,martingale,"WTI (Dec, CRUDE_W)",22.0,0.9545454545454546
2016-02-01,2018-01-31,0.02695063683381259,0.02695063683381259,-0.974970166398685,True,2016-09-01,152.0,36,0.3888888888888889,0.02695063683381259,11.624307200351444,martingale,"WTI (Dec, CRUDE_W)",15.0,0.9333333333333333
2016-03-01,2018-02-28,0.025965759870353856,0.025965759870353856,-0.9752372992997828,True,2016-09-01,131.0,33,0.36363636363636365,0.025965759870353856,11.624307200351446,martingale,"WTI (Dec, CRUDE_W)",13.0,0.9230769230769231
2016-04-01,2018-03-29,0.04231992098269603,0.04231992098269603,-0.9607039709019974,True,2016-09-01,109.0,27,0.3333333333333333,0.04231992098269603,11.624307200351446,martingale,"WTI (Dec, CRUDE_W)",10.0,0.9
2016-05-02,2018-05-01,0.043467350183217485,0.043467350183217485,-0.9583754190274939,True,2016-09-01,88.0,19,0.3684210526315789,0.043467350183217485,11.624307200351446,martingale,"WTI (Dec, CRUDE_W)",8.0,0.875
2016-06-01,2018-05-31,0.04321152107766032,0.04321152107766032,-0.9573976057174127,True,2016-09-01,66.0,17,0.29411764705882354,0.04321152107766032,11.624307200351444,martingale,"WTI (Dec, CRUDE_W)",6.0,0.8333333333333334
2016-07-01,2018-06-29,0.19881087819037793,0.19881087819037793,-0.8117674689981599,True,2016-09-01,44.0,10,0.4,0.19881087819037793,11.294713477849303,martingale,"WTI (Dec, CRUDE_W)",4.0,1.0
2016-08-01,2018-07-31,0.17659288515491064,0.17659288515491064,-0.824441583961669,True,2016-09-01,23.0,5,0.0,0.17659288515491064,11.294713477849301,martingale,"WTI (Dec, CRUDE_W)",0.0,
2016-09-01,2018-08-31,0.3928925345005547,0.198621381160116,-0.8296058836935272,False,,,73,0.4246575342465753,0.5565047267984371,12.210380722894985,martingale,"WTI (Dec, CRUDE_W)",31.0,1.0
2016-10-03,2018-10-02,0.4503405365983721,0.19894631402280805,-0.8190460890790994,False,,,67,0.43283582089552236,0.2732187350651091,12.210380722894982,martingale,"WTI (Dec, CRUDE_W)",29.0,1.0
2016-11-01,2018-10-31,0.43248897287245697,0.1870571335204159,-0.8283579959043342,False,,,69,0.43478260869565216,0.27704964511272695,12.210380722894987,martingale,"WTI (Dec, CRUDE_W)",30.0,1.0
2016-12-01,2018-11-30,0.5142092889354023,0.18548835445619105,-0.8228318977636913,False,,,64,0.484375,0.3244537912308476,12.210380722894984,martingale,"WTI (Dec, CRUDE_W)",31.0,1.0
2017-01-02,2019-01-01,0.57573206977266,0.18736039901237578,-0.8153211409401263,False,,,73,0.4794520547945205,0.34017730755090375,12.210380722894989,martingale,"WTI (Dec, CRUDE_W)",35.0,1.0
2017-02-01,2019-01-31,0.4982113858665863,0.19775141180900718,-0.811541569461758,False,,,76,0.4868421052631579,0.3904458645969277,12.210380722894985,martingale,"WTI (Dec, CRUDE_W)",37.0,1.0
2017-03-01,2019-02-28,0.48605748445691604,0.18610383885381182,-0.820415936331917,False,,,77,0.4935064935064935,0.3542775554943881,12.210380722894989,martingale,"WTI (Dec, CRUDE_W)",38.0,1.0
2017-04-03,2019-04-02,0.8994106512499471,0.30442364038204317,-0.7029877072160285,False,,,74,0.5,0.5996626045380061,12.210380722894984,martingale,"WTI (Dec, CRUDE_W)",37.0,1.0
2017-05-01,2019-04-30,0.9083011537172868,0.3040676386375384,-0.7053949651751241,False,,,74,0.527027027027027,0.6555390514939062,12.210380722894985,martingale,"WTI (Dec, CRUDE_W)",39.0,1.0
2017-06-01,2019-05-31,0.9416087022034361,0.3099591428211233,-0.705669447299994,False,,,71,0.5352112676056338,0.7134656800914742,12.210380722894989,martingale,"WTI (Dec, CRUDE_W)",38.0,1.0
2017-07-03,2019-07-02,0.9674035936125172,0.3030397790392303,-0.7084769567722964,False,,,74,0.5405405405405406,0.5978218329081404,12.210380722894985,martingale,"WTI (Dec, CRUDE_W)",40.0,1.0
2017-08-01,2019-07-31,1.245284490162728,0.4049899381972768,-0.5984271099098666,False,,,71,0.5492957746478874,0.8451947205248747,12.210380722894984,martingale,"WTI (Dec, CRUDE_W)",39.0,1.0
2017-09-01,2019-08-30,1.6628733007901504,0.9780933874688859,-0.18070205908576997,False,,,74,0.5675675675675675,1.0729087642452866,7.566933480008001,martingale,"WTI (Dec, CRUDE_W)",42.0,1.0
2017-10-02,2019-10-01,1.5299413011870016,0.9871349560071508,-0.17620811713293616,False,,,77,0.5454545454545454,1.2075909862912793,7.338496313361276,martingale,"WTI (Dec, CRUDE_W)",42.0,1.0
2017-11-01,2019-10-31,1.6014327932917112,0.9950433837748722,-0.17359846471516127,False,,,80,0.525,1.105208981969416,7.2069820909357745,martingale,"WTI (Dec, CRUDE_W)",42.0,1.0
2017-12-01,2019-11-29,1.0180840130615811,0.9261101254353171,-0.3307761959485267,False,,,78,0.5,1.2249908232675846,9.024365787626593,martingale,"WTI (Dec, CRUDE_W)",39.0,1.0
2018-01-01,2019-12-31,0.588366993539984,0.464985457987118,-0.5873498024501068,False,,,79,0.4810126582278481,0.9396398153835801,10.505859693985094,martingale,"WTI (Dec, CRUDE_W)",38.0,1.0
2018-02-01,2020-01-31,0.6175671309474969,0.4650824511632876,-0.5760294885143329,False,,,81,0.4691358024691358,0.923679534992103,10.505859693985098,martingale,"WTI (Dec, CRUDE_W)",38.0,1.0
2018-03-01,2020-02-28,0.971870935701627,0.7114168587994221,-0.5155913578374163,False,,,86,0.5,1.3116088302888405,10.244974924328703,martingale,"WTI (Dec, CRUDE_W)",43.0,1.0
2018-04-02,2020-04-01,1.0276350657708828,0.7029730795909359,-0.5118161698111886,False,,,94,0.5212765957446809,1.3008764708471265,10.244974924328702,martingale,"WTI (Dec, CRUDE_W)",49.0,1.0
2018-05-01,2020-04-30,0.9988613772379649,0.6849170641065401,-0.5038015630649597,False,,,100,0.49,1.2682628716105235,10.244974924328702,martingale,"WTI (Dec, CRUDE_W)",49.0,1.0
2018-06-01,2020-05-29,1.0227792652792138,0.6672787959284792,-0.5085349054461441,False,,,105,0.4857142857142857,1.2189735702675806,10.244974924328703,martingale,"WTI (Dec, CRUDE_W)",51.0,1.0
2018-07-02,2020-07-01,1.0903359802926618,0.6847922476564697,-0.4976986930190491,False,,,113,0.5221238938053098,1.2569326909747889,10.244974924328702,martingale,"WTI (Dec, CRUDE_W)",59.0,1.0
2018-08-01,2020-07-31,1.0779188122584886,0.6644155089262309,-0.5064417228086657,False,,,111,0.5225225225225225,1.284094789078748,10.244974924328703,martingale,"WTI (Dec, CRUDE_W)",58.0,1.0
2018-09-03,2020-09-02,1.0711883519848273,0.6675522062821819,-0.4976481278434388,False,,,112,0.5267857142857143,1.31322505528032,10.244974924328703,martingale,"WTI (Dec, CRUDE_W)",59.0,1.0
2018-10-01,2020-09-30,1.0395048918332708,0.6436449776328926,-0.4909500113862024,False,,,112,0.5178571428571429,1.2533908756011676,10.244974924328702,martingale,"WTI (Dec, CRUDE_W)",58.0,1.0
2018-11-01,2020-10-30,1.0722965218433476,0.6161408999064001,-0.518721816839254,False,,,112,0.5267857142857143,1.2204796980826682,10.244974924328703,martingale,"WTI (Dec, CRUDE_W)",59.0,1.0
2018-12-03,2020-12-02,1.0564776564414544,0.5487559028032627,-0.5642345784240425,False,,,112,0.5089285714285714,1.028084817141508,10.244974924328705,martingale,"WTI (Dec, CRUDE_W)",57.0,1.0
2019-01-01,2020-12-31,1.0555181555074822,0.49757143207788723,-0.5935694782347196,False,,,106,0.5094339622641509,0.6258072298002813,10.244974924328703,martingale,"WTI (Dec, CRUDE_W)",54.0,1.0
2019-02-01,2021-01-29,1.011196015899055,0.5002296910399495,-0.5728256122658892,False,,,102,0.5196078431372549,0.595583634255359,10.244974924328703,martingale,"WTI (Dec, CRUDE_W)",53.0,1.0
2019-03-01,2021-02-26,1.0477120372339739,0.49475917668881364,-0.571104122777164,False,,,106,0.5377358490566038,0.6166358959398919,10.244974924328703,martingale,"WTI (Dec, CRUDE_W)",57.0,1.0
2019-04-01,2021-03-31,1.0640635419039233,0.5124744896992001,-0.5553131286950727,False,,,110,0.5363636363636364,0.7646406354395837,10.244974924328703,martingale,"WTI (Dec, CRUDE_W)",59.0,1.0
2019-05-01,2021-04-30,1.0724146258441227,0.5083068233258293,-0.5522791991968659,False,,,112,0.5357142857142857,0.7726488819889887,10.244974924328702,martingale,"WTI (Dec, CRUDE_W)",60.0,1.0
2019-06-03,2021-06-02,1.1021894651720083,0.4354824158591146,-0.59836535481117,False,,,107,0.5327102803738317,0.7572636482805073,10.244974924328702,martingale,"WTI (Dec, CRUDE_W)",57.0,1.0
2019-07-01,2021-06-30,1.0718059309819064,0.43593366275412726,-0.589000387392259,False,,,106,0.5377358490566038,0.783561925588349,10.244974924328702,martingale,"WTI (Dec, CRUDE_W)",57.0,1.0
2019-08-01,2021-07-30,0.887489635234568,0.4178433591332655,-0.5995428826252218,False,,,107,0.5327102803738317,0.818580268053676,10.244974924328705,martingale,"WTI (Dec, CRUDE_W)",57.0,1.0
2019-09-02,2021-09-01,1.0633396456175654,0.40223833177166823,-0.6034826941586955,False,,,108,0.5370370370370371,0.8003293198804359,10.244974924328703,martingale,"WTI (Dec, CRUDE_W)",58.0,1.0
2019-10-01,2021-09-30,1.6670249674012365,0.7658068690371536,-0.23407824269925137,False,,,101,0.5742574257425742,1.3140284029898546,5.242429942673724,martingale,"WTI (Dec, CRUDE_W)",58.0,1.0
2019-11-01,2021-10-29,1.6996569532323431,0.9666030903675613,-0.1464626468752922,False,,,104,0.5865384615384616,1.3468269912763542,3.529721265425731,martingale,"WTI (Dec, CRUDE_W)",61.0,1.0
2019-12-02,2021-12-01,1.729026899905607,0.9842474228683992,-0.14857270182683802,False,,,104,0.5865384615384616,1.3568558275761995,3.5906369515697736,martingale,"WTI (Dec, CRUDE_W)",61.0,1.0
2020-01-01,2021-12-31,1.5982409206913644,0.9749798038984325,-0.14333752851560255,False,,,105,0.580952380952381,1.347708020474727,3.440126251821886,martingale,"WTI (Dec, CRUDE_W)",61.0,1.0
2020-02-03,2022-02-02,1.8034159115210109,0.9501458915079993,-0.15807098375271433,False,,,106,0.5754716981132075,1.3770129024812692,3.869139469913954,martingale,"WTI (Dec, CRUDE_W)",61.0,1.0
2020-03-02,2022-03-01,1.8722395967874146,0.99985,-0.16629307059442422,False,,,104,0.5961538461538461,1.4070485594306528,4.116050322090924,martingale,"WTI (Dec, CRUDE_W)",62.0,1.0
2020-04-01,2022-03-31,2.3729177392538685,0.9105797126203181,-0.22443629787872266,False,,,103,0.5922330097087378,1.5259590117240713,6.033805955026612,martingale,"WTI (Dec, CRUDE_W)",61.0,1.0
2020-05-01,2022-04-29,2.5176134865909416,0.952125841273944,-0.2435086126096826,False,,,96,0.6145833333333334,1.5987626292395558,6.736942244281202,martingale,"WTI (Dec, CRUDE_W)",59.0,1.0
2020-06-01,2022-05-31,2.274924543045515,0.99985,-0.2170872696321503,False,,,93,0.6236559139784946,1.4623333212635123,5.7733633325115425,martingale,"WTI (Dec, CRUDE_W)",58.0,1.0
2020-07-01,2022-06-30,1.996786837452634,0.99985,-0.4395777649512246,False,,,91,0.5934065934065934,1.3902223183001234,11.945579852706194,martingale,"WTI (Dec, CRUDE_W)",54.0,1.0
2020-08-03,2022-08-02,1.9557449373707474,0.9974907007190634,-0.4372538316445459,False,,,94,0.5851063829787234,1.3144071765557848,11.9455798527062,martingale,"WTI (Dec, CRUDE_W)",55.0,1.0
2020-09-01,2022-08-31,1.7902425059586533,0.9843799108171616,-0.4330657008979216,False,,,99,0.5757575757575758,1.3292385130004516,11.945579852706196,martingale,"WTI (Dec, CRUDE_W)",57.0,1.0
2020-10-01,2022-09-30,2.1705497281903052,0.9750080194444263,-0.450391182302872,False,,,99,0.5757575757575758,1.4860793809014636,11.945579852706194,martingale,"WTI (Dec, CRUDE_W)",57.0,1.0
2020-11-02,2022-11-01,1.1393754998076604,0.9843166809675332,-0.5483571442715383,False,,,98,0.5510204081632653,1.4847632311060002,11.945579852706196,martingale,"WTI (Dec, CRUDE_W)",54.0,1.0
2020-12-01,2022-11-30,1.365426972973418,0.9528443356033782,-0.5379407853202799,False,,,96,0.5520833333333334,1.478390384063341,11.945579852706196,martingale,"WTI (Dec, CRUDE_W)",53.0,1.0
2021-01-04,2023-01-03,1.1792211537323631,0.9218856003903099,-0.5344706885157556,False,,,98,0.5306122448979592,1.3728893403911875,11.945579852706194,martingale,"WTI (Dec, CRUDE_W)",52.0,1.0
2021-02-01,2023-01-31,1.026469696374362,0.8636025967474737,-0.5402663983569367,False,,,100,0.51,1.4433351350354644,11.945579852706198,martingale,"WTI (Dec, CRUDE_W)",51.0,1.0
2021-03-01,2023-02-28,0.9110879704294095,0.8277729351952258,-0.5260525545384007,False,,,98,0.4897959183673469,1.406094022032723,11.945579852706194,martingale,"WTI (Dec, CRUDE_W)",48.0,1.0
2021-04-01,2023-03-31,0.39046216092544295,0.34374336411031514,-0.794358030814401,False,,,101,0.46534653465346537,1.4719452284155223,11.9455798527062,martingale,"WTI (Dec, CRUDE_W)",47.0,1.0
2021-05-03,2023-05-02,0.45407467081014663,0.3478930061412563,-0.7932873877367953,False,,,105,0.4666666666666667,1.5131079979960886,11.94557985270619,martingale,"WTI (Dec, CRUDE_W)",49.0,1.0
2021-06-01,2023-05-31,0.5518150150679629,0.3174107700658414,-0.7986298631263008,False,,,103,0.4563106796116505,1.4925719375526807,11.945579852706198,martingale,"WTI (Dec, CRUDE_W)",47.0,1.0
2021-07-01,2023-06-30,0.32149670991730245,0.32149670991730245,-0.7904796602111246,False,,,109,0.43119266055045874,1.2767333691428795,12.097279868906828,martingale,"WTI (Dec, CRUDE_W)",47.0,1.0
2021-08-02,2023-08-01,0.448842711591398,0.2769038308577879,-0.8189816632889305,False,,,109,0.45871559633027525,1.4067520744302409,12.097279868906826,martingale,"WTI (Dec, CRUDE_W)",50.0,1.0
2021-09-01,2023-08-31,0.4559269076141884,0.25365108421274124,-0.8314081071605401,False,,,107,0.4672897196261682,1.4504554330082462,12.09727986890683,martingale,"WTI (Dec, CRUDE_W)",50.0,1.0
2021-10-01,2023-09-29,0.4997300249292172,0.2705621198180651,-0.8106532564212895,False,,,106,0.46226415094339623,1.3927070388907743,12.097279868906828,martingale,"WTI (Dec, CRUDE_W)",49.0,1.0
2021-11-01,2023-10-31,0.4961232535121226,0.27961277343596247,-0.7986620068148724,False,,,105,0.44761904761904764,0.8066702149300421,12.097279868906826,martingale,"WTI (Dec, CRUDE_W)",47.0,1.0
2021-12-01,2023-11-30,0.40471431904544575,0.19109705206876862,-0.8613077653294519,False,,,104,0.4519230769230769,0.930185839591386,12.37543941522447,martingale,"WTI (Dec, CRUDE_W)",47.0,1.0
2022-01-03,2024-01-02,0.5190033426754833,0.2434727003623916,-0.8185141634676563,False,,,102,0.47058823529411764,0.8224269118719534,12.097279868906828,martingale,"WTI (Dec, CRUDE_W)",48.0,1.0
2022-02-01,2024-01-31,0.5204258011952863,0.2539509661187815,-0.7992855918690324,False,,,99,0.45454545454545453,0.852691090200202,12.09727986890683,martingale,"WTI (Dec, CRUDE_W)",45.0,1.0
2022-03-01,2024-02-29,0.5567455987320991,0.27782647200476207,-0.774328927915938,False,,,99,0.4444444444444444,0.7647653995418042,11.945579852706192,martingale,"WTI (Dec, CRUDE_W)",44.0,1.0
2006-03-22,2008-03-20,0.3673866263462618,0.2280728647962028,-0.8079809312740208,False,,,99,0.46464646464646464,1.1531429072790211,11.162676524123427,martingale,WTI front (CRUDE_ICE),47.0,0.9787234042553191
2006-04-03,2008-04-02,0.4447230422102338,0.24145990275201873,-0.7947180821618929,False,,,100,0.47,1.0645798938052486,10.99097587901314,martingale,WTI front (CRUDE_ICE),48.0,0.9791666666666666
2006-05-01,2008-04-30,0.4699658119054139,0.23947360043253685,-0.7884094858895563,False,,,99,0.47474747474747475,0.41818650536868474,10.990975879013142,martingale,WTI front (CRUDE_ICE),48.0,0.9791666666666666
2006-06-01,2008-05-30,0.5507554241133766,0.2379133767853553,-0.7947172020726472,False,,,103,0.49514563106796117,0.4134788977056678,10.990975879013137,martingale,WTI front (CRUDE_ICE),52.0,0.9807692307692307
2006-07-03,2008-07-02,0.6511221507835206,0.24769672080141825,-0.7865256446592161,False,,,104,0.5096153846153846,0.45683124430812005,10.990975879013135,martingale,WTI front (CRUDE_ICE),54.0,0.9814814814814815
2006-08-01,2008-07-31,0.6876364611631198,0.22679669976301267,-0.7968842820470828,False,,,101,0.5247524752475248,0.44921446283014604,10.990975879013137,martingale,WTI front (CRUDE_ICE),54.0,0.9814814814814815
2006-09-01,2008-08-29,0.740728213685045,0.19409973575462652,-0.823047267025528,False,,,104,0.5192307692307693,0.44010821475250705,12.269314823160443,martingale,WTI front (CRUDE_ICE),55.0,0.9818181818181818
2006-10-02,2008-10-01,0.8663265485704288,0.15394778910077864,-0.8552077162859921,False,,,112,0.5178571428571429,0.4262855237875674,12.279309809106962,martingale,WTI front (CRUDE_ICE),59.0,0.9830508474576272
2006-11-01,2008-10-31,0.2928203865411426,0.2928203865411426,-0.710195457205627,True,2007-04-09,110.0,17,0.23529411764705882,0.2928203865411426,11.612432273958646,martingale,WTI front (CRUDE_ICE),4.0,1.0
2006-12-01,2008-11-28,0.31045842902738136,0.31045842902738136,-0.7028825505041901,True,2007-04-09,88.0,14,0.2857142857142857,0.31045842902738136,11.612432273958646,martingale,WTI front (CRUDE_ICE),4.0,1.0
2007-01-02,2008-12-31,0.30978266316992503,0.30978266316992503,-0.706207979739551,True,2007-04-09,68.0,11,0.36363636363636365,0.30978266316992503,11.612432273958646,martingale,WTI front (CRUDE_ICE),4.0,1.0
2007-02-01,2009-01-30,0.2948065522787825,0.2948065522787825,-0.7148761710620257,True,2007-04-09,46.0,6,0.3333333333333333,0.2948065522787825,11.612432273958646,martingale,WTI front (CRUDE_ICE),2.0,1.0
2007-03-01,2009-02-27,1.5276057601126003,0.2679699174942221,-0.7353043278506824,False,,,158,0.5632911392405063,0.41350301048961285,11.5560344429177,martingale,WTI front (CRUDE_ICE),89.0,1.0
2007-04-02,2009-04-01,2.355788752992198,0.7530880348542727,-0.4271304947031016,False,,,164,0.5792682926829268,1.1544515168258596,10.990975879013138,martingale,WTI front (CRUDE_ICE),95.0,1.0
2007-05-01,2009-04-30,2.4101016789230534,0.7351914072569024,-0.44572434554253426,False,,,167,0.5808383233532934,1.309349534434052,10.990975879013137,martingale,WTI front (CRUDE_ICE),97.0,1.0
2007-06-01,2009-05-29,2.4487106139699946,0.727421360110925,-0.448165393482167,False,,,170,0.5882352941176471,1.4179149444341672,10.990975879013138,martingale,WTI front (CRUDE_ICE),100.0,1.0
2007-07-02,2009-07-01,2.3477530171596563,0.7131872755834903,-0.43191663925204626,False,,,172,0.5872093023255814,1.3881201239797232,10.990975879013137,martingale,WTI front (CRUDE_ICE),101.0,1.0
2007-08-01,2009-07-31,2.2545357322893658,0.7083766929649041,-0.4150166422719066,False,,,179,0.5698324022346368,1.4938221023411806,10.990975879013135,martingale,WTI front (CRUDE_ICE),102.0,1.0
2007-09-03,2009-09-02,2.27051766014434,0.6882597436886517,-0.42920983221338127,False,,,180,0.5722222222222222,1.5457231076326365,10.990975879013137,martingale,WTI front (CRUDE_ICE),103.0,1.0
2007-10-01,2009-09-30,2.176241546852156,0.6775885347277856,-0.41027340318389416,False,,,182,0.5604395604395604,1.4480080039922385,10.990975879013137,martingale,WTI front (CRUDE_ICE),102.0,1.0
2007-11-01,2009-10-30,1.9901568433622305,0.668937605318658,-0.3696398983408029,False,,,180,0.5555555555555556,1.6199023599408648,10.990975879013137,martingale,WTI front (CRUDE_ICE),100.0,1.0
2007-12-03,2009-12-02,1.9977797256049485,0.6464238846835226,-0.36072706731089377,False,,,174,0.5517241379310345,1.677889494856132,10.990975879013135,martingale,WTI front (CRUDE_ICE),96.0,1.0
2008-01-02,2009-12-31,1.8840509003143802,0.6564745289636879,-0.34342698508407477,False,,,176,0.5568181818181818,1.709613974408169,10.990975879013137,martingale,WTI front (CRUDE_ICE),98.0,1.0
2008-02-01,2010-01-29,1.7801986662598632,0.9518096382782473,-0.34048429102902467,False,,,174,0.5574712643678161,1.8293515794648665,10.001935288272309,martingale,WTI front (CRUDE_ICE),97.0,1.0
2008-03-03,2010-03-02,0.9840444117926846,0.9654780941301342,-0.48861235468127806,False,,,174,0.5517241379310345,1.727026860302615,10.001935288272307,martingale,WTI front (CRUDE_ICE),97.0,0.9896907216494846
2008-04-01,2010-03-31,0.9962886849420178,0.9375381477660869,-0.4937801383100747,False,,,173,0.5491329479768786,1.716837583977998,10.001935288272309,martingale,WTI front (CRUDE_ICE),96.0,0.9895833333333334
2008-05-01,2010-04-30,0.9424930883350462,0.884825985501475,-0.48530081619890786,False,,,170,0.5470588235294118,1.576231596042838,10.001935288272307,martingale,WTI front (CRUDE_ICE),94.0,0.9893617021276596
2008-06-02,2010-06-01,0.8968936125660162,0.8187565855745306,-0.47781814887457674,False,,,173,0.5375722543352601,1.4822917644316311,10.001935288272309,martingale,WTI front (CRUDE_ICE),94.0,0.9893617021276596
2008-07-01,2010-06-30,0.832676642310984,0.7923786881611847,-0.46930292110057403,False,,,171,0.5380116959064327,1.4382896132922103,10.001935288272307,martingale,WTI front (CRUDE_ICE),93.0,0.989247311827957
2008-08-01,2010-07-30,0.6383242739447232,0.4912784104296526,-0.6724214662338646,False,,,168,0.5238095238095238,1.410892827494063,11.821361375088104,martingale,WTI front (CRUDE_ICE),89.0,0.9887640449438202
2008-09-01,2010-08-31,0.7840036756034641,0.45242560797297027,-0.6985742435934497,False,,,166,0.5180722891566265,1.462323271420458,11.945799932526233,martingale,WTI front (CRUDE_ICE),87.0,0.9885057471264368
2008-10-01,2010-09-30,0.6795101606412715,0.3931118310106445,-0.7301138275845737,False,,,159,0.5031446540880503,1.4030897527527983,11.945799932526233,martingale,WTI front (CRUDE_ICE),81.0,0.9876543209876543
2008-11-03,2010-11-02,0.46721406034219304,0.260589442700075,-0.821888203316991,False,,,148,0.4864864864864865,1.4207983806840274,11.945799932526233,martingale,WTI front (CRUDE_ICE),73.0,0.9863013698630136
2008-12-01,2010-11-30,0.25929478541016504,0.1644842494512837,-0.8697708515997465,False,,,140,0.4785714285714286,1.1829343917369433,11.945799932526231,martingale,WTI front (CRUDE_ICE),68.0,0.9852941176470589
2009-01-02,2010-12-31,0.27381952687832606,0.1637857604671874,-0.8794846796609314,False,,,124,0.46774193548387094,1.303134528662453,11.973599660379787,martingale,WTI front (CRUDE_ICE),59.0,0.9830508474576272
2009-02-02,2011-02-01,0.06714214079222447,0.05496186406208051,-0.9525725246274823,False,,,115,0.45217391304347826,0.36518609785518963,11.973599660379783,martingale,WTI front (CRUDE_ICE),53.0,0.9811320754716981
2009-03-02,2011-03-01,0.07399526195789016,0.07399526195789016,-0.9503332202048391,True,2011-02-21,511.0,106,0.4528301886792453,0.3670252044560371,11.973599660379783,martingale,WTI front (CRUDE_ICE),49.0,0.9795918367346939
2009-04-01,2011-03-31,0.2114349965078489,0.14437136670909476,-0.8920361355293411,False,,,102,0.4411764705882353,0.3887871095936055,11.973599660379785,martingale,WTI front (CRUDE_ICE),46.0,0.9782608695652174
2009-05-01,2011-04-29,0.26296638081250745,0.1408142198820084,-0.8908854044129304,False,,,97,0.4639175257731959,0.41505763009197044,11.973599660379785,martingale,WTI front (CRUDE_ICE),46.0,0.9782608695652174
2009-06-01,2011-05-31,0.22487485204969465,0.14482562491454548,-0.8792083335031051,False,,,95,0.43157894736842106,0.4731320753152357,11.973599660379785,martingale,WTI front (CRUDE_ICE),42.0,0.9761904761904762
2009-07-01,2011-06-30,0.2340573446343687,0.13896661760053183,-0.8798445083398767,False,,,94,0.43617021276595747,0.3937347275311568,12.382058359606368,martingale,WTI front (CRUDE_ICE),42.0,0.9761904761904762
2009-08-03,2011-08-02,0.19524013711473595,0.12988001765940135,-0.8808217604324085,False,,,88,0.4318181818181818,0.1702119539031225,12.382058359606368,martingale,WTI front (CRUDE_ICE),39.0,0.9743589743589743
2009-09-01,2011-08-31,0.19597902028773187,0.12730350485420305,-0.8856753382321586,False,,,91,0.45054945054945056,0.23342407760030504,12.382058359606368,martingale,WTI front (CRUDE_ICE),42.0,0.9761904761904762
2009-10-01,2011-09-30,0.21619707050186018,0.12540879436732405,-0.8844967669493379,False,,,91,0.46153846153846156,0.17025341270265612,12.382058359606368,martingale,WTI front (CRUDE_ICE),43.0,0.9767441860465116
2009-11-02,2011-11-01,0.215193885062116,0.12447261069105076,-0.8804957523939612,False,,,92,0.44565217391304346,0.15981159053322383,12.382058359606368,martingale,WTI front (CRUDE_ICE),42.0,0.9761904761904762
2009-12-01,2011-11-30,0.24814143699182445,0.12384504973884797,-0.8814013013311373,False,,,94,0.46808510638297873,0.1373987506954486,12.382058359606368,martingale,WTI front (CRUDE_ICE),45.0,0.9777777777777777
2010-01-04,2012-01-03,1.261771365381116,0.5134558554273867,-0.5399842497263379,False,,,90,0.4666666666666667,0.9437061913519713,11.945799932526231,martingale,WTI front (CRUDE_ICE),42.0,1.0
2010-02-01,2012-01-31,1.259381536639252,0.496375973054893,-0.5622699724313168,False,,,89,0.47191011235955055,0.902362175396159,11.945799932526233,martingale,WTI front (CRUDE_ICE),42.0,1.0
2010-03-01,2012-02-29,1.3136421437473984,0.5266769710402459,-0.5428315029448317,False,,,88,0.5113636363636364,0.9474925215890728,11.945799932526235,martingale,WTI front (CRUDE_ICE),45.0,1.0
2010-04-01,2012-03-30,1.2825609462231555,0.5212693827693801,-0.5323557530405734,False,,,89,0.4943820224719101,1.0086649467892699,11.945799932526231,martingale,WTI front (CRUDE_ICE),44.0,1.0
2010-05-03,2012-05-02,1.2491848566485673,0.5118383524213004,-0.5362581536667601,False,,,87,0.4942528735632184,1.0285614814178383,11.945799932526233,martingale,WTI front (CRUDE_ICE),43.0,1.0
2010-06-01,2012-05-31,1.034789282323549,0.28572768134859483,-0.7163988588007494,False,,,82,0.47560975609756095,0.6614176206334434,11.945799932526235,martingale,WTI front (CRUDE_ICE),39.0,1.0
2010-07-01,2012-06-29,1.5945024445807687,0.8872314488869124,-0.17093817116739962,False,,,81,0.5061728395061729,1.261767681826778,4.770438615355177,martingale,WTI front (CRUDE_ICE),41.0,1.0
2010-08-02,2012-08-01,1.5812475590674449,0.9070636255618006,-0.160024980017623,False,,,84,0.5238095238095238,1.239766590260613,4.376163279772163,martingale,WTI front (CRUDE_ICE),44.0,1.0
2010-09-01,2012-08-31,1.680536031072458,0.8883419638364914,-0.17321041241178858,False,,,83,0.5421686746987951,1.312382160574128,4.854573013449701,martingale,WTI front (CRUDE_ICE),45.0,1.0
2010-10-01,2012-09-28,1.6363819797668806,0.9735423890503161,-0.16450719433733663,False,,,82,0.5609756097560976,1.3015095242187975,4.536165192435089,martingale,WTI front (CRUDE_ICE),46.0,1.0
2010-11-01,2012-10-31,1.6697956420387776,0.9749445500078445,-0.16333010808978587,False,,,86,0.5697674418604651,1.1278680886659924,4.493889450298221,martingale,WTI front (CRUDE_ICE),49.0,1.0
2010-12-01,2012-11-30,1.6237786160177445,0.9654541107236864,-0.16185994324835895,False,,,86,0.5581395348837209,1.3168570924300946,4.441345801824871,martingale,WTI front (CRUDE_ICE),48.0,1.0
2011-01-03,2013-01-02,1.6339606906778004,0.8913170009926171,-0.1569360193156688,False,,,92,0.5543478260869565,1.2572727624357793,4.32181434633479,martingale,WTI front (CRUDE_ICE),51.0,1.0
2011-02-01,2013-01-31,1.6569814163641892,0.9842119164567679,-0.15998061441635036,False,,,87,0.5862068965517241,1.323757748616763,4.374592753413016,martingale,WTI front (CRUDE_ICE),51.0,1.0
2011-03-01,2013-02-28,1.5866256942941677,0.9663847775997214,-0.156320565302682,False,,,84,0.5833333333333334,1.3045453324014662,4.245905870855283,martingale,WTI front (CRUDE_ICE),49.0,1.0
2011-04-01,2013-03-28,1.494582638928945,0.9363152333236234,-0.15181205629358763,False,,,82,0.573170731707317,1.2648652651225665,4.089735376365422,martingale,WTI front (CRUDE_ICE),47.0,1.0
2011-05-02,2013-05-01,1.0095510860986936,0.7969672530878897,-0.45467205078267003,False,,,83,0.5421686746987951,1.2059244030080691,10.9777989719357,martingale,WTI front (CRUDE_ICE),45.0,1.0
2011-06-01,2013-05-31,0.9635332078700015,0.7909518095245641,-0.47330059860869744,False,,,78,0.5512820512820513,1.2746696448400936,10.9777989719357,martingale,WTI front (CRUDE_ICE),43.0,1.0
2011-07-01,2013-06-28,0.9901226185183245,0.7741413106166491,-0.484831965083534,False,,,77,0.5454545454545454,1.2830726995459754,10.977798971935696,martingale,WTI front (CRUDE_ICE),42.0,1.0
2011-08-01,2013-07-31,1.0268009384258985,0.7670293233171108,-0.48680091754558485,False,,,78,0.5769230769230769,1.317752842479796,10.977798971935698,martingale,WTI front (CRUDE_ICE),45.0,1.0
2011-09-01,2013-08-30,0.9764112259400719,0.7168364496829136,-0.5071148666846854,False,,,74,0.5675675675675675,1.3159444610748896,10.977798971935696,martingale,WTI front (CRUDE_ICE),42.0,1.0
2011-10-03,2013-10-02,0.7351271712488118,0.6874061955573478,-0.5358280375777151,False,,,69,0.5652173913043478,1.3462821494605592,10.977798971935698,martingale,WTI front (CRUDE_ICE),39.0,1.0
2011-11-01,2013-10-31,0.9673551726350863,0.6838511350652056,-0.5093661033678508,False,,,66,0.5909090909090909,1.315466153922855,10.977798971935696,martingale,WTI front (CRUDE_ICE),39.0,1.0
2011-12-01,2013-11-29,0.9438112862223783,0.6606425509100512,-0.5019940240790025,False,,,64,0.59375,1.2775189635339956,10.977798971935696,martingale,WTI front (CRUDE_ICE),38.0,1.0
2012-01-03,2014-01-02,0.9334321584133993,0.6545278934641501,-0.4995301576392689,False,,,64,0.59375,1.2700050741934554,10.9777989719357,martingale,WTI front (CRUDE_ICE),38.0,1.0
2012-02-01,2014-01-31,0.9431241772095355,0.6531210674942092,-0.5083145329579487,False,,,65,0.6,1.3128163220905023,10.977798971935696,martingale,WTI front (CRUDE_ICE),39.0,1.0
2012-03-01,2014-02-28,0.9422947408432744,0.6406991123415597,-0.4951027631613061,False,,,64,0.59375,1.2458097335538119,10.9777989719357,martingale,WTI front (CRUDE_ICE),38.0,1.0
2012-04-02,2014-04-01,0.9291800044344322,0.623068261558444,-0.5051824618866988,False,,,66,0.5757575757575758,1.2361346569859006,10.977798971935698,martingale,WTI front (CRUDE_ICE),38.0,1.0
2012-05-01,2014-04-30,0.9247024990899182,0.6182363396707666,-0.5056968936876197,False,,,64,0.578125,0.9335817378129463,10.977798971935698,martingale,WTI front (CRUDE_ICE),37.0,1.0
2012-06-01,2014-05-30,0.8917598242334356,0.547842982285624,-0.5659944705460587,False,,,59,0.576271186440678,0.6713280687029402,10.9777989719357,martingale,WTI front (CRUDE_ICE),34.0,1.0
2012-07-02,2014-07-01,0.8777016356901314,0.5257323325805097,-0.5727198018151809,False,,,58,0.5689655172413793,0.6593719369416008,10.977798971935696,martingale,WTI front (CRUDE_ICE),33.0,1.0
2012-08-01,2014-07-31,0.8833697206002328,0.5099685178873739,-0.5682257856501856,False,,,56,0.5714285714285714,0.7027965888919251,10.9777989719357,martingale,WTI front (CRUDE_ICE),32.0,1.0
2012-09-03,2014-09-02,0.842187481082035,0.4868945923988029,-0.5614804878885045,False,,,52,0.5384615384615384,0.6980488879430726,10.977798971935696,martingale,WTI front (CRUDE_ICE),28.0,1.0
2012-10-01,2014-09-30,0.8597469860541024,0.47644107723504286,-0.574307302438684,False,,,56,0.5357142857142857,0.6138130207123309,10.9777989719357,martingale,WTI front (CRUDE_ICE),30.0,1.0
2012-11-01,2014-10-31,0.8766919752304922,0.4229695901068231,-0.6092814616712336,False,,,55,0.5454545454545454,0.6551953546801877,11.09537409288311,martingale,WTI front (CRUDE_ICE),30.0,1.0
2012-12-03,2014-12-02,0.8989511104744086,0.39597319530429675,-0.6183603015718093,False,,,58,0.5344827586206896,0.640665427449526,11.508019558565652,martingale,WTI front (CRUDE_ICE),31.0,1.0
2013-01-02,2014-12-31,0.9528511237295619,0.39801806681918134,-0.6118150187759224,False,,,64,0.578125,0.6520585174369303,11.095374092883109,martingale,WTI front (CRUDE_ICE),37.0,1.0
2013-02-01,2015-01-30,1.1816581406738247,0.5729525713327489,-0.43893523310670746,False,,,72,0.5972222222222222,0.8550693386987968,10.977798971935698,martingale,WTI front (CRUDE_ICE),43.0,1.0
2013-03-01,2015-02-27,0.9088413681083746,0.3768821976819266,-0.624858882768224,False,,,82,0.5487804878048781,0.6554780115481167,11.508019558565652,martingale,WTI front (CRUDE_ICE),45.0,1.0
2013-04-01,2015-03-31,1.5133596383228287,0.7793218056736412,-0.22056127851813656,False,,,89,0.5617977528089888,1.1397689174241086,9.024365787626593,martingale,WTI front (CRUDE_ICE),50.0,1.0
2013-05-01,2015-04-30,1.5748277402380058,0.8748729371645042,-0.20796425710818167,False,,,88,0.5795454545454546,1.185994541675796,7.827279285841703,martingale,WTI front (CRUDE_ICE),51.0,1.0
2013-06-03,2015-06-02,1.5534127278412306,0.848900521366425,-0.2094419025574621,False,,,91,0.5604395604395604,1.1666665315347806,7.877489381628333,martingale,WTI front (CRUDE_ICE),51.0,1.0
2013-07-01,2015-06-30,1.529973339267615,0.8600388171463603,-0.19925843508901642,False,,,91,0.5714285714285714,1.1715917935297344,7.530052707254337,martingale,WTI front (CRUDE_ICE),52.0,1.0
2013-08-01,2015-07-31,1.4712958589711476,0.8184088846951402,-0.1919815766684997,False,,,95,0.5684210526315789,1.1071103842179477,7.279755005524261,martingale,WTI front (CRUDE_ICE),54.0,1.0
2013-09-02,2015-09-01,1.3074581384406456,0.8490257098293786,-0.21090284406299808,False,,,100,0.58,1.1360251214684487,8.778464115073476,martingale,WTI front (CRUDE_ICE),58.0,1.0
2013-10-01,2015-09-30,0.8305913952277406,0.7952606832207755,-0.48020806485075884,False,,,109,0.5596330275229358,1.087025038754541,9.503618937388783,martingale,WTI front (CRUDE_ICE),62.0,0.9838709677419355
2013-11-01,2015-10-30,0.8283457409055199,0.7792946081117378,-0.4941752531516914,False,,,113,0.5486725663716814,1.194280932921749,9.503618937388785,martingale,WTI front (CRUDE_ICE),63.0,0.9841269841269841
2013-12-02,2015-12-01,0.79284250175303,0.701157751384808,-0.5128395574611702,False,,,116,0.5517241379310345,1.1132958629565384,9.503618937388783,martingale,WTI front (CRUDE_ICE),65.0,0.9846153846153847
2014-01-02,2015-12-31,0.868146731908163,0.7611490816952455,-0.49779072698833715,False,,,120,0.575,1.2699729476263333,9.503618937388781,martingale,WTI front (CRUDE_ICE),70.0,0.9857142857142858
2014-02-03,2016-02-02,0.9118246674916821,0.7627524404844319,-0.49581169200753916,False,,,132,0.5984848484848485,1.345911704190862,9.503618937388783,martingale,WTI front (CRUDE_ICE),80.0,0.9875
2014-03-03,2016-03-02,0.8741844728595237,0.7137079547816805,-0.49311058345271264,False,,,139,0.5827338129496403,1.237791101207068,9.503618937388781,martingale,WTI front (CRUDE_ICE),82.0,0.9878048780487805
2014-04-01,2016-03-31,0.866219709120502,0.7024868483874702,-0.5014619670307455,False,,,147,0.5782312925170068,1.274643741373023,9.503618937388783,martingale,WTI front (CRUDE_ICE),86.0,0.9883720930232558
2014-05-01,2016-04-29,0.9038694959370535,0.7072311128542953,-0.49996781326986706,False,,,153,0.5751633986928104,1.3109384040848298,9.50361893738878,martingale,WTI front (CRUDE_ICE),89.0,0.9887640449438202
2014-06-02,2016-06-01,0.9094839311182508,0.7120138654960124,-0.49345609016161296,False,,,155,0.5806451612903226,1.317578149624984,9.503618937388781,martingale,WTI front (CRUDE_ICE),91.0,0.989010989010989
2014-07-01,2016-06-30,0.9005840372834282,0.7028603110375757,-0.490751707936144,False,,,161,0.5652173913043478,1.2757328155378274,9.503618937388783,martingale,WTI front (CRUDE_ICE),92.0,0.9891304347826086
2014-08-01,2016-07-29,0.9299115428347237,0.6928135942727256,-0.5028282123276344,False,,,166,0.5783132530120482,1.3548720345050582,9.503618937388783,martingale,WTI front (CRUDE_ICE),97.0,0.9896907216494846
2014-09-01,2016-08-31,0.77234006969322,0.6835865454150907,-0.5035404246133341,False,,,173,0.5606936416184971,1.3769228740984232,9.503618937388781,martingale,WTI front (CRUDE_ICE),98.0,0.9897959183673469
2014-10-01,2016-09-30,0.8978385902893693,0.6102602921445688,-0.5548102031693397,False,,,174,0.5574712643678161,0.6960139583753009,9.503618937388781,martingale,WTI front (CRUDE_ICE),98.0,0.9897959183673469
2014-11-03,2016-11-02,0.8604842266357516,0.5091616778352142,-0.6106845222684913,False,,,173,0.5491329479768786,0.633379028508082,11.100469018534811,martingale,WTI front (CRUDE_ICE),96.0,0.9895833333333334
2014-12-01,2016-11-30,0.7516235419645161,0.4257393198594571,-0.6609326587550841,False,,,175,0.5428571428571428,0.5933047343499729,11.9074355210502,martingale,WTI front (CRUDE_ICE),96.0,0.9895833333333334
2015-01-02,2016-12-30,0.5447033887502631,0.2825833446801964,-0.7405930963577274,False,,,169,0.5325443786982249,0.5121282533167997,11.907435521050203,martingale,WTI front (CRUDE_ICE),91.0,0.989010989010989
2015-02-02,2017-02-01,0.7095230478262642,0.37655856307460783,-0.712657010929393,False,,,160,0.525,0.69877995631337,11.907435521050196,martingale,WTI front (CRUDE_ICE),85.0,0.9882352941176471
2015-03-02,2017-03-01,0.6632321470578574,0.3512780763900448,-0.722172907334977,False,,,150,0.5333333333333333,0.7280716223550889,11.9074355210502,martingale,WTI front (CRUDE_ICE),81.0,0.9876543209876543
2015-04-01,2017-03-31,0.6049808629466604,0.31642941615269576,-0.7409558631969559,False,,,144,0.5347222222222222,0.7452629705692555,11.907435521050198,martingale,WTI front (CRUDE_ICE),78.0,0.9871794871794872
2015-05-01,2017-04-28,0.5021617711370557,0.3333975615023644,-0.7171076302734928,False,,,144,0.5277777777777778,0.5950183218310019,11.907435521050202,martingale,WTI front (CRUDE_ICE),77.0,0.987012987012987
2015-06-01,2017-05-31,0.3075713349595587,0.23181587132224257,-0.7963643503595644,False,,,145,0.5103448275862069,0.6209256596501247,12.248755850330246,martingale,WTI front (CRUDE_ICE),75.0,0.9866666666666667
2015-07-01,2017-06-30,0.31389851885235465,0.19362755623861472,-0.8272702711800891,False,,,146,0.5136986301369864,0.5369500008310479,12.248755850330252,martingale,WTI front (CRUDE_ICE),76.0,0.9868421052631579
2015-08-03,2017-08-02,0.24408139519162267,0.24408139519162267,-0.7686206060563457,True,2015-09-01,21.0,8,0.5,0.24408139519162267,9.024365787626591,martingale,WTI front (CRUDE_ICE),4.0,1.0
2015-09-01,2017-08-31,1.2008987093515293,0.762363753306406,-0.4559938257892697,False,,,138,0.4855072463768116,1.3001047707764188,11.907435521050202,martingale,WTI front (CRUDE_ICE),67.0,1.0
2015-10-01,2017-09-29,0.8373822976005003,0.7155498700499178,-0.4969036007260653,False,,,129,0.4806201550387597,1.2729933240638454,12.30898011989844,martingale,WTI front (CRUDE_ICE),62.0,1.0
2015-11-02,2017-11-01,0.8970397531545907,0.5160826967370985,-0.6310468274712158,False,,,126,0.49206349206349204,1.3151279197132875,12.308980119898438,martingale,WTI front (CRUDE_ICE),62.0,1.0
2015-12-01,2017-11-30,0.6729809113574583,0.37419064198851093,-0.7202816173277642,False,,,123,0.4878048780487805,1.1804193623940675,12.308980119898438,martingale,WTI front (CRUDE_ICE),60.0,1.0
2016-01-04,2018-01-03,0.39136645804185455,0.18657295845170885,-0.8510377381081972,False,,,121,0.47107438016528924,1.0476936914564146,12.308980119898436,martingale,WTI front (CRUDE_ICE),57.0,1.0
2016-02-01,2018-01-31,0.39289694697167066,0.39289694697167066,-0.6660723549408784,True,2016-04-06,46.0,22,0.5454545454545454,0.39289694697167066,12.232974401942066,martingale,WTI front (CRUDE_ICE),12.0,1.0
2016-03-01,2018-02-28,0.34158836460159614,0.34158836460159614,-0.6820600171924363,True,2016-04-06,25.0,11,0.45454545454545453,0.34158836460159614,12.59335464301713,martingale,WTI front (CRUDE_ICE),5.0,1.0
2016-04-01,2018-03-29,0.3159780337095518,0.1207873369926319,-0.9026142227081163,False,,,96,0.4270833333333333,1.021918138614912,12.308980119898438,martingale,WTI front (CRUDE_ICE),41.0,1.0
2016-05-02,2018-05-01,0.41111038182840853,0.1507707440406459,-0.8704251514776034,False,,,92,0.43478260869565216,0.7370846459204778,12.30898011989844,martingale,WTI front (CRUDE_ICE),40.0,1.0
2016-06-01,2018-05-31,0.44020646421382614,0.16550045125891738,-0.8531340984662601,False,,,91,0.42857142857142855,0.6135212815668887,12.308980119898438,martingale,WTI front (CRUDE_ICE),39.0,1.0
2016-07-01,2018-06-29,0.4951767701277195,0.1512193091999213,-0.8631358232321369,False,,,89,0.449438202247191,0.5751815958165858,12.308980119898443,martingale,WTI front (CRUDE_ICE),40.0,1.0
2016-08-01,2018-07-31,0.00979236890023852,0.00979236890023852,-0.9902460189029975,True,2018-06-22,488.0,77,0.4025974025974026,0.1537182625223293,12.431403489077825,martingale,WTI front (CRUDE_ICE),31.0,1.0
2016-09-01,2018-08-31,0.5473295885927604,0.18436356762216335,-0.8349760861172393,False,,,79,0.4430379746835443,0.5131275454333875,12.308980119898441,martingale,WTI front (CRUDE_ICE),35.0,1.0
2016-10-03,2018-10-02,0.6621834281188288,0.21507415291221038,-0.8062246940196344,False,,,74,0.44594594594594594,0.3688059927484997,12.308980119898436,martingale,WTI front (CRUDE_ICE),33.0,1.0
2016-11-01,2018-10-31,0.6692058159548367,0.1920764179857979,-0.8264807331105399,False,,,75,0.4533333333333333,0.32940887941781805,12.308980119898443,martingale,WTI front (CRUDE_ICE),34.0,1.0
2016-12-01,2018-11-30,0.7187352914107518,0.18749498189338687,-0.8204032068814073,False,,,75,0.48,0.3664048888284057,12.30898011989844,martingale,WTI front (CRUDE_ICE),36.0,1.0
2017-01-03,2019-01-02,0.8136200364796965,0.20600317151724873,-0.8068716819523603,False,,,85,0.5058823529411764,0.35364336868058877,12.30898011989844,martingale,WTI front (CRUDE_ICE),43.0,1.0
2017-02-01,2019-01-31,0.3782026721699423,0.19169755392366677,-0.8155947555332841,False,,,86,0.47674418604651164,0.4247838859996604,12.427142957745488,martingale,WTI front (CRUDE_ICE),41.0,1.0
2017-03-01,2019-02-28,0.41666695524015834,0.1908079165679819,-0.8166355351362841,False,,,92,0.4782608695652174,0.4105742162900597,12.427142957745488,martingale,WTI front (CRUDE_ICE),44.0,1.0
2017-04-03,2019-04-02,0.5808222401280043,0.28653810548750613,-0.7152431217841988,False,,,91,0.4835164835164835,0.6256068584764891,12.427142957745493,martingale,WTI front (CRUDE_ICE),44.0,1.0
2017-05-01,2019-04-30,0.6042388798105339,0.3002888162228086,-0.7092154339172922,False,,,88,0.5113636363636364,0.6926396866888956,12.427142957745485,martingale,WTI front (CRUDE_ICE),45.0,1.0
2017-06-01,2019-05-31,0.6754379724391757,0.30590513450746637,-0.7093328819513505,False,,,87,0.5287356321839081,0.7165809572577501,12.427142957745485,martingale,WTI front (CRUDE_ICE),46.0,1.0
2017-07-03,2019-07-02,0.7260644072007584,0.2988604564000635,-0.7125118378148736,False,,,90,0.5333333333333333,0.7108626022834235,12.42714295774549,martingale,WTI front (CRUDE_ICE),48.0,1.0
2017-08-01,2019-07-31,0.7115613146355271,0.4006786728470916,-0.6159756517832593,False,,,89,0.5280898876404494,0.9539886118923628,12.427142957745488,martingale,WTI front (CRUDE_ICE),47.0,1.0
2017-09-01,2019-08-30,1.136282465045051,0.7001546107628315,-0.5622488681961721,False,,,95,0.5368421052631579,1.3088270919780869,12.427142957745486,martingale,WTI front (CRUDE_ICE),51.0,1.0
2017-10-02,2019-10-01,1.0340439283258323,0.6806288429708518,-0.5581313944780288,False,,,97,0.5154639175257731,1.3075506719458747,12.42714295774549,martingale,WTI front (CRUDE_ICE),50.0,1.0
2017-11-01,2019-10-31,1.1289626368520647,0.6609060231401014,-0.553021409525547,False,,,100,0.5,1.2942101088901596,12.427142957745488,martingale,WTI front (CRUDE_ICE),50.0,1.0
2017-12-01,2019-11-29,1.10492832040002,0.6433732129491088,-0.5475319745875753,False,,,100,0.5,1.3448096636178197,12.42714295774549,martingale,WTI front (CRUDE_ICE),50.0,1.0
2018-01-02,2019-12-31,1.1227885787506735,0.6368627898752137,-0.5442499089184565,False,,,99,0.5050505050505051,1.382144433734876,12.427142957745486,martingale,WTI front (CRUDE_ICE),50.0,1.0
2018-02-01,2020-01-31,1.1128404402947776,0.6188332731980966,-0.5360881583134414,False,,,103,0.49514563106796117,0.7475536946694262,12.42714295774549,martingale,WTI front (CRUDE_ICE),51.0,1.0
2018-03-01,2020-02-28,1.1540558797909741,0.6013123504081972,-0.5493021774351841,False,,,104,0.5192307692307693,0.8559562504284901,12.427142957745492,martingale,WTI front (CRUDE_ICE),54.0,1.0
2018-04-02,2020-04-01,1.2172757223867245,0.5944533877364471,-0.5479613982266996,False,,,117,0.5470085470085471,0.8709904409755976,12.427142957745488,martingale,WTI front (CRUDE_ICE),64.0,1.0
2018-05-01,2020-04-30,1.2350400209491152,0.589909785526809,-0.5394727628355863,False,,,133,0.5488721804511278,0.9016383733996057,12.427142957745486,martingale,WTI front (CRUDE_ICE),73.0,1.0
2018-06-01,2020-05-29,1.2430872775887536,0.5513273602288804,-0.5520473670839594,False,,,141,0.5319148936170213,0.8408429067332435,12.427142957745486,martingale,WTI front (CRUDE_ICE),75.0,1.0
2018-07-02,2020-07-01,1.2101856182213628,0.5517222160726898,-0.5355353281959541,False,,,147,0.5374149659863946,0.8318787922213067,12.427142957745488,martingale,WTI front (CRUDE_ICE),79.0,1.0
2018-08-01,2020-07-31,1.2316851376388291,0.5397674101605539,-0.5478808521838378,False,,,147,0.54421768707483,0.8690748822765397,12.427142957745486,martingale,WTI front (CRUDE_ICE),80.0,1.0
2018-09-03,2020-09-02,1.2217771924598138,0.5453103147133982,-0.5408689598831431,False,,,147,0.5510204081632653,0.9199703496885449,12.427142957745488,martingale,WTI front (CRUDE_ICE),81.0,1.0
2018-10-01,2020-09-30,1.178230792843658,0.5272668639095838,-0.5355274331016864,False,,,149,0.5436241610738255,0.8582536429761283,12.427142957745486,martingale,WTI front (CRUDE_ICE),81.0,1.0
2018-11-01,2020-10-30,1.1758669437452423,0.4893279175255864,-0.5691370980661066,False,,,154,0.538961038961039,0.6905639369466822,12.42714295774549,martingale,WTI front (CRUDE_ICE),83.0,1.0
2018-12-03,2020-12-02,1.0145052695706915,0.3843091489294908,-0.6449773633170335,False,,,151,0.5298013245033113,0.5803322636329656,12.427142957745488,martingale,WTI front (CRUDE_ICE),80.0,1.0
2019-01-02,2020-12-31,1.2244877764287938,0.4748802511789977,-0.5250485060969169,False,,,146,0.5273972602739726,0.7295085204120836,12.427142957745486,martingale,WTI front (CRUDE_ICE),77.0,1.0
2019-02-01,2021-01-29,1.6711259217260088,0.8435249279271672,-0.2887102512675427,False,,,142,0.5492957746478874,1.2683260781580334,9.25026870714208,martingale,WTI front (CRUDE_ICE),78.0,1.0
2019-03-01,2021-02-26,1.6794295377898294,0.8180724086895755,-0.2948009600364393,False,,,141,0.5673758865248227,1.2224973124703913,9.526993623851032,martingale,WTI front (CRUDE_ICE),80.0,1.0
2019-04-01,2021-03-31,1.6318436447514528,0.8087277881479348,-0.2772185817767927,False,,,149,0.5570469798657718,1.3283297703439707,8.74085773864794,martingale,WTI front (CRUDE_ICE),83.0,1.0
2019-05-01,2021-04-30,1.6239079539810932,0.8011185338784733,-0.2733696560827834,False,,,152,0.5592105263157895,1.3675458194476102,8.573841879683533,martingale,WTI front (CRUDE_ICE),85.0,1.0
2019-06-03,2021-06-02,1.6736284092917408,0.7113397973450771,-0.3308548450453507,False,,,152,0.5592105263157895,1.3782315551148328,10.389389576928647,martingale,WTI front (CRUDE_ICE),85.0,1.0
2019-07-01,2021-06-30,1.6405666292778915,0.7032027275732007,-0.31563523926963155,False,,,150,0.5666666666666667,1.3888258429321534,10.389389576928647,martingale,WTI front (CRUDE_ICE),85.0,1.0
2019-08-01,2021-07-30,1.4042180766504122,0.7880813307759048,-0.24154599695425738,False,,,150,0.5666666666666667,1.415037057220878,9.02436578762659,martingale,WTI front (CRUDE_ICE),85.0,1.0
2019-09-02,2021-09-01,1.682154905920942,0.8471563777595295,-0.17037193157346942,False,,,149,0.5771812080536913,1.4293468552893969,4.873659632372644,martingale,WTI front (CRUDE_ICE),86.0,1.0
2019-10-01,2021-09-30,1.7440639190728806,0.8320962189756363,-0.17318459205176184,False,,,145,0.593103448275862,1.4321952593048268,5.038312742773611,martingale,WTI front (CRUDE_ICE),86.0,1.0
2019-11-01,2021-10-29,1.7218657788268616,0.9651372791056588,-0.17181488788575872,False,,,143,0.6083916083916084,1.4012606036625468,4.460599112931915,martingale,WTI front (CRUDE_ICE),87.0,1.0
2019-12-02,2021-12-01,1.749241129501751,0.9527192778051026,-0.17372942513160838,False,,,147,0.6054421768707483,1.4235422370186785,4.52075441796073,martingale,WTI front (CRUDE_ICE),89.0,1.0
2020-01-02,2021-12-31,1.6254792904965718,0.953502035218314,-0.16711631283527872,False,,,149,0.5906040268456376,1.365509557426318,4.314140737399351,martingale,WTI front (CRUDE_ICE),88.0,1.0
2020-02-03,2022-02-02,1.8288438010303432,0.9328922158355674,-0.19389765123155012,False,,,148,0.6013513513513513,1.4392160407833474,5.1718054739847075,martingale,WTI front (CRUDE_ICE),89.0,1.0
2020-03-02,2022-03-01,1.8708015116646564,0.99985,-0.208562908781865,False,,,144,0.6111111111111112,1.4448078434498328,5.6660512059967765,martingale,WTI front (CRUDE_ICE),88.0,1.0
2020-04-01,2022-03-31,0.05898632910671533,0.05898632910671533,-0.9489968834177513,True,2020-05-05,23.0,19,0.5263157894736842,0.05898632910671533,4.755565620787461,martingale,WTI front (CRUDE_ICE),10.0,1.0
2020-05-01,2022-04-29,3.1779348708017046,0.7353094573828199,-0.440776330869753,False,,,133,0.6015037593984962,2.0784043981350457,11.051940133513703,martingale,WTI front (CRUDE_ICE),80.0,1.0
2020-06-01,2022-05-31,2.5211550317882114,0.99985,-0.46785285811046773,False,,,128,0.6171875,1.6767069301400448,11.828998520616963,martingale,WTI front (CRUDE_ICE),79.0,1.0
2020-07-01,2022-06-30,2.0992735276293444,0.9718767929383515,-0.46446286488837973,False,,,125,0.6,1.614526645554314,11.82899852061696,martingale,WTI front (CRUDE_ICE),75.0,1.0
2020-08-03,2022-08-02,2.2025466297798335,0.9438751520461207,-0.4650202142967962,False,,,131,0.5877862595419847,1.235190465616283,11.828998520616961,martingale,WTI front (CRUDE_ICE),77.0,1.0
2020-09-01,2022-08-31,0.6932603884720637,0.6575672021315407,-0.713868144441588,False,,,141,0.5673758865248227,1.5023907458303942,11.82899852061696,martingale,WTI front (CRUDE_ICE),81.0,0.9876543209876543
2020-10-01,2022-09-30,0.5550017728586591,0.379184039475792,-0.8316959727488724,False,,,142,0.5633802816901409,1.5827781238872796,11.828998520616958,martingale,WTI front (CRUDE_ICE),81.0,0.9876543209876543
2020-11-02,2022-11-01,0.10083250496947621,0.10083250496947621,-0.9547764249230124,True,2022-10-07,500.0,135,0.5703703703703704,1.6570473685955247,12.666824717035647,martingale,WTI front (CRUDE_ICE),78.0,0.9871794871794872
2020-12-01,2022-11-30,0.10980226659194024,0.10980226659194024,-0.9464829318505377,True,2022-10-07,479.0,128,0.5703125,1.4180141349945328,12.666824717035643,martingale,WTI front (CRUDE_ICE),74.0,0.9864864864864865
2021-01-04,2023-01-03,0.112824362671957,0.112824362671957,-0.9434397277377188,True,2022-10-07,457.0,126,0.5634920634920635,1.5212576888813893,12.666824717035649,martingale,WTI front (CRUDE_ICE),72.0,0.9861111111111112
2021-02-01,2023-01-31,0.17306669452229576,0.17306669452229576,-0.9114552599774999,True,2022-10-07,437.0,124,0.5564516129032258,1.5527927448519976,11.828998520616958,martingale,WTI front (CRUDE_ICE),70.0,0.9857142857142858
2021-03-01,2023-02-28,0.05332604706244819,0.05332604706244819,-0.9717513441519605,True,2023-01-04,478.0,136,0.5294117647058824,1.4971927336490891,11.828998520616961,martingale,WTI front (CRUDE_ICE),73.0,0.9863013698630136
2021-04-01,2023-03-31,0.1553846247668994,0.1553846247668994,-0.9096209916531063,True,2022-10-07,394.0,110,0.5454545454545454,1.462541255616246,11.828998520616961,martingale,WTI front (CRUDE_ICE),61.0,0.9836065573770492
2021-05-03,2023-05-02,0.1393313409777896,0.1393313409777896,-0.9139700724924266,True,2022-10-07,373.0,104,0.5384615384615384,1.4943390160696366,11.828998520616961,martingale,WTI front (CRUDE_ICE),57.0,0.9824561403508771
2021-06-01,2023-05-31,0.143933768582888,0.143933768582888,-0.9080128032452208,True,2022-10-07,352.0,100,0.53,1.4846990610994766,11.828998520616963,martingale,WTI front (CRUDE_ICE),54.0,0.9814814814814815
2021-07-01,2023-06-30,0.04591241212984729,0.04591241212984729,-0.9705013278983757,True,2023-01-04,391.0,114,0.5,1.4515782119360137,11.828998520616963,martingale,WTI front (CRUDE_ICE),58.0,0.9827586206896551
2021-08-02,2023-08-01,0.041387993614598245,0.041387993614598245,-0.9734534086184428,True,2023-01-04,369.0,108,0.5185185185185185,1.4826860152640833,11.828998520616965,martingale,WTI front (CRUDE_ICE),57.0,0.9824561403508771
2021-09-01,2023-08-31,0.11644264171304543,0.11644264171304543,-0.921897440896682,True,2022-10-07,286.0,86,0.5465116279069767,1.1328258611936646,11.828998520616961,martingale,WTI front (CRUDE_ICE),48.0,0.9791666666666666
2021-10-01,2023-09-29,0.03872351019253056,0.03872351019253056,-0.9735064334275568,True,2023-01-04,325.0,100,0.51,0.3870542473243382,11.828998520616961,martingale,WTI front (CRUDE_ICE),52.0,0.9807692307692307
2021-11-01,2023-10-31,0.049726465667961545,0.049726465667961545,-0.9654346952426214,True,2023-01-04,304.0,97,0.4948453608247423,0.1736902714998342,11.828998520616963,martingale,WTI front (CRUDE_ICE),49.0,0.9795918367346939
2021-12-01,2023-11-30,0.06082939181479365,0.06082939181479365,-0.9526049761885741,True,2022-10-07,221.0,74,0.5135135135135135,0.06082939181479365,12.666824717035647,martingale,WTI front (CRUDE_ICE),39.0,0.9743589743589743
2022-01-03,2024-01-02,0.09071014263183237,0.09071014263183237,-0.9298973451539334,True,2022-10-07,198.0,69,0.5362318840579711,0.09071014263183237,11.98049914738348,martingale,WTI front (CRUDE_ICE),38.0,0.9736842105263158
2022-02-01,2024-01-31,0.038723209437915775,0.038723209437915775,-0.9699222969389556,True,2023-01-04,238.0,82,0.4878048780487805,0.038723209437915775,11.828998520616961,martingale,WTI front (CRUDE_ICE),41.0,0.975609756097561
2022-03-01,2024-02-29,0.06440546990341438,0.06440546990341438,-0.9511571443001813,True,2023-01-04,218.0,79,0.46835443037974683,0.06440546990341438,11.518526863493864,martingale,WTI front (CRUDE_ICE),38.0,0.9736842105263158
1991-01-02,1992-12-31,0.9362208822362901,0.4823159378773869,-0.5591624741005603,False,,,60,0.5666666666666667,0.8126909090683336,10.280756108941695,martingale,Brent (BRENT_W),34.0,1.0
1991-02-01,1993-01-29,0.881438816655596,0.4004950081492918,-0.6150644440846452,False,,,53,0.5849056603773585,0.7157336972668721,10.315909409743156,martingale,Brent (BRENT_W),31.0,1.0
1991-03-01,1993-02-26,1.3010483392139331,0.7221739713219694,-0.27769962611260035,False,,,48,0.5833333333333334,1.1957432767308729,9.44712212177988,martingale,Brent (BRENT_W),28.0,1.0
1991-04-02,1993-04-01,1.1070897494822296,0.9986759262228738,-0.2106723340209007,False,,,47,0.5957446808510638,1.2224115758258203,7.8056321060788,martingale,Brent (BRENT_W),28.0,1.0
1991-05-01,1993-04-30,1.0098673730601126,0.9650207877413491,-0.24018417663033798,False,,,43,0.5813953488372093,1.2160027062041856,7.864541753173129,martingale,Brent (BRENT_W),25.0,1.0
1991-06-03,1993-06-02,1.3024302359933886,0.999825,-0.23977689525818302,False,,,42,0.6190476190476191,1.2436748823802182,7.8469996156059585,martingale,Brent (BRENT_W),26.0,1.0
1991-07-01,1993-06-30,1.2847878860535173,0.8933260104127773,-0.25842104954174905,False,,,43,0.5581395348837209,1.2014574927242345,8.669775573959614,martingale,Brent (BRENT_W),24.0,1.0
1991-08-01,1993-07-30,1.295720501418069,0.8991733794008976,-0.25147933826089053,False,,,44,0.5909090909090909,1.181537510829071,8.358644976329384,martingale,Brent (BRENT_W),26.0,1.0
1991-09-02,1993-09-01,1.279761995313234,0.9613057597211258,-0.24262618270140235,False,,,41,0.6097560975609756,1.1973013295968997,7.97011782078844,martingale,Brent (BRENT_W),25.0,1.0
1991-10-01,1993-09-30,1.2777300114909458,0.9651337235517302,-0.23924026311290292,False,,,42,0.6190476190476191,1.1844578514448336,7.82391485030537,martingale,Brent (BRENT_W),26.0,1.0
1991-11-01,1993-10-29,1.2390008965281998,0.9411517501737747,-0.22982525376415774,False,,,43,0.5813953488372093,1.1228698550534435,7.424134609421849,martingale,Brent (BRENT_W),25.0,1.0
1991-12-02,1993-12-01,1.2632372974105603,0.9068909615259395,-0.25654577833490744,False,,,42,0.5952380952380952,1.1631372696757551,8.585152300108165,martingale,Brent (BRENT_W),25.0,1.0
1992-01-02,1993-12-31,1.253309357800872,0.8404232936870164,-0.28648181443552423,False,,,39,0.6153846153846154,1.1401518208916714,9.989169340755316,martingale,Brent (BRENT_W),24.0,1.0
1992-02-03,1994-02-02,1.2378738334838493,0.8170905202503529,-0.29119521652200964,False,,,38,0.6052631578947368,1.1044353845818653,9.997581102274841,martingale,Brent (BRENT_W),23.0,1.0
1992-03-02,1994-03-01,1.0576626418566246,0.7864394303809208,-0.3036377005044698,False,,,39,0.5384615384615384,1.0711083425181436,9.997581102274838,martingale,Brent (BRENT_W),21.0,1.0
1992-04-01,1994-03-31,1.1554749420889763,0.8106990834176037,-0.2899616966589138,False,,,41,0.5609756097560976,0.890686670489578,9.997581102274838,martingale,Brent (BRENT_W),23.0,1.0
1992-05-01,1994-04-29,1.2028965500911928,0.7930400583722599,-0.2832595652554335,False,,,42,0.5476190476190477,0.7930400583722599,9.832411406049337,martingale,Brent (BRENT_W),23.0,1.0
1992-06-01,1994-05-31,1.194037487198014,0.7932657700135879,-0.27031727075222145,False,,,42,0.5476190476190477,1.0546063897192686,9.216734776462395,martingale,Brent (BRENT_W),23.0,1.0
1992-07-01,1994-06-30,1.203210595342353,0.7837581430607367,-0.27301171991176854,False,,,43,0.5581395348837209,1.0711773239929603,9.343105327793552,martingale,Brent (BRENT_W),24.0,1.0
1992-08-03,1994-08-02,1.2159614037832112,0.7679560209040192,-0.2801266620933791,False,,,45,0.5777777777777777,1.0743684325601455,9.681345541700878,martingale,Brent (BRENT_W),26.0,1.0
1992-09-01,1994-08-31,1.2214476010741264,0.7685070865625826,-0.28038089842205116,False,,,48,0.5625,1.0711797525195605,9.69355555678107,martingale,Brent (BRENT_W),27.0,1.0
1992-10-01,1994-09-30,1.2002566576626132,0.7748372252887611,-0.275574527966974,False,,,50,0.56,1.078411810798288,9.4641741512008,martingale,Brent (BRENT_W),28.0,1.0
1992-11-02,1994-11-01,0.642472267453612,0.642472267453612,-0.48499939108937584,False,,,53,0.5283018867924528,1.0846223939977224,11.358792681439478,martingale,Brent (BRENT_W),28.0,1.0
1992-12-01,1994-11-30,0.6244037562133217,0.43277130335670355,-0.642979052699,False,,,51,0.5098039215686274,1.07557367827175,12.15993363909543,martingale,Brent (BRENT_W),26.0,1.0
1993-01-04,1995-01-03,0.3983481846845898,0.38957566705556557,-0.6687511260096052,False,,,49,0.4897959183673469,1.0624167914220013,12.159933639095431,martingale,Brent (BRENT_W),25.0,0.96
1993-02-01,1995-01-31,0.42339096886461797,0.40910042359742427,-0.6699218194110534,False,,,51,0.49019607843137253,1.120208942878079,12.159933639095431,martingale,Brent (BRENT_W),26.0,0.9615384615384616
1993-03-01,1995-02-28,0.42599524676786904,0.4026014693515552,-0.6693158441584102,False,,,47,0.48936170212765956,1.0670119112388068,12.159933639095428,martingale,Brent (BRENT_W),24.0,0.9583333333333334
1993-04-01,1995-03-31,0.4433826656158766,0.4059977442611954,-0.6685421119808732,False,,,46,0.5217391304347826,1.0621560571855122,12.159933639095431,martingale,Brent (BRENT_W),25.0,0.96
1993-05-04,1995-05-03,0.47897517887290075,0.40639745557850193,-0.6686099314592442,False,,,51,0.5490196078431373,1.1426640137014479,12.159933639095424,martingale,Brent (BRENT_W),29.0,0.9655172413793104
1993-06-01,1995-05-31,0.4685790507540576,0.40873159082895605,-0.6700342263217356,False,,,56,0.5178571428571429,1.1744195987413901,12.159933639095428,martingale,Brent (BRENT_W),30.0,0.9666666666666667
1993-07-01,1995-06-30,0.461671977868646,0.3710844799560897,-0.6928846584103284,False,,,50,0.5,1.1597302198662232,12.15993363909543,martingale,Brent (BRENT_W),26.0,0.9615384615384616
1993-08-02,1995-08-01,0.4560476425625125,0.3590064536986479,-0.7012536923350903,False,,,50,0.5,1.1894868181000433,12.159933639095426,martingale,Brent (BRENT_W),26.0,0.9615384615384616
1993-09-01,1995-08-31,0.45152944176300774,0.35818109262391895,-0.7026021545418861,False,,,50,0.5,1.1868304556486775,12.159933639095428,martingale,Brent (BRENT_W),26.0,0.9615384615384616
1993-10-01,1995-09-29,0.40992021067366824,0.3561957935159649,-0.7019427744304936,False,,,50,0.48,1.151682021602901,12.15993363909543,martingale,Brent (BRENT_W),25.0,0.96
1993-11-01,1995-10-31,0.42827119971104005,0.34800043322353374,-0.7134999374365465,False,,,50,0.5,0.6464165159289907,12.15993363909543,martingale,Brent (BRENT_W),26.0,0.9615384615384616
1993-12-01,1995-11-30,0.44555412556159085,0.3014676830927281,-0.7483351016163301,False,,,49,0.46938775510204084,0.5013643837260336,12.495301159080165,martingale,Brent (BRENT_W),24.0,0.9583333333333334
1994-01-04,1996-01-03,0.4854702834040878,0.27196802802934184,-0.7631720469591191,False,,,49,0.46938775510204084,0.3126952752969144,12.55509789002452,martingale,Brent (BRENT_W),24.0,0.9583333333333334
1994-02-01,1996-01-31,0.47726996094985946,0.2738291264313941,-0.7589929816055698,False,,,50,0.46,0.29448174291306417,12.55509789002452,martingale,Brent (BRENT_W),24.0,0.9583333333333334
1994-03-01,1996-02-29,0.5118773700901788,0.277982498881488,-0.763716871425408,False,,,49,0.4897959183673469,0.3151314672071209,12.555097890024522,martingale,Brent (BRENT_W),25.0,0.96
1994-04-05,1996-04-04,0.5957396452290948,0.2774043875114934,-0.7596950143814623,False,,,49,0.5510204081632653,0.33370881152027265,12.55509789002452,martingale,Brent (BRENT_W),28.0,0.9642857142857143
1994-05-03,1996-05-02,0.6000146904724194,0.2738926304002441,-0.754699656458476,False,,,54,0.5370370370370371,0.3898079294143564,12.555097890024527,martingale,Brent (BRENT_W),30.0,0.9666666666666667
1994-06-01,1996-05-31,0.3585388868219511,0.2738356218848035,-0.7500144578941405,False,,,58,0.4827586206896552,0.35106302501075326,12.555097890024522,martingale,Brent (BRENT_W),29.0,0.9655172413793104
1994-07-01,1996-06-28,0.15020690863141842,0.15020690863141842,-0.8570895842996059,True,1996-06-17,495.0,52,0.4807692307692308,0.3675846189097798,12.189584378432746,martingale,Brent (BRENT_W),26.0,0.9615384615384616
1994-08-01,1996-07-31,0.1472078783708518,0.1472078783708518,-0.8557187666806576,True,1996-06-17,474.0,50,0.46,0.37307879490465945,12.159933639095431,martingale,Brent (BRENT_W),24.0,0.9583333333333334
1994-09-01,1996-08-30,0.1461971846717255,0.1461971846717255,-0.8560396611639332,True,1996-06-17,452.0,47,0.46808510638297873,0.34984207944323154,12.555097890024518,martingale,Brent (BRENT_W),23.0,0.9565217391304348
1994-10-03,1996-10-02,0.2024981442626188,0.2024981442626188,-0.7976836374526688,True,1996-06-17,430.0,44,0.4772727272727273,0.47271684287959115,12.15993363909543,martingale,Brent (BRENT_W),21.0,1.0
1994-11-01,1996-10-31,0.44546464506018907,0.44546464506018907,-0.6572989138774568,True,1996-06-17,409.0,40,0.525,1.0383850507129957,11.834853435446435,martingale,Brent (BRENT_W),21.0,1.0
1994-12-01,1996-11-29,0.45575890066309166,0.45575890066309166,-0.6558200027493856,True,1996-06-17,387.0,40,0.55,1.1078749641707968,11.834853435446439,martingale,Brent (BRENT_W),22.0,1.0
1995-01-03,1997-01-02,0.448925484162741,0.448925484162741,-0.660619313631126,True,1996-06-17,367.0,39,0.5384615384615384,1.1462141633764598,11.834853435446439,martingale,Brent (BRENT_W),21.0,1.0
1995-02-01,1997-01-31,0.45104839652289946,0.45104839652289946,-0.6563778942091834,True,1996-06-17,346.0,38,0.5526315789473685,1.1437143378773764,11.834853435446439,martingale,Brent (BRENT_W),21.0,1.0
1995-03-01,1997-02-28,0.44433431254095507,0.44433431254095507,-0.6579310947369826,True,1996-06-17,326.0,38,0.5263157894736842,1.1368216299676484,11.834853435446439,martingale,Brent (BRENT_W),20.0,1.0
1995-04-03,1997-04-02,0.445893418732876,0.445893418732876,-0.6543052656051642,True,1996-06-17,303.0,37,0.5405405405405406,1.2091368028529266,11.834853435446439,martingale,Brent (BRENT_W),20.0,1.0
1995-05-01,1997-04-30,0.42319498446265025,0.42319498446265025,-0.6503112679477063,True,1996-06-17,285.0,32,0.5,1.2061590421901711,11.834853435446439,martingale,Brent (BRENT_W),16.0,1.0
1995-06-01,1997-05-30,0.4320998623310843,0.4320998623310843,-0.6524059519778674,True,1996-06-17,264.0,31,0.5483870967741935,0.9298568736327484,11.834853435446435,martingale,Brent (BRENT_W),17.0,1.0
1995-07-03,1997-07-02,0.4161866513544674,0.4161866513544674,-0.66177635093581,True,1996-06-17,242.0,29,0.5172413793103449,0.4161866513544674,11.834853435446437,martingale,Brent (BRENT_W),15.0,1.0
1995-08-01,1997-07-31,0.425111571110599,0.425111571110599,-0.6595622989699622,True,1996-06-17,221.0,29,0.5517241379310345,0.425111571110599,11.834853435446437,martingale,Brent (BRENT_W),16.0,1.0
1995-09-01,1997-08-29,0.42633197837124415,0.42633197837124415,-0.6576950830219895,True,1996-06-17,199.0,29,0.5517241379310345,0.42633197837124415,11.834853435446439,martingale,Brent (BRENT_W),16.0,1.0
1995-10-02,1997-10-01,0.42042728313886596,0.42042728313886596,-0.6599219369419773,True,1996-06-17,178.0,27,0.5555555555555556,0.42042728313886596,11.834853435446439,martingale,Brent (BRENT_W),15.0,1.0
1995-11-01,1997-10-31,0.41608985079224936,0.41608985079224936,-0.6590627195021648,True,1996-06-17,156.0,24,0.5833333333333334,0.41608985079224936,11.834853435446437,martingale,Brent (BRENT_W),14.0,1.0
1995-12-01,1997-11-28,0.40592328232148833,0.40592328232148833,-0.6560950976905784,True,1996-06-17,134.0,22,0.5454545454545454,0.40592328232148833,11.834853435446437,martingale,Brent (BRENT_W),12.0,1.0
1996-01-02,1997-12-31,0.39818780778407614,0.39818780778407614,-0.6506023905892684,True,1996-06-17,115.0,20,0.5,0.39818780778407614,11.834853435446437,martingale,Brent (BRENT_W),10.0,1.0
1996-02-01,1998-01-30,0.38796790485399024,0.38796790485399024,-0.6614433607570321,True,1996-06-17,93.0,17,0.5294117647058824,0.38796790485399024,11.834853435446439,martingale,Brent (BRENT_W),9.0,1.0
1996-03-01,1998-02-27,0.3889555391832166,0.3889555391832166,-0.6534033658752445,True,1996-06-17,72.0,14,0.5714285714285714,0.3889555391832166,11.834853435446437,martingale,Brent (BRENT_W),8.0,1.0
1996-04-01,1998-03-31,0.3798225603582651,0.3798225603582651,-0.6447778086166724,True,1996-06-17,51.0,11,0.45454545454545453,0.3798225603582651,11.834853435446439,martingale,Brent (BRENT_W),5.0,1.0
1996-05-01,1998-04-30,0.22556234488816057,0.06112989115169225,-0.9474982524140587,False,,,81,0.49382716049382713,0.28820418295951783,12.718846607269048,martingale,Brent (BRENT_W),41.0,0.975609756097561
1996-06-03,1998-06-02,0.13480371307387765,0.06948693136137868,-0.9420568385848227,False,,,83,0.4819277108433735,0.24101702422189678,12.718846607269052,martingale,Brent (BRENT_W),41.0,0.975609756097561
1996-07-01,1998-06-30,0.0767123926948415,0.0767123926948415,-0.9346078822235107,True,1998-06-09,490.0,80,0.4875,0.10546887318597176,12.255838820054223,martingale,Brent (BRENT_W),40.0,0.975
1996-08-01,1998-07-31,0.2302396821803545,0.08859172717874861,-0.9230748472865493,False,,,90,0.4888888888888889,0.13103910495000118,11.919761955708967,martingale,Brent (BRENT_W),45.0,0.9777777777777777
1996-09-02,1998-09-01,0.2770214021546958,0.09937969306657687,-0.9093382073534504,False,,,88,0.4772727272727273,0.13931532153987472,11.7809280472764,martingale,Brent (BRENT_W),43.0,0.9767441860465116
1996-10-01,1998-09-30,0.3391142485599301,0.11045147098787202,-0.8946655224797742,False,,,89,0.47191011235955055,0.19804708361415188,11.7809280472764,martingale,Brent (BRENT_W),43.0,0.9767441860465116
1996-11-01,1998-10-30,0.33678135910136814,0.11287316942838956,-0.8885357716098199,False,,,90,0.45555555555555555,0.18238078416952144,11.780928047276403,martingale,Brent (BRENT_W),42.0,0.9761904761904762
1996-12-02,1998-12-01,0.4359118718123392,0.12487144376444448,-0.8789825752598724,False,,,94,0.5,0.26565606553018384,11.780928047276399,martingale,Brent (BRENT_W),48.0,0.9791666666666666
1997-01-02,1998-12-31,0.46924355581229055,0.13855425427649495,-0.8678153059618748,False,,,94,0.5212765957446809,0.30774580586473316,11.780928047276403,martingale,Brent (BRENT_W),50.0,0.98
1997-02-03,1999-02-02,0.4775990453274052,0.1322985404054897,-0.8744254224968815,False,,,103,0.5145631067961165,0.3491665310272075,11.7809280472764,martingale,Brent (BRENT_W),54.0,0.9814814814814815
1997-03-03,1999-03-02,1.320221898854382,0.593951888754699,-0.4059441514718086,False,,,104,0.5096153846153846,1.1075668084344066,11.240853073500418,martingale,Brent (BRENT_W),53.0,1.0
1997-04-01,1999-03-31,1.447996010900835,0.6539754380657871,-0.3619553637628512,False,,,107,0.5420560747663551,1.2288690545721257,11.240853073500418,martingale,Brent (BRENT_W),58.0,1.0
1997-05-01,1999-04-30,1.4628985181313823,0.6358729226372994,-0.3734554753098144,False,,,108,0.5555555555555556,1.2134651961127403,11.240853073500412,martingale,Brent (BRENT_W),60.0,1.0
1997-06-02,1999-06-01,1.467785651627911,0.8615589379265032,-0.13829026286949897,False,,,109,0.5596330275229358,1.2128450374818323,5.090080460655851,martingale,Brent (BRENT_W),61.0,1.0
1997-07-01,1999-06-30,1.5072261566756522,0.9316256489272428,-0.13743387178444866,False,,,112,0.5625,1.2651407555151468,5.2892774646373635,martingale,Brent (BRENT_W),63.0,1.0
1997-08-01,1999-07-30,1.5201894388416444,0.974330547429289,-0.1378361406497034,False,,,113,0.5752212389380531,1.2710270482402193,5.307234274111618,martingale,Brent (BRENT_W),65.0,1.0
1997-09-01,1999-08-31,1.5583428966362112,0.9699024907927193,-0.1438574082451538,False,,,116,0.5775862068965517,1.2690967211729696,5.578033226350309,martingale,Brent (BRENT_W),67.0,1.0
1997-10-01,1999-09-30,1.5631630377063463,0.9738199980810859,-0.1368518270567225,False,,,118,0.5932203389830508,1.2808881237373773,5.263325300918041,martingale,Brent (BRENT_W),70.0,1.0
1997-11-03,1999-11-02,1.543371343178468,0.997196154559569,-0.139590901315508,False,,,119,0.5798319327731093,1.24548633864327,5.385761101353356,martingale,Brent (BRENT_W),69.0,1.0
1997-12-01,1999-11-30,1.542925744013617,0.9865610205402046,-0.15415152445961589,False,,,122,0.5655737704918032,1.2927497208426588,6.049928210408355,martingale,Brent (BRENT_W),69.0,1.0
1998-01-02,1999-12-30,1.671721449100048,0.9544308861648771,-0.17193549326968927,False,,,125,0.568,1.3161082627550427,6.89281047425682,martingale,Brent (BRENT_W),71.0,1.0
1998-02-02,2000-02-01,1.7125333039125077,0.8915088118763,-0.19044002696874962,False,,,123,0.5691056910569106,1.28765348767708,7.809157377900519,martingale,Brent (BRENT_W),70.0,1.0
1998-03-02,2000-03-01,1.851704672960035,0.8315383810330507,-0.220747751756888,False,,,126,0.5714285714285714,1.3007859785435818,9.028439584691778,martingale,Brent (BRENT_W),72.0,1.0
1998-04-01,2000-03-31,1.648141780768908,0.9019499711480398,-0.15013561475309578,False,,,121,0.5702479338842975,1.3349825755170481,5.919614176026342,martingale,Brent (BRENT_W),69.0,1.0
1998-05-01,2000-04-28,1.867698583825282,0.9077270440030258,-0.1457753617842461,False,,,124,0.5806451612903226,1.3371261113862205,5.718357976239496,martingale,Brent (BRENT_W),72.0,1.0
1998-06-01,2000-05-31,2.0129286036485325,0.9852648426915553,-0.15143790430427229,False,,,126,0.5952380952380952,1.3308962770129558,5.980125074656682,martingale,Brent (BRENT_W),75.0,1.0
1998-07-01,2000-06-30,2.206275307714669,0.9531748655562047,-0.16945285704141322,False,,,125,0.6,1.3803098604588715,6.836658893169161,martingale,Brent (BRENT_W),75.0,1.0
1998-08-03,2000-08-02,2.3343504619238935,0.902930681892969,-0.1885424449856079,False,,,125,0.592,1.416580438751103,7.785789027570998,martingale,Brent (BRENT_W),74.0,1.0
1998-09-01,2000-08-31,2.5056209244402656,0.95098547010266,-0.19304095000966837,False,,,128,0.59375,1.5046124381868897,8.015991619975132,martingale,Brent (BRENT_W),76.0,1.0
1998-10-01,2000-09-29,2.033581356525662,0.9725141186635412,-0.18782094789424308,False,,,131,0.5877862595419847,1.4880381666657636,7.642869547026016,martingale,Brent (BRENT_W),77.0,1.0
1998-11-02,2000-11-01,0.46636720971889223,0.46636720971889223,-0.822449758349398,True,2000-10-12,491.0,128,0.5859375,1.5245347165093242,9.460384938403681,martingale,Brent (BRENT_W),75.0,1.0
1998-12-01,2000-11-30,0.47605105373333256,0.47605105373333256,-0.8341173504199842,True,2000-10-12,470.0,120,0.5666666666666667,1.4346680819133606,9.460384938403681,martingale,Brent (BRENT_W),68.0,1.0
1999-01-04,2001-01-03,0.4668923112818847,0.4668923112818847,-0.8335589564861516,True,2000-10-12,449.0,112,0.5803571428571429,1.5999784150867822,9.460384938403683,martingale,Brent (BRENT_W),65.0,1.0
1999-02-01,2001-01-31,0.45787657687701877,0.45787657687701877,-0.8358701022563434,True,2000-10-12,429.0,103,0.5922330097087378,1.691911601523642,9.460384938403681,martingale,Brent (BRENT_W),61.0,1.0
1999-03-01,2001-02-28,0.4593706678707617,0.4593706678707617,-0.8375036315681701,True,2000-10-12,409.0,100,0.6,1.8361945964934543,9.460384938403683,martingale,Brent (BRENT_W),60.0,1.0
1999-04-01,2001-03-30,0.3976864440560159,0.3976864440560159,-0.8297849249356473,True,2000-10-12,386.0,92,0.5869565217391305,1.3677108032437473,9.460384938403683,martingale,Brent (BRENT_W),54.0,1.0
1999-05-04,2001-05-03,0.36990397360829463,0.36990397360829463,-0.8266632642518713,True,2000-10-12,366.0,88,0.5681818181818182,1.57312993842766,9.460384938403685,martingale,Brent (BRENT_W),50.0,1.0
1999-06-01,2001-05-31,0.3772716394914473,0.3772716394914473,-0.8325512774681344,True,2000-10-12,347.0,85,0.5764705882352941,1.7176395731098604,9.460384938403683,martingale,Brent (BRENT_W),49.0,1.0
1999-07-01,2001-06-29,0.365073209403665,0.365073209403665,-0.825334050790107,True,2000-10-12,325.0,79,0.5949367088607594,1.7843706167179745,9.460384938403683,martingale,Brent (BRENT_W),47.0,1.0
1999-08-02,2001-08-01,0.344081221551822,0.344081221551822,-0.8235964435406806,True,2000-10-12,303.0,76,0.5789473684210527,1.7182268431941286,9.460384938403683,martingale,Brent (BRENT_W),44.0,1.0
1999-09-01,2001-08-31,0.32221854313320814,0.32221854313320814,-0.82231670153666,True,2000-10-12,282.0,71,0.5633802816901409,1.6947815024148156,9.460384938403685,martingale,Brent (BRENT_W),40.0,1.0
1999-10-01,2001-09-28,0.3027514148497294,0.3027514148497294,-0.8190072324824835,True,2000-10-12,260.0,68,0.5441176470588235,1.2468129816361837,9.460384938403681,martingale,Brent (BRENT_W),37.0,1.0
1999-11-01,2001-10-31,0.2995609289814097,0.2995609289814097,-0.8214619321037306,True,2000-10-12,239.0,61,0.5737704918032787,0.2995609289814097,9.460384938403681,martingale,Brent (BRENT_W),35.0,1.0
1999-12-01,2001-11-30,0.2899231208022539,0.2899231208022539,-0.8195699303378384,True,2000-10-12,217.0,56,0.5892857142857143,0.2899231208022539,9.460384938403685,martingale,Brent (BRENT_W),33.0,1.0
2000-01-04,2002-01-03,0.2705145250808702,0.2705145250808702,-0.8195793855714915,True,2000-10-12,197.0,51,0.5490196078431373,0.2705145250808702,9.460384938403681,martingale,Brent (BRENT_W),28.0,1.0
2000-02-01,2002-01-31,0.26153862083358453,0.26153862083358453,-0.8165887134694079,True,2000-10-12,177.0,47,0.5531914893617021,0.26153862083358453,9.460384938403681,martingale,Brent (BRENT_W),26.0,1.0
2000-03-01,2002-02-28,0.2434976388802752,0.2434976388802752,-0.8141714800975668,True,2000-10-12,156.0,41,0.5121951219512195,0.2434976388802752,9.460384938403681,martingale,Brent (BRENT_W),21.0,1.0
2000-04-03,2002-04-02,0.24399635461216862,0.24399635461216862,-0.8181531494840152,True,2000-10-12,133.0,37,0.5405405405405406,0.24399635461216862,9.460384938403681,martingale,Brent (BRENT_W),20.0,1.0
2000-05-02,2002-05-01,0.23042447794078094,0.23042447794078094,-0.8207828897034868,True,2000-10-12,115.0,30,0.5333333333333333,0.23042447794078094,9.460384938403681,martingale,Brent (BRENT_W),16.0,1.0
2000-06-01,2002-05-31,0.21919125882613788,0.21919125882613788,-0.816242194295149,True,2000-10-12,94.0,24,0.5,0.21919125882613788,9.460384938403683,martingale,Brent (BRENT_W),12.0,1.0
2000-07-03,2002-07-02,0.2051995341072017,0.2051995341072017,-0.8147241241573345,True,2000-10-12,72.0,17,0.4117647058823529,0.2051995341072017,9.460384938403683,martingale,Brent (BRENT_W),7.0,1.0
2000-08-01,2002-07-31,0.20317252818025777,0.20317252818025777,-0.8193223864128599,True,2000-10-12,51.0,15,0.4666666666666667,0.20317252818025777,9.460384938403681,martingale,Brent (BRENT_W),7.0,1.0
2000-09-01,2002-08-30,0.20022481822221033,0.20022481822221033,-0.8119610425795074,True,2000-10-12,29.0,11,0.36363636363636365,0.20022481822221033,9.460384938403683,martingale,Brent (BRENT_W),4.0,1.0
2000-10-02,2002-10-01,1.3680697752745805,0.6913989920369686,-0.35920367523090513,False,,,111,0.46846846846846846,0.8960021387116381,10.151010487638201,martingale,Brent (BRENT_W),52.0,1.0
2000-11-01,2002-10-31,1.3668156910603726,0.674649123451067,-0.3674429427174255,False,,,110,0.4818181818181818,1.2184339637204686,10.519103354843642,martingale,Brent (BRENT_W),53.0,1.0
2000-12-01,2002-11-29,1.3708764055948635,0.6735911741791507,-0.366704562289622,False,,,111,0.4864864864864865,1.2910788084720504,10.485725176660306,martingale,Brent (BRENT_W),54.0,1.0
2001-01-02,2002-12-31,1.1770332490444249,0.588686706124411,-0.419606637521981,False,,,108,0.48148148148148145,1.1927936724678139,11.52676626789243,martingale,Brent (BRENT_W),52.0,1.0
2001-02-01,2003-01-31,1.4194057824184996,0.8071417289168492,-0.3205376836974765,False,,,107,0.514018691588785,1.2844877847801754,9.043975916167357,martingale,Brent (BRENT_W),55.0,1.0
2001-03-01,2003-02-28,1.405897428842023,0.7706084634435753,-0.333641381853766,False,,,107,0.514018691588785,1.2714158316494804,9.704095267144533,martingale,Brent (BRENT_W),55.0,1.0
2001-04-02,2003-04-01,1.3341809207075368,0.6858206192117494,-0.3833094544301434,False,,,109,0.5137614678899083,1.2818331964418699,10.86267106994026,martingale,Brent (BRENT_W),56.0,1.0
2001-05-01,2003-04-30,1.4271632383181572,0.7381826459235497,-0.3284389793227189,False,,,110,0.5181818181818182,1.1058380345239194,9.437262061510888,martingale,Brent (BRENT_W),57.0,1.0
2001-06-01,2003-05-30,1.3943791960151748,0.7022444798466142,-0.3355032633835586,False,,,107,0.514018691588785,1.0508610111957435,9.801166178047557,martingale,Brent (BRENT_W),55.0,1.0
2001-07-02,2003-07-01,1.4310790964694153,0.6688139309478152,-0.3593323514856669,False,,,111,0.5315315315315315,1.0219193212760345,10.862671069940255,martingale,Brent (BRENT_W),59.0,1.0
2001-08-01,2003-07-31,1.4572686821380556,0.6688477759367517,-0.3655727569874828,False,,,110,0.5363636363636364,0.8709125934975439,10.862671069940259,martingale,Brent (BRENT_W),59.0,1.0
2001-09-03,2003-09-02,1.5069565269524097,0.6904384679821669,-0.34584852739264715,False,,,111,0.5495495495495496,1.0635621646332447,10.356270858775371,martingale,Brent (BRENT_W),61.0,1.0
2001-10-01,2003-09-30,1.4856436082036497,0.781745985965865,-0.3920553074683586,False,,,109,0.5596330275229358,1.0466560551147661,9.034026102422754,martingale,Brent (BRENT_W),61.0,1.0
2001-11-01,2003-10-31,1.3445279086240418,0.6289293201627352,-0.5002085597293839,False,,,107,0.5420560747663551,0.8905708629294187,10.602343406980356,martingale,Brent (BRENT_W),58.0,1.0
2001-12-03,2003-12-02,1.0246466886868741,0.566027374617775,-0.5252054648641096,False,,,102,0.5294117647058824,0.7484328178728523,10.602343406980355,martingale,Brent (BRENT_W),54.0,1.0
2002-01-02,2003-12-31,1.3129391606157879,0.5559865086088348,-0.5214726396532685,False,,,101,0.5445544554455446,0.8795206877504179,10.602343406980353,martingale,Brent (BRENT_W),55.0,1.0
2002-02-01,2004-01-30,1.0609259518970438,0.5155928462152256,-0.5440385187950709,False,,,99,0.5353535353535354,0.8861382484052294,10.602343406980355,martingale,Brent (BRENT_W),53.0,1.0
2002-03-01,2004-02-27,1.1006380715724102,0.5179584678468037,-0.5259025184142037,False,,,98,0.5306122448979592,0.9124105421187935,10.602343406980356,martingale,Brent (BRENT_W),52.0,1.0
2002-04-02,2004-04-01,1.1508388829369736,0.5568054786079057,-0.44946245084526737,False,,,95,0.5052631578947369,0.9483144332026793,10.1397652652392,martingale,Brent (BRENT_W),48.0,1.0
2002-05-01,2004-04-30,1.6616188287631743,0.7827980983983547,-0.24337389470455895,False,,,93,0.5053763440860215,1.3056962783767156,9.24646265016612,martingale,Brent (BRENT_W),47.0,1.0
2002-06-05,2004-06-04,1.7342661621445203,0.9109816832033955,-0.23633304759172624,False,,,95,0.5368421052631579,1.381104840934396,9.280542003995526,martingale,Brent (BRENT_W),51.0,1.0
2002-07-01,2004-06-30,1.8660471491960546,0.9690715621675675,-0.23074511421589605,False,,,98,0.5510204081632653,1.434112082510218,9.02843958469178,martingale,Brent (BRENT_W),54.0,1.0
2002-08-01,2004-07-30,1.9090741496280044,0.9568330594290307,-0.23476381499703314,False,,,100,0.54,1.4598434917113154,9.224942107904303,martingale,Brent (BRENT_W),54.0,1.0
2002-09-02,2004-09-01,1.9044337126855637,0.9347764524319322,-0.22294669503751263,False,,,103,0.5436893203883495,1.4124150338265034,9.02843958469178,martingale,Brent (BRENT_W),56.0,1.0
2002-10-01,2004-09-30,1.8016420575227157,0.9131421187653206,-0.23457508479559963,False,,,106,0.5283018867924528,1.352257794905999,9.028439584691778,martingale,Brent (BRENT_W),56.0,1.0
2002-11-01,2004-10-29,1.831432436503073,0.8737738618375257,-0.26370347038473285,False,,,107,0.5327102803738317,1.3403444392869843,9.280542003995526,martingale,Brent (BRENT_W),57.0,1.0
2002-12-02,2004-12-01,1.8448184114818038,0.9914852372846604,-0.28402960789382403,False,,,108,0.5370370370370371,1.2554197970014975,9.280542003995528,martingale,Brent (BRENT_W),58.0,1.0
2003-01-02,2004-12-31,1.9147666984990719,0.983362108669145,-0.24979570678915752,False,,,114,0.5263157894736842,1.3942525156589571,9.02843958469178,martingale,Brent (BRENT_W),60.0,1.0
2003-02-03,2005-02-02,1.8308157934948004,0.9927845581678881,-0.24209698822144032,False,,,115,0.5130434782608696,1.0741363214195438,9.02843958469178,martingale,Brent (BRENT_W),59.0,1.0
2003-03-03,2005-03-02,1.8796345058766668,0.9666530460991603,-0.23265656684284264,False,,,118,0.5084745762711864,1.3221515378399997,9.028439584691778,martingale,Brent (BRENT_W),60.0,1.0
2003-04-01,2005-03-31,1.8103341688651629,0.9150061558653639,-0.3410511122290568,False,,,113,0.5132743362831859,1.2387749441714822,9.280542003995528,martingale,Brent (BRENT_W),58.0,1.0
2003-05-01,2005-04-29,0.7048121232335636,0.5536158300290114,-0.6800507897533397,False,,,115,0.4956521739130435,1.083767639478444,11.573557977151122,martingale,Brent (BRENT_W),57.0,1.0
2003-06-02,2005-06-01,0.8094226867777459,0.6028996377300092,-0.6575762895233181,False,,,115,0.4956521739130435,1.2013874434451601,11.573557977151122,martingale,Brent (BRENT_W),57.0,1.0
2003-07-01,2005-06-30,0.7788956017211313,0.5575243657533863,-0.6595075814959679,False,,,112,0.49107142857142855,1.2059595373794563,11.573557977151124,martingale,Brent (BRENT_W),55.0,1.0
2003-08-01,2005-07-29,0.7666867249899134,0.5877992918384302,-0.6471944200376569,False,,,115,0.4782608695652174,1.250524575049961,11.573557977151124,martingale,Brent (BRENT_W),55.0,1.0
2003-09-01,2005-08-31,0.9891060478313407,0.5792448585685929,-0.6508565499728782,False,,,119,0.5042016806722689,1.2482358814110446,11.57355797715112,martingale,Brent (BRENT_W),60.0,1.0
2003-10-01,2005-09-30,0.3650012795349591,0.3311823176998803,-0.7814596138351984,False,,,118,0.4830508474576271,1.04590486458973,12.000650058794639,martingale,Brent (BRENT_W),57.0,1.0
2003-11-03,2005-11-02,0.561481391829193,0.30272047238335764,-0.7916827852701578,False,,,118,0.4915254237288136,0.995148989380905,12.000650058794637,martingale,Brent (BRENT_W),58.0,1.0
2003-12-01,2005-11-30,0.7242175995322867,0.3845788005819979,-0.7595513038527827,False,,,117,0.5128205128205128,1.170466377796902,12.000650058794637,martingale,Brent (BRENT_W),60.0,1.0
2004-01-02,2005-12-30,0.5860710268243785,0.3565385946210513,-0.7632529263100498,False,,,115,0.48695652173913045,1.266225311847908,12.000650058794639,martingale,Brent (BRENT_W),56.0,1.0
2004-02-02,2006-02-01,0.7162841426820619,0.39726736971372123,-0.7458198582618747,False,,,112,0.5089285714285714,1.4057935495118234,12.000650058794637,martingale,Brent (BRENT_W),57.0,1.0
2004-03-01,2006-02-28,0.8203423189111386,0.4388327875956483,-0.7247572069165003,False,,,115,0.5130434782608696,1.4933482640972116,12.000650058794639,martingale,Brent (BRENT_W),59.0,1.0
2004-04-01,2006-03-31,0.2905525260560845,0.22796097328024675,-0.8552614305932815,False,,,116,0.5,1.574955037690211,12.743570346495371,martingale,Brent (BRENT_W),58.0,1.0
2004-05-04,2006-05-03,0.36736668947988066,0.23234595222982346,-0.8422623800130858,False,,,114,0.5087719298245614,0.7323505235617359,12.743570346495371,martingale,Brent (BRENT_W),58.0,1.0
2004-06-01,2006-05-31,0.36263761637935904,0.22922222733104122,-0.835057426958492,False,,,111,0.4954954954954955,0.7016490826042112,12.743570346495368,martingale,Brent (BRENT_W),55.0,1.0
2004-07-01,2006-06-30,0.3174173918590337,0.1988876872197392,-0.8531111249667184,False,,,107,0.4953271028037383,0.6805327010644802,12.743570346495371,martingale,Brent (BRENT_W),53.0,1.0
2004-08-02,2006-08-01,0.38474921719668254,0.20872654985868214,-0.8407879869155006,False,,,107,0.48598130841121495,0.7479272658724814,12.743570346495366,martingale,Brent (BRENT_W),52.0,1.0
2004-09-01,2006-08-31,0.43430805711945253,0.19967325388571713,-0.8395881864947556,False,,,105,0.4857142857142857,0.7869857487756968,12.743570346495373,martingale,Brent (BRENT_W),51.0,1.0
2004-10-01,2006-09-29,0.5258203569471512,0.23987288681134258,-0.8081699841464545,False,,,105,0.5142857142857142,0.42430890232464774,12.743570346495373,martingale,Brent (BRENT_W),54.0,1.0
2004-11-01,2006-10-31,0.5734402951088687,0.23284217591416922,-0.8077392026443544,False,,,105,0.5142857142857142,0.6497938970380193,12.743570346495373,martingale,Brent (BRENT_W),54.0,1.0
2004-12-01,2006-11-30,0.581942158742983,0.19670098063129868,-0.8370179792845136,False,,,106,0.5094339622641509,0.6176421063592115,12.743570346495371,martingale,Brent (BRENT_W),54.0,1.0
2005-01-04,2007-01-03,0.5603610036384394,0.16950411491270403,-0.8537088286569968,False,,,99,0.5151515151515151,0.5385121429090717,12.743570346495371,martingale,Brent (BRENT_W),51.0,1.0
2005-02-01,2007-01-31,0.5238116627604583,0.1723243033482459,-0.8444235303817437,False,,,99,0.5050505050505051,0.5811078131916025,12.74357034649537,martingale,Brent (BRENT_W),50.0,1.0
2005-03-01,2007-02-28,0.5349327231423009,0.18103269898196492,-0.8314888846137634,False,,,96,0.5,0.6007599707633687,12.74357034649537,martingale,Brent (BRENT_W),48.0,1.0
2005-04-01,2007-03-30,0.5415103880879422,0.18859999809544925,-0.8113669911279981,False,,,92,0.4891304347826087,0.228091813567591,12.743570346495366,martingale,Brent (BRENT_W),45.0,1.0
2005-05-03,2007-05-02,0.9544634512057821,0.4848027390812957,-0.5942495132673988,False,,,87,0.5172413793103449,0.625077685498879,12.743570346495375,martingale,Brent (BRENT_W),45.0,1.0
2005-06-01,2007-05-31,0.9425627881115752,0.48323884778681014,-0.5908010985162974,False,,,89,0.5056179775280899,0.6626153320647421,12.743570346495368,martingale,Brent (BRENT_W),45.0,1.0
2005-07-01,2007-06-29,0.9476262262265022,0.4708473041437006,-0.5855295383238155,False,,,88,0.5,0.6647549652585887,12.743570346495368,martingale,Brent (BRENT_W),44.0,1.0
2005-08-01,2007-07-31,0.9491182113766223,0.46578802798707136,-0.5811834636788451,False,,,85,0.5176470588235295,0.6543582561138354,12.74357034649537,martingale,Brent (BRENT_W),44.0,1.0
2005-09-01,2007-08-31,0.9152475170861586,0.4577916240594983,-0.5679358737644761,False,,,84,0.5,0.6916516712237838,12.743570346495366,martingale,Brent (BRENT_W),42.0,1.0
2005-10-03,2007-10-02,0.982208075559753,0.46573798600919725,-0.5785187995374679,False,,,83,0.5301204819277109,0.7813692360677404,12.74357034649537,martingale,Brent (BRENT_W),44.0,1.0
2005-11-01,2007-10-31,1.064875158595265,0.42982816618656716,-0.5980129101046445,False,,,86,0.5348837209302325,0.7636252499490863,12.743570346495371,martingale,Brent (BRENT_W),46.0,1.0
2005-12-01,2007-11-30,1.0271266950592242,0.41635101976738714,-0.6050069956946046,False,,,84,0.5357142857142857,0.785003910016989,12.743570346495368,martingale,Brent (BRENT_W),45.0,1.0
2006-01-03,2008-01-02,0.6964215173227332,0.4190069548593392,-0.5982373053787562,False,,,85,0.5294117647058824,0.7574480614044625,12.743570346495366,martingale,Brent (BRENT_W),45.0,1.0
2006-02-01,2008-01-31,0.6487014543060176,0.4084797578223644,-0.5957653199848099,False,,,88,0.5,0.7952062940064109,12.743570346495368,martingale,Brent (BRENT_W),44.0,1.0
2006-03-01,2008-02-29,1.2884710857277033,0.9575401441079459,-0.3842104166151842,False,,,85,0.5529411764705883,1.2323065464652696,9.908720313115305,martingale,Brent (BRENT_W),47.0,1.0
2006-04-03,2008-04-02,1.3332923440872624,0.9345325699412834,-0.37741612587786566,False,,,90,0.5555555555555556,1.2835394290444915,9.631810553856033,martingale,Brent (BRENT_W),50.0,1.0
2006-05-01,2008-04-30,1.2922842385740294,0.8872549571827015,-0.3669440324933606,False,,,89,0.550561797752809,1.2175377860521204,9.215703504614531,martingale,Brent (BRENT_W),49.0,1.0
2006-06-01,2008-05-30,1.3541540682010242,0.8704978060735294,-0.3865485018457956,False,,,91,0.5714285714285714,1.2391639543678405,10.005311968792137,martingale,Brent (BRENT_W),52.0,1.0
2006-07-03,2008-07-02,1.486278280922665,0.8638579304881323,-0.37835077306483134,False,,,96,0.5833333333333334,1.2386118913564241,9.669573832722463,martingale,Brent (BRENT_W),56.0,1.0
2006-08-01,2008-07-31,1.5426408298740695,0.8543745473047138,-0.377597966400921,False,,,100,0.59,1.2326858357737376,9.639149444424618,martingale,Brent (BRENT_W),59.0,1.0
2006-09-01,2008-08-29,1.5743766243458028,0.7846466618745646,-0.41811660379048765,False,,,99,0.5959595959595959,1.2239789445508984,11.378792610627082,martingale,Brent (BRENT_W),59.0,1.0
2006-10-02,2008-10-01,1.7872963304733525,0.7407607590142025,-0.45322698709237064,False,,,107,0.5887850467289719,1.2509913002622994,12.360020138674777,martingale,Brent (BRENT_W),63.0,1.0
2006-11-01,2008-10-31,1.9031314869232563,0.7104673377056389,-0.46405445437714676,False,,,114,0.6052631578947368,1.268139139232914,12.360020138674773,martingale,Brent (BRENT_W),69.0,1.0
2006-12-01,2008-11-28,1.9483186746738208,0.7065017338144193,-0.4576229282976486,False,,,121,0.628099173553719,1.3026025078769132,12.360020138674772,martingale,Brent (BRENT_W),76.0,1.0
2007-01-02,2008-12-31,2.0570234925980544,0.6975147820487335,-0.46873207958147556,False,,,134,0.6343283582089553,0.7630145343999255,12.360020138674773,martingale,Brent (BRENT_W),85.0,1.0
2007-02-01,2009-01-30,1.121725842197001,0.7013455021460873,-0.5126743756204422,False,,,140,0.6214285714285714,0.8919533677181469,12.360020138674775,martingale,Brent (BRENT_W),88.0,0.9886363636363636
2007-03-01,2009-02-27,1.0771946887295845,0.6837885716914743,-0.5083081735196162,False,,,147,0.6122448979591837,0.9247668850636879,12.360020138674779,martingale,Brent (BRENT_W),91.0,0.989010989010989
2007-04-02,2009-04-01,1.1001654576007338,0.6583758710068115,-0.5048536099227461,False,,,155,0.6,0.9393654645352676,12.360020138674772,martingale,Brent (BRENT_W),94.0,0.9893617021276596
2007-05-01,2009-04-30,1.1062288898803965,0.6228956010495627,-0.5122574737752783,False,,,154,0.5974025974025974,1.0321272935037642,12.360020138674773,martingale,Brent (BRENT_W),93.0,0.989247311827957
2007-06-01,2009-05-29,1.1409611073148869,0.6339700792073942,-0.5083620197164788,False,,,157,0.6114649681528662,1.1276414193026196,12.360020138674775,martingale,Brent (BRENT_W),97.0,0.9896907216494846
2007-07-02,2009-07-01,1.1030399893379774,0.6072395878009803,-0.5074320272984796,False,,,159,0.6037735849056604,1.176745221002785,12.360020138674777,martingale,Brent (BRENT_W),97.0,0.9896907216494846
2007-08-01,2009-07-31,1.121074099512227,0.6009143829340567,-0.5056053165779297,False,,,166,0.5903614457831325,1.2827292931811238,12.360020138674777,martingale,Brent (BRENT_W),99.0,0.98989898989899
2007-09-03,2009-09-02,1.141104999139897,0.5786837924596803,-0.5128373578873522,False,,,165,0.593939393939394,1.3703347041429739,12.360020138674773,martingale,Brent (BRENT_W),99.0,0.98989898989899
2007-10-01,2009-09-30,1.11386996883087,0.5782632070299625,-0.5070175548442033,False,,,169,0.591715976331361,1.2957684931043654,12.360020138674777,martingale,Brent (BRENT_W),101.0,0.9900990099009901
2007-11-01,2009-10-30,1.044857674236974,0.5695277494428596,-0.49434484412850477,False,,,170,0.5882352941176471,1.4579266013087326,12.360020138674773,martingale,Brent (BRENT_W),101.0,0.9900990099009901
2007-12-03,2009-12-02,1.228015937427224,0.8844616457600881,-0.4611433967916012,False,,,167,0.5868263473053892,1.8137033271938474,9.028439584691778,martingale,Brent (BRENT_W),99.0,0.98989898989899
2008-01-02,2009-12-31,1.1978160178014186,0.9160769589353412,-0.4533206335947455,False,,,166,0.5903614457831325,1.8092838013054633,9.028439584691778,martingale,Brent (BRENT_W),99.0,0.98989898989899
2008-02-01,2010-01-29,1.0353204321273515,0.9451377265236964,-0.4898045918202343,False,,,164,0.5792682926829268,1.004184670089011,9.02843958469178,martingale,Brent (BRENT_W),96.0,0.9895833333333334
2008-03-03,2010-03-02,0.7569913888620486,0.6414142068546764,-0.6263684715873249,False,,,165,0.5696969696969697,0.9820554825637519,10.24423237550883,martingale,Brent (BRENT_W),95.0,0.9894736842105263
2008-04-01,2010-03-31,0.8132562877942059,0.6279077162582662,-0.6284323209884184,False,,,164,0.573170731707317,0.9894106022153434,10.244232375508828,martingale,Brent (BRENT_W),95.0,0.9894736842105263
2008-05-01,2010-04-30,0.778600447370664,0.5930027858292038,-0.622016024353015,False,,,160,0.56875,0.9262706071056761,10.048286483292584,martingale,Brent (BRENT_W),92.0,0.9891304347826086
2008-06-02,2010-06-01,0.8073796287486095,0.5850262452868189,-0.5940709471093131,False,,,164,0.573170731707317,0.889768351052258,9.028439584691778,martingale,Brent (BRENT_W),95.0,0.9894736842105263
2008-07-01,2010-06-30,0.701919934226459,0.5582676492661363,-0.5833553564305632,False,,,160,0.5625,0.8578364481899631,9.02843958469178,martingale,Brent (BRENT_W),91.0,0.989010989010989
2008-08-01,2010-07-30,0.3508381943840362,0.2723315896251033,-0.7924940553185806,False,,,156,0.5448717948717948,0.7536550574235511,11.67259952491131,martingale,Brent (BRENT_W),86.0,0.9883720930232558
2008-09-01,2010-08-31,0.376101718144793,0.23534476943947052,-0.8181666433358948,False,,,156,0.532051282051282,0.8058149146878198,11.672599524911307,martingale,Brent (BRENT_W),84.0,0.9880952380952381
2008-10-01,2010-09-30,0.2714103298071304,0.1794931987777052,-0.8557629925440153,False,,,148,0.5202702702702703,0.7620280191139908,11.672599524911314,martingale,Brent (BRENT_W),78.0,0.9871794871794872
2008-11-03,2010-11-02,0.35039689288779635,0.35039689288779635,-0.7087948130645162,True,2009-01-12,48.0,28,0.6071428571428571,0.35039689288779635,11.946933158910582,martingale,Brent (BRENT_W),17.0,1.0
2008-12-01,2010-11-30,0.3460369473922555,0.3460369473922555,-0.6917427504726363,True,2009-01-07,25.0,15,0.6,0.3460369473922555,8.696222430207872,martingale,Brent (BRENT_W),9.0,1.0
2009-01-02,2010-12-31,0.5042060210076015,0.2824847730948769,-0.8055764655352715,False,,,117,0.4700854700854701,1.4308368336200439,11.67259952491131,martingale,Brent (BRENT_W),55.0,1.0
2009-02-02,2011-02-01,0.5463562258866181,0.2752128610446036,-0.8184570285007315,False,,,112,0.49107142857142855,1.0334060332256079,11.672599524911309,martingale,Brent (BRENT_W),55.0,1.0
2009-03-02,2011-03-01,0.5200197252111252,0.23877304704225866,-0.8390725650739209,False,,,106,0.5,0.6123907156836332,11.672599524911309,martingale,Brent (BRENT_W),53.0,1.0
2009-04-01,2011-03-31,0.5396384829762711,0.23019990751939207,-0.8309405500797664,False,,,97,0.5051546391752577,0.6625353249768947,11.672599524911313,martingale,Brent (BRENT_W),49.0,1.0
2009-05-01,2011-04-29,0.6241666616887296,0.22347699381253044,-0.828272201880312,False,,,97,0.5154639175257731,0.7027069442671681,11.672599524911309,martingale,Brent (BRENT_W),50.0,1.0
2009-06-01,2011-05-31,0.5629685962877967,0.22682869711178796,-0.8093837444619694,False,,,95,0.49473684210526314,0.7708137458797486,11.672599524911309,martingale,Brent (BRENT_W),47.0,1.0
2009-07-01,2011-06-30,0.22115218054192046,0.21829051721913412,-0.8129173162106726,False,,,95,0.47368421052631576,0.6631634727241533,11.67259952491131,martingale,Brent (BRENT_W),45.0,1.0
2009-08-03,2011-08-02,0.17227471362604438,0.14603780016115578,-0.8679606906386216,False,,,87,0.47126436781609193,0.25255222888716466,11.67259952491131,martingale,Brent (BRENT_W),41.0,1.0
2009-09-01,2011-08-31,0.11783543510080788,0.11783543510080788,-0.8936708135211149,False,,,89,0.48314606741573035,0.32167330696561164,11.967701501932046,martingale,Brent (BRENT_W),43.0,1.0
2009-10-01,2011-09-30,0.064977924626636,0.04374153379999426,-0.9589070646907732,False,,,86,0.46511627906976744,0.24678094261523398,11.967701501932046,martingale,Brent (BRENT_W),40.0,1.0
2009-11-02,2011-11-01,0.021621431778227,0.019508638182562026,-0.9811546492149584,False,,,88,0.4431818181818182,0.2724303450235279,11.967701501932044,martingale,Brent (BRENT_W),39.0,1.0
2009-12-01,2011-11-30,0.013385592807690996,0.013262997985133146,-0.9869439866901135,False,,,85,0.43529411764705883,0.2681740191664782,11.96770150193205,martingale,Brent (BRENT_W),37.0,1.0
2010-01-04,2012-01-03,0.03099450607613103,0.024214453841084095,-0.9789045766142421,False,,,84,0.44047619047619047,0.727878071272453,11.944497027140114,martingale,Brent (BRENT_W),38.0,0.9736842105263158
2010-02-01,2012-01-31,0.025104650003904404,0.02114404064660829,-0.9821881720701847,False,,,81,0.4567901234567901,0.7426198535797057,11.944497027140113,martingale,Brent (BRENT_W),38.0,0.9736842105263158
2010-03-01,2012-02-29,0.04186908868753572,0.0215706876399195,-0.9814058767983755,False,,,78,0.48717948717948717,0.7723684839067186,11.94449702714011,martingale,Brent (BRENT_W),39.0,0.9743589743589743
2010-04-01,2012-03-30,0.041372554496853925,0.02253844930070915,-0.9795835662452982,False,,,77,0.4675324675324675,0.7999496561420282,11.94449702714011,martingale,Brent (BRENT_W),37.0,0.972972972972973
2010-05-03,2012-05-02,0.041848970996820105,0.02427038465890902,-0.9776787112572036,False,,,76,0.4605263157894737,0.8593360825402026,11.944497027140116,martingale,Brent (BRENT_W),36.0,0.9722222222222222
2010-06-01,2012-05-31,0.04826770046857213,0.013373447422213133,-0.9868202173570134,False,,,72,0.4444444444444444,0.7760245036417684,11.96770150193205,martingale,Brent (BRENT_W),33.0,0.9696969696969697
2010-07-01,2012-06-29,0.15340162969943627,0.047892223187626114,-0.9641299542227605,False,,,71,0.4788732394366197,1.040718901476306,11.944497027140109,martingale,Brent (BRENT_W),35.0,0.9714285714285714
2010-08-02,2012-08-01,0.1447485925389004,0.04986571364136267,-0.9613466740931201,False,,,70,0.4857142857142857,0.5190627534666027,12.231981374024913,martingale,Brent (BRENT_W),35.0,0.9714285714285714
2010-09-01,2012-08-31,0.20142407395329348,0.048853797657058246,-0.9629199283337028,False,,,68,0.5441176470588235,0.6368554805694826,12.231981374024912,martingale,Brent (BRENT_W),38.0,0.9736842105263158
2010-10-01,2012-09-28,0.1288748832338029,0.04912888567913528,-0.9611520256419025,False,,,68,0.5147058823529411,0.3327819990688068,12.231981374024908,martingale,Brent (BRENT_W),36.0,0.9722222222222222
2010-11-01,2012-10-31,0.1814914866855358,0.04836522056216001,-0.9613656187384572,False,,,68,0.5294117647058824,0.1580814296146081,12.280472239603341,martingale,Brent (BRENT_W),37.0,0.972972972972973
2010-12-01,2012-11-30,0.14752498657657692,0.04765828230977889,-0.960797638200073,False,,,66,0.5151515151515151,0.1315205996213111,12.280472239603332,martingale,Brent (BRENT_W),35.0,0.9714285714285714
2011-01-03,2013-01-02,0.15658251462392614,0.04743878378615953,-0.9596421657953615,False,,,66,0.5,0.04898435390414417,12.23198137402491,martingale,Brent (BRENT_W),34.0,0.9705882352941176
2011-02-01,2013-01-31,0.18274111947518673,0.04897846208139558,-0.9569875583382041,False,,,64,0.5,0.054915632900846924,12.231981374024913,martingale,Brent (BRENT_W),33.0,0.9696969696969697
2011-03-01,2013-02-28,0.1840292588193622,0.053025096163877995,-0.9510552527508875,False,,,63,0.47619047619047616,0.10364829822169973,12.231981374024913,martingale,Brent (BRENT_W),31.0,0.967741935483871
2011-04-01,2013-03-28,0.1880577244447546,0.0521094267318769,-0.9506573281092404,False,,,61,0.47540983606557374,0.1151229229421714,12.231981374024908,martingale,Brent (BRENT_W),30.0,0.9666666666666667
2011-05-02,2013-05-01,0.22622825390610415,0.05560269399234252,-0.9459634636135332,False,,,64,0.46875,0.10490108890787728,12.231981374024912,martingale,Brent (BRENT_W),31.0,0.967741935483871
2011-06-01,2013-05-31,0.32100806540337873,0.08670606517214337,-0.9133055507522055,False,,,61,0.47540983606557374,0.1953319461528056,12.231981374024908,martingale,Brent (BRENT_W),30.0,0.9666666666666667
2011-07-01,2013-06-28,0.3598070441359292,0.1787961673590774,-0.8293405932223121,False,,,60,0.48333333333333334,0.3271833919898235,11.525209272628215,martingale,Brent (BRENT_W),30.0,0.9666666666666667
2011-08-01,2013-07-31,0.306316261749803,0.17542443163400373,-0.8274182506173944,False,,,60,0.4666666666666667,0.2811397874369876,11.52520927262821,martingale,Brent (BRENT_W),29.0,0.9655172413793104
2011-09-01,2013-08-30,0.46762566355690155,0.2883440591031757,-0.7196406821809875,False,,,58,0.5,0.4766546046154596,11.525209272628214,martingale,Brent (BRENT_W),30.0,0.9666666666666667
2011-10-03,2013-10-02,0.4238940369116039,0.2701706276273844,-0.7326857943363809,False,,,54,0.5,0.43171796679039715,11.52520927262822,martingale,Brent (BRENT_W),28.0,0.9642857142857143
2011-11-01,2013-10-31,1.341188993478532,0.895445670484588,-0.2087337541815043,False,,,51,0.5490196078431373,1.2412478052051943,7.932774616869287,martingale,Brent (BRENT_W),28.0,1.0
2011-12-01,2013-11-29,1.0364286012376849,0.9913736848886632,-0.24280295725124978,False,,,52,0.5384615384615384,1.218155508656293,8.767926283748851,martingale,Brent (BRENT_W),28.0,1.0
2012-01-03,2014-01-02,0.839020601883026,0.839020601883026,-0.36991296410820085,False,,,49,0.5306122448979592,1.2173246496731407,10.340423075741782,martingale,Brent (BRENT_W),26.0,1.0
2012-02-01,2014-01-31,0.7747442508486009,0.6698056199282251,-0.49176672642962893,False,,,50,0.5,1.2223639455892055,10.536064053784106,martingale,Brent (BRENT_W),25.0,1.0
2012-03-01,2014-02-28,0.446989771909664,0.446989771909664,-0.640220951248226,False,,,46,0.4782608695652174,1.1620184254596695,12.821974136838353,martingale,Brent (BRENT_W),22.0,1.0
2012-04-02,2014-04-01,0.37099912965202986,0.3593395069794888,-0.7109325842927912,False,,,47,0.46808510638297873,1.1796240218402456,12.821974136838353,martingale,Brent (BRENT_W),23.0,0.9565217391304348
2012-05-01,2014-04-30,0.33331911772061956,0.33331911772061956,-0.7347277404489438,False,,,47,0.46808510638297873,1.2110470761202037,12.821974136838358,martingale,Brent (BRENT_W),23.0,0.9565217391304348
2012-06-01,2014-05-30,0.30666367287653085,0.27275797598953255,-0.7788441019744169,False,,,43,0.4186046511627907,1.2043801848629119,12.821974136838355,martingale,Brent (BRENT_W),19.0,0.9473684210526315
2012-07-02,2014-07-01,0.32852938097835094,0.26545495334547686,-0.7816447672804486,False,,,42,0.42857142857142855,1.135721977065883,12.821974136838346,martingale,Brent (BRENT_W),19.0,0.9473684210526315
2012-08-01,2014-07-31,0.3329205984036274,0.2675734263857842,-0.7747284622215067,False,,,39,0.41025641025641024,1.157518639729935,12.821974136838357,martingale,Brent (BRENT_W),17.0,0.9411764705882353
2012-09-03,2014-09-02,0.34651889729474017,0.26242700739481534,-0.7683620712617459,False,,,38,0.39473684210526316,1.1248203941343726,12.821974136838355,martingale,Brent (BRENT_W),16.0,0.9375
2012-10-01,2014-09-30,0.36923464514865056,0.2611705044662004,-0.7709804534235053,False,,,38,0.4473684210526316,1.1027677995061616,12.821974136838342,martingale,Brent (BRENT_W),18.0,0.9444444444444444
2012-11-01,2014-10-31,0.39700049042820457,0.2448546514406357,-0.7785571025521572,False,,,38,0.47368421052631576,1.064332001641255,12.821974136838346,martingale,Brent (BRENT_W),19.0,0.9473684210526315
2012-12-03,2014-12-02,0.4773637578591445,0.2523616802925472,-0.7738846281342284,False,,,45,0.5333333333333333,0.8509881479036426,12.821974136838346,martingale,Brent (BRENT_W),25.0,0.96
2013-01-02,2014-12-31,0.5199578615547706,0.2441147241094083,-0.7749387224226936,False,,,49,0.5918367346938775,0.8989506980014894,12.821974136838351,martingale,Brent (BRENT_W),30.0,0.9666666666666667
2013-02-01,2015-01-30,0.5224326132720503,0.24590536683774172,-0.770756513528819,False,,,53,0.5849056603773585,0.5269257904211789,12.821974136838366,martingale,Brent (BRENT_W),32.0,0.96875
2013-03-01,2015-02-27,0.5627308209636599,0.2357755896006973,-0.7775659565077284,False,,,56,0.6071428571428571,0.3704112132264277,12.821974136838358,martingale,Brent (BRENT_W),35.0,0.9714285714285714
2013-04-01,2015-03-31,0.5745042329768925,0.23806910534158002,-0.7757318862368092,False,,,62,0.5806451612903226,0.27667723883194045,12.821974136838348,martingale,Brent (BRENT_W),37.0,0.972972972972973
2013-05-01,2015-04-30,0.5835362797143817,0.19828119821498924,-0.8042501355280884,False,,,60,0.5666666666666667,0.22542927261769719,12.821974136838358,martingale,Brent (BRENT_W),35.0,0.9714285714285714
2013-06-03,2015-06-02,0.5346652813590846,0.21621182826434934,-0.789715552226766,False,,,60,0.5666666666666667,0.25523549470077156,12.82197413683836,martingale,Brent (BRENT_W),35.0,0.9714285714285714
2013-07-01,2015-06-30,0.5963545594322522,0.2251977556931035,-0.7856330003046692,False,,,59,0.6101694915254238,0.2901399440655283,12.821974136838353,martingale,Brent (BRENT_W),37.0,0.972972972972973
2013-08-01,2015-07-31,0.6084119385854081,0.2232727137063815,-0.7811526096846971,False,,,62,0.6129032258064516,0.2678097356186862,12.821974136838346,martingale,Brent (BRENT_W),39.0,0.9743589743589743
2013-09-02,2015-09-01,0.5155127239998576,0.23150761226378055,-0.7701376731305531,False,,,70,0.6,0.28811189621176597,12.504379773422448,martingale,Brent (BRENT_W),43.0,0.9767441860465116
2013-10-01,2015-09-30,0.2314006117180108,0.22526056821672144,-0.7761542754089538,False,,,73,0.589041095890411,0.3228270698077332,12.406041852263666,martingale,Brent (BRENT_W),45.0,0.9555555555555556
2013-11-01,2015-10-30,0.4346153551314841,0.39219287760290744,-0.612021301559039,False,,,76,0.5789473684210527,0.7417520853927588,12.406041852263666,martingale,Brent (BRENT_W),45.0,0.9777777777777777
2013-12-02,2015-12-01,0.6632703728569707,0.5904095225648107,-0.5296953271147439,False,,,81,0.5925925925925926,1.0489146141285353,11.31025411383342,martingale,Brent (BRENT_W),49.0,0.9795918367346939
2014-01-02,2015-12-31,0.7236545850506737,0.6372354104224202,-0.5242899881035319,False,,,85,0.6235294117647059,1.188042583586529,9.028439584691776,martingale,Brent (BRENT_W),54.0,0.9814814814814815
2014-02-03,2016-02-02,0.7570713691297632,0.6364569145386306,-0.5272425892993468,False,,,98,0.6224489795918368,1.2319301645185872,9.02843958469178,martingale,Brent (BRENT_W),62.0,0.9838709677419355
2014-03-03,2016-03-02,0.8139626444536014,0.673801949756452,-0.5099412896194035,False,,,112,0.625,1.2763425539140885,9.028439584691778,martingale,Brent (BRENT_W),71.0,0.9859154929577465
2014-04-01,2016-03-31,0.805752874125843,0.6521927669022483,-0.5226382178783933,False,,,117,0.6239316239316239,1.279115062913387,9.028439584691778,martingale,Brent (BRENT_W),74.0,0.9864864864864865
2014-05-01,2016-04-29,0.8457914167587615,0.6666859352007861,-0.5158482929573031,False,,,122,0.639344262295082,1.3082637970083144,9.028439584691778,martingale,Brent (BRENT_W),79.0,0.9873417721518988
2014-06-02,2016-06-01,0.8448065312537546,0.6578883442065597,-0.5153255121970881,False,,,126,0.6349206349206349,1.2866511502370537,9.028439584691778,martingale,Brent (BRENT_W),81.0,0.9876543209876543
2014-07-01,2016-06-30,0.8141742903052382,0.6511563576814504,-0.5101649884570849,False,,,132,0.6212121212121212,1.2470130828762316,9.02843958469178,martingale,Brent (BRENT_W),83.0,0.9879518072289156
2014-08-01,2016-07-29,0.8628108925137783,0.6376377247809351,-0.5240138517428978,False,,,138,0.6231884057971014,1.3036783054932481,9.02843958469178,martingale,Brent (BRENT_W),87.0,0.9885057471264368
2014-09-01,2016-08-31,0.8504162491469462,0.6252293733547525,-0.5316966383342699,False,,,144,0.6041666666666666,1.335094779441354,9.02843958469178,martingale,Brent (BRENT_W),88.0,0.9886363636363636
2014-10-01,2016-09-30,0.8562392411336495,0.5834605711311343,-0.5588440285199163,False,,,146,0.589041095890411,0.637853755157589,9.028439584691778,martingale,Brent (BRENT_W),87.0,0.9885057471264368
2014-11-03,2016-11-02,0.8558232392892524,0.5335259885780834,-0.5949897969717497,False,,,148,0.581081081081081,0.5913680045861724,9.239188927336537,martingale,Brent (BRENT_W),87.0,0.9885057471264368
2014-12-01,2016-11-30,0.8462662045522124,0.46404768990430856,-0.6407599135356152,False,,,146,0.5684931506849316,0.5464550582937003,10.8059082658678,martingale,Brent (BRENT_W),84.0,0.9880952380952381
2015-01-02,2016-12-30,0.9180576942888198,0.3857566959680274,-0.6939636034795428,False,,,142,0.5563380281690141,0.548772115621973,10.8059082658678,martingale,Brent (BRENT_W),80.0,0.9875
2015-02-02,2017-02-01,0.9232630144288813,0.3564077149964005,-0.710183382372649,False,,,138,0.5507246376811594,0.578683298726448,10.8059082658678,martingale,Brent (BRENT_W),77.0,0.987012987012987
2015-03-02,2017-03-01,0.8792525910609236,0.3407989916597032,-0.7080663865519583,False,,,132,0.553030303030303,0.5973462727230741,10.805908265867798,martingale,Brent (BRENT_W),74.0,0.9864864864864865
2015-04-01,2017-03-31,0.9033243951197629,0.32284938145898634,-0.7230955262180989,False,,,132,0.5681818181818182,0.6354017036731724,10.8059082658678,martingale,Brent (BRENT_W),76.0,0.9868421052631579
2015-05-01,2017-04-28,0.7163770738766158,0.3368733677193898,-0.6998066943094019,False,,,132,0.553030303030303,0.6385782828041965,10.8059082658678,martingale,Brent (BRENT_W),74.0,0.9864864864864865
2015-06-01,2017-05-31,0.7807897409258213,0.340361669811258,-0.7027648730227667,False,,,137,0.5474452554744526,0.6816722729385134,10.8059082658678,martingale,Brent (BRENT_W),76.0,0.9868421052631579
2015-07-01,2017-06-30,0.837489332993079,0.3064785226140506,-0.7237870297758764,False,,,137,0.5401459854014599,0.68714599785093,10.805908265867801,martingale,Brent (BRENT_W),75.0,0.9866666666666667
2015-08-03,2017-08-02,0.8851757024013387,0.21582542374692,-0.7953958228715935,False,,,137,0.5255474452554745,0.6935238214838592,11.153846910966235,martingale,Brent (BRENT_W),73.0,0.9863013698630136
2015-09-01,2017-08-31,1.6294337336150502,0.8902513129009094,-0.20703396666851803,False,,,133,0.518796992481203,1.4798155846269687,5.070910510836545,martingale,Brent (BRENT_W),69.0,1.0
2015-10-01,2017-09-29,1.6993819794135263,0.8845540560674312,-0.2121816654984734,False,,,133,0.5338345864661654,1.4556498158606932,5.230951560026438,martingale,Brent (BRENT_W),71.0,1.0
2015-11-02,2017-11-01,1.7556150345040746,0.9842485026178805,-0.2094605943803297,False,,,131,0.5572519083969466,1.5354798408732373,5.14609425906284,martingale,Brent (BRENT_W),73.0,1.0
2015-12-01,2017-11-30,1.8122427812900377,0.999825,-0.23475424366649678,False,,,128,0.5546875,1.5186703451535866,5.958150236985334,martingale,Brent (BRENT_W),71.0,1.0
2016-01-04,2018-01-03,1.9614865932900487,0.9295415034879653,-0.2740405293663388,False,,,125,0.544,1.644448788232088,7.331643689525812,martingale,Brent (BRENT_W),68.0,1.0
2016-02-01,2018-01-31,2.0084049390847274,0.99947113344658,-0.3131995010683525,False,,,115,0.5478260869565217,1.6361031966130095,8.857055939312017,martingale,Brent (BRENT_W),63.0,1.0
2016-03-01,2018-02-28,1.8826385352941746,0.9615761988383082,-0.3192621269082402,False,,,104,0.5384615384615384,1.5150436921452561,9.108910128392306,martingale,Brent (BRENT_W),56.0,1.0
2016-04-01,2018-03-29,1.8324345415839247,0.9116227757383761,-0.3274597255472741,False,,,98,0.5408163265306123,1.4995367653231466,9.456676327646841,martingale,Brent (BRENT_W),53.0,1.0
2016-05-02,2018-05-01,1.6802312834226087,0.876309905688842,-0.2999396684817809,False,,,95,0.5368421052631579,1.1258596917620067,8.321418534004318,martingale,Brent (BRENT_W),51.0,1.0
2016-06-01,2018-05-31,1.6518432814917552,0.8462256325644832,-0.2936254884820979,False,,,94,0.5319148936170213,1.1918056049449406,8.073422122304166,martingale,Brent (BRENT_W),50.0,1.0
2016-07-01,2018-06-29,1.5477034823491018,0.8904556962664456,-0.30002349825708985,False,,,92,0.5217391304347826,1.2542577493852445,8.32474113583376,martingale,Brent (BRENT_W),48.0,1.0
2016-08-01,2018-07-31,1.619049515009537,0.7710580521719419,-0.37687113158357044,False,,,86,0.5,1.1949963538813193,11.15384691096623,martingale,Brent (BRENT_W),43.0,1.0
2016-09-01,2018-08-31,1.652201313145024,0.7899384989535847,-0.35316182356845516,False,,,85,0.5294117647058824,1.2438958195775065,10.604178622449835,martingale,Brent (BRENT_W),45.0,1.0
2016-10-03,2018-10-02,1.5837075146216424,0.7593184492559405,-0.340863147622925,False,,,79,0.5443037974683544,1.2197560636626417,10.043923225539201,martingale,Brent (BRENT_W),43.0,1.0
2016-11-01,2018-10-31,1.5678170604792037,0.7292147710326033,-0.3689424107289214,False,,,79,0.5316455696202531,1.2347688174831775,11.153846910966235,martingale,Brent (BRENT_W),42.0,1.0
2016-12-01,2018-11-30,1.594386475525287,0.7009430292598948,-0.35603139219035584,False,,,77,0.5584415584415584,1.2243904341341945,10.737978341605878,martingale,Brent (BRENT_W),43.0,1.0
2017-01-03,2019-01-02,1.6150158227998181,0.6670333059569267,-0.3619974170059196,False,,,84,0.5476190476190477,1.1979474957489362,11.020009343126885,martingale,Brent (BRENT_W),46.0,1.0
2017-02-01,2019-01-31,1.0769840006682765,0.6589326065398171,-0.4580236845048691,False,,,86,0.5232558139534884,1.233727345432207,11.085232424803653,martingale,Brent (BRENT_W),45.0,1.0
2017-03-01,2019-02-28,1.3872400372063636,0.6565439635129964,-0.4597485443598558,False,,,87,0.5402298850574713,1.2450760906439795,11.153846910966232,martingale,Brent (BRENT_W),47.0,1.0
2017-04-03,2019-04-02,1.3781161331624083,0.6355317428654262,-0.4748647304118889,False,,,85,0.5411764705882353,1.273654137414293,11.153846910966232,martingale,Brent (BRENT_W),46.0,1.0
2017-05-01,2019-04-30,1.417734347474761,0.6389754294308532,-0.48036677370447656,False,,,85,0.5647058823529412,1.340750823451016,11.153846910966234,martingale,Brent (BRENT_W),48.0,1.0
2017-06-01,2019-05-31,1.4932865066766803,0.8822908136558022,-0.4814311947123705,False,,,83,0.5783132530120482,1.408021549081713,11.085232424803653,martingale,Brent (BRENT_W),48.0,1.0
2017-07-03,2019-07-02,1.4835393163298622,0.8749672878772232,-0.4861699169934224,False,,,80,0.5875,1.4101857166610299,11.085232424803653,martingale,Brent (BRENT_W),47.0,1.0
2017-08-01,2019-07-31,1.2749370871050072,0.8447479687102623,-0.4846080600158803,False,,,74,0.5945945945945946,1.3439126846705622,11.085232424803655,martingale,Brent (BRENT_W),44.0,1.0
2017-09-01,2019-08-30,1.4056571076959692,0.8325544086668085,-0.4824534045638551,False,,,78,0.5769230769230769,1.3527201048072752,11.085232424803658,martingale,Brent (BRENT_W),45.0,1.0
2017-10-02,2019-10-01,1.2592336149001722,0.798649597382665,-0.4777927059762751,False,,,82,0.5609756097560976,1.3367732883180306,11.085232424803658,martingale,Brent (BRENT_W),46.0,1.0
2017-11-01,2019-10-31,0.7275447125580449,0.548552911724046,-0.6208165080895882,False,,,82,0.524390243902439,1.1684133388722031,12.378454135383818,martingale,Brent (BRENT_W),43.0,1.0
2017-12-01,2019-11-29,0.40571442151523535,0.3923732482009607,-0.714870079204881,False,,,84,0.4880952380952381,1.289849021664725,12.378454135383816,martingale,Brent (BRENT_W),42.0,0.9761904761904762
2018-01-02,2019-12-31,0.4504781463596461,0.3796081785272378,-0.7182940500110071,False,,,84,0.5,1.3171115737681027,12.378454135383816,martingale,Brent (BRENT_W),43.0,0.9767441860465116
2018-02-01,2020-01-31,0.4496598804599327,0.34755526112733726,-0.7330886560751525,False,,,87,0.4827586206896552,0.8565219097410623,12.37845413538382,martingale,Brent (BRENT_W),43.0,0.9767441860465116
2018-03-01,2020-02-28,0.44473668315149634,0.306434175155638,-0.7644572737896363,False,,,89,0.4943820224719101,1.0887982420636517,12.37845413538381,martingale,Brent (BRENT_W),45.0,0.9777777777777777
2018-04-02,2020-04-01,0.5579788716821212,0.317422494908271,-0.7499244871591643,False,,,103,0.5339805825242718,1.0779915611232618,12.378454135383816,martingale,Brent (BRENT_W),56.0,0.9821428571428571
2018-05-01,2020-04-30,0.5682770700645066,0.32813423322894353,-0.7309390386525243,False,,,115,0.5217391304347826,1.0986240347646923,12.378454135383823,martingale,Brent (BRENT_W),61.0,0.9836065573770492
2018-06-01,2020-05-29,0.5826605720101469,0.32460023945734257,-0.7266189785931093,False,,,123,0.5203252032520326,0.9934173802145264,12.37845413538382,martingale,Brent (BRENT_W),65.0,0.9846153846153847
2018-07-02,2020-07-01,0.625020411305961,0.32835243484702015,-0.7225906920076633,False,,,126,0.5476190476190477,1.075925738845217,12.37845413538382,martingale,Brent (BRENT_W),70.0,0.9857142857142858
2018-08-01,2020-07-31,0.10799868088867781,0.10799868088867781,-0.9077482961571718,True,2020-05-05,453.0,104,0.5288461538461539,0.8762879392791562,12.37845413538382,martingale,Brent (BRENT_W),56.0,0.9821428571428571
2018-09-03,2020-09-02,0.5907747932359929,0.30352282821019105,-0.7353036429380202,False,,,122,0.5573770491803278,1.0422795008471528,12.37845413538382,martingale,Brent (BRENT_W),69.0,0.9855072463768116
2018-10-01,2020-09-30,0.6225383625494434,0.3153173968334761,-0.7153110449006217,False,,,125,0.552,1.060023856317378,12.378454135383818,martingale,Brent (BRENT_W),70.0,0.9857142857142858
2018-11-01,2020-10-30,0.07542450920714384,0.07542450920714384,-0.9330789774650414,True,2020-05-05,387.0,96,0.53125,0.4453497199504813,12.378454135383812,martingale,Brent (BRENT_W),52.0,0.9807692307692307
2018-12-03,2020-12-02,0.0,0.0,-1.0,True,2020-05-05,365.0,91,0.5164835164835165,0.23289708906571638,12.378454135383816,martingale,Brent (BRENT_W),48.0,0.9791666666666666
2019-01-02,2020-12-31,0.0,0.0,-1.0,True,2020-05-05,345.0,82,0.5,0.29959495718157647,12.378454135383818,martingale,Brent (BRENT_W),42.0,0.9761904761904762
2019-02-01,2021-01-29,0.01832229286137594,0.01832229286137594,-0.9835476453379136,True,2020-05-05,323.0,77,0.5194805194805194,0.29509105488282245,12.378454135383818,martingale,Brent (BRENT_W),41.0,0.975609756097561
2019-03-01,2021-02-26,0.042103861642543546,0.042103861642543546,-0.9624016471325785,True,2020-05-05,303.0,77,0.5194805194805194,0.32711790484084236,12.378454135383814,martingale,Brent (BRENT_W),41.0,0.975609756097561
2019-04-01,2021-03-31,0.07505114515103212,0.07505114515103212,-0.9315273786827609,True,2020-05-05,282.0,75,0.5066666666666667,0.4812910296479807,12.378454135383816,martingale,Brent (BRENT_W),39.0,0.9743589743589743
2019-05-01,2021-04-30,0.06449903647723954,0.06449903647723954,-0.9375632480004391,True,2020-05-05,261.0,74,0.4864864864864865,0.5046651344015246,12.378454135383809,martingale,Brent (BRENT_W),37.0,0.972972972972973
2019-06-03,2021-06-02,0.0,0.0,-1.0,True,2020-05-05,238.0,71,0.49295774647887325,0.0,12.378454135383818,martingale,Brent (BRENT_W),36.0,0.9722222222222222
2019-07-01,2021-06-30,0.06632612294092015,0.06632612294092015,-0.9396226438297132,True,2020-05-05,218.0,69,0.5217391304347826,0.06632612294092015,12.378454135383816,martingale,Brent (BRENT_W),37.0,0.972972972972973
2019-08-01,2021-07-30,0.01486227955342229,0.01486227955342229,-0.9862826841598443,True,2020-05-05,195.0,64,0.53125,0.01486227955342229,12.378454135383818,martingale,Brent (BRENT_W),35.0,0.9714285714285714
2019-09-02,2021-09-01,0.0,0.0,-1.0,True,2020-05-05,173.0,59,0.5084745762711864,0.0,12.378454135383821,martingale,Brent (BRENT_W),31.0,0.967741935483871
2019-10-01,2021-09-30,1.7116272647041726,0.9422874970456343,-0.24301953927126607,False,,,127,0.5826771653543307,1.4301531859697096,6.591248015918631,martingale,Brent (BRENT_W),74.0,1.0
2019-11-01,2021-10-29,1.6933007601193135,0.9359120273760905,-0.23751357409138618,False,,,126,0.5952380952380952,1.4126886313080391,6.3649771162102216,martingale,Brent (BRENT_W),75.0,1.0
2019-12-02,2021-12-01,1.706937964373011,0.9241435232524945,-0.2393463112165013,False,,,129,0.5891472868217055,1.4361398960433482,6.439692033491438,martingale,Brent (BRENT_W),76.0,1.0
2020-01-02,2021-12-31,1.5409235103596683,0.9053150154011325,-0.22817890618871262,False,,,131,0.5725190839694656,1.3764425995373848,5.993467294080324,martingale,Brent (BRENT_W),75.0,1.0
2020-02-03,2022-02-02,1.7751870316345415,0.9416093095828569,-0.26066538068757317,False,,,129,0.5891472868217055,1.4553454316579522,7.354757047519622,martingale,Brent (BRENT_W),76.0,1.0
2020-03-02,2022-03-01,1.8505571812260029,0.9738165547753334,-0.27182522185737834,False,,,129,0.6046511627906976,1.4826285493310887,7.870223841310134,martingale,Brent (BRENT_W),78.0,1.0
2020-04-01,2022-03-31,0.0,0.0,-1.0,True,2020-05-05,23.0,15,0.4666666666666667,0.0,8.934818417039201,martingale,Brent (BRENT_W),7.0,1.0
2020-05-01,2022-04-29,2.6428645255434193,0.9164407260803287,-0.5136553298876423,False,,,120,0.5833333333333334,1.850368228148161,11.925784671198214,martingale,Brent (BRENT_W),70.0,1.0
2020-06-01,2022-05-31,2.2970178421855905,0.8707131279626132,-0.4363633621072627,False,,,114,0.5789473684210527,1.149522844407006,11.25092368139671,martingale,Brent (BRENT_W),66.0,1.0
2020-07-01,2022-06-30,2.165022950873365,0.8018298169125713,-0.4371160894174305,False,,,110,0.5545454545454546,1.3850687124330183,11.250923681396712,martingale,Brent (BRENT_W),61.0,1.0
2020-08-03,2022-08-02,2.254914627615625,0.7970032212269516,-0.42898036116296034,False,,,115,0.5478260869565217,1.185855965775169,11.250923681396715,martingale,Brent (BRENT_W),63.0,1.0
2020-09-01,2022-08-31,0.9321648507937028,0.7907287208001608,-0.6384003550350892,False,,,124,0.5161290322580645,1.1684484288777532,11.250923681396712,martingale,Brent (BRENT_W),64.0,1.0
2020-10-01,2022-09-30,1.1634856041010957,0.7119332667158299,-0.6562474478018984,False,,,124,0.5161290322580645,1.1637152836361928,11.250923681396715,martingale,Brent (BRENT_W),64.0,1.0
2020-11-02,2022-11-01,1.2442869254601592,0.6580246073888656,-0.6686675096664182,False,,,124,0.5241935483870968,1.1657521124585184,11.92578467119821,martingale,Brent (BRENT_W),65.0,1.0
2020-12-01,2022-11-30,1.2384066811499022,0.6652495538894426,-0.651571737794936,False,,,123,0.5203252032520326,0.7462751304979436,11.250923681396714,martingale,Brent (BRENT_W),64.0,1.0
2021-01-04,2023-01-03,1.318914340143378,0.6605408331024774,-0.6471704071676128,False,,,126,0.5158730158730159,1.1481005420614434,11.250923681396714,martingale,Brent (BRENT_W),65.0,1.0
2021-02-01,2023-01-31,1.2866271074777331,0.6575565411967785,-0.6389083296889277,False,,,126,0.5079365079365079,1.2119116842781952,11.25092368139671,martingale,Brent (BRENT_W),64.0,1.0
2021-03-01,2023-02-28,1.204078662572007,0.6483106296415753,-0.630093912601231,False,,,127,0.4881889763779528,1.2365940190164189,11.250923681396715,martingale,Brent (BRENT_W),62.0,1.0
2021-04-01,2023-03-31,1.1668189329072653,0.5990817715548132,-0.6347414941045415,False,,,125,0.488,1.3488264773241405,11.250923681396714,martingale,Brent (BRENT_W),61.0,1.0
2021-05-03,2023-05-02,1.0991141453359128,0.6329396563236671,-0.6256749830916664,False,,,127,0.48031496062992124,1.4549480377106807,11.250923681396714,martingale,Brent (BRENT_W),61.0,1.0
2021-06-01,2023-05-31,1.27967332204456,0.6251997941647592,-0.6223850994477826,False,,,128,0.484375,1.4940079738489074,11.250923681396712,martingale,Brent (BRENT_W),62.0,1.0
2021-07-01,2023-06-30,1.0264937446372298,0.4566122604241752,-0.6420459252361759,False,,,132,0.4621212121212121,1.2285257629319632,11.25092368139671,martingale,Brent (BRENT_W),61.0,1.0
2021-08-02,2023-08-01,1.3275498576496483,0.6403084564308686,-0.6154236933968247,False,,,133,0.48872180451127817,1.6145044554270616,9.317315698260154,martingale,Brent (BRENT_W),65.0,1.0
2021-09-01,2023-08-31,1.3322669261593318,0.6297454690869427,-0.6177728328707461,False,,,128,0.4921875,0.8819003967560018,9.317315698260156,martingale,Brent (BRENT_W),63.0,1.0
2021-10-01,2023-09-29,1.28610371558119,0.615747775544636,-0.6097184713416663,False,,,129,0.49612403100775193,0.8304673131696056,9.317315698260158,martingale,Brent (BRENT_W),64.0,1.0
2021-11-01,2023-10-31,1.242002756739444,0.5946843632034625,-0.606508861777161,False,,,130,0.4846153846153846,0.8607807883567559,9.317315698260156,martingale,Brent (BRENT_W),63.0,1.0
2021-12-01,2023-11-30,1.3621376061903767,0.5842460008737675,-0.6264112218205024,False,,,126,0.48412698412698413,0.8928154469967722,9.317315698260156,martingale,Brent (BRENT_W),61.0,1.0
2022-01-03,2024-01-02,1.339805909823683,0.5673114860703171,-0.6160773857412889,False,,,126,0.5,0.9420353185379176,9.317315698260158,martingale,Brent (BRENT_W),63.0,1.0
2022-02-01,2024-01-31,1.0780899195302753,0.5319905240943916,-0.609102569954064,False,,,124,0.47580645161290325,0.9259620902644606,9.317315698260154,martingale,Brent (BRENT_W),59.0,1.0
2022-03-01,2024-02-29,1.0922493461807123,0.5149471970258974,-0.5824130520122488,False,,,120,0.4583333333333333,0.8720866341639989,9.317315698260156,martingale,Brent (BRENT_W),55.0,1.0
1991-01-02,1992-12-31,1.5359146790049039,0.997264495563023,-0.18779222837182175,False,,,48,0.6041666666666666,1.2129780671379433,3.608843957155229,martingale,NatGas (GAS_US),29.0,1.0
1991-02-01,1993-01-29,1.5097783442408848,0.9232734791435452,-0.21536619655679834,False,,,46,0.5869565217391305,1.2026567967318544,4.204771518545277,martingale,NatGas (GAS_US),27.0,1.0
1991-03-01,1993-02-26,1.607111323095672,0.9218727084244196,-0.21729491984186977,False,,,48,0.6041666666666666,1.2067925222519562,4.247167377652791,martingale,NatGas (GAS_US),29.0,1.0
1991-04-01,1993-03-31,1.6717880876412496,0.9228535205903657,-0.21724156155886287,False,,,50,0.62,1.251431484873831,4.245993218738773,martingale,NatGas (GAS_US),31.0,1.0
1991-05-01,1993-04-30,1.7430914199927978,0.8954148477805677,-0.22863204282301997,False,,,54,0.6296296296296297,1.2766554512103176,4.498299815278074,martingale,NatGas (GAS_US),34.0,1.0
1991-06-03,1993-06-02,1.5977486708404802,0.802642802324248,-0.5674295352881428,False,,,58,0.5862068965517241,1.352791302346932,13.502925141513735,martingale,NatGas (GAS_US),34.0,1.0
1991-07-01,1993-06-30,1.549361768522988,0.8097755490729,-0.5830948769393709,False,,,59,0.576271186440678,1.3212713552313968,13.502925141513732,martingale,NatGas (GAS_US),34.0,1.0
1991-08-01,1993-07-30,0.37455508950929894,0.37455508950929894,-0.8060504216403479,True,1993-07-30,502.0,58,0.5862068965517241,1.4009033376520923,17.547910849040864,martingale,NatGas (GAS_US),34.0,1.0
1991-09-03,1993-09-02,0.3679294105391865,0.3679294105391865,-0.7954004841435309,True,1993-07-30,480.0,56,0.5714285714285714,1.2920180883254773,17.54791084904086,martingale,NatGas (GAS_US),32.0,1.0
1991-10-01,1993-09-30,0.3576522481740197,0.3576522481740197,-0.7943558526070787,True,1993-07-30,460.0,52,0.5769230769230769,1.3381644323745143,17.54791084904086,martingale,NatGas (GAS_US),30.0,1.0
1991-11-01,1993-10-29,0.3477162944290786,0.3477162944290786,-0.7977364357303401,True,1993-07-30,437.0,50,0.58,1.3571402969209982,17.54791084904086,martingale,NatGas (GAS_US),29.0,1.0
1991-12-02,1993-12-01,0.3193966862754385,0.3193966862754385,-0.8167613951073733,True,1993-07-30,417.0,49,0.5714285714285714,1.4087396701096049,17.54791084904086,martingale,NatGas (GAS_US),28.0,1.0
1992-01-02,1993-12-30,0.26788492906204814,0.26788492906204814,-0.8569478534366743,True,1993-07-30,396.0,51,0.5490196078431373,1.5042870228111107,17.547910849040864,martingale,NatGas (GAS_US),28.0,1.0
1992-02-03,1994-02-02,0.19487090628044923,0.19487090628044923,-0.8940797809595146,True,1993-07-30,374.0,45,0.5333333333333333,1.4171361972419265,17.54791084904086,martingale,NatGas (GAS_US),24.0,1.0
1992-03-02,1994-03-01,0.18324264165303106,0.18324264165303106,-0.9012280154929599,True,1993-07-30,355.0,44,0.5227272727272727,1.5264367331547515,17.54791084904086,martingale,NatGas (GAS_US),23.0,1.0
1992-04-01,1994-03-31,0.20188154969000938,0.20188154969000938,-0.8830507888018568,True,1993-07-30,333.0,42,0.5238095238095238,1.532190967235826,17.547910849040864,martingale,NatGas (GAS_US),22.0,1.0
1992-05-01,1994-04-29,0.2025977272701021,0.2025977272701021,-0.8777170285425451,True,1993-07-30,312.0,35,0.5714285714285714,1.4641927480678392,17.547910849040854,martingale,NatGas (GAS_US),20.0,1.0
1992-06-01,1994-05-31,0.2518223985197708,0.2518223985197708,-0.8348936042533401,True,1993-07-30,292.0,35,0.5428571428571428,1.2065536510498944,17.547910849040868,martingale,NatGas (GAS_US),19.0,1.0
1992-07-01,1994-06-30,0.22127912839559383,0.22127912839559383,-0.8561131310630048,True,1993-07-30,270.0,34,0.5294117647058824,0.9015643696568698,17.54791084904086,martingale,NatGas (GAS_US),18.0,1.0
1992-08-03,1994-08-02,0.25810641964195336,0.25810641964195336,-0.8211552086088121,True,1993-07-30,248.0,32,0.53125,0.25810641964195336,17.547910849040864,martingale,NatGas (GAS_US),17.0,1.0
1992-09-01,1994-08-31,0.25766207487197906,0.25766207487197906,-0.8127177670161619,True,1993-07-30,227.0,28,0.5357142857142857,0.25766207487197906,17.547910849040868,martingale,NatGas (GAS_US),15.0,1.0
1992-10-01,1994-09-30,0.263314642282688,0.263314642282688,-0.7978009232232356,True,1993-07-30,206.0,25,0.52,0.263314642282688,17.547910849040868,martingale,NatGas (GAS_US),13.0,1.0
1992-11-02,1994-11-01,0.22756672000551062,0.22756672000551062,-0.819746725541195,True,1993-07-30,184.0,22,0.5,0.22756672000551062,17.54791084904086,martingale,NatGas (GAS_US),11.0,1.0
1992-12-01,1994-11-30,0.16373109540976358,0.16373109540976358,-0.872430022054592,True,1993-07-30,165.0,20,0.5,0.16373109540976358,17.547910849040864,martingale,NatGas (GAS_US),10.0,1.0
1993-01-04,1995-01-03,0.13835137748792442,0.13835137748792442,-0.8910337020628918,True,1993-07-30,144.0,18,0.5,0.13835137748792442,17.547910849040864,martingale,NatGas (GAS_US),9.0,1.0
1993-02-01,1995-01-31,0.173213113697157,0.173213113697157,-0.8615167345120662,True,1993-07-30,124.0,17,0.5294117647058824,0.173213113697157,17.547910849040864,martingale,NatGas (GAS_US),9.0,1.0
1993-03-02,1995-03-01,0.19548525282763743,0.19548525282763743,-0.8341090955030959,True,1993-07-30,105.0,15,0.4666666666666667,0.19548525282763743,17.547910849040864,martingale,NatGas (GAS_US),7.0,1.0
1993-04-01,1995-03-31,0.20988326173695462,0.20988326173695462,-0.8120383437257679,True,1993-07-30,83.0,13,0.38461538461538464,0.20988326173695462,17.547910849040864,martingale,NatGas (GAS_US),5.0,1.0
1993-05-03,1995-05-02,0.06774568448190305,0.06774568448190305,-0.9334774093417068,True,1993-07-30,62.0,6,0.0,0.06774568448190305,17.54791084904086,martingale,NatGas (GAS_US),0.0,
1993-06-01,1995-05-31,0.9136843070456582,0.3072802086013745,-0.70349735967556,False,,,47,0.6170212765957447,0.6546984010769623,16.602506078336827,martingale,NatGas (GAS_US),29.0,1.0
1993-07-01,1995-06-30,0.7076728824471179,0.15345501121538535,-0.8469511016001052,False,,,49,0.5918367346938775,0.4027987133021706,16.602506078336837,martingale,NatGas (GAS_US),29.0,1.0
1993-08-02,1995-08-01,1.442686798446855,0.8110222215904037,-0.2138616123877909,False,,,52,0.6153846153846154,1.2971626564255303,5.027204996719012,martingale,NatGas (GAS_US),32.0,1.0
1993-09-02,1995-09-01,1.4660740244445587,0.802538027968043,-0.19706050228309868,False,,,53,0.6037735849056604,1.30707696519875,4.736131863495037,martingale,NatGas (GAS_US),32.0,1.0
1993-10-01,1995-09-29,1.508391987718229,0.9995,-0.11589454104142716,False,,,50,0.64,1.3468027744312556,2.7115884283350264,martingale,NatGas (GAS_US),32.0,1.0
1993-11-01,1995-10-31,1.470143557937984,0.9285088682456185,-0.11930322164870077,False,,,51,0.6078431372549019,1.3320635231571012,2.8021451504798347,martingale,NatGas (GAS_US),31.0,1.0
1993-12-01,1995-11-30,1.5216709240895385,0.9980341626542789,-0.1269925794827832,False,,,51,0.6078431372549019,1.4007002801728927,3.009021380377921,martingale,NatGas (GAS_US),31.0,1.0
1994-01-03,1996-01-02,1.5730792650774643,0.9727654960300149,-0.13727733231480022,False,,,51,0.6274509803921569,1.3852170875864132,3.2914895910016395,martingale,NatGas (GAS_US),32.0,1.0
1994-02-01,1996-01-31,1.3342589111884986,0.8921103955724722,-0.12460277860032498,False,,,51,0.6078431372549019,1.217235958681626,2.868735466607265,martingale,NatGas (GAS_US),31.0,1.0
1994-03-01,1996-02-29,1.2403657566288557,0.706321821219158,-0.4879985635054692,False,,,55,0.5818181818181818,1.2652092721000427,10.887337014303592,martingale,NatGas (GAS_US),32.0,1.0
1994-04-04,1996-04-03,1.2298902623001904,0.684587669618293,-0.49391310904571595,False,,,57,0.5789473684210527,1.2328186060481798,10.887337014303593,martingale,NatGas (GAS_US),33.0,1.0
1994-05-02,1996-05-01,1.2469609399726647,0.7002325200173031,-0.4992424754458933,False,,,59,0.5932203389830508,1.2185882582597642,10.887337014303595,martingale,NatGas (GAS_US),35.0,1.0
1994-06-01,1996-05-31,0.9443623851134796,0.6548174742882414,-0.5262606854809837,False,,,60,0.55,1.2591846892135905,10.887337014303593,martingale,NatGas (GAS_US),33.0,1.0
1994-07-01,1996-06-28,1.2300308439227452,0.6459693675726024,-0.514372711347388,False,,,61,0.5573770491803278,1.2400235890646796,10.887337014303593,martingale,NatGas (GAS_US),34.0,1.0
1994-08-01,1996-07-31,1.1794389240953733,0.5681170742802079,-0.5831700125135146,False,,,67,0.5522388059701493,1.2572390760695396,11.98427238616604,martingale,NatGas (GAS_US),37.0,1.0
1994-09-01,1996-08-30,0.9137030297939224,0.3743806094393347,-0.7253412539542479,False,,,70,0.5285714285714286,1.2456679423763024,11.984272386166039,martingale,NatGas (GAS_US),37.0,1.0
1994-10-03,1996-10-02,0.32167408751496823,0.2885628326969803,-0.7811702025803389,False,,,73,0.4794520547945205,1.198517982876676,11.984272386166035,martingale,NatGas (GAS_US),35.0,1.0
1994-11-01,1996-10-31,0.5797395566196067,0.30023695007709383,-0.7747210260495104,False,,,75,0.5066666666666667,1.1848770134300712,11.984272386166039,martingale,NatGas (GAS_US),38.0,1.0
1994-12-01,1996-11-27,0.33707413499713396,0.33707413499713396,-0.7535354985828391,True,1996-02-16,303.0,42,0.5,1.2481513589874265,11.566043052556985,martingale,NatGas (GAS_US),21.0,1.0
1995-01-03,1997-01-02,0.3199639744537831,0.3199639744537831,-0.7584604208405893,True,1996-02-16,282.0,38,0.5,1.2910603840061152,11.566043052556987,martingale,NatGas (GAS_US),19.0,1.0
1995-02-01,1997-01-31,0.23308226683494127,0.23308226683494127,-0.8048540769825056,True,1996-02-16,261.0,32,0.4375,1.1563443399761932,11.566043052556985,martingale,NatGas (GAS_US),14.0,1.0
1995-03-01,1997-02-28,0.24684539999399177,0.24684539999399177,-0.796366771538227,True,1996-02-16,242.0,29,0.4827586206896552,0.24684539999399177,11.566043052556987,martingale,NatGas (GAS_US),14.0,1.0
1995-04-03,1997-04-02,0.25996439906318036,0.25996439906318036,-0.7811902269996963,True,1996-02-16,219.0,26,0.46153846153846156,0.25996439906318036,11.566043052556983,martingale,NatGas (GAS_US),12.0,1.0
1995-05-01,1997-04-30,0.26504229587837386,0.26504229587837386,-0.782315300653952,True,1996-02-16,200.0,26,0.46153846153846156,0.26504229587837386,11.566043052556987,martingale,NatGas (GAS_US),12.0,1.0
1995-06-01,1997-05-30,0.26002339653636836,0.26002339653636836,-0.7815192058066228,True,1996-02-16,178.0,26,0.46153846153846156,0.26002339653636836,11.566043052556985,martingale,NatGas (GAS_US),12.0,1.0
1995-07-05,1997-07-03,0.18458593981084642,0.18458593981084642,-0.8286494390583333,True,1996-02-16,156.0,23,0.43478260869565216,0.18458593981084642,11.566043052556983,martingale,NatGas (GAS_US),10.0,1.0
1995-08-01,1997-07-31,0.22830632873721338,0.22830632873721338,-0.8110583453820064,True,1996-02-16,137.0,19,0.47368421052631576,0.22830632873721338,11.566043052556982,martingale,NatGas (GAS_US),9.0,1.0
1995-09-01,1997-08-29,0.2348656053536418,0.2348656053536418,-0.798620428755988,True,1996-02-16,114.0,17,0.47058823529411764,0.2348656053536418,11.566043052556987,martingale,NatGas (GAS_US),8.0,1.0
1995-10-02,1997-10-01,0.23832218933952412,0.23832218933952412,-0.7949561620200584,True,1996-02-16,94.0,17,0.47058823529411764,0.23832218933952412,11.566043052556983,martingale,NatGas (GAS_US),8.0,1.0
1995-11-01,1997-10-31,0.2515177430583953,0.2515177430583953,-0.7956917477447873,True,1996-02-16,72.0,18,0.5,0.2515177430583953,11.566043052556983,martingale,NatGas (GAS_US),9.0,1.0
1995-12-01,1997-11-26,0.2560155163972689,0.2560155163972689,-0.7837686047392713,True,1996-02-16,52.0,16,0.5,0.2560155163972689,11.566043052556983,martingale,NatGas (GAS_US),8.0,1.0
1996-01-02,1997-12-31,0.24124739699683836,0.24124739699683836,-0.7702990178374157,True,1996-02-16,32.0,9,0.3333333333333333,0.24124739699683836,11.566043052556987,martingale,NatGas (GAS_US),3.0,1.0
1996-02-01,1998-01-30,0.1898887784648086,0.1898887784648086,-0.8144554182768216,True,1997-01-20,242.0,54,0.46296296296296297,0.1898887784648086,14.869480453570555,martingale,NatGas (GAS_US),25.0,1.0
1996-03-01,1998-02-27,1.512340119566869,0.4605838409229322,-0.571670531743329,False,,,84,0.5476190476190477,0.977762866815976,11.984272386166037,martingale,NatGas (GAS_US),46.0,1.0
1996-04-01,1998-03-31,1.912763097052373,0.7580451850537696,-0.4241720730832752,False,,,84,0.5357142857142857,1.3923800192965672,9.895682694239833,martingale,NatGas (GAS_US),45.0,1.0
1996-05-01,1998-04-30,1.92522489866708,0.7458874744571031,-0.43563875454523404,False,,,86,0.5348837209302325,1.4303036781063634,9.901754406041896,martingale,NatGas (GAS_US),46.0,1.0
1996-06-03,1998-06-02,1.9221710936928673,0.7700169005230642,-0.40520432005356655,False,,,85,0.5529411764705883,1.4471690134528148,9.081735620585267,martingale,NatGas (GAS_US),47.0,1.0
1996-07-01,1998-06-30,1.8696850740692406,0.7384172264323268,-0.38904618798351975,False,,,87,0.5402298850574713,1.4356428142304023,9.081735620585267,martingale,NatGas (GAS_US),47.0,1.0
1996-08-01,1998-07-31,1.8120836200826163,0.6410078763314182,-0.4659689077117146,False,,,83,0.5421686746987951,1.2425652463781365,9.901754406041897,martingale,NatGas (GAS_US),45.0,1.0
1996-09-03,1998-09-02,1.910510549010747,0.6604918070471518,-0.5331649657862338,False,,,83,0.5662650602409639,1.4129424638912689,9.854082828999205,martingale,NatGas (GAS_US),47.0,1.0
1996-10-01,1998-09-30,1.8975079781059807,0.6711804216463926,-0.5040481355762431,False,,,82,0.573170731707317,1.436695731500219,9.081735620585269,martingale,NatGas (GAS_US),47.0,1.0
1996-11-01,1998-10-30,1.835417922811614,0.6430912458837826,-0.48770012256267503,False,,,80,0.575,1.3666788114801673,9.081735620585269,martingale,NatGas (GAS_US),46.0,1.0
1996-12-02,1998-12-01,1.7380416905329747,0.6581757461537436,-0.42238923927460537,False,,,81,0.5679012345679012,1.364668212419047,9.081735620585267,martingale,NatGas (GAS_US),46.0,1.0
1997-01-02,1998-12-31,1.618784178826943,0.574767407226641,-0.4520656842904107,False,,,78,0.5641025641025641,1.2962877296095303,9.081735620585265,martingale,NatGas (GAS_US),44.0,1.0
1997-02-03,1999-02-02,1.8658404473614087,0.9728638668560766,-0.28719738192321076,False,,,75,0.5733333333333334,1.4466224033470392,7.986686930595548,martingale,NatGas (GAS_US),43.0,1.0
1997-03-03,1999-03-02,1.9104652895637597,0.9627099699616899,-0.33504334442233075,False,,,72,0.5694444444444444,1.3549525543639604,9.081735620585269,martingale,NatGas (GAS_US),41.0,1.0
1997-04-01,1999-03-31,1.8660936579355016,0.9645067134298366,-0.3389919414505912,False,,,71,0.5774647887323944,1.3788802260092636,9.081735620585269,martingale,NatGas (GAS_US),41.0,1.0
1997-05-01,1999-04-30,1.7960219565326985,0.9464751762043523,-0.3119887345837348,False,,,73,0.5753424657534246,1.3842347521854295,8.988740312787504,martingale,NatGas (GAS_US),42.0,1.0
1997-06-02,1999-06-01,1.7427924086195186,0.9046076432274871,-0.331129762088728,False,,,73,0.5753424657534246,1.3642119421011938,9.081735620585267,martingale,NatGas (GAS_US),42.0,1.0
1997-07-01,1999-06-30,1.7572719181862095,0.8802099930232774,-0.3389667583314575,False,,,74,0.5675675675675675,1.403399162558839,9.081735620585267,martingale,NatGas (GAS_US),42.0,1.0
1997-08-01,1999-07-30,1.7542403162703624,0.8879261168529691,-0.32499200720549215,False,,,76,0.5657894736842105,1.4210009563261707,9.081735620585269,martingale,NatGas (GAS_US),43.0,1.0
1997-09-02,1999-09-01,1.591254166655723,0.846190622569074,-0.29408643780756405,False,,,77,0.5584415584415584,1.3578177250595531,8.258077258870498,martingale,NatGas (GAS_US),43.0,1.0
1997-10-01,1999-09-30,1.5743311451440827,0.834440089307708,-0.28392250580544265,False,,,80,0.5375,1.3261278989068093,7.859506281826911,martingale,NatGas (GAS_US),43.0,1.0
1997-11-03,1999-11-02,1.277352493916177,0.792988613606191,-0.28056887228727945,False,,,79,0.5189873417721519,1.279120926337268,7.730467033924919,martingale,NatGas (GAS_US),41.0,1.0
1997-12-01,1999-11-30,1.486916030297285,0.7039194955310686,-0.34703843541764345,False,,,79,0.5189873417721519,1.302322030648803,9.081735620585267,martingale,NatGas (GAS_US),41.0,1.0
1998-01-02,1999-12-30,1.4258199343520976,0.6117661234786014,-0.4102681126583161,False,,,79,0.5063291139240507,1.1315838086568464,9.081735620585267,martingale,NatGas (GAS_US),40.0,1.0
1998-02-02,2000-02-01,1.5187507296041427,0.9484488664655757,-0.2601682744437416,False,,,78,0.5128205128205128,1.3829797686684056,4.962707633029643,martingale,NatGas (GAS_US),40.0,1.0
1998-03-02,2000-03-01,1.5561969461648313,0.9216381632982312,-0.2685816887969946,False,,,79,0.5063291139240507,1.3764686819201217,5.182124900989165,martingale,NatGas (GAS_US),40.0,1.0
1998-04-01,2000-03-31,1.5051368711865536,0.9377333684406963,-0.25752100915943466,False,,,77,0.5194805194805194,1.3614639249511822,4.894696869741445,martingale,NatGas (GAS_US),40.0,1.0
1998-05-01,2000-04-28,1.5633067843323565,0.9851293741781412,-0.287626541020776,False,,,74,0.527027027027027,1.4139620362467633,5.697948672622939,martingale,NatGas (GAS_US),39.0,1.0
1998-06-01,2000-05-31,1.63658611767067,0.9397298089353615,-0.3049436458400391,False,,,74,0.5540540540540541,1.3433506782137954,6.191514225916009,martingale,NatGas (GAS_US),41.0,1.0
1998-07-01,2000-06-30,1.6326779094479416,0.8997074334887384,-0.2960324547443579,False,,,79,0.5569620253164557,1.3038490753340999,5.934498080332668,martingale,NatGas (GAS_US),44.0,1.0
1998-08-03,2000-08-02,1.7716016460637116,0.9609176742858542,-0.36451815866828796,False,,,80,0.55,1.4200502978550018,8.094934282065715,martingale,NatGas (GAS_US),44.0,1.0
1998-09-01,2000-08-31,1.95653059929261,0.8810364184519749,-0.40389268321300786,False,,,77,0.5584415584415584,1.3454183627306675,9.561782000395512,martingale,NatGas (GAS_US),43.0,1.0
1998-10-01,2000-09-29,1.813260136393514,0.684424760800845,-0.3800441151296471,False,,,77,0.5584415584415584,1.3575400588755453,8.651084019632313,martingale,NatGas (GAS_US),43.0,1.0
1998-11-02,2000-11-01,1.958791618789837,0.8214830741730594,-0.4018382888650571,False,,,77,0.5844155844155844,1.0345197151492138,9.480473106362089,martingale,NatGas (GAS_US),45.0,1.0
1998-12-01,2000-11-30,1.781239304699085,0.7268309695448003,-0.6083330174836082,False,,,79,0.5443037974683544,1.2366306959119286,12.976152489962042,martingale,NatGas (GAS_US),43.0,1.0
1999-01-04,2001-01-03,1.9721526634911384,0.7044240282653943,-0.6081919900267158,False,,,84,0.5714285714285714,1.2418545772971363,12.97615248996205,martingale,NatGas (GAS_US),48.0,1.0
1999-02-01,2001-01-31,0.6063990816216621,0.6063990816216621,-0.7364482666939893,True,2001-01-19,492.0,85,0.5647058823529412,1.036394205608225,14.159823712335923,martingale,NatGas (GAS_US),48.0,1.0
1999-03-01,2001-02-28,0.5224878434640886,0.5224878434640886,-0.7416283610852015,True,2000-11-14,430.0,67,0.5522388059701493,1.1116866535433543,10.73886944841052,martingale,NatGas (GAS_US),37.0,1.0
1999-04-01,2001-03-30,0.5553034210930594,0.5553034210930594,-0.7350909868188414,True,2001-01-19,450.0,79,0.5569620253164557,1.0557725372252127,14.159823712335921,martingale,NatGas (GAS_US),44.0,1.0
1999-05-03,2001-05-02,0.36762732067365517,0.36762732067365517,-0.7565171156839381,True,2000-11-14,386.0,56,0.5357142857142857,0.8616569510637745,10.738869448410522,martingale,NatGas (GAS_US),30.0,1.0
1999-06-01,2001-05-31,0.5858918272965454,0.5825046355395918,-0.7087560170056699,True,2001-01-19,409.0,73,0.5616438356164384,1.164338829303316,13.344280672882974,martingale,NatGas (GAS_US),41.0,1.0
1999-07-01,2001-06-29,0.5766244749159231,0.5766244749159231,-0.7152517063048601,True,2001-01-19,387.0,71,0.5774647887323944,1.3719283954752721,13.620685499285402,martingale,NatGas (GAS_US),41.0,1.0
1999-08-02,2001-08-01,1.7544949249304294,0.5721553354592852,-0.6259882012383603,False,,,100,0.57,1.3481471947485881,12.97615248996204,martingale,NatGas (GAS_US),57.0,1.0
1999-09-01,2001-08-31,0.13723250645428872,0.13723250645428872,-0.8652709830629897,True,1999-11-08,47.0,4,0.0,0.13723250645428872,14.652392503368329,martingale,NatGas (GAS_US),0.0,
1999-10-01,2001-09-28,0.13675456926383,0.13675456926383,-0.8631770192457929,True,1999-11-08,26.0,4,0.0,0.13675456926383,14.652392503368333,martingale,NatGas (GAS_US),0.0,
1999-11-01,2001-10-31,0.3006063142282978,0.3006063142282978,-0.8516753689355956,True,2001-08-22,451.0,90,0.5777777777777777,1.5883234682708969,12.976152489962043,martingale,NatGas (GAS_US),52.0,1.0
1999-12-01,2001-11-30,0.5520740451749324,0.5520740451749324,-0.7310488987562653,True,2001-01-19,282.0,53,0.6037735849056604,1.4796304497178097,14.159823712335923,martingale,NatGas (GAS_US),32.0,1.0
2000-01-04,2002-01-03,0.5366870385715234,0.5366870385715234,-0.7399029452769579,True,2001-01-19,261.0,51,0.6078431372549019,2.0013078485565514,14.15982371233592,martingale,NatGas (GAS_US),31.0,1.0
2000-02-01,2002-01-31,0.03952579287769467,0.03952579287769467,-0.9802196764380223,True,2001-08-22,391.0,85,0.5882352941176471,1.0909363691159908,12.976152489962043,martingale,NatGas (GAS_US),50.0,1.0
2000-03-01,2002-02-28,0.08095642524678126,0.08095642524678126,-0.9575315447693739,True,2001-08-22,371.0,82,0.5853658536585366,1.2707595708505361,12.976152489962043,martingale,NatGas (GAS_US),48.0,1.0
2000-04-03,2002-04-02,0.08715638456345477,0.08715638456345477,-0.9531200530373215,True,2001-08-22,348.0,81,0.5802469135802469,1.2228202808172537,12.976152489962045,martingale,NatGas (GAS_US),47.0,1.0
2000-05-01,2002-04-30,0.2250046378445989,0.2250046378445989,-0.8750546475748835,True,2001-08-22,329.0,81,0.5679012345679012,1.3956367694188991,12.976152489962047,martingale,NatGas (GAS_US),46.0,1.0
2000-06-01,2002-05-31,1.5951301450451223,0.5621150935450201,-0.5783949162720086,False,,,118,0.5677966101694916,1.4977616138928183,12.976152489962043,martingale,NatGas (GAS_US),67.0,1.0
2000-07-05,2002-07-03,0.24001175165281086,0.24001175165281086,-0.8381522804584477,True,2001-08-22,285.0,67,0.5522388059701493,1.4186853644299717,12.976152489962042,martingale,NatGas (GAS_US),37.0,1.0
2000-08-01,2002-07-31,0.08953384607408182,0.08953384607408182,-0.9352560917864603,True,2001-08-22,266.0,64,0.546875,1.1989079163271565,12.976152489962045,martingale,NatGas (GAS_US),35.0,1.0
2000-09-01,2002-08-30,1.4220004721993127,0.4671780338093606,-0.5789725557894665,False,,,117,0.5726495726495726,1.0328786822330374,12.976152489962042,martingale,NatGas (GAS_US),67.0,1.0
2000-10-02,2002-10-01,1.45883088763922,0.45501191144338715,-0.5693734017999579,False,,,119,0.5714285714285714,1.1053392922618632,12.97615248996204,martingale,NatGas (GAS_US),68.0,1.0
2000-11-01,2002-10-31,1.5737971825719799,0.6659709896654201,-0.5297126726626888,False,,,118,0.576271186440678,1.1734212096508783,9.504148587111631,martingale,NatGas (GAS_US),68.0,1.0
2000-12-01,2002-11-27,1.6186157178404175,0.6977570178284274,-0.42768435724756826,False,,,114,0.5789473684210527,1.3487734681607366,9.504148587111631,martingale,NatGas (GAS_US),66.0,1.0
2001-01-02,2002-12-31,1.4311452428445568,0.6474505082348689,-0.38829257010889273,False,,,109,0.5688073394495413,1.2505897679911773,9.504148587111631,martingale,NatGas (GAS_US),62.0,1.0
2001-02-01,2003-01-31,1.5607726117977074,0.8233211203607022,-0.3577656509158028,False,,,103,0.5922330097087378,1.2904544161406817,9.081735620585269,martingale,NatGas (GAS_US),61.0,1.0
2001-03-01,2003-02-28,1.604757702893957,0.7833917993274988,-0.3905102004777974,False,,,106,0.6037735849056604,1.2793113414277946,9.081735620585267,martingale,NatGas (GAS_US),64.0,1.0
2001-04-02,2003-04-01,1.4294150517892554,0.7354681411637138,-0.4114224290860853,False,,,105,0.6,1.214100274887077,9.081735620585267,martingale,NatGas (GAS_US),63.0,1.0
2001-05-01,2003-04-30,0.22396917433021327,0.22396917433021327,-0.8519280532092866,True,2003-04-28,494.0,104,0.5865384615384616,1.1852854462976543,10.688661013851515,martingale,NatGas (GAS_US),61.0,1.0
2001-06-01,2003-05-30,0.1277761255557939,0.1277761255557939,-0.8888598113105505,True,2001-08-22,57.0,12,0.5,0.1277761255557939,8.324422920342686,martingale,NatGas (GAS_US),6.0,1.0
2001-07-02,2003-07-01,0.01854532503667886,0.01854532503667886,-0.9823089791033953,True,2001-08-22,36.0,6,0.16666666666666666,0.01854532503667886,9.702123838389522,martingale,NatGas (GAS_US),1.0,1.0
2001-08-01,2003-07-31,0.499955134298535,0.499955134298535,-0.727983740671232,True,2003-04-14,421.0,86,0.5813953488372093,1.435069506267871,14.687341869495379,martingale,NatGas (GAS_US),50.0,1.0
2001-09-04,2003-09-03,0.47162741152703397,0.47162741152703397,-0.7719658894522812,True,2003-04-14,398.0,83,0.5903614457831325,1.645673054428922,16.52158405390735,martingale,NatGas (GAS_US),49.0,1.0
2001-10-01,2003-09-30,0.429546672516469,0.429546672516469,-0.7902983702783593,True,2003-04-14,382.0,79,0.5822784810126582,1.5859106944402028,16.521584053907347,martingale,NatGas (GAS_US),46.0,1.0
2001-11-01,2003-10-31,0.40087508102283304,0.40087508102283304,-0.7776744209088244,True,2003-04-14,359.0,71,0.5915492957746479,1.5173664695561433,16.521584053907343,martingale,NatGas (GAS_US),42.0,1.0
2001-12-03,2003-12-02,0.4149441315151263,0.4149441315151263,-0.7923861756015583,True,2003-04-14,339.0,65,0.6,1.5817102422204479,16.521584053907347,martingale,NatGas (GAS_US),39.0,1.0
2002-01-02,2003-12-31,0.41062210761217344,0.41062210761217344,-0.8034471688624395,True,2003-04-14,320.0,60,0.6166666666666667,1.7403639259168489,16.521584053907347,martingale,NatGas (GAS_US),37.0,1.0
2002-02-01,2004-01-30,0.39521210999651096,0.39521210999651096,-0.8183834547481564,True,2003-04-14,299.0,56,0.6071428571428571,1.9431618968551125,16.521584053907354,martingale,NatGas (GAS_US),34.0,1.0
2002-03-01,2004-02-27,0.39214931711940865,0.39214931711940865,-0.8126990883294458,True,2003-04-14,280.0,55,0.6181818181818182,2.0405982447936357,16.521584053907347,martingale,NatGas (GAS_US),34.0,1.0
2002-04-01,2004-03-31,0.3387094697665755,0.3387094697665755,-0.79502244956931,True,2003-04-14,260.0,47,0.5957446808510638,1.3549954209526391,16.521584053907343,martingale,NatGas (GAS_US),28.0,1.0
2002-05-01,2004-04-30,0.3287658008807421,0.3287658008807421,-0.7934237105321302,True,2003-04-14,238.0,43,0.6046511627906976,0.3287658008807421,16.521584053907343,martingale,NatGas (GAS_US),26.0,1.0
2002-06-03,2004-06-02,0.31137954322160083,0.31137954322160083,-0.8106442439243078,True,2003-04-14,216.0,40,0.6,0.31137954322160083,16.521584053907354,martingale,NatGas (GAS_US),24.0,1.0
2002-07-01,2004-06-30,0.3020769893330502,0.3020769893330502,-0.8156883587606667,True,2003-04-14,196.0,38,0.6052631578947368,0.3020769893330502,16.52158405390735,martingale,NatGas (GAS_US),23.0,1.0
2002-08-01,2004-07-30,0.2702415555600767,0.2702415555600767,-0.836161314717594,True,2003-04-14,175.0,34,0.5882352941176471,0.2702415555600767,16.521584053907343,martingale,NatGas (GAS_US),20.0,1.0
2002-09-03,2004-09-02,0.25115431381859954,0.25115431381859954,-0.8298182755361627,True,2003-04-14,153.0,28,0.5714285714285714,0.25115431381859954,16.52158405390735,martingale,NatGas (GAS_US),16.0,1.0
2002-10-01,2004-09-30,0.2396816047651282,0.2396816047651282,-0.8239474168603103,True,2003-04-14,133.0,24,0.5416666666666666,0.2396816047651282,16.521584053907347,martingale,NatGas (GAS_US),13.0,1.0
2002-11-01,2004-10-29,0.21461214211138885,0.21461214211138885,-0.8365942196962972,True,2003-04-14,110.0,20,0.5,0.21461214211138885,16.52158405390735,martingale,NatGas (GAS_US),10.0,1.0
2002-12-02,2004-12-01,0.22752064090005975,0.22752064090005975,-0.8282473747487202,True,2003-04-14,91.0,18,0.6111111111111112,0.22752064090005975,16.52158405390735,martingale,NatGas (GAS_US),11.0,1.0
2003-01-02,2004-12-30,0.2217688150390797,0.2217688150390797,-0.8124971210432138,True,2003-04-14,70.0,13,0.5384615384615384,0.2217688150390797,16.521584053907347,martingale,NatGas (GAS_US),7.0,1.0
2003-02-03,2005-02-02,0.21659162417189884,0.21659162417189884,-0.8029617489232647,True,2003-04-14,49.0,9,0.4444444444444444,0.21659162417189884,16.52158405390735,martingale,NatGas (GAS_US),4.0,1.0
2003-03-03,2005-03-02,0.22413850297375812,0.22413850297375812,-0.7809652510364536,True,2003-04-14,30.0,5,0.2,0.22413850297375812,16.521584053907343,martingale,NatGas (GAS_US),1.0,1.0
2003-04-01,2005-03-31,1.7894409412872891,0.8943664217294678,-0.2959168540013527,False,,,65,0.5692307692307692,1.375557655975401,7.877460177704778,martingale,NatGas (GAS_US),37.0,1.0
2003-05-01,2005-04-29,1.7242460365727323,0.8788807390961583,-0.29534357710581516,False,,,64,0.5625,1.383587167080869,7.855802916258887,martingale,NatGas (GAS_US),36.0,1.0
2003-06-02,2005-06-01,1.5376784796567553,0.817071133733335,-0.2732803083197598,False,,,60,0.55,1.2159865676155357,7.048259322167503,martingale,NatGas (GAS_US),33.0,1.0
2003-07-01,2005-06-30,1.628060891610416,0.761049665070771,-0.32695035994126587,False,,,61,0.5409836065573771,1.2547464836731792,9.081735620585267,martingale,NatGas (GAS_US),33.0,1.0
2003-08-01,2005-07-29,1.2821441337722472,0.4138872971310734,-0.5957106546944642,False,,,65,0.49230769230769234,0.8936803362234081,13.315881809850604,martingale,NatGas (GAS_US),32.0,1.0
2003-09-02,2005-09-01,1.7899839171822558,0.6269037531206247,-0.3994464257586632,False,,,68,0.5294117647058824,1.1639757821863246,9.081735620585267,martingale,NatGas (GAS_US),36.0,1.0
2003-10-01,2005-09-30,1.9010763137079003,0.6146708335588711,-0.415622395429433,False,,,69,0.5652173913043478,1.2242303927375464,9.081735620585269,martingale,NatGas (GAS_US),39.0,1.0
2003-11-03,2005-11-02,2.2105129117863105,0.9253710786505422,-0.20518252081172783,False,,,68,0.5882352941176471,1.3276504456326976,5.578068124663396,martingale,NatGas (GAS_US),40.0,1.0
2003-12-01,2005-11-30,2.1741500142724886,0.9299409285529738,-0.1968674654029966,False,,,69,0.6086956521739131,1.4986750303488872,5.296605080128559,martingale,NatGas (GAS_US),42.0,1.0
2004-01-05,2006-01-04,1.8751099406147016,0.8473059836463567,-0.26363407018092944,False,,,70,0.5714285714285714,1.3391946273879969,4.509367989112086,martingale,NatGas (GAS_US),40.0,1.0
2004-02-02,2006-02-01,2.069366968160181,0.8611357649055299,-0.28555672869453064,False,,,70,0.6,1.3280238264859536,4.237170341820652,martingale,NatGas (GAS_US),42.0,1.0
2004-03-01,2006-02-28,2.1289464354607084,0.8716524017008582,-0.2767503173888318,False,,,75,0.6266666666666667,1.3553145413237226,4.056496932678122,martingale,NatGas (GAS_US),47.0,1.0
2004-04-01,2006-03-31,2.055543251655718,0.8567054356058157,-0.27490430427522095,False,,,73,0.6301369863013698,1.370946518206495,4.019180297302762,martingale,NatGas (GAS_US),46.0,1.0
2004-05-03,2006-05-02,2.022714056683872,0.8451017741842186,-0.26789573295361047,False,,,79,0.6075949367088608,1.2773731813735159,3.8792175340614263,martingale,NatGas (GAS_US),48.0,1.0
2004-06-01,2006-05-31,2.013415282272894,0.9485040925321433,-0.2543631267867652,False,,,82,0.6219512195121951,1.3270796599316794,3.61641327195655,martingale,NatGas (GAS_US),51.0,1.0
2004-07-01,2006-06-30,2.129655099908274,0.9794515094049555,-0.26642991379182346,False,,,85,0.6235294117647059,1.3938770972315568,3.850282958283296,martingale,NatGas (GAS_US),53.0,1.0
2004-08-02,2006-08-01,2.2036103308193726,0.9534062031029862,-0.27929969575839997,False,,,91,0.6043956043956044,1.4372383344845545,4.108346199021097,martingale,NatGas (GAS_US),55.0,1.0
2004-09-01,2006-08-31,2.0738121638176734,0.9465677451046289,-0.3148711606007931,False,,,92,0.5760869565217391,1.5972385342291673,4.872051968847816,martingale,NatGas (GAS_US),53.0,1.0
2004-10-01,2006-09-29,2.104453946474031,0.9361523935149458,-0.28612411331400456,False,,,94,0.5851063829787234,1.5532758321489897,4.2489637239816505,martingale,NatGas (GAS_US),55.0,1.0
2004-11-01,2006-10-31,1.8856038629431346,0.8816233371052931,-0.2709045041947413,False,,,96,0.5625,1.47430735844506,3.938973750543843,martingale,NatGas (GAS_US),54.0,1.0
2004-12-01,2006-11-30,2.079574323265649,0.9733574278890245,-0.3131554796395738,False,,,92,0.5760869565217391,1.6257955417708803,4.833401290423644,martingale,NatGas (GAS_US),53.0,1.0
2005-01-03,2007-01-02,2.2705244055450935,0.9127855602231025,-0.38038030399627565,False,,,90,0.5666666666666667,1.6777249222458654,6.507948130693521,martingale,NatGas (GAS_US),51.0,1.0
2005-02-01,2007-01-31,2.190286578055773,0.9663121553216568,-0.3535412644393576,False,,,95,0.5684210526315789,1.7864009183069052,5.7976311062568,martingale,NatGas (GAS_US),54.0,1.0
2005-03-01,2007-02-28,2.078106483803382,0.9594482530218322,-0.35120073447242006,False,,,92,0.5652173913043478,1.801631358845264,5.738472991700486,martingale,NatGas (GAS_US),52.0,1.0
2005-04-01,2007-03-30,1.8730082972028703,0.9222263373484654,-0.3308397043653678,False,,,92,0.5434782608695652,1.6371716354874528,5.24129658842442,martingale,NatGas (GAS_US),50.0,1.0
2005-05-02,2007-05-01,2.0165399583585066,0.9973300369202734,-0.36242493814588705,False,,,90,0.5555555555555556,1.8500530319179234,6.026123498508087,martingale,NatGas (GAS_US),50.0,1.0
2005-06-01,2007-05-31,2.0004267712617887,0.9813909188623526,-0.3679298651959624,False,,,88,0.5568181818181818,1.8377919269323668,6.170936065499284,martingale,NatGas (GAS_US),49.0,1.0
2005-07-01,2007-06-29,1.9734583544555584,0.9399636893200594,-0.3673543415435695,False,,,88,0.5568181818181818,1.8486425044260877,6.155678380301221,martingale,NatGas (GAS_US),49.0,1.0
2005-08-01,2007-07-31,1.8571708375399265,0.9279411206604476,-0.34721644621738057,False,,,87,0.5632183908045977,1.700107658122277,5.638743759979448,martingale,NatGas (GAS_US),49.0,1.0
2005-09-01,2007-08-31,1.520634534275748,0.849523937169496,-0.2949700036819072,False,,,87,0.5287356321839081,1.196760557621386,4.4352850305933,martingale,NatGas (GAS_US),46.0,1.0
2005-10-03,2007-10-02,1.3868695426526254,0.8318153729630753,-0.2641077727672517,False,,,87,0.5172413793103449,1.3283761906894538,3.8046809427533423,martingale,NatGas (GAS_US),45.0,1.0
2005-11-01,2007-10-31,1.4148067863812301,0.7277616359323772,-0.3302721301883019,False,,,84,0.5119047619047619,1.349577188731762,5.227870627838047,martingale,NatGas (GAS_US),43.0,1.0
2005-12-01,2007-11-30,1.3745568642923085,0.7190993788162691,-0.3215974594416844,False,,,85,0.5176470588235295,1.3122478750262099,5.025466932008868,martingale,NatGas (GAS_US),44.0,1.0
2006-01-03,2008-01-02,1.4171490303091823,0.9995,-0.21302451011912982,False,,,80,0.5125,1.3668207017170853,4.054434646174603,martingale,NatGas (GAS_US),41.0,1.0
2006-02-01,2008-01-31,1.427737457217354,0.9384619831163993,-0.26788292102666234,False,,,78,0.5,1.3586463226064487,5.480578760734352,martingale,NatGas (GAS_US),39.0,1.0
2006-03-01,2008-02-29,1.4422151945797146,0.7799886527330228,-0.363926546358635,False,,,74,0.4864864864864865,1.3213737446642695,8.56975489884421,martingale,NatGas (GAS_US),36.0,1.0
2006-04-03,2008-04-02,1.4285012193015272,0.766836429390681,-0.3568702118859334,False,,,77,0.4935064935064935,1.2470560622325761,8.311388996262801,martingale,NatGas (GAS_US),38.0,1.0
2006-05-01,2008-04-30,1.4608568607509473,0.7059686291576397,-0.40028970550047904,False,,,72,0.5277777777777778,1.2260069686561148,9.997579194716693,martingale,NatGas (GAS_US),38.0,1.0
2006-06-01,2008-05-30,1.354493206682522,0.5975049141308497,-0.4498826120619771,False,,,68,0.5147058823529411,1.0411870484092407,10.746911709144921,martingale,NatGas (GAS_US),35.0,1.0
2006-07-05,2008-07-03,1.346486823841452,0.5263763458348374,-0.5039960268257793,False,,,66,0.5303030303030303,1.0576361330525021,10.746911709144918,martingale,NatGas (GAS_US),35.0,1.0
2006-08-01,2008-07-31,1.3565401224206275,0.5616672888396309,-0.4477743657895378,False,,,65,0.5692307692307692,1.1099651241563069,10.74691170914492,martingale,NatGas (GAS_US),37.0,1.0
2006-09-01,2008-08-29,1.5316388950471713,0.9916839778485528,-0.13692645737842124,False,,,61,0.6229508196721312,1.2294602784597277,2.882174959611591,martingale,NatGas (GAS_US),38.0,1.0
2006-10-02,2008-10-01,1.630692946353665,0.946503308024165,-0.1863366486570659,False,,,61,0.6065573770491803,1.222016006962947,4.1603924287450385,martingale,NatGas (GAS_US),37.0,1.0
2006-11-01,2008-10-31,1.602916124757835,0.9070771060205363,-0.18713572309805082,False,,,58,0.6379310344827587,1.17954825725167,4.18234094762964,martingale,NatGas (GAS_US),37.0,1.0
2006-12-01,2008-11-28,1.437583389127253,0.91345373249333,-0.17681005978253062,False,,,68,0.5882352941176471,1.1075425871798785,3.9020038066428326,martingale,NatGas (GAS_US),40.0,1.0
2007-01-02,2008-12-31,1.7216413626283722,0.8073809748999118,-0.24234016970032268,False,,,68,0.5735294117647058,1.1907046044412075,5.810746342644108,martingale,NatGas (GAS_US),39.0,1.0
2007-02-01,2009-01-30,1.4473228981962996,0.5120793730115654,-0.4967771265401669,False,,,71,0.5915492957746479,1.0054541985261074,10.406348720582159,martingale,NatGas (GAS_US),42.0,1.0
2007-03-01,2009-02-27,1.6455590775291868,0.7669824850375506,-0.2502247785549505,False,,,74,0.6081081081081081,1.217739143573775,5.194503651539062,martingale,NatGas (GAS_US),45.0,1.0
2007-04-02,2009-04-01,1.637234145581495,0.9397244088148144,-0.1439973522662289,False,,,72,0.6388888888888888,1.2670187402157242,3.1356223695869145,martingale,NatGas (GAS_US),46.0,1.0
2007-05-01,2009-04-30,1.627481949500439,0.8070935575576539,-0.19714632663242304,False,,,76,0.631578947368421,1.2851925074083506,4.665506581343128,martingale,NatGas (GAS_US),48.0,1.0
2007-06-01,2009-05-29,1.6869703541977246,0.9691023913734801,-0.1410383227508416,False,,,80,0.6375,1.356515548925444,3.060607949464702,martingale,NatGas (GAS_US),51.0,1.0
2007-07-02,2009-07-01,1.6565273119970298,0.8852562916560124,-0.1743457614766949,False,,,83,0.6024096385542169,1.3988146355866604,3.936022155983216,martingale,NatGas (GAS_US),50.0,1.0
2007-08-01,2009-07-31,1.7372413746696582,0.8277132014691402,-0.1912787981236499,False,,,84,0.5952380952380952,1.485304082272841,4.50857438600141,martingale,NatGas (GAS_US),50.0,1.0
2007-09-03,2009-09-02,1.8250372560828687,0.9034511861204958,-0.17214145570765882,False,,,84,0.5833333333333334,1.5919913654862274,3.999830100395078,martingale,NatGas (GAS_US),49.0,1.0
2007-10-01,2009-09-30,1.7341785003602268,0.9505171957062936,-0.16740646451375063,False,,,84,0.5833333333333334,1.5944309960941958,3.8676876931354713,martingale,NatGas (GAS_US),49.0,1.0
2007-11-01,2009-10-30,1.665109401844669,0.8768507511255663,-0.16081831676037217,False,,,87,0.5632183908045977,1.5433542510250566,3.6863088996799513,martingale,NatGas (GAS_US),49.0,1.0
2007-12-03,2009-12-02,1.838469385653501,0.9487276105685966,-0.1829692198756766,False,,,89,0.5842696629213483,1.6818558005526005,4.307763249337622,martingale,NatGas (GAS_US),52.0,1.0
2008-01-02,2009-12-31,1.7795343878266343,0.9865321381358368,-0.17396962084181122,False,,,91,0.5934065934065934,1.6450793070762308,4.051255239523437,martingale,NatGas (GAS_US),54.0,1.0
2008-02-01,2010-01-29,1.78082842811751,0.9995,-0.17707153951686216,False,,,92,0.5869565217391305,1.6585813305982904,4.139033003553427,martingale,NatGas (GAS_US),54.0,1.0
2008-03-03,2010-03-02,1.5746551394820512,0.9861183991922253,-0.16634165689755243,False,,,91,0.5714285714285714,1.507490099415679,3.838178167930165,martingale,NatGas (GAS_US),52.0,1.0
2008-04-01,2010-03-31,1.5320632941083245,0.9793163845949757,-0.16667063675628624,False,,,92,0.5869565217391305,1.4699232893813803,3.8472872944156484,martingale,NatGas (GAS_US),54.0,1.0
2008-05-02,2010-04-30,1.440355781590877,0.9978810878619098,-0.16105432231822758,False,,,92,0.5760869565217391,1.3946263619022743,3.6927571902957275,martingale,NatGas (GAS_US),53.0,1.0
2008-06-02,2010-06-01,1.381916735753443,0.9995,-0.15212625600097274,False,,,94,0.5638297872340425,1.3454391172624527,3.451319766459713,martingale,NatGas (GAS_US),53.0,1.0
2008-07-01,2010-06-30,1.3014907516223706,0.9728681082868131,-0.14352482345940965,False,,,97,0.5567010309278351,1.2597716455582346,3.223476064013311,martingale,NatGas (GAS_US),54.0,1.0
2008-08-01,2010-07-30,1.332454908001015,0.9117070174009727,-0.2118826144779824,False,,,97,0.5360824742268041,1.2603995597118434,5.17150112837879,martingale,NatGas (GAS_US),52.0,1.0
2008-09-02,2010-09-01,1.3650902900641586,0.8031987739592817,-0.27953495231917136,False,,,97,0.5257731958762887,1.240546274604071,7.463377530968357,martingale,NatGas (GAS_US),51.0,1.0
2008-10-01,2010-09-30,1.3545812562625956,0.776665517969712,-0.2903282811964304,False,,,96,0.53125,1.1950544003361818,7.869444070059773,martingale,NatGas (GAS_US),51.0,1.0
2008-11-03,2010-11-02,1.3264179099801678,0.683633163187391,-0.35411221984596364,False,,,97,0.5257731958762887,1.1728075835308152,9.081735620585269,martingale,NatGas (GAS_US),51.0,1.0
2008-12-01,2010-11-30,1.3917647000371136,0.8581658877564048,-0.3235137894494128,False,,,90,0.5555555555555556,1.251382554095809,7.989925046554431,martingale,NatGas (GAS_US),50.0,1.0
2009-01-02,2010-12-31,1.3756255745145654,0.796034498606516,-0.3617080311726233,False,,,90,0.5444444444444444,1.2281043768903424,9.081735620585269,martingale,NatGas (GAS_US),49.0,1.0
2009-02-02,2011-02-01,1.2017791963971458,0.6227214951875014,-0.48713812036072546,False,,,88,0.5227272727272727,0.9708097042180991,9.081735620585267,martingale,NatGas (GAS_US),46.0,1.0
2009-03-02,2011-03-01,1.1098418050715841,0.5294088586269765,-0.5530034588005523,False,,,86,0.5116279069767442,0.9321490211029779,9.081735620585269,martingale,NatGas (GAS_US),44.0,1.0
2009-04-01,2011-03-31,0.9405035129574928,0.28444578641558615,-0.7480991677962043,False,,,85,0.5058823529411764,0.7684085031057409,12.752429821410074,martingale,NatGas (GAS_US),43.0,1.0
2009-05-01,2011-04-29,0.8673816527321566,0.18339255183377678,-0.8313406153939216,False,,,84,0.5,0.6776168059012475,15.305972639901256,martingale,NatGas (GAS_US),42.0,1.0
2009-06-01,2011-05-31,0.8208063664772456,0.21880951947865285,-0.7864988264951598,False,,,80,0.4875,0.7207549051448578,13.213836453206051,martingale,NatGas (GAS_US),39.0,1.0
2009-07-01,2011-06-30,0.9753037610474815,0.24624116960445255,-0.7695044388440673,False,,,76,0.5263157894736842,0.827733117881201,13.313718279030999,martingale,NatGas (GAS_US),40.0,1.0
2009-08-03,2011-08-02,1.4437466231673146,0.7212577972799408,-0.3045672268313412,False,,,73,0.5205479452054794,1.2943708186055223,4.456202975246039,martingale,NatGas (GAS_US),38.0,1.0
2009-09-01,2011-08-31,1.5913637211209102,0.5665143358045523,-0.44485285811535646,False,,,68,0.5294117647058824,1.4431892105927082,8.0077632302412,martingale,NatGas (GAS_US),36.0,1.0
2009-10-01,2011-09-30,1.5798918534142294,0.9945963743760785,-0.1407496692729201,False,,,67,0.5671641791044776,1.4424923959179332,2.5019299909416755,martingale,NatGas (GAS_US),38.0,1.0
2009-11-02,2011-11-01,1.5768190231408605,0.9911356488140417,-0.1578934508597507,False,,,63,0.5714285714285714,1.4187247546168928,2.863812297921657,martingale,NatGas (GAS_US),36.0,1.0
2009-12-01,2011-11-30,1.6011603305609685,0.9794195402975047,-0.17339866572058016,False,,,63,0.5714285714285714,1.4607483748435561,3.2040340837831875,martingale,NatGas (GAS_US),36.0,1.0
2010-01-04,2012-01-03,1.4675060019928203,0.9430599261762304,-0.15929240728958627,False,,,62,0.5806451612903226,1.3234955422244294,2.893993716751088,martingale,NatGas (GAS_US),36.0,1.0
2010-02-01,2012-01-31,1.5094661109240424,0.9921475358939593,-0.17076404651585342,False,,,65,0.6,1.3262517611385083,3.1453269191868167,martingale,NatGas (GAS_US),39.0,1.0
2010-03-01,2012-02-29,1.5094275388595297,0.9669082604168431,-0.20007410731690556,False,,,65,0.5692307692307692,1.3452387907461083,3.8202220876162576,martingale,NatGas (GAS_US),37.0,1.0
2010-04-01,2012-03-30,1.5449850734061554,0.8672580658958569,-0.2437124988456686,False,,,62,0.5806451612903226,1.3000496235463472,4.921963146872364,martingale,NatGas (GAS_US),36.0,1.0
2010-05-03,2012-05-02,1.504833729223947,0.8427972517948974,-0.25620671030689435,False,,,65,0.5692307692307692,1.3140811076559065,5.2612110336104445,martingale,NatGas (GAS_US),37.0,1.0
2010-06-01,2012-05-31,1.505974283308695,0.824296887343116,-0.25537553298829885,False,,,66,0.5757575757575758,1.1750892894333815,5.238289081366229,martingale,NatGas (GAS_US),38.0,1.0
2010-07-01,2012-06-29,1.4036256981318522,0.7651992256038156,-0.24863534569561208,False,,,63,0.5555555555555556,1.184955772118378,5.054283337810542,martingale,NatGas (GAS_US),35.0,1.0
2010-08-02,2012-08-01,1.4540141661278412,0.9959383634154052,-0.11197035472072137,False,,,62,0.5967741935483871,1.2436080172091786,1.5343525020201918,martingale,NatGas (GAS_US),37.0,1.0
2010-09-01,2012-08-31,1.4868305595386089,0.9937694270776776,-0.1345321449960888,False,,,63,0.5873015873015873,1.2326388517515126,1.8915798567523416,martingale,NatGas (GAS_US),37.0,1.0
2010-10-01,2012-09-28,1.3135036014685713,0.4895084259148933,-0.5318319527070594,False,,,64,0.53125,1.1029203254105222,11.9661146604475,martingale,NatGas (GAS_US),34.0,1.0
2010-11-01,2012-10-31,1.4374404680111723,0.6856054947830835,-0.3140515309824077,False,,,64,0.53125,1.178726719553028,6.000404867774511,martingale,NatGas (GAS_US),34.0,1.0
2010-12-01,2012-11-30,1.460542677896528,0.9256901141602041,-0.160998438752462,False,,,64,0.546875,1.235793724440669,2.98513380696903,martingale,NatGas (GAS_US),35.0,1.0
2011-01-03,2013-01-02,1.4000858439323987,0.8926667162325134,-0.15468529949293142,False,,,63,0.5555555555555556,1.2028169856680306,2.8819308546395654,martingale,NatGas (GAS_US),35.0,1.0
2011-02-01,2013-01-31,1.4389895694495791,0.9259126311531687,-0.1570555644434939,False,,,63,0.5714285714285714,1.2985163253247578,2.920795012235247,martingale,NatGas (GAS_US),36.0,1.0
2011-03-01,2013-02-28,1.3742744238161857,0.8651845968139441,-0.18314890363413316,False,,,63,0.5396825396825397,1.3004195704429473,3.3395181882448965,martingale,NatGas (GAS_US),34.0,1.0
2011-04-01,2013-03-28,1.4346837455127741,0.8783300585776521,-0.16269354524284252,False,,,64,0.546875,1.2981608604120898,3.0752949667124474,martingale,NatGas (GAS_US),35.0,1.0
2011-05-02,2013-05-01,1.389888819057063,0.8463530535265865,-0.1602324696642322,False,,,64,0.546875,1.1923115502890758,3.0347569777999976,martingale,NatGas (GAS_US),35.0,1.0
2011-06-01,2013-05-31,1.413447471470411,0.8910519868281275,-0.13447645508081063,False,,,65,0.5538461538461539,1.2782861771600815,3.106364577060351,martingale,NatGas (GAS_US),36.0,1.0
2011-07-01,2013-06-28,1.4418388503101653,0.9765163798285302,-0.1465634013687772,False,,,64,0.578125,1.285867885904432,3.438057500408653,martingale,NatGas (GAS_US),37.0,1.0
2011-08-01,2013-07-31,1.4675589358088714,0.9995,-0.15095929384761542,False,,,66,0.5757575757575758,1.3250185176511313,3.5595099138662656,martingale,NatGas (GAS_US),38.0,1.0
2011-09-01,2013-08-30,1.4149522439511284,0.9685047037643878,-0.1604062997356941,False,,,67,0.5522388059701493,1.2866371807568788,3.8248209807313533,martingale,NatGas (GAS_US),37.0,1.0
2011-10-03,2013-10-02,1.3713061117011534,0.9950567335323492,-0.17680187514236967,False,,,67,0.5373134328358209,1.3196604426806144,4.299731711623741,martingale,NatGas (GAS_US),36.0,1.0
2011-11-01,2013-10-31,1.3268844614390105,0.8975834411359979,-0.3989568563859417,False,,,70,0.5142857142857142,1.3206439414102105,9.956351007015352,martingale,NatGas (GAS_US),36.0,1.0
2011-12-01,2013-11-29,1.362488947707532,0.8506270184747541,-0.4255749135501974,False,,,69,0.5072463768115942,1.3319250528303592,10.51037536136557,martingale,NatGas (GAS_US),35.0,1.0
2012-01-03,2014-01-02,1.2933490057358317,0.7761186425131447,-0.4839728866067221,False,,,69,0.4927536231884058,1.3592167710537078,10.510375361365572,martingale,NatGas (GAS_US),34.0,1.0
2012-02-01,2014-01-31,1.1843188368803763,0.688417768145847,-0.5589889860781346,False,,,67,0.47761194029850745,1.312198835214389,10.510375361365572,martingale,NatGas (GAS_US),32.0,1.0
2012-03-01,2014-02-28,1.086038086070716,0.6289291725938202,-0.5827477001651621,False,,,66,0.4696969696969697,1.0863961008068088,10.51037536136557,martingale,NatGas (GAS_US),31.0,1.0
2012-04-02,2014-04-01,0.6364280539318188,0.40565985009545596,-0.6935485601062052,False,,,65,0.4461538461538462,1.1100959157509056,15.802283724791103,martingale,NatGas (GAS_US),29.0,1.0
2012-05-01,2014-04-30,0.23057332546190556,0.23057332546190556,-0.8158205255656947,False,,,62,0.43548387096774194,1.0143108516600319,17.736958545510657,martingale,NatGas (GAS_US),27.0,1.0
2012-06-01,2014-05-30,0.06736370264605218,0.059896852854525826,-0.9491012735001768,False,,,60,0.4166666666666667,1.000668446987788,17.73695854551066,martingale,NatGas (GAS_US),25.0,1.0
2012-07-02,2014-07-01,0.05640375319618027,0.05640375319618027,-0.9526550307506967,True,2014-06-12,488.0,55,0.41818181818181815,1.126592778483011,17.790397213260754,martingale,NatGas (GAS_US),23.0,1.0
2012-08-01,2014-07-30,0.07642855717006303,0.07642855717006303,-0.9358586082117257,True,2014-06-12,467.0,53,0.39622641509433965,1.1839153486257408,17.79039721326075,martingale,NatGas (GAS_US),21.0,1.0
2012-09-04,2014-09-03,0.05350416403244003,0.05350416403244003,-0.955263839526523,True,2014-06-12,444.0,49,0.3877551020408163,1.0765394126858991,17.790397213260757,martingale,NatGas (GAS_US),19.0,1.0
2012-10-01,2014-09-30,0.0818357233051506,0.0818357233051506,-0.9320843635799386,True,2014-06-12,425.0,45,0.4,1.039128322598421,17.79039721326076,martingale,NatGas (GAS_US),18.0,1.0
2012-11-01,2014-10-31,0.07816284628043109,0.07816284628043109,-0.9353247342437141,True,2014-06-12,403.0,43,0.4186046511627907,0.6895252699442072,17.790397213260743,martingale,NatGas (GAS_US),18.0,1.0
2012-12-03,2014-12-02,0.05225814404547112,0.05225814404547112,-0.9537309498309373,True,2014-06-12,382.0,40,0.4,0.5164011662440485,17.790397213260757,martingale,NatGas (GAS_US),16.0,1.0
2013-01-02,2014-12-31,0.029682084953409328,0.029682084953409328,-0.9713238283973465,True,2014-06-12,362.0,38,0.3684210526315789,0.4968300114173204,17.79039721326075,martingale,NatGas (GAS_US),14.0,1.0
2013-02-01,2015-01-30,0.05879813073307933,0.05879813073307933,-0.9525894506937627,True,2014-06-12,341.0,35,0.42857142857142855,0.6816348915635473,17.790397213260754,martingale,NatGas (GAS_US),15.0,1.0
2013-03-01,2015-02-27,0.06105655733987046,0.06105655733987046,-0.950626892338885,True,2014-06-12,322.0,35,0.42857142857142855,0.6627115926470974,17.79039721326076,martingale,NatGas (GAS_US),15.0,1.0
2013-04-01,2015-03-31,0.06293115394970704,0.06293115394970704,-0.9448558284534556,True,2014-06-12,302.0,32,0.375,0.5678463978904962,17.79039721326075,martingale,NatGas (GAS_US),12.0,1.0
2013-05-01,2015-04-30,0.18792903126863297,0.18792903126863297,-0.8428786194410035,True,2014-06-12,280.0,27,0.4074074074074074,0.8852499314244425,17.790397213260757,martingale,NatGas (GAS_US),11.0,1.0
2013-06-03,2015-06-02,0.05472110460528665,0.05472110460528665,-0.9507548788322284,True,2014-06-12,258.0,27,0.37037037037037035,0.08430237569529273,17.790397213260757,martingale,NatGas (GAS_US),10.0,1.0
2013-07-01,2015-06-30,0.16017785770863205,0.16017785770863205,-0.8634350212412867,True,2014-06-12,238.0,22,0.36363636363636365,0.16017785770863205,17.790397213260743,martingale,NatGas (GAS_US),8.0,1.0
2013-08-01,2015-07-31,0.09787910131121083,0.09787910131121083,-0.9042620077713124,True,2014-06-12,216.0,19,0.2631578947368421,0.09787910131121083,17.790397213260754,martingale,NatGas (GAS_US),5.0,1.0
2013-09-03,2015-09-02,0.14175572022027164,0.14175572022027164,-0.8701432962526643,True,2014-06-12,194.0,18,0.2777777777777778,0.14175572022027164,17.790397213260754,martingale,NatGas (GAS_US),5.0,1.0
2013-10-01,2015-09-30,0.28481709654486076,0.28481709654486076,-0.7187950081515022,True,2013-12-05,46.0,4,0.0,0.28481709654486076,14.15409397435987,martingale,NatGas (GAS_US),0.0,
2013-11-01,2015-10-30,0.13186905328679333,0.13186905328679333,-0.8804637322271249,True,2014-06-12,151.0,14,0.2857142857142857,0.13186905328679333,17.790397213260757,martingale,NatGas (GAS_US),4.0,1.0
2013-12-02,2015-12-01,0.14163236082730946,0.14163236082730946,-0.8708292283894539,True,2014-06-12,131.0,12,0.3333333333333333,0.14163236082730946,17.790397213260746,martingale,NatGas (GAS_US),4.0,1.0
2014-01-02,2015-12-31,0.1388914145139517,0.1388914145139517,-0.8671133009490488,True,2014-06-12,110.0,10,0.2,0.1388914145139517,17.79039721326076,martingale,NatGas (GAS_US),2.0,1.0
2014-02-03,2016-02-02,0.15125245712304136,0.15125245712304136,-0.8556829529905803,True,2014-06-12,89.0,7,0.2857142857142857,0.15125245712304136,17.79039721326076,martingale,NatGas (GAS_US),2.0,1.0
2014-03-03,2016-03-02,0.8693440248431495,0.3682128616778917,-0.6970523857710417,False,,,58,0.5344827586206896,1.0609913926072312,15.294932082554121,martingale,NatGas (GAS_US),31.0,1.0
2014-04-01,2016-03-31,0.0871604441121585,0.08467322855541086,-0.9152844136514149,True,2016-01-15,451.0,55,0.509090909090909,0.25635601448041256,15.008663019180869,martingale,NatGas (GAS_US),28.0,1.0
2014-05-01,2016-04-29,0.8675821891432483,0.37701739026870434,-0.6850785150162606,False,,,60,0.5166666666666667,1.0724682457772432,15.29493208255411,martingale,NatGas (GAS_US),31.0,1.0
2014-06-02,2016-06-01,1.0430546753134398,0.46815633150890995,-0.6565263885061803,False,,,55,0.5636363636363636,1.1881201112079904,15.294932082554112,martingale,NatGas (GAS_US),31.0,1.0
2014-07-01,2016-06-30,1.10683168953045,0.46169220958090623,-0.6640083803146751,False,,,58,0.5862068965517241,1.2813524224217805,15.294932082554116,martingale,NatGas (GAS_US),34.0,1.0
2014-08-06,2016-08-05,1.0069874837109105,0.41241765202986136,-0.6984607951397481,False,,,58,0.5689655172413793,1.2779099790958892,15.29493208255412,martingale,NatGas (GAS_US),33.0,1.0
2014-09-01,2016-08-31,0.9398776092990786,0.38579884040836265,-0.7062528165795888,False,,,62,0.532258064516129,1.198122285617552,15.294932082554118,martingale,NatGas (GAS_US),33.0,1.0
2014-10-01,2016-09-30,0.981209678817652,0.3988654926381172,-0.7019629468793325,False,,,64,0.546875,1.2600732967791597,15.294932082554118,martingale,NatGas (GAS_US),35.0,1.0
2014-11-03,2016-11-02,0.9852452966991004,0.38449594804354614,-0.7139037127058692,False,,,64,0.5625,1.290422643877901,15.294932082554114,martingale,NatGas (GAS_US),36.0,1.0
2014-12-01,2016-11-30,0.9415260129477703,0.37753123933569555,-0.7207457241754676,False,,,62,0.5806451612903226,1.3199296824165028,15.294932082554121,martingale,NatGas (GAS_US),36.0,1.0
2015-01-02,2016-12-30,0.8118983950434593,0.28208810289060926,-0.7940802873857266,False,,,63,0.5714285714285714,1.2752076374990653,15.294932082554114,martingale,NatGas (GAS_US),36.0,1.0
2015-02-02,2017-02-01,0.7265571651223757,0.24226424332690258,-0.8162512688548159,False,,,61,0.5573770491803278,0.8091630975672163,15.294932082554114,martingale,NatGas (GAS_US),34.0,1.0
2015-03-02,2017-03-01,0.7285215259694217,0.23664282154669827,-0.8160327371248766,False,,,61,0.5737704918032787,0.5666879346276501,15.294932082554116,martingale,NatGas (GAS_US),35.0,1.0
2015-04-01,2017-03-31,0.6126040132612944,0.21790733808536242,-0.8264025015027708,False,,,60,0.55,0.5010508921005623,15.294932082554107,martingale,NatGas (GAS_US),33.0,1.0
2015-05-01,2017-04-28,0.601508916668798,0.21002498042668188,-0.8258654619217791,False,,,57,0.543859649122807,0.46860691808761007,15.29493208255412,martingale,NatGas (GAS_US),31.0,1.0
2015-06-01,2017-05-31,0.5497184382638297,0.2000007371408247,-0.8348801623017095,False,,,55,0.5454545454545454,0.3498711630171066,15.294932082554114,martingale,NatGas (GAS_US),30.0,1.0
2015-07-01,2017-06-30,0.5509529883195229,0.18192396315204898,-0.8395545656612529,False,,,52,0.5384615384615384,0.3540347046527726,15.294932082554114,martingale,NatGas (GAS_US),28.0,1.0
2015-08-03,2017-08-02,0.5817031185636112,0.18358909988844702,-0.8406353423896968,False,,,57,0.543859649122807,0.34270944325338687,15.294932082554112,martingale,NatGas (GAS_US),31.0,1.0
2015-09-02,2017-09-01,0.526985762707906,0.1750945711711363,-0.8473589256007923,False,,,55,0.5454545454545454,0.33925149561117657,15.294932082554118,martingale,NatGas (GAS_US),30.0,1.0
2015-10-01,2017-09-29,0.07597480855938407,0.07597480855938407,-0.9331131018272321,True,2016-05-31,170.0,18,0.5,0.07597480855938407,15.294932082554118,martingale,NatGas (GAS_US),9.0,1.0
2015-11-02,2017-11-01,0.2615320760109115,0.2615320760109115,-0.7627843987221332,True,2016-01-15,52.0,8,0.5,0.2615320760109115,15.008663019180869,martingale,NatGas (GAS_US),4.0,1.0
2015-12-01,2017-11-30,0.23445732749107617,0.23445732749107617,-0.7796138122281759,True,2016-01-15,31.0,6,0.3333333333333333,0.23445732749107617,15.008663019180872,martingale,NatGas (GAS_US),2.0,1.0
2016-01-04,2018-01-03,1.4209673632951254,0.7301170655307105,-0.3039334715970733,False,,,51,0.5294117647058824,1.2485636048717186,8.831242061885181,martingale,NatGas (GAS_US),27.0,1.0
2016-02-01,2018-01-31,1.5426917994266034,0.741838946743283,-0.32263237775993603,False,,,53,0.5660377358490566,1.3309487307766528,9.081735620585269,martingale,NatGas (GAS_US),30.0,1.0
2016-03-01,2018-02-28,1.269038248775072,0.5719894036206443,-0.4373349399446991,False,,,51,0.5098039215686274,1.2581324990860931,9.081735620585267,martingale,NatGas (GAS_US),26.0,1.0
2016-04-01,2018-03-29,1.4450171956626099,0.940809119356912,-0.17247931572408293,False,,,51,0.5294117647058824,1.383220049074947,3.4872487152940823,martingale,NatGas (GAS_US),27.0,1.0
2016-05-02,2018-05-01,1.388800674130172,0.9765625224247219,-0.1716461713538856,False,,,48,0.5416666666666666,1.2602187872422632,3.4651808505923025,martingale,NatGas (GAS_US),26.0,1.0
2016-06-01,2018-05-31,1.0761322222461709,0.9532581381797213,-0.37957832152315196,False,,,48,0.5208333333333334,1.2158777856521201,7.0385769777253975,martingale,NatGas (GAS_US),25.0,1.0
2016-07-01,2018-06-29,0.8616928026631596,0.7283761186779654,-0.3916712563921032,False,,,43,0.46511627906976744,1.1947879838509778,6.854269554992343,martingale,NatGas (GAS_US),20.0,1.0
2016-08-01,2018-07-31,0.7626924142691108,0.7285692997880765,-0.48321862462994625,False,,,45,0.4888888888888889,1.2700862446283103,9.512106399497574,martingale,NatGas (GAS_US),22.0,1.0
2016-09-01,2018-08-31,0.4945261796523339,0.37421213994525787,-0.7231242387955183,False,,,41,0.4634146341463415,1.232883497183459,17.47087763695192,martingale,NatGas (GAS_US),19.0,1.0
2016-10-03,2018-10-02,0.23863466607381595,0.23863466607381595,-0.824141292690669,True,2018-09-25,494.0,39,0.48717948717948717,1.2439168666865397,17.470877636951915,martingale,NatGas (GAS_US),19.0,1.0
2016-11-01,2018-10-31,0.21606285582246906,0.21606285582246906,-0.8384346974213694,True,2018-09-25,473.0,36,0.4722222222222222,1.2529259005708278,17.470877636951922,martingale,NatGas (GAS_US),17.0,1.0
2016-12-01,2018-11-30,0.2144522117272258,0.2144522117272258,-0.829317374634127,True,2018-09-25,451.0,32,0.46875,1.0911419696672167,17.47087763695193,martingale,NatGas (GAS_US),15.0,1.0
2017-01-03,2019-01-02,0.19650161928501172,0.19650161928501172,-0.8397344829978183,True,2018-09-25,430.0,28,0.4642857142857143,1.162318431035493,17.470877636951936,martingale,NatGas (GAS_US),13.0,1.0
2017-02-01,2019-01-31,0.17411395810512434,0.17411395810512434,-0.8533738503598992,True,2018-09-25,410.0,25,0.44,1.1807761330116309,17.470877636951908,martingale,NatGas (GAS_US),11.0,1.0
2017-03-01,2019-02-28,0.03964734712699647,0.03964734712699647,-0.9603437704259619,True,2018-09-25,390.0,24,0.375,0.43561321578271534,17.470877636951926,martingale,NatGas (GAS_US),9.0,1.0
2017-04-03,2019-04-02,0.17367230012616872,0.17367230012616872,-0.8575245963324233,True,2018-09-25,367.0,23,0.4782608695652174,1.112212088225673,17.47087763695193,martingale,NatGas (GAS_US),11.0,1.0
2017-05-01,2019-04-30,0.15678777606363306,0.15678777606363306,-0.8660196968273141,True,2018-09-25,348.0,21,0.42857142857142855,1.04332700727365,17.47087763695193,martingale,NatGas (GAS_US),9.0,1.0
2017-06-01,2019-05-31,0.14297134619444393,0.14297134619444393,-0.8801877322339157,True,2018-09-25,325.0,21,0.42857142857142855,0.7105644420778111,17.470877636951933,martingale,NatGas (GAS_US),9.0,1.0
2017-07-03,2019-07-02,0.13208468528211006,0.13208468528211006,-0.8853770898060358,True,2018-09-25,303.0,17,0.4117647058823529,0.4749933674995409,17.47087763695193,martingale,NatGas (GAS_US),7.0,1.0
2017-08-01,2019-07-31,0.12583812481187487,0.12583812481187487,-0.8892195425391047,True,2018-09-25,284.0,16,0.375,0.38453729859969743,17.47087763695193,martingale,NatGas (GAS_US),6.0,1.0
2017-09-01,2019-08-30,0.12049806848890714,0.12049806848890714,-0.8881380484977957,True,2018-09-25,261.0,17,0.29411764705882354,0.2946527595806837,17.470877636951933,martingale,NatGas (GAS_US),5.0,1.0
2017-10-02,2019-10-01,0.12272723565827734,0.12272723565827734,-0.8898882532428786,True,2018-09-25,240.0,14,0.35714285714285715,0.12272723565827734,17.470877636951915,martingale,NatGas (GAS_US),5.0,1.0
2017-11-01,2019-10-31,0.1151714093129998,0.1151714093129998,-0.8950937893247444,True,2018-09-25,218.0,13,0.3076923076923077,0.1151714093129998,17.470877636951936,martingale,NatGas (GAS_US),4.0,1.0
2017-12-01,2019-11-29,0.11798246013612161,0.11798246013612161,-0.8935302807565921,True,2018-09-25,196.0,11,0.36363636363636365,0.11798246013612161,17.470877636951936,martingale,NatGas (GAS_US),4.0,1.0
2018-01-02,2020-01-01,0.10849244061531615,0.10849244061531615,-0.8981416534828351,True,2018-09-25,176.0,8,0.25,0.10849244061531615,17.47087763695194,martingale,NatGas (GAS_US),2.0,1.0
2018-02-01,2020-01-31,0.26635257633106885,0.26635257633106885,-0.7386494997433481,True,2018-10-02,160.0,6,0.16666666666666666,0.26635257633106885,16.773734768611664,martingale,NatGas (GAS_US),1.0,1.0
2018-03-01,2020-02-28,1.1619347723452476,0.7011594547370401,-0.4817983146835487,False,,,50,0.56,1.3448585761659342,9.081735620585267,martingale,NatGas (GAS_US),28.0,1.0
2018-04-02,2020-04-01,0.1275778402008941,0.1275778402008941,-0.8727921906392772,True,2018-10-02,121.0,5,0.0,0.1275778402008941,16.77373476861167,martingale,NatGas (GAS_US),0.0,
2018-05-01,2020-04-30,1.2810515195494512,0.8008685220844428,-0.469256981329804,False,,,64,0.546875,1.4399814671092022,9.081735620585267,martingale,NatGas (GAS_US),35.0,1.0
2018-06-01,2020-05-29,0.2610059810367001,0.2610059810367001,-0.7412489789726902,True,2018-10-02,77.0,4,0.0,0.2610059810367001,16.773734768611657,martingale,NatGas (GAS_US),0.0,
2018-07-02,2020-07-01,1.0224843530446843,0.5238626756764053,-0.5934669153988738,False,,,76,0.5394736842105263,1.3116444774781675,10.607717804796803,martingale,NatGas (GAS_US),41.0,1.0
2018-08-01,2020-07-31,0.9015350363026249,0.39006998761717415,-0.6968764925910429,False,,,79,0.5316455696202531,1.0709880026287224,11.25481194044952,martingale,NatGas (GAS_US),42.0,1.0
2018-09-05,2020-09-04,1.3538072515917174,0.7513231460158997,-0.4915536950738041,False,,,81,0.5679012345679012,1.0356252696322628,9.081735620585265,martingale,NatGas (GAS_US),46.0,1.0
2018-10-01,2020-09-30,1.4064588998683027,0.7986843023110327,-0.452197548591074,False,,,85,0.5647058823529412,1.140292993169463,9.081735620585267,martingale,NatGas (GAS_US),48.0,1.0
2018-11-01,2020-10-30,1.3138676992770455,0.7576828435820349,-0.46303353878892495,False,,,84,0.5476190476190477,0.9723418913763758,9.081735620585267,martingale,NatGas (GAS_US),46.0,1.0
2018-12-03,2020-12-02,1.2562268238656447,0.7147022838778335,-0.4129212486161482,False,,,79,0.5569620253164557,0.974195868652571,9.081735620585265,martingale,NatGas (GAS_US),44.0,1.0
2019-01-01,2020-12-31,0.8503121897984003,0.24936734807520133,-0.7840510688690486,False,,,77,0.5454545454545454,0.47390777107470555,12.515837400137631,martingale,NatGas (GAS_US),42.0,1.0
2019-02-01,2021-01-29,1.1971558451465885,0.7855993516580403,-0.2931507432490398,False,,,79,0.5063291139240507,1.1248034255247565,7.942199540439293,martingale,NatGas (GAS_US),40.0,1.0
2019-03-01,2021-02-26,0.8026242279155683,0.23886074512537933,-0.7790654577404609,False,,,79,0.5189873417721519,0.5397838776879575,12.43972431164551,martingale,NatGas (GAS_US),41.0,1.0
2019-04-01,2021-03-31,0.2910106709377373,0.2910106709377373,-0.7333820888384539,True,2019-09-03,109.0,8,0.5,0.2910106709377373,13.852596750240327,martingale,NatGas (GAS_US),4.0,1.0
2019-05-01,2021-04-30,0.22620537022344123,0.22620537022344123,-0.789153994468399,True,2019-09-03,88.0,7,0.42857142857142855,0.22620537022344123,16.627017354418026,martingale,NatGas (GAS_US),3.0,1.0
2019-06-03,2021-06-02,1.3800278947868425,0.6416898243129451,-0.3844621528086012,False,,,79,0.5063291139240507,1.1350306192563422,9.081735620585269,martingale,NatGas (GAS_US),40.0,1.0
2019-07-01,2021-06-30,1.3730548556661555,0.5559093190228226,-0.44627127871242367,False,,,80,0.5125,1.131230080176181,9.081735620585267,martingale,NatGas (GAS_US),41.0,1.0
2019-08-01,2021-07-30,1.5484518457305576,0.6874425648862872,-0.3554174729844387,False,,,78,0.5512820512820513,1.2949859422580976,5.496187621599051,martingale,NatGas (GAS_US),43.0,1.0
2019-09-03,2021-09-02,1.4503956580897155,0.5884885774712403,-0.4386875879296477,False,,,81,0.5679012345679012,1.2241816381491417,9.081735620585267,martingale,NatGas (GAS_US),46.0,1.0
2019-10-01,2021-09-30,1.6699750128309,0.6574646269356401,-0.36419833326175677,False,,,85,0.5882352941176471,1.3180726181136637,5.714983063439986,martingale,NatGas (GAS_US),50.0,1.0
2019-11-01,2021-10-29,1.6874798856684987,0.6809922728387288,-0.34116996066314176,False,,,90,0.5888888888888889,1.3260631173653596,5.1664954189611345,martingale,NatGas (GAS_US),53.0,1.0
2019-12-02,2021-12-01,1.8863183897154445,0.8748816353162786,-0.2292706698618856,False,,,94,0.5957446808510638,1.4637297507390037,3.7420548429905685,martingale,NatGas (GAS_US),56.0,1.0
2020-01-01,2021-12-31,1.9534275002026835,0.8433624980684881,-0.2459630001132017,False,,,98,0.5918367346938775,1.4908335465308684,4.103369816598866,martingale,NatGas (GAS_US),58.0,1.0
2020-02-03,2022-02-02,2.1243155609204614,0.871730373643317,-0.27613920707172934,False,,,101,0.5742574257425742,1.079415312879246,4.964662951126342,martingale,NatGas (GAS_US),58.0,1.0
2020-03-02,2022-03-01,2.17970354093911,0.8494049686168491,-0.2899263584575079,False,,,103,0.5631067961165048,1.4997151765381151,5.31374928635692,martingale,NatGas (GAS_US),58.0,1.0
2020-04-01,2022-03-31,2.366850112934237,0.9149863909870694,-0.32605619960445265,False,,,101,0.5742574257425742,1.5128713931027375,6.296301703579265,martingale,NatGas (GAS_US),58.0,1.0
2020-05-01,2022-04-29,2.349634103482482,0.9400817083437173,-0.31528694465769136,False,,,102,0.5980392156862745,1.4046883466033946,5.99258399284595,martingale,NatGas (GAS_US),61.0,1.0
2020-06-01,2022-05-31,2.70488791511283,0.836857198551213,-0.3868161978023077,False,,,102,0.6078431372549019,1.4286978243628166,8.20976504440015,martingale,NatGas (GAS_US),62.0,1.0
2020-07-01,2022-06-30,3.1530018575426175,0.7402081704137334,-0.44471344422874837,False,,,106,0.6037735849056604,1.4621236992297006,10.422690716415115,martingale,NatGas (GAS_US),64.0,1.0
2020-08-03,2022-08-02,2.8326132449044517,0.7198951892610848,-0.4085017833828468,False,,,108,0.5833333333333334,1.371990689772588,9.032597011632708,martingale,NatGas (GAS_US),63.0,1.0
2020-09-01,2022-08-31,0.0,0.0,-1.0,True,2020-09-29,19.0,4,0.0,0.0,12.754208049183955,martingale,NatGas (GAS_US),0.0,
2020-10-01,2022-09-30,3.14919030535722,0.5782121167433072,-0.4616890218727385,False,,,113,0.5929203539823009,1.4355465673728605,11.16176980805645,martingale,NatGas (GAS_US),67.0,1.0
2020-11-02,2022-11-01,3.290276581231229,0.6286592252266423,-0.42586273284862297,False,,,118,0.6101694915254238,1.5391519340270148,9.653185447091447,martingale,NatGas (GAS_US),72.0,1.0
2020-12-01,2022-11-30,3.541783377670127,0.5395521600788549,-0.49341497754287333,False,,,123,0.5934959349593496,1.6637421115084776,11.64360372861933,martingale,NatGas (GAS_US),73.0,1.0
2021-01-04,2023-01-03,3.34057059890631,0.8526901419728985,-0.446861484083766,False,,,130,0.5923076923076923,1.8155145271709245,9.081735620585269,martingale,NatGas (GAS_US),77.0,1.0
2021-02-01,2023-01-31,3.275084155490672,0.9250761044708747,-0.44383606748665416,False,,,133,0.6015037593984962,1.8583473986497252,9.081735620585267,martingale,NatGas (GAS_US),80.0,1.0
2021-03-01,2023-02-28,3.2561313427323393,0.9647313972262826,-0.44555537065892303,False,,,138,0.6014492753623188,1.8152345505528866,9.081735620585267,martingale,NatGas (GAS_US),83.0,1.0
2021-04-01,2023-03-31,2.5411953518363735,0.9958939021639902,-0.5408220863490445,False,,,144,0.5972222222222222,2.0426658907157424,9.081735620585267,martingale,NatGas (GAS_US),86.0,1.0
2021-05-03,2023-05-02,2.5422242498701473,0.9846746383522904,-0.5278885835898317,False,,,146,0.5958904109589042,2.222233224464577,9.081735620585267,martingale,NatGas (GAS_US),87.0,1.0
2021-06-01,2023-05-31,2.63422990585769,0.9896937468290209,-0.5061252526577338,False,,,149,0.5973154362416108,2.3416066039493937,9.081735620585267,martingale,NatGas (GAS_US),89.0,1.0
2021-07-01,2023-06-30,2.4466594457529482,0.9604615315103565,-0.48533290805072327,False,,,151,0.5761589403973509,2.304217865881813,9.081735620585267,martingale,NatGas (GAS_US),87.0,1.0
2021-08-02,2023-08-01,2.456108343916852,0.9722630820190364,-0.44737020991091625,False,,,150,0.58,2.2118883470017647,9.081735620585269,martingale,NatGas (GAS_US),87.0,1.0
2021-09-01,2023-08-31,2.3195191809803255,0.9859018801126982,-0.41199240812798776,False,,,149,0.5704697986577181,2.2039275712524007,9.081735620585269,martingale,NatGas (GAS_US),85.0,1.0
2021-10-01,2023-09-29,2.1976893907666897,0.9115947445748255,-0.38154676748113214,False,,,142,0.5704225352112676,2.1343886119015596,9.081735620585269,martingale,NatGas (GAS_US),81.0,1.0
2021-11-01,2023-10-31,1.8485280002483344,0.7979598568150491,-0.4705316011764713,False,,,137,0.5620437956204379,2.184615765927173,9.081735620585269,martingale,NatGas (GAS_US),77.0,1.0
2021-12-01,2023-11-30,0.5349412800773508,0.5349412800773508,-0.7651045730312903,True,2023-03-13,320.0,104,0.5865384615384616,2.170888039490563,10.592782216684066,martingale,NatGas (GAS_US),61.0,1.0
2022-01-03,2024-01-02,0.5689303925206876,0.5689303925206876,-0.7358507113823409,True,2022-12-12,237.0,74,0.581081081081081,0.5689303925206876,14.851636235669414,martingale,NatGas (GAS_US),43.0,1.0
2022-02-01,2024-01-31,1.1733362772705085,0.6696371021644257,-0.6530999418422542,False,,,132,0.5681818181818182,1.6564499854535824,9.927757051431389,martingale,NatGas (GAS_US),75.0,1.0
2022-03-01,2024-02-29,1.1752744549031489,0.6871322703359558,-0.6628409113315472,False,,,132,0.5757575757575758,1.6253490001450526,10.106295887764968,martingale,NatGas (GAS_US),76.0,1.0
2007-01-30,2009-01-29,1.2995932599484945,0.4394363145736622,-0.6231025365235765,False,,,79,0.5822784810126582,0.8452555747491276,12.052431697077697,martingale,NatGas front (GAS-LAST),46.0,1.0
2007-02-01,2009-01-30,1.2717713621568152,0.41764179245290506,-0.6357001197261776,False,,,73,0.6027397260273972,0.7934916428737799,12.052431697077699,martingale,NatGas front (GAS-LAST),44.0,1.0
2007-03-01,2009-02-27,1.2911886762995088,0.41167301071108764,-0.6447397969501918,False,,,79,0.5949367088607594,0.8387971650363117,12.052431697077699,martingale,NatGas front (GAS-LAST),47.0,1.0
2007-04-02,2009-04-01,1.2647687791319189,0.4091851012433192,-0.6393887437670811,False,,,78,0.6025641025641025,0.8807972004166629,12.052431697077695,martingale,NatGas front (GAS-LAST),47.0,1.0
2007-05-01,2009-04-30,1.3279762151752352,0.42558839989910324,-0.6343769565904451,False,,,80,0.625,0.9457667854477849,12.0524316970777,martingale,NatGas front (GAS-LAST),50.0,1.0
2007-06-01,2009-05-29,1.333414518875852,0.4267342614722136,-0.6336909104332737,False,,,86,0.6046511627906976,0.9839603518306159,12.052431697077697,martingale,NatGas front (GAS-LAST),52.0,1.0
2007-07-02,2009-07-01,0.2674413738172284,0.2674413738172284,-0.7603257454286397,True,2007-11-20,99.0,14,0.42857142857142855,0.2674413738172284,15.409407681550999,martingale,NatGas front (GAS-LAST),6.0,1.0
2007-08-01,2009-07-31,0.23459695408357917,0.23459695408357917,-0.7762492276560089,True,2007-11-20,78.0,10,0.3,0.23459695408357917,15.409407681551,martingale,NatGas front (GAS-LAST),3.0,1.0
2007-09-04,2009-09-03,0.21288201418579056,0.21288201418579056,-0.797012415586263,True,2007-11-20,55.0,7,0.2857142857142857,0.21288201418579056,15.409407681550997,martingale,NatGas front (GAS-LAST),2.0,1.0
2007-10-01,2009-09-30,1.7707563325417175,0.8908067409814131,-0.19119043048023054,False,,,93,0.5591397849462365,1.5480962218115584,4.287454531285744,martingale,NatGas front (GAS-LAST),52.0,1.0
2007-11-01,2009-10-30,1.6851841886478103,0.879092268683901,-0.18125204285270435,False,,,98,0.5408163265306123,1.5244441613786572,4.015247663375053,martingale,NatGas front (GAS-LAST),53.0,1.0
2007-12-03,2009-12-02,1.8884702764469787,0.9490365240189798,-0.20841673279602901,False,,,100,0.56,1.6600536908130048,4.775464659658165,martingale,NatGas front (GAS-LAST),56.0,1.0
2008-01-02,2009-12-31,1.830259850113137,0.9871678660399381,-0.1995532371165597,False,,,102,0.5588235294117647,1.6782045496252502,4.521744114017236,martingale,NatGas front (GAS-LAST),57.0,1.0
2008-02-01,2010-01-29,1.8316036801444477,0.9995,-0.20306263484427223,False,,,103,0.5533980582524272,1.721868198357905,4.621526895443833,martingale,NatGas front (GAS-LAST),57.0,1.0
2008-03-03,2010-03-02,1.6157064524825266,0.985506570027112,-0.1905527176616606,False,,,102,0.5392156862745098,1.5288820619408299,4.269787240636935,martingale,NatGas front (GAS-LAST),55.0,1.0
2008-04-01,2010-03-31,1.570162491462033,0.9793163845914851,-0.1914239283021637,False,,,102,0.5490196078431373,1.4578051953245215,4.293930359581591,martingale,NatGas front (GAS-LAST),56.0,1.0
2008-05-01,2010-04-30,1.493556812864364,0.9995,-0.1840625592477675,False,,,105,0.5333333333333333,1.4398028592818,4.091553663521033,martingale,NatGas front (GAS-LAST),56.0,1.0
2008-06-02,2010-06-01,1.412351169149966,0.9995,-0.17467512344042724,False,,,106,0.5283018867924528,1.365197050196993,3.838714211738864,martingale,NatGas front (GAS-LAST),56.0,1.0
2008-07-01,2010-06-30,1.3295137422004821,0.9728681082868131,-0.16507938780593434,False,,,108,0.5185185185185185,1.2467917578166603,3.5861406937708797,martingale,NatGas front (GAS-LAST),56.0,1.0
2008-08-01,2010-07-30,1.3728170022042296,0.8683719027480835,-0.24408617934580723,False,,,108,0.5,1.3018284441941121,5.856667398196729,martingale,NatGas front (GAS-LAST),54.0,1.0
2008-09-02,2010-09-01,1.4257173609379246,0.7443535068180522,-0.3270834280007119,False,,,109,0.4954128440366973,1.3052596117741482,8.816109470058922,martingale,NatGas front (GAS-LAST),54.0,1.0
2008-10-01,2010-09-30,1.3767619164134752,0.6960403618294746,-0.3432290689075489,False,,,107,0.4953271028037383,1.0600063812661704,9.081735620585265,martingale,NatGas front (GAS-LAST),53.0,1.0
2008-11-03,2010-11-02,1.3022080642803113,0.5930682586048465,-0.4066350589246158,False,,,108,0.49074074074074076,1.1468534792697458,9.081735620585269,martingale,NatGas front (GAS-LAST),53.0,1.0
2008-12-01,2010-11-30,1.4394672107003534,0.9114833022468849,-0.2977894427493779,False,,,101,0.5148514851485149,1.295709932706227,7.481673762125252,martingale,NatGas front (GAS-LAST),52.0,1.0
2009-01-02,2010-12-31,1.395708149372132,0.8062967629048216,-0.34750389934716597,False,,,96,0.5104166666666666,1.2396270283106952,9.081735620585267,martingale,NatGas front (GAS-LAST),49.0,1.0
2009-02-02,2011-02-01,1.2202882800117811,0.5998194666543651,-0.49983690402262293,False,,,94,0.48936170212765956,0.9836410888856748,9.081735620585267,martingale,NatGas front (GAS-LAST),46.0,1.0
2009-03-02,2011-03-01,1.0500128882612565,0.41859851991518776,-0.6341752225981526,False,,,91,0.4725274725274725,0.8562124617807129,11.154039210954073,martingale,NatGas front (GAS-LAST),43.0,1.0
2009-04-01,2011-03-31,0.9023349054176037,0.3112211642035309,-0.7302114216216758,False,,,91,0.4835164835164835,0.7024577382789594,11.490552884050244,martingale,NatGas front (GAS-LAST),44.0,1.0
2009-05-01,2011-04-29,0.7332711601161821,0.20569356380552015,-0.8152652060152445,False,,,90,0.4777777777777778,0.47601807079238173,12.752429821409837,martingale,NatGas front (GAS-LAST),43.0,1.0
2009-06-01,2011-05-31,0.7745864012907512,0.2469505067005814,-0.7642446331357495,False,,,86,0.47674418604651164,0.5823244147551465,12.463572241044318,martingale,NatGas front (GAS-LAST),41.0,1.0
2009-07-01,2011-06-30,0.6535354646921057,0.16821326123523556,-0.842542520125586,False,,,83,0.4939759036144578,0.5178986011649825,12.752429821409835,martingale,NatGas front (GAS-LAST),41.0,1.0
2009-08-03,2011-08-02,1.3858420236365727,0.5764132233124127,-0.44961307187439736,False,,,79,0.4810126582278481,1.1635422493930725,11.154039210954066,martingale,NatGas front (GAS-LAST),38.0,1.0
2009-09-01,2011-08-31,1.404809101306002,0.47240178925707266,-0.5509535158952711,False,,,75,0.49333333333333335,1.237894324722837,11.154039210954075,martingale,NatGas front (GAS-LAST),37.0,1.0
2009-10-01,2011-09-30,1.5087685311358394,0.7740633965548455,-0.2445872635756141,False,,,68,0.5294117647058824,1.3742841018940568,5.172845364665626,martingale,NatGas front (GAS-LAST),36.0,1.0
2009-11-02,2011-11-01,1.539595116767522,0.9500552784530726,-0.16527943583718652,False,,,64,0.546875,1.4123449776033707,3.0242138718075706,martingale,NatGas front (GAS-LAST),35.0,1.0
2009-12-01,2011-11-30,1.5574580778867184,0.8954380931478578,-0.1827374003798461,False,,,63,0.5555555555555556,1.4170203668873171,3.4150778623978755,martingale,NatGas front (GAS-LAST),35.0,1.0
2010-01-04,2012-01-03,1.4458722336367125,0.9433453987499618,-0.1623816154425589,False,,,62,0.5806451612903226,1.3302596583881197,2.9609116514964846,martingale,NatGas front (GAS-LAST),36.0,1.0
2010-02-01,2012-01-31,1.4959341933592278,0.9921475358939592,-0.17435514091189064,False,,,64,0.609375,1.336422038288962,3.2253456868849857,martingale,NatGas front (GAS-LAST),39.0,1.0
2010-03-01,2012-02-29,1.4909558692359357,0.9445912465374188,-0.20474825130405372,False,,,64,0.578125,1.290420758307139,3.932333660064719,martingale,NatGas front (GAS-LAST),37.0,1.0
2010-04-01,2012-03-30,1.5253238693831577,0.841526850940962,-0.2501124422545974,False,,,61,0.5901639344262295,1.3114028213461122,5.094175953357934,martingale,NatGas front (GAS-LAST),36.0,1.0
2010-05-03,2012-05-02,1.4857464965590435,0.8161527584148887,-0.26314737807431565,False,,,64,0.578125,1.3416772691759142,5.454478148832299,martingale,NatGas front (GAS-LAST),37.0,1.0
2010-06-01,2012-05-31,1.4756095723155458,0.7983756836711721,-0.2622268381548356,False,,,65,0.5846153846153846,1.312608225195995,5.428615444619463,martingale,NatGas front (GAS-LAST),38.0,1.0
2010-07-01,2012-06-29,1.4004146577915015,0.7652176045638543,-0.24861729902162966,False,,,64,0.5625,1.1982018092672682,5.053647479341016,martingale,NatGas front (GAS-LAST),36.0,1.0
2010-08-02,2012-08-01,1.4500640914781378,0.9959383634154056,-0.11215285351139004,False,,,63,0.6031746031746031,1.1567765245494401,2.5613804798711777,martingale,NatGas front (GAS-LAST),38.0,1.0
2010-09-01,2012-08-31,1.4441903545651151,0.9769283007151367,-0.14228546931587627,False,,,60,0.5833333333333334,1.1915278021953066,3.3637193532902003,martingale,NatGas front (GAS-LAST),35.0,1.0
2010-10-01,2012-09-28,1.2946001887239145,0.4807654778291033,-0.5401933698251646,False,,,62,0.532258064516129,1.0828072230193013,12.163490278293994,martingale,NatGas front (GAS-LAST),33.0,1.0
2010-11-01,2012-10-31,1.3928898234575708,0.679527027305967,-0.3201330392136398,False,,,62,0.532258064516129,1.146026649644267,6.045134462913824,martingale,NatGas front (GAS-LAST),33.0,1.0
2010-12-01,2012-11-30,1.4181637477421578,0.9468367748631165,-0.16223438576276372,False,,,62,0.5483870967741935,1.1976773993701832,3.9266514138684685,martingale,NatGas front (GAS-LAST),34.0,1.0
2011-01-03,2013-01-02,1.3648376468160097,0.9111959554919441,-0.1577777889762031,False,,,61,0.5573770491803278,1.1883376531721819,3.798578853366202,martingale,NatGas front (GAS-LAST),34.0,1.0
2011-02-01,2013-01-31,1.4015949589279655,0.9456153037906947,-0.1597809084470898,False,,,61,0.5737704918032787,1.2958027084060229,3.8559759054354568,martingale,NatGas front (GAS-LAST),35.0,1.0
2011-03-01,2013-02-28,1.3165833710988908,0.8872887570054298,-0.18568438708227208,False,,,61,0.5409836065573771,1.2276701232396703,4.623646232740257,martingale,NatGas front (GAS-LAST),33.0,1.0
2011-04-01,2013-03-28,1.3748579322341634,0.8571718425088185,-0.17425336616102394,False,,,62,0.5483870967741935,1.2360400464322623,4.278941364572009,martingale,NatGas front (GAS-LAST),34.0,1.0
2011-05-02,2013-05-01,1.362813606334798,0.8654678154014757,-0.16651087036873424,False,,,62,0.5645161290322581,1.2066602346374882,4.050835633571337,martingale,NatGas front (GAS-LAST),35.0,1.0
2011-06-01,2013-05-31,1.4009390887276199,0.8914385010220157,-0.13420956946051887,False,,,63,0.5714285714285714,1.2321486453443624,2.1620062616681213,martingale,NatGas front (GAS-LAST),36.0,1.0
2011-07-01,2013-06-28,1.4444857803745494,0.9765163798285303,-0.14187381118948839,False,,,63,0.5873015873015873,1.2741909604162247,1.8888730258493014,martingale,NatGas front (GAS-LAST),37.0,1.0
2011-08-01,2013-07-31,1.4446933678828164,0.9995,-0.1482232202156034,False,,,63,0.5873015873015873,1.3110244145512326,1.9881178890958382,martingale,NatGas front (GAS-LAST),37.0,1.0
2011-09-01,2013-08-30,1.39133993868934,0.9699932721838236,-0.15803007124587332,False,,,64,0.5625,1.2694031739468223,2.1443458938604834,martingale,NatGas front (GAS-LAST),36.0,1.0
2011-10-03,2013-10-02,1.293263688493788,0.9950567335323498,-0.17676080951245365,False,,,65,0.5384615384615384,1.2999925460408688,3.4250333150183057,martingale,NatGas front (GAS-LAST),35.0,1.0
2011-11-01,2013-10-31,1.494128203659767,0.9995,-0.30675927791341107,False,,,69,0.5362318840579711,1.3189776778169409,8.966812388993867,martingale,NatGas front (GAS-LAST),37.0,1.0
2011-12-01,2013-11-29,1.4392321759060205,0.9895195419503137,-0.33096541587213246,False,,,68,0.5294117647058824,1.333854004078495,9.081735620585269,martingale,NatGas front (GAS-LAST),36.0,1.0
2012-01-03,2014-01-02,1.318910344415862,0.8826374356035878,-0.40438157897678517,False,,,68,0.5147058823529411,1.331258154757021,9.081735620585267,martingale,NatGas front (GAS-LAST),35.0,1.0
2012-02-01,2014-01-31,0.8439275953752322,0.7457436122436132,-0.5127524677409032,False,,,65,0.49230769230769234,1.2925824508223966,9.798356496782281,martingale,NatGas front (GAS-LAST),32.0,1.0
2012-03-01,2014-02-28,1.069019616277606,0.6733897810473116,-0.5495110298707664,False,,,65,0.49230769230769234,1.1399450652407415,9.79835649678228,martingale,NatGas front (GAS-LAST),32.0,1.0
2012-04-02,2014-04-01,0.7593889150898538,0.4940920594558911,-0.6767958968507071,False,,,64,0.46875,1.3439922236179584,12.473069853706074,martingale,NatGas front (GAS-LAST),30.0,1.0
2012-05-01,2014-04-30,0.4906362085794034,0.4564425727087126,-0.6899366415947477,False,,,62,0.45161290322580644,1.3543612458972627,12.829527411663472,martingale,NatGas front (GAS-LAST),28.0,1.0
2012-06-01,2014-05-30,0.19221518488519265,0.17123229055404834,-0.8841938686531478,False,,,58,0.4482758620689655,1.3627280294332893,15.011503072624532,martingale,NatGas front (GAS-LAST),26.0,1.0
2012-07-02,2014-06-30,0.08220281570946493,0.07718392269530922,-0.9436055598171109,False,,,55,0.43636363636363634,1.3268573468708063,16.758857088582143,martingale,NatGas front (GAS-LAST),24.0,1.0
2012-08-01,2014-07-31,0.1674984510106602,0.10270579390407715,-0.920182922942802,False,,,55,0.43636363636363634,1.2712144648709416,16.758857088582165,martingale,NatGas front (GAS-LAST),24.0,1.0
2012-09-04,2014-09-03,0.11035115754723165,0.06495633237598582,-0.9510397045081573,False,,,54,0.4444444444444444,1.2508001223957228,16.758857088582154,martingale,NatGas front (GAS-LAST),24.0,1.0
2012-10-01,2014-09-30,0.14425493431491934,0.09406803989423593,-0.92457232548059,False,,,49,0.4489795918367347,0.9551717208391561,16.758857088582168,martingale,NatGas front (GAS-LAST),22.0,1.0
2012-11-01,2014-10-31,0.11530843976430663,0.06066724516650895,-0.9490129918469502,False,,,48,0.4583333333333333,0.725445548179196,16.758857088582158,martingale,NatGas front (GAS-LAST),22.0,1.0
2012-12-03,2014-12-02,0.03966869539991451,0.03966869539991451,-0.9677870923761405,True,2014-11-06,473.0,46,0.45652173913043476,0.7378331363308092,16.75885708858216,martingale,NatGas front (GAS-LAST),21.0,1.0
2013-01-02,2015-01-01,0.0174293818816639,0.0174293818816639,-0.9855691867567179,True,2014-11-06,453.0,44,0.4318181818181818,0.6811343632258791,16.75885708858215,martingale,NatGas front (GAS-LAST),19.0,1.0
2013-02-01,2015-01-30,0.022354749055272915,0.022354749055272915,-0.9816206202228663,True,2014-11-06,432.0,41,0.4634146341463415,0.3480128011046538,16.758857088582158,martingale,NatGas front (GAS-LAST),19.0,1.0
2013-03-01,2015-02-27,0.026665183006955508,0.026665183006955508,-0.977979304134099,True,2014-11-06,413.0,41,0.4634146341463415,0.45076998806503343,16.75885708858217,martingale,NatGas front (GAS-LAST),19.0,1.0
2013-04-01,2015-03-31,0.03472474994194439,0.03472474994194439,-0.9689376275169593,True,2014-11-06,393.0,38,0.42105263157894735,0.5142586141715119,16.75885708858217,martingale,NatGas front (GAS-LAST),16.0,1.0
2013-05-01,2015-04-30,0.031731619962355066,0.031731619962355066,-0.9695512272600971,True,2014-11-06,371.0,33,0.3939393939393939,0.31229774891182294,16.758857088582158,martingale,NatGas front (GAS-LAST),13.0,1.0
2013-06-03,2015-06-02,0.023960127018111226,0.023960127018111226,-0.9779650926695517,True,2014-11-06,348.0,33,0.42424242424242425,0.08904973966276286,16.758857088582168,martingale,NatGas front (GAS-LAST),14.0,1.0
2013-07-01,2015-06-30,0.02160098165292948,0.016792785055044866,-0.9839395928669679,True,2014-11-03,326.0,30,0.4,0.017884737739721067,16.758857088582158,martingale,NatGas front (GAS-LAST),12.0,1.0
2013-08-01,2015-07-31,0.029925248793173997,0.029925248793173997,-0.9706726300680181,True,2014-11-13,311.0,28,0.35714285714285715,0.12120559922565081,16.75885708858216,martingale,NatGas front (GAS-LAST),10.0,1.0
2013-09-02,2015-09-01,0.07091996591466421,0.07091996591466421,-0.9358617845800293,True,2014-11-13,289.0,27,0.37037037037037035,0.22610067679817522,16.758857088582158,martingale,NatGas front (GAS-LAST),10.0,1.0
2013-10-01,2015-09-30,0.0642127859394454,0.0642127859394454,-0.9426292254955485,True,2014-11-13,268.0,25,0.4,0.25307981638807897,16.758857088582165,martingale,NatGas front (GAS-LAST),10.0,1.0
2013-11-01,2015-10-30,0.042052213250795896,0.042052213250795896,-0.9609727480227591,True,2014-11-13,245.0,22,0.36363636363636365,0.042052213250795896,16.758857088582165,martingale,NatGas front (GAS-LAST),8.0,1.0
2013-12-02,2015-12-01,0.08102391539515717,0.08102391539515717,-0.9269517461489483,True,2014-11-13,224.0,18,0.3888888888888889,0.08102391539515717,16.758857088582147,martingale,NatGas front (GAS-LAST),7.0,1.0
2014-01-02,2015-12-31,0.07953565090769749,0.07953565090769749,-0.924454897849144,True,2014-11-13,203.0,17,0.29411764705882354,0.07953565090769749,16.758857088582147,martingale,NatGas front (GAS-LAST),5.0,1.0
2014-02-03,2016-02-02,0.19325521994961,0.11754499900248928,-0.8856044852064924,False,,,56,0.5178571428571429,0.518183586763447,14.349600370062841,martingale,NatGas front (GAS-LAST),29.0,1.0
2014-03-03,2016-03-02,0.2213415274439599,0.12223800821349778,-0.877700842207606,False,,,58,0.5344827586206896,0.23732242721341243,14.349600370062848,martingale,NatGas front (GAS-LAST),31.0,1.0
2014-04-01,2016-03-31,0.16658287122110838,0.08967203483851802,-0.9102831067148394,False,,,62,0.5161290322580645,0.22921695683029247,14.349600370062854,martingale,NatGas front (GAS-LAST),32.0,1.0
2014-05-01,2016-04-29,0.22694893563911062,0.22694893563911062,-0.7747656382026571,True,2014-11-04,116.0,9,0.2222222222222222,0.22694893563911062,14.644818975932962,martingale,NatGas front (GAS-LAST),2.0,1.0
2014-06-02,2016-06-01,0.24139602937609178,0.24139602937609178,-0.7732522934780972,True,2014-11-04,95.0,7,0.42857142857142855,0.24139602937609178,14.644818975932955,martingale,NatGas front (GAS-LAST),3.0,1.0
2014-07-02,2016-07-01,1.1400357954444063,0.6394291525148332,-0.451026312861991,False,,,63,0.5873015873015873,0.9802226551169201,9.259367535840529,martingale,NatGas front (GAS-LAST),37.0,1.0
2014-08-01,2016-07-29,1.0019971601878368,0.5387086084424396,-0.5262400918230787,False,,,63,0.5714285714285714,0.8545669836188815,9.861920520932447,martingale,NatGas front (GAS-LAST),36.0,1.0
2014-09-02,2016-09-01,0.9842481345559075,0.5296608430701648,-0.526789829762708,False,,,64,0.5625,0.880517984896459,9.861920520932447,martingale,NatGas front (GAS-LAST),36.0,1.0
2014-10-01,2016-09-30,1.0594529651534792,0.5611719975732659,-0.5104675309279354,False,,,65,0.5846153846153846,0.9371432315394203,9.805735144778039,martingale,NatGas front (GAS-LAST),38.0,1.0
2014-11-03,2016-11-02,1.0305746729902614,0.5312414146462412,-0.5287584725540373,False,,,67,0.582089552238806,0.9266659403766748,9.861920520932449,martingale,NatGas front (GAS-LAST),39.0,1.0
2014-12-01,2016-11-30,1.0856026803279861,0.5534663768812035,-0.49928442088516367,False,,,69,0.5942028985507246,0.9666963042971977,9.259367535840529,martingale,NatGas front (GAS-LAST),41.0,1.0
2015-01-01,2016-12-30,0.7384124286430597,0.3223402822583805,-0.7074619743497972,False,,,70,0.6,0.7930282076532166,9.884723711515647,martingale,NatGas front (GAS-LAST),42.0,1.0
2015-02-02,2017-02-01,0.620618748558195,0.20943656252068438,-0.7924366319436084,False,,,68,0.5735294117647058,0.2611916337659329,13.075388976480196,martingale,NatGas front (GAS-LAST),39.0,1.0
2015-03-02,2017-03-01,1.4799136130972657,0.7425539557960127,-0.4440642653772995,False,,,68,0.6323529411764706,1.213143996317798,9.861920520932449,martingale,NatGas front (GAS-LAST),43.0,1.0
2015-04-01,2017-03-31,1.3663867684504032,0.6693793487166984,-0.4817106303050277,False,,,65,0.6153846153846154,1.1157806107231074,9.861920520932445,martingale,NatGas front (GAS-LAST),40.0,1.0
2015-05-01,2017-04-28,1.31333201951862,0.6370398538719981,-0.484237631691129,False,,,64,0.609375,1.0778021376693467,9.861920520932445,martingale,NatGas front (GAS-LAST),39.0,1.0
2015-06-01,2017-05-31,1.3281342742726805,0.6130455473791759,-0.505829244403085,False,,,64,0.609375,1.0343419912347092,9.861920520932447,martingale,NatGas front (GAS-LAST),39.0,1.0
2015-07-01,2017-06-30,1.227170728269458,0.5536350349033604,-0.519540663664028,False,,,61,0.6065573770491803,0.9877542701328975,9.86192052093245,martingale,NatGas front (GAS-LAST),37.0,1.0
2015-08-03,2017-08-02,1.245015103538374,0.5756738204439006,-0.5167548320839193,False,,,65,0.6,1.019819573784331,9.861920520932447,martingale,NatGas front (GAS-LAST),39.0,1.0
2015-09-01,2017-08-31,1.1419153603608663,0.536991731906732,-0.5403995877282035,False,,,64,0.59375,1.003712370355103,9.861920520932449,martingale,NatGas front (GAS-LAST),38.0,1.0
2015-10-01,2017-09-29,0.9848581952765794,0.44656989561034893,-0.6073486830188047,False,,,62,0.5806451612903226,0.9038839005558368,10.024216045687064,martingale,NatGas front (GAS-LAST),36.0,1.0
2015-11-02,2017-11-01,1.019932853611993,0.3501243195341483,-0.6841098273710973,False,,,62,0.5483870967741935,0.7988827657812608,13.075388976480196,martingale,NatGas front (GAS-LAST),34.0,1.0
2015-12-01,2017-11-30,0.9576474085642187,0.3151080472725658,-0.7045128906665743,False,,,61,0.5409836065573771,0.7646675254966508,13.888698450508556,martingale,NatGas front (GAS-LAST),33.0,1.0
2016-01-04,2018-01-03,1.53558073712015,0.9271186875584811,-0.38414377720094695,False,,,61,0.5573770491803278,1.458386001949949,6.382665481948807,martingale,NatGas front (GAS-LAST),34.0,1.0
2016-02-01,2018-01-31,1.5075973225862285,0.9660651130457245,-0.4104015854621711,False,,,60,0.55,1.4698145112780974,7.122629235609671,martingale,NatGas front (GAS-LAST),33.0,1.0
2016-03-01,2018-02-28,1.0069344120652821,0.6840210988146165,-0.5274996772244509,False,,,53,0.49056603773584906,1.5064529162862295,11.423724050741646,martingale,NatGas front (GAS-LAST),26.0,1.0
2016-04-01,2018-03-29,0.30957484445146266,0.30957484445146266,-0.8060486843433268,False,,,54,0.5,1.4507292602722386,14.540527878411222,martingale,NatGas front (GAS-LAST),27.0,1.0
2016-05-02,2018-05-01,0.34021233885932256,0.23655867290749177,-0.8460454672204597,False,,,51,0.49019607843137253,1.4695946207356962,16.868625148799204,martingale,NatGas front (GAS-LAST),25.0,1.0
2016-06-01,2018-05-31,0.21356808455981735,0.20444039885796297,-0.8620412559215921,False,,,51,0.47058823529411764,1.1175508694567873,17.787307097007776,martingale,NatGas front (GAS-LAST),25.0,0.96
2016-07-01,2018-06-29,0.1964853753619014,0.18805189144109205,-0.8557303002440914,False,,,48,0.4166666666666667,1.2811762146994943,17.787307097007776,martingale,NatGas front (GAS-LAST),21.0,0.9523809523809523
2016-08-01,2018-07-31,0.15998127040064533,0.15611894496642317,-0.8854379660146166,False,,,48,0.4375,1.3000068458567346,17.787307097007762,martingale,NatGas front (GAS-LAST),22.0,0.9545454545454546
2016-09-01,2018-08-31,0.15081889041778523,0.12235701203841466,-0.9073652635584628,False,,,47,0.40425531914893614,1.137941669926744,17.787307097007773,martingale,NatGas front (GAS-LAST),20.0,0.95
2016-10-03,2018-10-02,0.1980340880377019,0.06981766207327761,-0.9469746938931073,False,,,47,0.425531914893617,1.0564619306413787,17.787307097007776,martingale,NatGas front (GAS-LAST),21.0,0.9523809523809523
2016-11-01,2018-10-31,0.1590552043290164,0.054998478137014736,-0.9566599094744652,False,,,44,0.4090909090909091,0.7971474805093364,17.78730709700779,martingale,NatGas front (GAS-LAST),19.0,0.9473684210526315
2016-12-01,2018-11-30,0.28716235992034744,0.05829570308129597,-0.9509276428533173,False,,,48,0.4583333333333333,1.0225326832209403,17.787307097007776,martingale,NatGas front (GAS-LAST),23.0,0.9565217391304348
2017-01-02,2019-01-01,0.3485225911888766,0.05537179347821282,-0.9507281837546672,False,,,49,0.46938775510204084,1.0980793289265511,17.787307097007783,martingale,NatGas front (GAS-LAST),24.0,0.9583333333333334
2017-02-01,2019-01-31,0.35186990145999525,0.03699329610640291,-0.9664373215845542,False,,,47,0.46808510638297873,0.9706281342280737,17.787307097007783,martingale,NatGas front (GAS-LAST),23.0,0.9565217391304348
2017-03-01,2019-02-28,0.12221071446002518,0.12221071446002518,-0.8783542679850305,True,2017-10-06,155.0,12,0.25,0.12221071446002518,16.155166148334942,martingale,NatGas front (GAS-LAST),3.0,1.0
2017-04-03,2019-04-02,0.38507983207956037,0.02296834754420411,-0.978393450137625,False,,,46,0.5,0.2054613454768026,17.787307097007787,martingale,NatGas front (GAS-LAST),24.0,0.9583333333333334
2017-05-01,2019-04-30,0.39940725216056644,0.021936558750697426,-0.9791960012501233,False,,,45,0.5111111111111111,0.1465768328349507,17.787307097007776,martingale,NatGas front (GAS-LAST),24.0,0.9583333333333334
2017-06-01,2019-05-31,0.43441922654010334,0.01644848820423253,-0.984267232225075,False,,,43,0.5348837209302325,0.09567436425743797,17.787307097007773,martingale,NatGas front (GAS-LAST),24.0,0.9583333333333334
2017-07-03,2019-07-02,0.48955289148045494,0.019585034373272726,-0.9818093651418508,False,,,42,0.5714285714285714,0.10266116019362315,17.787307097007773,martingale,NatGas front (GAS-LAST),25.0,0.96
2017-08-01,2019-07-31,0.10205088377464296,0.017867328396236302,-0.9830788988509092,False,,,45,0.5111111111111111,0.06696520905656206,17.787307097007783,martingale,NatGas front (GAS-LAST),24.0,0.9583333333333334
2017-09-01,2019-08-30,0.11238161669044641,0.01539300094016977,-0.9845992987091848,False,,,50,0.48,0.03741390046881351,17.787307097007787,martingale,NatGas front (GAS-LAST),25.0,0.96
2017-10-02,2019-10-01,0.11605247848540756,0.014793911759007343,-0.9855823186094529,False,,,50,0.52,0.03224699451374909,17.787307097007776,martingale,NatGas front (GAS-LAST),27.0,0.9629629629629629
2017-11-01,2019-10-31,0.014802450671013078,0.01070748619096883,-0.9893136225140511,True,2018-11-15,270.0,21,0.38095238095238093,0.027654469530789615,17.787307097007798,martingale,NatGas front (GAS-LAST),9.0,0.8888888888888888
2017-12-01,2019-11-29,0.05217219181082414,0.01736025540809078,-0.9836971740531615,True,2019-10-29,493.0,46,0.5434782608695652,0.22598117180013108,17.787307097007773,martingale,NatGas front (GAS-LAST),26.0,0.9615384615384616
2018-01-01,2019-12-31,0.07603914485831655,0.059161939047320394,-0.9434030899673914,True,2019-10-29,472.0,45,0.5555555555555556,0.3570767070872503,17.787307097007783,martingale,NatGas front (GAS-LAST),26.0,0.9615384615384616
2018-02-01,2020-01-31,0.31147865086233417,0.08257796718471948,-0.9175709334072225,False,,,52,0.5576923076923077,0.5665770802244106,16.22186589181881,martingale,NatGas front (GAS-LAST),29.0,1.0
2018-03-01,2020-02-28,0.23576734539013536,0.23576734539013536,-0.7676774356899281,True,2018-09-24,146.0,4,0.0,0.23576734539013536,14.536970203552738,martingale,NatGas front (GAS-LAST),0.0,
2018-04-02,2020-04-01,0.2330967965664393,0.2330967965664393,-0.7682530953059757,True,2018-09-24,125.0,4,0.0,0.2330967965664393,14.53697020355274,martingale,NatGas front (GAS-LAST),0.0,
2018-05-01,2020-04-30,0.23409460723873476,0.23409460723873476,-0.767284922456533,True,2018-09-24,104.0,4,0.0,0.23409460723873476,14.536970203552734,martingale,NatGas front (GAS-LAST),0.0,
2018-06-01,2020-05-29,0.2678941873761874,0.2678941873761874,-0.7340889229995287,True,2018-10-01,86.0,4,0.0,0.2678941873761874,14.794789583917394,martingale,NatGas front (GAS-LAST),0.0,
2018-07-02,2020-07-01,1.51012760976208,0.8526034658950384,-0.45575081478501045,False,,,74,0.581081081081081,1.5453955208320345,9.081735620585267,martingale,NatGas front (GAS-LAST),43.0,1.0
2018-08-01,2020-07-31,1.158372632365471,0.583650778389407,-0.5546206602925188,False,,,78,0.5384615384615384,1.122589505253898,9.081735620585267,martingale,NatGas front (GAS-LAST),42.0,1.0
2018-09-03,2020-09-02,1.484480116319246,0.7779612909399694,-0.4734503421599152,False,,,80,0.5625,1.111553541859513,9.081735620585265,martingale,NatGas front (GAS-LAST),45.0,1.0
2018-10-01,2020-09-30,1.4621232637848414,0.7976713776085117,-0.45306439078591,False,,,81,0.5679012345679012,1.1731925117570101,9.081735620585269,martingale,NatGas front (GAS-LAST),46.0,1.0
2018-11-01,2020-10-30,1.4249926645297881,0.7798258459268002,-0.4553920788962621,False,,,84,0.5476190476190477,1.096480547750556,9.081735620585269,martingale,NatGas front (GAS-LAST),46.0,1.0
2018-12-03,2020-12-02,1.365899236872791,0.7578989932659256,-0.3907668667849492,False,,,84,0.5357142857142857,1.0801189170138765,9.081735620585267,martingale,NatGas front (GAS-LAST),45.0,1.0
2019-01-01,2020-12-31,1.1468281138976977,0.5302337511038745,-0.5541595767577993,False,,,81,0.5185185185185185,0.8520254610460041,9.081735620585269,martingale,NatGas front (GAS-LAST),42.0,1.0
2019-02-01,2021-01-29,0.7413520701542897,0.490395156629789,-0.5644751680848337,False,,,83,0.4819277108433735,0.8252055546300384,9.081735620585267,martingale,NatGas front (GAS-LAST),40.0,1.0
2019-03-01,2021-02-26,1.0312883692286723,0.46753267680211924,-0.5652951774581028,False,,,81,0.48148148148148145,0.7532155587178498,9.081735620585267,martingale,NatGas front (GAS-LAST),39.0,1.0
2019-04-01,2021-03-31,1.0283108241194696,0.44261539515306586,-0.5923029182402537,False,,,82,0.4878048780487805,0.8006219395016926,9.081735620585269,martingale,NatGas front (GAS-LAST),40.0,1.0
2019-05-01,2021-04-30,0.9853168540153001,0.3869047901597232,-0.6372571414482046,False,,,83,0.4819277108433735,0.7890937529599027,9.53474022483582,martingale,NatGas front (GAS-LAST),40.0,1.0
2019-06-03,2021-06-02,0.9359215101204321,0.3372819519291366,-0.6708283396012972,False,,,83,0.46987951807228917,0.7332521913498058,9.72499122455701,martingale,NatGas front (GAS-LAST),39.0,1.0
2019-07-01,2021-06-30,1.4431624996272716,0.6074352563088959,-0.3922608741281681,False,,,84,0.4880952380952381,1.1883480128946837,9.081735620585269,martingale,NatGas front (GAS-LAST),41.0,1.0
2019-08-01,2021-07-30,1.4451118670186776,0.6225789681451636,-0.4076001874924533,False,,,81,0.5061728395061729,1.2034219677699576,9.081735620585269,martingale,NatGas front (GAS-LAST),41.0,1.0
2019-09-02,2021-09-01,1.6349923174282694,0.853342441012497,-0.29434638207368224,False,,,83,0.5301204819277109,1.4144314062694032,4.915439957288717,martingale,NatGas front (GAS-LAST),44.0,1.0
2019-10-01,2021-09-30,1.683703049020876,0.9368307709797227,-0.2999352187905554,False,,,85,0.5411764705882353,1.3752967127627995,4.325399207545605,martingale,NatGas front (GAS-LAST),46.0,1.0
2019-11-01,2021-10-29,1.6834296176960712,0.9426599424827715,-0.2866015650900048,False,,,89,0.5393258426966292,1.3515268006454901,4.055863845286659,martingale,NatGas front (GAS-LAST),48.0,1.0
2019-12-02,2021-12-01,1.8210860980292858,0.9291335717716254,-0.34138153315279196,False,,,91,0.5384615384615384,1.3657417636572593,5.232907799024681,martingale,NatGas front (GAS-LAST),49.0,1.0
2020-01-02,2021-12-31,1.9091118903396802,0.8994412134391188,-0.3645918127505391,False,,,95,0.5368421052631579,1.3649806298665599,5.792833785727259,martingale,NatGas front (GAS-LAST),51.0,1.0
2020-02-03,2022-02-02,2.1391125100406243,0.8337903798866925,-0.414011567553902,False,,,102,0.5392156862745098,1.1748745250300137,7.13280570957775,martingale,NatGas front (GAS-LAST),55.0,1.0
2020-03-02,2022-03-01,2.200910876277907,0.8091725596473848,-0.4357386077940365,False,,,102,0.5392156862745098,1.4508880129541926,7.7961945347531705,martingale,NatGas front (GAS-LAST),55.0,1.0
2020-04-01,2022-03-31,2.4301154205015374,0.7198485868685731,-0.49201205272992243,False,,,101,0.5544554455445545,1.433903439240951,9.778208545680469,martingale,NatGas front (GAS-LAST),56.0,1.0
2020-05-01,2022-04-29,2.2628808272537313,0.6080166068105126,-0.4993313393325456,False,,,102,0.5686274509803921,1.2431134363612732,10.068745847771966,martingale,NatGas front (GAS-LAST),58.0,1.0
2020-06-01,2022-05-31,2.7014937885378365,0.5773667321469391,-0.5518397233611037,False,,,104,0.5769230769230769,1.3120265293014406,12.431300412507547,martingale,NatGas front (GAS-LAST),60.0,1.0
2020-07-01,2022-06-30,3.177050278735529,0.4988246065324171,-0.6080696138470341,False,,,109,0.5779816513761468,1.3498001880878243,15.087062447991189,martingale,NatGas front (GAS-LAST),63.0,1.0
2020-08-03,2022-08-02,2.741672805878263,0.49866094762930024,-0.5715499487428933,False,,,112,0.5625,1.3470873010574897,13.467623070471216,martingale,NatGas front (GAS-LAST),63.0,1.0
2020-09-01,2022-08-31,2.760943609155656,0.5316891237656186,-0.5208233459999707,False,,,115,0.5652173913043478,1.2362300070180239,10.973161084525076,martingale,NatGas front (GAS-LAST),65.0,1.0
2020-10-01,2022-09-30,3.2576205724325398,0.42886775851700787,-0.6027917358467596,False,,,117,0.5811965811965812,1.399969521420393,15.087062447991194,martingale,NatGas front (GAS-LAST),68.0,1.0
2020-11-02,2022-11-01,3.350754846727812,0.45595405702700725,-0.5757312837783173,False,,,120,0.6,1.4455838340319749,13.699849005552245,martingale,NatGas front (GAS-LAST),72.0,1.0
2020-12-01,2022-11-30,3.6334816242932253,0.3927313275571569,-0.6238324859799596,False,,,122,0.5901639344262295,1.4814224109491354,15.087062447991197,martingale,NatGas front (GAS-LAST),72.0,1.0
2021-01-04,2023-01-03,4.152593814530057,0.9074389676620512,-0.26241616400921686,False,,,132,0.5833333333333334,1.73748965690683,6.42276959965153,martingale,NatGas front (GAS-LAST),77.0,1.0
2021-02-01,2023-01-31,4.035881042476868,0.9202435478360289,-0.2577551599498741,False,,,133,0.6015037593984962,1.8139364048602384,6.14750925656988,martingale,NatGas front (GAS-LAST),80.0,1.0
2021-03-01,2023-02-28,4.0440180399953825,0.9623504673523319,-0.2587148461856337,False,,,138,0.6014492753623188,1.9233171008525103,6.203028571901225,martingale,NatGas front (GAS-LAST),83.0,1.0
2021-04-01,2023-03-31,1.42040042601812,0.9962014620848751,-0.6806272308264434,False,,,144,0.5902777777777778,2.0828617617307303,9.480163747315219,martingale,NatGas front (GAS-LAST),86.0,0.9883720930232558
2021-05-03,2023-05-02,1.4066442332273115,0.9793871851405269,-0.6786176510910598,False,,,147,0.5850340136054422,2.140074329779362,9.480163747315222,martingale,NatGas front (GAS-LAST),87.0,0.9885057471264368
2021-06-01,2023-05-31,1.3848657558644268,0.990431515655892,-0.683648722751024,False,,,150,0.58,2.3529148027364055,9.48016374731522,martingale,NatGas front (GAS-LAST),88.0,0.9886363636363636
2021-07-01,2023-06-30,1.256472525638159,0.9909202984596472,-0.6785263237640011,False,,,152,0.5657894736842105,2.309956775398909,9.480163747315222,martingale,NatGas front (GAS-LAST),87.0,0.9885057471264368
2021-08-02,2023-08-01,0.9380042602058576,0.9380042602058576,-0.7031069633966727,False,,,151,0.5562913907284768,2.1386593410633665,9.480163747315222,martingale,NatGas front (GAS-LAST),85.0,0.9882352941176471
2021-09-01,2023-08-31,0.8660560029300254,0.6504889277231308,-0.7693502803588489,False,,,154,0.538961038961039,2.1704834748566366,9.48016374731522,martingale,NatGas front (GAS-LAST),84.0,0.9880952380952381
2021-10-01,2023-09-29,0.8669646848184347,0.6017468762095893,-0.7559863251362188,False,,,150,0.54,2.1232426710311896,9.48016374731522,martingale,NatGas front (GAS-LAST),82.0,0.9878048780487805
2021-11-01,2023-10-31,0.8325934183551297,0.5660806740042515,-0.7753138603766293,False,,,148,0.5337837837837838,2.273746795554032,9.48016374731522,martingale,NatGas front (GAS-LAST),80.0,0.9875
2021-12-01,2023-11-30,0.8256107393803118,0.5295442646283858,-0.8111514248392819,False,,,143,0.5454545454545454,2.49170467316991,9.48016374731522,martingale,NatGas front (GAS-LAST),79.0,0.9873417721518988
2022-01-03,2024-01-02,0.7739142061837798,0.478530427332538,-0.8359732165829027,False,,,140,0.55,2.7339972267464816,9.480163747315219,martingale,NatGas front (GAS-LAST),78.0,0.9871794871794872
2022-02-01,2024-01-31,0.09797667621679788,0.09797667621679788,-0.959312968344168,True,2024-01-29,500.0,138,0.5289855072463768,2.3659855490175343,14.043343428010614,martingale,NatGas front (GAS-LAST),74.0,0.9864864864864865
2022-03-01,2024-02-29,0.08721193754976099,0.08721193754976099,-0.9633361061056129,True,2024-01-29,481.0,134,0.5223880597014925,2.296783322571416,14.043343428010617,martingale,NatGas front (GAS-LAST),71.0,0.9859154929577465
1991-01-02,1992-12-31,1.138121283438653,0.3932128420094374,-0.6085447322664402,False,,,15,1.0,1.0743512022610693,11.192903151458314,dca,"WTI (Dec, CRUDE_W)",,
1991-02-01,1993-01-29,1.1223486253494976,0.9552309361069131,-0.10739278387867934,False,,,20,1.0,1.0190678091830048,2.030552181781933,dca,"WTI (Dec, CRUDE_W)",,
1991-03-01,1993-02-26,1.1138275134741613,0.9387080804973378,-0.10907689163255396,False,,,19,1.0,1.0028587664827509,2.066293346904871,dca,"WTI (Dec, CRUDE_W)",,
1991-04-01,1993-03-31,1.1050171545178369,0.9285038305188236,-0.11014361071904266,False,,,18,1.0,1.0045085715194384,2.0890018949449756,dca,"WTI (Dec, CRUDE_W)",,
1991-05-01,1993-04-30,1.0981265051764573,0.9194120838201378,-0.11111176281205037,False,,,15,1.0,1.0601085427319967,2.10965930897743,dca,"WTI (Dec, CRUDE_W)",,
1991-06-03,1993-06-02,1.0862178458626797,0.9169952363374083,-0.11137199571026934,False,,,14,1.0,1.0598542425910336,2.1152195611884275,dca,"WTI (Dec, CRUDE_W)",,
1991-07-01,1993-06-30,1.0548795618030784,0.9070824078896766,-0.11245223155589701,False,,,14,1.0,1.0504985051658495,2.1383352213059337,dca,"WTI (Dec, CRUDE_W)",,
1991-08-01,1993-07-30,0.9933844378092518,0.9013772462658798,-0.14066024827862256,False,,,12,1.0,1.0415102239544993,3.318997573636767,dca,"WTI (Dec, CRUDE_W)",,
1991-09-03,1993-09-02,0.9887661520698892,0.8990646140393039,-0.1409615368391809,False,,,11,1.0,1.0399060377860045,3.330672609085215,dca,"WTI (Dec, CRUDE_W)",,
1991-10-01,1993-09-30,1.144746608780919,0.7911510957569501,-0.2791494140684204,False,,,11,1.0,1.0463555033401504,5.990785403902473,dca,"WTI (Dec, CRUDE_W)",,
1991-11-01,1993-10-29,1.1252806073294142,0.7851459169131143,-0.28068520212116244,False,,,9,1.0,1.0390429599906819,6.036605852038939,dca,"WTI (Dec, CRUDE_W)",,
1991-12-02,1993-12-01,1.06076148209082,0.7698029493765057,-0.2846869109407453,False,,,9,1.0,1.0120470685240974,6.1569216389479795,dca,"WTI (Dec, CRUDE_W)",,
1992-01-02,1993-12-30,0.9653953819858225,0.7738750000492143,-0.2836137692018853,False,,,10,1.0,1.008899482620185,6.124524550399962,dca,"WTI (Dec, CRUDE_W)",,
1992-02-03,1994-02-02,1.0748390902847618,0.7702804924487534,-0.2845606398362974,False,,,10,1.0,1.0355428982458645,6.153104593983354,dca,"WTI (Dec, CRUDE_W)",,
1992-03-02,1994-03-01,0.8644880105855552,0.7616501640535507,-0.32020345629479496,False,,,10,1.0,1.045523408558944,6.1813178168367955,dca,"WTI (Dec, CRUDE_W)",,
1992-04-01,1994-03-31,0.734092100721905,0.5340634889852085,-0.5221834474043887,False,,,9,1.0,1.0441791258985187,8.333363852615758,dca,"WTI (Dec, CRUDE_W)",,
1992-05-01,1994-04-29,0.9818358318463023,0.528353887321579,-0.5248645991459808,False,,,7,1.0,1.037670801448669,8.423417487609772,dca,"WTI (Dec, CRUDE_W)",,
1992-06-01,1994-05-31,1.1594038709519612,0.5256706448804129,-0.5261341464448557,False,,,7,1.0,1.0214789692059631,8.46641412727862,dca,"WTI (Dec, CRUDE_W)",,
1992-07-01,1994-06-30,1.1660468056240882,0.5288271265646491,-0.5246413263911861,False,,,9,1.0,0.9868880129366611,8.415879501157004,dca,"WTI (Dec, CRUDE_W)",,
1992-08-03,1994-08-02,1.1594822976298247,0.5140490857327631,-0.531704417837824,False,,,10,1.0,0.9083571628765954,8.657821787129645,dca,"WTI (Dec, CRUDE_W)",,
1992-09-01,1994-08-31,1.1365115011622011,0.5143545323138525,-0.531556506938768,False,,,10,1.0,0.8041140721297202,8.6526803877671,dca,"WTI (Dec, CRUDE_W)",,
1992-10-01,1994-09-30,1.202732803156604,0.5227317430611231,-0.5275317221663842,False,,,11,1.0,1.1037097655005605,8.514013991284987,dca,"WTI (Dec, CRUDE_W)",,
1992-11-02,1994-11-01,1.174355622661503,0.5069339163516711,-0.5351733450530172,False,,,10,1.0,1.078731353519373,8.779340325344794,dca,"WTI (Dec, CRUDE_W)",,
1992-12-01,1994-11-30,1.1675867390923809,0.5036204126192967,-0.5368043043747166,False,,,10,1.0,0.9713836799306752,8.837102831007577,dca,"WTI (Dec, CRUDE_W)",,
1993-01-04,1995-01-03,1.1672954004204001,0.5069951972463382,-0.5351432749549245,False,,,11,1.0,1.040445178352364,8.778279159809802,dca,"WTI (Dec, CRUDE_W)",,
1993-02-01,1995-01-31,1.170513857301418,0.5013117285203865,-0.537946564036225,False,,,9,1.0,0.958703455579192,8.87780022072674,dca,"WTI (Dec, CRUDE_W)",,
1993-03-02,1995-03-01,1.1446581016647173,0.4941786739030958,-0.5415066763867916,False,,,8,1.0,0.7680650532458095,9.005943819793213,dca,"WTI (Dec, CRUDE_W)",,
1993-04-01,1995-03-31,1.1379627163343686,0.426439052582424,-0.5926528803591606,False,,,7,1.0,0.7728113727793904,10.353922221759877,dca,"WTI (Dec, CRUDE_W)",,
1993-05-03,1995-05-02,0.1591778674358558,0.1591778674358558,-0.8447436007508975,True,1994-02-16,199.0,0,,0.1591778674358558,19.710254922259377,dca,"WTI (Dec, CRUDE_W)",,
1993-06-01,1995-05-31,1.155515445289956,0.43436574856784915,-0.586308650565392,False,,,9,1.0,1.0930676089342175,10.175714097254998,dca,"WTI (Dec, CRUDE_W)",,
1993-07-01,1995-06-30,1.0994026732858933,0.45186059893471775,-0.5636362919331896,False,,,10,1.0,1.0838188976079868,9.849376964053864,dca,"WTI (Dec, CRUDE_W)",,
1993-08-02,1995-08-01,1.1032805230165286,0.44269188160411055,-0.5686714622834794,False,,,10,1.0,1.0878628848945329,10.053370208607562,dca,"WTI (Dec, CRUDE_W)",,
1993-09-02,1995-09-01,1.1044188384825042,0.4243229340122836,-0.5790347009907792,False,,,9,1.0,1.069869000085871,10.488580789230575,dca,"WTI (Dec, CRUDE_W)",,
1993-10-01,1995-09-29,1.1199101391196662,0.4322975088515486,-0.5683521218703311,False,,,9,1.0,1.0982367913948892,10.322551954934395,dca,"WTI (Dec, CRUDE_W)",,
1993-11-01,1995-10-31,1.1358692386712819,0.5346376621083442,-0.4679689956028549,False,,,10,1.0,1.1039765924639366,8.527112637092145,dca,"WTI (Dec, CRUDE_W)",,
1993-12-01,1995-11-30,1.1423612247203536,0.8652387364373482,-0.1410569952009958,False,,,12,1.0,1.072418988070781,3.5775515706597707,dca,"WTI (Dec, CRUDE_W)",,
1994-01-03,1996-01-02,1.1174387226499747,0.9334793836556781,-0.09868205262735819,False,,,12,1.0,1.0649667051221483,2.0573301755006943,dca,"WTI (Dec, CRUDE_W)",,
1994-02-01,1996-01-31,1.1107374473301077,0.9425842699301743,-0.09850313754618734,False,,,12,1.0,1.0495948189238176,2.0531770635387603,dca,"WTI (Dec, CRUDE_W)",,
1994-03-01,1996-02-29,1.1076260687566415,0.9479200948325639,-0.09932701020855994,False,,,13,1.0,1.0397707010071597,2.0723156342217264,dca,"WTI (Dec, CRUDE_W)",,
1994-04-04,1996-04-03,1.1105454570266913,0.9345704258263439,-0.10059821634453958,False,,,14,1.0,1.0574496674072904,2.1019171784486517,dca,"WTI (Dec, CRUDE_W)",,
1994-05-02,1996-05-01,1.1107725424695982,0.9348698118761742,-0.10056935109425735,False,,,15,1.0,1.0675177273429028,2.1012440529790597,dca,"WTI (Dec, CRUDE_W)",,
1994-06-01,1996-05-31,1.10578829052651,0.9291598655144662,-0.10112274499150475,False,,,14,1.0,1.0596720160099562,2.1141567833720427,dca,"WTI (Dec, CRUDE_W)",,
1994-07-01,1996-06-28,1.115433579635742,0.9191197344887101,-0.10211072332853843,False,,,13,1.0,0.998436483801596,2.1372510662141515,dca,"WTI (Dec, CRUDE_W)",,
1994-08-01,1996-07-31,1.1094146827379119,0.8942575513793773,-0.10570075229824327,False,,,14,1.0,1.0168253358526114,2.1753004199710197,dca,"WTI (Dec, CRUDE_W)",,
1994-09-01,1996-08-30,1.109562354178357,0.9574340274694899,-0.06909999022849389,False,,,18,1.0,1.0427061687695414,1.2647964716643543,dca,"WTI (Dec, CRUDE_W)",,
1994-10-03,1996-10-02,1.1291467997938427,0.9205267801501744,-0.08680198370790038,False,,,20,1.0,1.0238563159665888,2.135485019853322,dca,"WTI (Dec, CRUDE_W)",,
1994-11-01,1996-10-31,1.1405484042041418,0.9221101882190572,-0.08666584883802697,False,,,24,1.0,1.0399790883281765,2.1318180565612836,dca,"WTI (Dec, CRUDE_W)",,
1994-12-01,1996-11-27,1.1428959804650023,0.9196718342386334,-0.08687566637207511,False,,,26,1.0,1.0446122944420386,2.1374702107865557,dca,"WTI (Dec, CRUDE_W)",,
1995-01-03,1997-01-02,1.1799926332640513,0.9200152668494974,-0.08684605294657344,False,,,28,1.0,1.050632083169678,2.13667231427159,dca,"WTI (Dec, CRUDE_W)",,
1995-02-01,1997-01-31,1.1883299326769443,0.9203240896475533,-0.08681944108193684,False,,,30,1.0,1.03247292112351,2.1359553351877603,dca,"WTI (Dec, CRUDE_W)",,
1995-03-01,1997-02-28,1.1283532500950422,0.9388697113087465,-0.070370159696854,False,,,29,1.0,1.0301862203912202,1.2743813660271681,dca,"WTI (Dec, CRUDE_W)",,
1995-04-03,1997-04-02,1.1738171167941291,0.9362090883792549,-0.07055603522909382,False,,,30,1.0,1.0485935405814786,1.2780030444806838,dca,"WTI (Dec, CRUDE_W)",,
1995-05-01,1997-04-30,1.1776605929387443,0.927909646021114,-0.07321727728660432,False,,,28,1.0,1.0415967676050137,1.2866961532372145,dca,"WTI (Dec, CRUDE_W)",,
1995-06-01,1997-05-30,1.2068243878861742,0.9563760261481522,-0.04445609458887623,False,,,31,1.0,1.0612727433780509,1.2768629446183282,dca,"WTI (Dec, CRUDE_W)",,
1995-07-05,1997-07-03,1.163838382821531,0.9754122220349103,-0.04688197529457172,False,,,32,1.0,1.0642058064516295,1.0956114547455842,dca,"WTI (Dec, CRUDE_W)",,
1995-08-01,1997-07-31,1.1868593416371302,0.9726854127101084,-0.0469889224908675,False,,,31,1.0,1.0683659864848314,1.0982912887411973,dca,"WTI (Dec, CRUDE_W)",,
1995-09-01,1997-08-29,1.2069526469645124,0.9730166730023156,-0.046975904221287945,False,,,32,1.0,1.082016969689227,1.0979650357902735,dca,"WTI (Dec, CRUDE_W)",,
1995-10-02,1997-10-01,1.2269074691072326,0.9909050022004404,-0.047139485930403624,False,,,34,1.0,1.0928935461220413,1.1020655323741027,dca,"WTI (Dec, CRUDE_W)",,
1995-11-01,1997-10-31,1.2127741266094585,0.9841399411627676,-0.0474086564260483,False,,,35,1.0,1.0901268402977542,1.1088173103884922,dca,"WTI (Dec, CRUDE_W)",,
1995-12-01,1997-11-26,1.1542244896418055,0.9888261668501879,-0.05227941657955493,False,,,34,1.0,1.108534271605004,1.1175666603278105,dca,"WTI (Dec, CRUDE_W)",,
1996-01-02,1997-12-31,1.0762612107315856,0.9840357207383312,-0.12118980403505875,False,,,33,1.0,1.1226437548922727,2.8977508405773835,dca,"WTI (Dec, CRUDE_W)",,
1996-02-01,1998-01-30,1.0240148400530398,0.8199273296138374,-0.324175335186234,False,,,34,1.0,1.1325247921344417,5.63727199173294,dca,"WTI (Dec, CRUDE_W)",,
1996-03-01,1998-02-27,0.8018209253971254,0.7677401961715153,-0.3636299834342752,False,,,33,1.0,1.11607327568524,5.975665249927558,dca,"WTI (Dec, CRUDE_W)",,
1996-04-01,1998-03-31,0.672114642980377,0.33514697346751454,-0.7201804932657205,False,,,30,1.0,1.126390169106943,12.441488952907498,dca,"WTI (Dec, CRUDE_W)",,
1996-05-01,1998-04-30,0.7112468060786608,0.3279878343713838,-0.7245110978124518,False,,,29,1.0,1.1156052935254241,12.713054970432355,dca,"WTI (Dec, CRUDE_W)",,
1996-06-03,1998-06-02,0.5618954515253911,0.32108090211356544,-0.7287387909538157,False,,,28,1.0,1.1287514602994229,12.986531869533751,dca,"WTI (Dec, CRUDE_W)",,
1996-07-01,1998-06-30,0.273754670556257,0.24100497913738383,-0.7946446608602498,False,,,26,1.0,1.1334728894764368,17.12576696641836,dca,"WTI (Dec, CRUDE_W)",,
1996-08-01,1998-07-31,0.18989313981759334,0.18989313981759334,-0.8372488651631322,True,1998-07-06,483.0,25,1.0,1.125975491904581,17.625244569805705,dca,"WTI (Dec, CRUDE_W)",,
1996-09-03,1998-09-02,0.17818752057716278,0.17818752057716278,-0.845733687897626,True,1998-07-06,461.0,21,1.0,1.1253763008877065,18.552627111262478,dca,"WTI (Dec, CRUDE_W)",,
1996-10-01,1998-09-30,0.1650481391399443,0.1650481391399443,-0.8554649904195775,True,1998-07-06,441.0,18,1.0,1.136960159096928,19.717151146232446,dca,"WTI (Dec, CRUDE_W)",,
1996-11-01,1998-10-30,0.19051090173954177,0.19051090173954177,-0.8305581596875404,True,1998-06-15,404.0,15,1.0,1.1049372236870707,15.929257386063991,dca,"WTI (Dec, CRUDE_W)",,
1996-12-02,1998-12-01,0.17096522021736493,0.17096522021736493,-0.8452520873336797,True,1998-06-15,385.0,12,1.0,1.0414459129472942,17.21465346990464,dca,"WTI (Dec, CRUDE_W)",,
1997-01-02,1998-12-31,0.15718886293722034,0.15718886293722034,-0.8559251040932445,True,1998-06-15,364.0,11,1.0,0.9414083529307851,18.252789508148396,dca,"WTI (Dec, CRUDE_W)",,
1997-02-03,1999-02-02,0.2068915821060144,0.2068915821060144,-0.8052785148845142,True,1998-03-16,279.0,8,1.0,0.7737511398812646,11.27326609437734,dca,"WTI (Dec, CRUDE_W)",,
1997-03-03,1999-03-02,0.20039938660414255,0.20039938660414255,-0.8116952193879408,True,1998-03-17,261.0,10,1.0,0.6395131771141775,19.905608849991925,dca,"WTI (Dec, CRUDE_W)",,
1997-04-01,1999-03-31,0.19416382795532414,0.19416382795532414,-0.8150419533747977,True,1998-03-16,240.0,7,1.0,0.19416382795532414,11.657344499193668,dca,"WTI (Dec, CRUDE_W)",,
1997-05-01,1999-04-30,0.19056375849615545,0.19056375849615545,-0.8178466614815791,True,1998-03-16,218.0,7,1.0,0.19056375849615545,11.770776171423647,dca,"WTI (Dec, CRUDE_W)",,
1997-06-02,1999-06-01,0.17691223338027903,0.17691223338027903,-0.8286598631301473,True,1998-03-16,197.0,5,1.0,0.17691223338027903,12.221736040536598,dca,"WTI (Dec, CRUDE_W)",,
1997-07-01,1999-06-30,0.17551869539789486,0.17551869539789486,-0.8297797725524442,True,1998-03-16,176.0,6,1.0,0.17551869539789486,12.26972099861388,dca,"WTI (Dec, CRUDE_W)",,
1997-08-01,1999-07-30,0.16856922085141932,0.16856922085141932,-0.8354101759803083,True,1998-03-16,154.0,5,1.0,0.16856922085141932,12.514755792982498,dca,"WTI (Dec, CRUDE_W)",,
1997-09-02,1999-09-01,0.15607303261657599,0.15607303261657599,-0.8457290788188062,True,1998-03-16,133.0,4,1.0,0.15607303261657599,12.980903532499095,dca,"WTI (Dec, CRUDE_W)",,
1997-10-01,1999-09-30,0.15035189307303096,0.15035189307303096,-0.850538944496589,True,1998-03-16,112.0,2,1.0,0.15035189307303096,13.20611012516258,dca,"WTI (Dec, CRUDE_W)",,
1997-11-03,1999-11-02,0.12433074708015954,0.12433074708015954,-0.8843902579024074,True,1998-07-20,176.0,0,,0.12433074708015954,17.089140621669177,dca,"WTI (Dec, CRUDE_W)",,
1997-12-01,1999-11-30,0.19447704677505454,0.19447704677505454,-0.8324484579993991,True,1999-02-08,297.0,5,1.0,0.6736884155371605,17.757909198258034,dca,"WTI (Dec, CRUDE_W)",,
1998-01-02,1999-12-30,0.1788486399467253,0.1788486399467253,-0.8438100576960268,True,1999-02-08,275.0,5,1.0,0.40330056360512856,19.046240519605877,dca,"WTI (Dec, CRUDE_W)",,
1998-02-02,2000-02-01,0.19496217205159133,0.19496217205159133,-0.8254086562791532,True,1999-01-26,246.0,4,1.0,0.19496217205159133,18.78781688239376,dca,"WTI (Dec, CRUDE_W)",,
1998-03-02,2000-03-01,0.20468398458772824,0.20468398458772824,-0.8143823578040881,True,1999-01-20,223.0,4,1.0,0.20468398458772824,14.801028809604315,dca,"WTI (Dec, CRUDE_W)",,
1998-04-01,2000-03-31,0.17710918841390627,0.17710918841390627,-0.8352692681546463,True,1999-01-20,201.0,3,1.0,0.17710918841390627,16.394081878779815,dca,"WTI (Dec, CRUDE_W)",,
1998-05-01,2000-04-28,0.17441456129736627,0.17441456129736627,-0.8373679593959363,True,1999-01-20,180.0,2,1.0,0.17441456129736627,16.56834432903914,dca,"WTI (Dec, CRUDE_W)",,
1998-06-01,2000-05-31,0.1963263199761019,0.1963263199761019,-0.8206018195901064,True,1999-01-20,160.0,3,1.0,0.1963263199761019,15.250178067860263,dca,"WTI (Dec, CRUDE_W)",,
1998-07-01,2000-06-30,0.14743170282821955,0.14743170282821955,-0.8589799287392823,True,1999-01-20,138.0,3,1.0,0.14743170282821955,18.541955173370066,dca,"WTI (Dec, CRUDE_W)",,
1998-08-03,2000-08-02,0.20360348557722843,0.20360348557722843,-0.8011315985289195,True,1998-12-21,97.0,3,1.0,0.20360348557722843,16.979826534246886,dca,"WTI (Dec, CRUDE_W)",,
1998-09-01,2000-08-31,0.19314727618291364,0.19314727618291364,-0.809398009216426,True,1998-12-21,76.0,3,1.0,0.19314727618291364,17.72117384475126,dca,"WTI (Dec, CRUDE_W)",,
1998-10-01,2000-09-29,0.20405157373647925,0.20405157373647925,-0.7963451639302233,True,1999-02-08,87.0,0,,0.20405157373647925,17.635420230829055,dca,"WTI (Dec, CRUDE_W)",,
1998-11-02,2000-11-01,1.3888451817855083,0.47402418015362624,-0.527274066824854,False,,,57,1.0,1.2132689350117243,9.481192673578184,dca,"WTI (Dec, CRUDE_W)",,
1998-12-01,2000-11-30,1.402660104085137,0.923952120421248,-0.11857283906502525,False,,,61,1.0,1.231034141388474,3.055174270515985,dca,"WTI (Dec, CRUDE_W)",,
1999-01-04,2001-01-03,1.1801971599070118,0.9190034811112255,-0.34971278169163234,False,,,60,1.0,1.219331017037454,4.825236570194099,dca,"WTI (Dec, CRUDE_W)",,
1999-02-01,2001-01-31,1.2354094903043276,0.9144498360041942,-0.35540367260602534,False,,,60,1.0,1.2114060113472065,4.947051225076945,dca,"WTI (Dec, CRUDE_W)",,
1999-03-01,2001-02-28,1.449461768646116,0.9008294398507823,-0.3588489913718409,False,,,61,1.0,1.2065321622331415,5.021849843434634,dca,"WTI (Dec, CRUDE_W)",,
1999-04-01,2001-03-30,1.424968364997404,0.8682410273492325,-0.36736987239533336,False,,,54,1.0,1.1397310353042163,5.210339109737025,dca,"WTI (Dec, CRUDE_W)",,
1999-05-03,2001-05-02,1.4552983810500035,0.8723282229334925,-0.3662790674786679,False,,,55,1.0,1.2408171927375538,5.185926653001187,dca,"WTI (Dec, CRUDE_W)",,
1999-06-01,2001-05-31,1.4468935884818863,0.8616548133553312,-0.36914135997503283,False,,,56,1.0,1.2479304076019406,5.250165276579743,dca,"WTI (Dec, CRUDE_W)",,
1999-07-01,2001-06-29,1.391887459957716,0.8394171280516671,-0.375250922097623,False,,,50,1.0,1.2246222322010603,5.389251696562371,dca,"WTI (Dec, CRUDE_W)",,
1999-08-02,2001-08-01,1.4018060098532428,0.8337307927787272,-0.3768457870862939,False,,,48,1.0,1.2470490829956902,5.42600827588311,dca,"WTI (Dec, CRUDE_W)",,
1999-09-01,2001-08-31,1.451237174591287,0.8175517586473964,-0.38145864144070685,False,,,47,1.0,1.245588346613422,5.533386887896173,dca,"WTI (Dec, CRUDE_W)",,
1999-10-01,2001-09-28,0.9899555787324594,0.706940885560023,-0.5020431146709963,False,,,44,1.0,1.133403490981168,6.067853733417275,dca,"WTI (Dec, CRUDE_W)",,
1999-11-01,2001-10-31,0.5539131810610636,0.5539131810610636,-0.5980658591564312,False,,,42,1.0,1.1590870032955713,7.5625102804879045,dca,"WTI (Dec, CRUDE_W)",,
1999-12-01,2001-11-30,0.16643703888152905,0.16643703888152905,-0.8782841839736716,True,2001-11-15,488.0,42,1.0,1.079567052539463,10.805982988522057,dca,"WTI (Dec, CRUDE_W)",,
2000-01-04,2002-01-03,0.1533138485423995,0.1533138485423995,-0.8867947723660106,True,2001-11-15,467.0,39,1.0,0.8828034875950665,11.200911749493931,dca,"WTI (Dec, CRUDE_W)",,
2000-02-01,2002-01-31,0.14155494242305688,0.14155494242305688,-0.8945619356372347,True,2001-11-15,448.0,35,1.0,1.2631876861330373,11.580135581633618,dca,"WTI (Dec, CRUDE_W)",,
2000-03-01,2002-02-28,0.13281895637250618,0.13281895637250618,-0.900421022614738,True,2001-11-15,428.0,32,1.0,1.2539541177945341,11.878924423655905,dca,"WTI (Dec, CRUDE_W)",,
2000-04-03,2002-04-02,0.0849604366969492,0.0849604366969492,-0.9339316015389509,True,2001-11-15,405.0,31,1.0,1.2118169462064223,13.83443142519169,dca,"WTI (Dec, CRUDE_W)",,
2000-05-01,2002-04-30,0.07106225710923897,0.07106225710923897,-0.9441355751016072,True,2001-11-15,386.0,30,1.0,1.2178391720580637,14.529002532190523,dca,"WTI (Dec, CRUDE_W)",,
2000-06-01,2002-05-31,0.056421678502842416,0.056421678502842416,-0.9551285798551832,True,2001-11-15,364.0,25,1.0,1.2076744079546076,15.340318644048812,dca,"WTI (Dec, CRUDE_W)",,
2000-07-05,2002-07-03,0.04191650109984369,0.04191650109984369,-0.9662753165707595,True,2001-11-15,342.0,23,1.0,1.198574582200271,16.238721094846188,dca,"WTI (Dec, CRUDE_W)",,
2000-08-01,2002-07-31,0.02819597994302892,0.02819597994302892,-0.9770611877213615,True,2001-11-15,323.0,22,1.0,1.2131721236529325,17.191048949651563,dca,"WTI (Dec, CRUDE_W)",,
2000-09-01,2002-08-30,0.013456460507135008,0.013456460507135008,-0.9889196413915552,True,2001-11-15,300.0,17,1.0,1.2071455200102783,18.34692329906758,dca,"WTI (Dec, CRUDE_W)",,
2000-10-02,2002-10-01,0.19866199180695612,0.19866199180695612,-0.8292277119809823,True,2001-11-06,273.0,13,1.0,0.5721508580072463,17.48954113013696,dca,"WTI (Dec, CRUDE_W)",,
2000-11-01,2002-10-31,0.1840576877420608,0.1840576877420608,-0.8397702201909608,True,2001-11-06,251.0,14,1.0,0.1840576877420608,18.656095746685658,dca,"WTI (Dec, CRUDE_W)",,
2000-12-01,2002-11-27,0.19740082767832415,0.19740082767832415,-0.822407873417407,True,2001-11-01,228.0,13,1.0,0.19740082767832415,14.578744970175917,dca,"WTI (Dec, CRUDE_W)",,
2001-01-02,2002-12-31,0.1827155391776363,0.1827155391776363,-0.8334187138608169,True,2001-11-01,208.0,13,1.0,0.1827155391776363,15.363978116359348,dca,"WTI (Dec, CRUDE_W)",,
2001-02-01,2003-01-31,0.16817074270602508,0.16817074270602508,-0.8446187413684315,True,2001-11-01,187.0,11,1.0,0.16817074270602508,16.22977527641225,dca,"WTI (Dec, CRUDE_W)",,
2001-03-01,2003-02-28,0.15822555893281723,0.15822555893281723,-0.8524517901766193,True,2001-11-01,168.0,9,1.0,0.15822555893281723,16.880197177691624,dca,"WTI (Dec, CRUDE_W)",,
2001-04-02,2003-04-01,0.1481775393676106,0.1481775393676106,-0.8605147800112314,True,2001-11-01,146.0,9,1.0,0.1481775393676106,17.592522570661316,dca,"WTI (Dec, CRUDE_W)",,
2001-05-01,2003-04-30,0.13944476187710644,0.13944476187710644,-0.8676472739997241,True,2001-11-01,126.0,6,1.0,0.13944476187710644,18.262296474853223,dca,"WTI (Dec, CRUDE_W)",,
2001-06-01,2003-05-30,0.1401412845991841,0.1401412845991841,-0.867074052904631,True,2001-11-01,104.0,6,1.0,0.1401412845991841,18.207009653409656,dca,"WTI (Dec, CRUDE_W)",,
2001-07-02,2003-07-01,0.2068023917518762,0.2068023917518762,-0.7996615607862408,True,2001-10-31,82.0,6,1.0,0.2068023917518762,14.872483687430904,dca,"WTI (Dec, CRUDE_W)",,
2001-08-01,2003-07-31,0.19350416705900408,0.19350416705900408,-0.8100976983157595,True,2001-10-31,61.0,5,1.0,0.19350416705900408,15.595234832216297,dca,"WTI (Dec, CRUDE_W)",,
2001-09-04,2003-09-03,0.18342696608780185,0.18342696608780185,-0.8181892835548646,True,2001-10-31,38.0,3,1.0,0.18342696608780185,16.19149883759976,dca,"WTI (Dec, CRUDE_W)",,
2001-10-01,2003-09-30,1.3871651975088395,0.7825768037223062,-0.2814502396507349,False,,,42,1.0,1.208562789845124,5.08348776311979,dca,"WTI (Dec, CRUDE_W)",,
2001-11-01,2003-10-31,1.3949372809660012,0.9187916777729814,-0.28128043252530743,False,,,49,1.0,1.1844228964557466,5.079220429464601,dca,"WTI (Dec, CRUDE_W)",,
2001-12-03,2003-12-02,1.3690387542050013,0.879191212678565,-0.29104939054844836,False,,,48,1.0,1.167844347862264,5.328043017505983,dca,"WTI (Dec, CRUDE_W)",,
2002-01-02,2003-12-31,1.3562511038851417,0.8497063530267788,-0.2981377992098424,False,,,47,1.0,1.1518686117370673,5.512926418730704,dca,"WTI (Dec, CRUDE_W)",,
2002-02-01,2004-01-30,1.3541786615403464,0.8398987091539274,-0.300572790089637,False,,,50,1.0,1.1619274202831116,5.5773018230775095,dca,"WTI (Dec, CRUDE_W)",,
2002-03-01,2004-02-27,1.36354364497817,0.8297856480615451,-0.30312561410344085,False,,,50,1.0,1.1568696158615934,5.645275515077609,dca,"WTI (Dec, CRUDE_W)",,
2002-04-01,2004-03-31,1.348019264303865,0.8150456886112751,-0.30692503304083485,False,,,47,1.0,0.9901406415716023,5.747369340418402,dca,"WTI (Dec, CRUDE_W)",,
2002-05-01,2004-04-30,1.3267178216038498,0.7629533289264661,-0.3211509921869812,False,,,47,1.0,0.9366227738857331,6.139783947670709,dca,"WTI (Dec, CRUDE_W)",,
2002-06-03,2004-06-02,1.306524432815178,0.734878985340778,-0.32937872869358986,False,,,49,1.0,1.1376017304971622,6.3743401229420265,dca,"WTI (Dec, CRUDE_W)",,
2002-07-01,2004-06-30,1.3021675155052432,0.7291500101092803,-0.3311097820413238,False,,,47,1.0,1.1446306020751174,6.424423694463892,dca,"WTI (Dec, CRUDE_W)",,
2002-08-01,2004-07-30,1.357225348846407,0.7253322126456387,-0.33227349680912277,False,,,51,1.0,1.1522222999030882,6.4582387492187605,dca,"WTI (Dec, CRUDE_W)",,
2002-09-03,2004-09-02,1.3552306657179383,0.7166431128320827,-0.33495278872188805,False,,,52,1.0,1.1212042321721816,6.536543110353235,dca,"WTI (Dec, CRUDE_W)",,
2002-10-01,2004-09-30,1.3987201009507237,0.7207130850565546,-0.33369244973495105,False,,,54,1.0,1.189383883811015,6.499630295177813,dca,"WTI (Dec, CRUDE_W)",,
2002-11-01,2004-10-29,1.3956973169577735,0.7053113037981147,-0.3385125722995749,False,,,59,1.0,1.175248636690933,6.64156178490155,dca,"WTI (Dec, CRUDE_W)",,
2002-12-02,2004-12-01,1.4030448229619628,0.7026272167508676,-0.33936686517245296,False,,,59,1.0,1.1959654006627993,6.66693303374497,dca,"WTI (Dec, CRUDE_W)",,
2003-01-02,2004-12-30,1.4387627784157084,0.6926309155367942,-0.3425867869912572,False,,,58,1.0,1.2038044229796052,6.763152635389116,dca,"WTI (Dec, CRUDE_W)",,
2003-02-03,2005-02-02,1.4452475200050703,0.6809173297369586,-0.34643848787748266,False,,,59,1.0,1.1923932745097674,6.879496815823792,dca,"WTI (Dec, CRUDE_W)",,
2003-03-03,2005-03-02,1.4727745633498832,0.7355270023546598,-0.26799454727874306,False,,,61,1.0,1.221028928818404,6.448198979900151,dca,"WTI (Dec, CRUDE_W)",,
2003-04-01,2005-03-31,1.422825118228947,0.9445309953852732,-0.10385334497798704,False,,,66,1.0,1.1499428293344454,2.057322262409137,dca,"WTI (Dec, CRUDE_W)",,
2003-05-01,2005-04-29,1.4139240197378857,0.926658005993299,-0.10564480960067868,False,,,67,1.0,1.1747976175871782,2.0970030278415757,dca,"WTI (Dec, CRUDE_W)",,
2003-06-02,2005-06-01,1.448494233464322,0.9179545213863163,-0.10653975264970017,False,,,65,1.0,1.155046577108955,2.1168855308941796,dca,"WTI (Dec, CRUDE_W)",,
2003-07-01,2005-06-30,1.4352776231499058,0.9047955971849051,-0.10792199572231964,False,,,66,1.0,1.2055752862341673,2.1476725244767843,dca,"WTI (Dec, CRUDE_W)",,
2003-08-01,2005-07-29,1.448411794168389,0.891691132566165,-0.10933462879579858,False,,,65,1.0,1.2088042930246747,2.179235133525785,dca,"WTI (Dec, CRUDE_W)",,
2003-09-02,2005-09-01,1.444836348329466,0.9709795351049556,-0.07766271384390078,False,,,70,1.0,1.1666399221588004,1.8771025716944918,dca,"WTI (Dec, CRUDE_W)",,
2003-10-01,2005-09-30,1.4150323933457702,0.9953681412925874,-0.07880372960108084,False,,,68,1.0,1.2140707945975893,1.907040029125886,dca,"WTI (Dec, CRUDE_W)",,
2003-11-03,2005-11-02,1.3145203656265476,0.9823919281553288,-0.14193426413393073,False,,,65,1.0,1.1838504111239052,2.494521225804426,dca,"WTI (Dec, CRUDE_W)",,
2003-12-01,2005-11-30,1.2188109446717394,0.9999533754249637,-0.17215487692086406,False,,,64,1.0,1.1521246529154725,2.5826527946837468,dca,"WTI (Dec, CRUDE_W)",,
2004-01-05,2006-01-04,1.4283039611887896,0.9913286478151475,-0.1741347228935175,False,,,61,1.0,1.2495459882528472,2.618616869463742,dca,"WTI (Dec, CRUDE_W)",,
2004-02-02,2006-02-01,1.4225101437855499,0.9812029341562871,-0.17541304071563857,False,,,61,1.0,1.2428175087552231,2.6419293756179156,dca,"WTI (Dec, CRUDE_W)",,
2004-03-01,2006-02-28,1.4325962367274274,0.9680622137667942,-0.1771002390755999,False,,,59,1.0,1.2534005741601995,2.6728094640454683,dca,"WTI (Dec, CRUDE_W)",,
2004-04-01,2006-03-31,1.4317209903102652,0.9544180576187249,-0.1788867677501227,False,,,60,1.0,1.2474579650652924,2.7056458833913455,dca,"WTI (Dec, CRUDE_W)",,
2004-05-03,2006-05-02,1.4213911003976814,0.9308233006026292,-0.18206277012381644,False,,,60,1.0,1.241516911795778,2.764375015136514,dca,"WTI (Dec, CRUDE_W)",,
2004-06-01,2006-05-31,1.4018059028331882,0.9190743770900243,-0.18368668343367012,False,,,56,1.0,1.2707435952076664,2.7945802191151405,dca,"WTI (Dec, CRUDE_W)",,
2004-07-01,2006-06-30,1.3836433469732352,0.9624674438287157,-0.1890583151946632,False,,,55,1.0,1.2523982436925194,2.8953558477337875,dca,"WTI (Dec, CRUDE_W)",,
2004-08-02,2006-08-01,1.3668326615131292,0.9463121340958911,-0.1914753893755532,False,,,53,1.0,1.2418269183910442,2.9411387056682394,dca,"WTI (Dec, CRUDE_W)",,
2004-09-01,2006-08-31,1.2963229803081138,0.9738858140379927,-0.19589320889985917,False,,,50,1.0,1.223660287556936,3.02552983241929,dca,"WTI (Dec, CRUDE_W)",,
2004-10-01,2006-09-29,0.9526334001193568,0.7668909700880597,-0.4325599033586436,False,,,46,1.0,1.1724580047986195,5.7769417822899465,dca,"WTI (Dec, CRUDE_W)",,
2004-11-01,2006-10-31,0.6524530905371808,0.583210191966983,-0.5595365877681876,False,,,42,1.0,1.1059768769398772,7.3383914943489446,dca,"WTI (Dec, CRUDE_W)",,
2004-12-01,2006-11-30,0.7809588479591287,0.5550166603799749,-0.571741320580579,False,,,42,1.0,1.097533006901104,7.73043759474076,dca,"WTI (Dec, CRUDE_W)",,
2005-01-03,2006-12-29,0.5685113076993753,0.5176297234979401,-0.5887250295232838,False,,,40,1.0,1.183653867570613,8.288785327309158,dca,"WTI (Dec, CRUDE_W)",,
2005-02-01,2007-01-31,0.13744944362954784,0.13744944362954784,-0.8891218442602838,True,2007-01-10,486.0,35,1.0,1.1655783337957548,19.120995156529794,dca,"WTI (Dec, CRUDE_W)",,
2005-03-01,2007-02-28,0.12870475718154087,0.12870475718154087,-0.8954384385404885,True,2007-01-10,467.0,32,1.0,1.1877768782141909,19.951537313934956,dca,"WTI (Dec, CRUDE_W)",,
2005-04-01,2007-03-30,0.17798273793770716,0.17798273793770716,-0.8527564508940342,True,2007-01-04,441.0,26,1.0,1.1742734421140308,12.466765038605988,dca,"WTI (Dec, CRUDE_W)",,
2005-05-02,2007-05-01,0.14884009527600753,0.14884009527600753,-0.8738238647232982,True,2007-01-04,420.0,26,1.0,1.1547565865770213,13.656024679169162,dca,"WTI (Dec, CRUDE_W)",,
2005-06-01,2007-05-31,0.132435503768111,0.132435503768111,-0.8861472088437053,True,2007-01-04,399.0,24,1.0,1.142133582534007,14.430939564760001,dca,"WTI (Dec, CRUDE_W)",,
2005-07-01,2007-06-29,0.11627167256802387,0.11627167256802387,-0.8986344536520121,True,2007-01-04,377.0,20,1.0,1.137301572370539,15.28559476263663,dca,"WTI (Dec, CRUDE_W)",,
2005-08-01,2007-07-31,0.10327235247318192,0.10327235247318192,-0.9089352315031408,True,2007-01-04,357.0,17,1.0,1.1259563536282933,16.0500444389128,dca,"WTI (Dec, CRUDE_W)",,
2005-09-01,2007-08-31,0.1057722355461245,0.1057722355461245,-0.9069360019831896,True,2007-01-04,334.0,15,1.0,1.0574582699517387,15.897152371191904,dca,"WTI (Dec, CRUDE_W)",,
2005-10-03,2007-10-02,0.07070314963171823,0.07070314963171823,-0.9358110446691326,True,2007-01-04,313.0,14,1.0,0.45558634375868756,18.34921106380813,dca,"WTI (Dec, CRUDE_W)",,
2005-11-01,2007-10-31,0.07012776006963697,0.07012776006963697,-0.9363001457437556,True,2007-01-04,292.0,16,1.0,0.3739182213333887,18.39576612879634,dca,"WTI (Dec, CRUDE_W)",,
2005-12-01,2007-11-30,0.05706051886919918,0.05706051886919918,-0.9475470543139101,True,2007-01-04,272.0,15,1.0,0.5676586198219082,19.52053471723127,dca,"WTI (Dec, CRUDE_W)",,
2006-01-03,2008-01-02,0.19953323880458515,0.19953323880458515,-0.8143721533358814,True,2007-01-03,250.0,12,1.0,0.19953323880458515,12.848100538778853,dca,"WTI (Dec, CRUDE_W)",,
2006-02-01,2008-01-31,0.18083017496677686,0.18083017496677686,-0.8287928630110594,True,2007-01-03,230.0,9,1.0,0.18083017496677686,13.610375568401516,dca,"WTI (Dec, CRUDE_W)",,
2006-03-01,2008-02-29,0.17054425216065502,0.17054425216065502,-0.8369434774999209,True,2007-01-03,211.0,9,1.0,0.17054425216065502,14.069447035339541,dca,"WTI (Dec, CRUDE_W)",,
2006-04-03,2008-04-02,0.1576741808993218,0.1576741808993218,-0.8473703801706944,True,2007-01-03,188.0,6,1.0,0.1576741808993218,14.68938986226204,dca,"WTI (Dec, CRUDE_W)",,
2006-05-01,2008-04-30,0.15675965305936176,0.15675965305936176,-0.8481211954230967,True,2007-01-03,169.0,4,1.0,0.15675965305936176,14.735527598271883,dca,"WTI (Dec, CRUDE_W)",,
2006-06-01,2008-05-30,0.14736867234968407,0.14736867234968407,-0.8559087534006407,True,2007-01-03,147.0,4,1.0,0.14736867234968407,15.226627986448708,dca,"WTI (Dec, CRUDE_W)",,
2006-07-05,2008-07-03,0.1344177025695603,0.1344177025695603,-0.866886084132341,True,2007-01-03,125.0,1,1.0,0.1344177025695603,15.960184957759212,dca,"WTI (Dec, CRUDE_W)",,
2006-08-01,2008-07-31,0.13140791782335834,0.13140791782335834,-0.8689725147753333,True,2007-01-03,106.0,1,1.0,0.13140791782335834,16.133884655505675,dca,"WTI (Dec, CRUDE_W)",,
2006-09-01,2008-08-29,0.1677217533761625,0.1677217533761625,-0.8322704263037429,True,2007-01-11,89.0,0,,0.1677217533761625,11.416498903259836,dca,"WTI (Dec, CRUDE_W)",,
2006-10-02,2008-10-01,0.06443278488898511,0.06443278488898511,-0.9512777387046435,True,2008-09-15,489.0,45,1.0,1.174614813250825,14.648049915256896,dca,"WTI (Dec, CRUDE_W)",,
2006-11-01,2008-10-31,0.06519626525400717,0.06519626525400717,-0.9507288616390354,True,2008-09-15,467.0,46,1.0,1.1865103817297957,14.606845417874807,dca,"WTI (Dec, CRUDE_W)",,
2006-12-01,2008-11-28,0.058141662539484315,0.058141662539484315,-0.9558247595115134,True,2008-09-15,447.0,44,1.0,1.182279349875707,14.996637849395274,dca,"WTI (Dec, CRUDE_W)",,
2007-01-03,2009-01-02,0.006071581043978354,0.006071581043978354,-0.9951968737783912,True,2008-09-15,427.0,45,1.0,1.1487259564064554,18.674987244827477,dca,"WTI (Dec, CRUDE_W)",,
2007-02-01,2009-01-30,0.17013745877798964,0.17013745877798964,-0.8608995293311071,True,2008-09-11,405.0,43,1.0,1.098627629873374,17.004314995257065,dca,"WTI (Dec, CRUDE_W)",,
2007-03-01,2009-02-27,0.16137674849078315,0.16137674849078315,-0.8671102543118784,True,2008-09-11,386.0,40,1.0,1.1283897355013326,17.65702731088219,dca,"WTI (Dec, CRUDE_W)",,
2007-04-02,2009-04-01,0.1510766326729705,0.1510766326729705,-0.8745279034785955,True,2008-09-11,364.0,38,1.0,1.1346124686907448,18.491551252758953,dca,"WTI (Dec, CRUDE_W)",,
2007-05-01,2009-04-30,0.15169352648255902,0.15169352648255902,-0.8740800752236875,True,2008-09-11,344.0,38,1.0,1.145361331381857,18.439355489429854,dca,"WTI (Dec, CRUDE_W)",,
2007-06-01,2009-05-29,0.1478817760129421,0.1478817760129421,-0.8768545413443416,True,2008-09-11,322.0,38,1.0,1.1444216309607542,18.76666840167171,dca,"WTI (Dec, CRUDE_W)",,
2007-07-02,2009-07-01,0.13474515098104717,0.13474515098104717,-0.8865527636429837,True,2008-09-11,301.0,35,1.0,1.1800228958765324,19.989536053439256,dca,"WTI (Dec, CRUDE_W)",,
2007-08-01,2009-07-31,0.1850271834002657,0.1850271834002657,-0.8421767727759545,True,2008-09-10,279.0,33,1.0,1.05031685432352,18.580047885857145,dca,"WTI (Dec, CRUDE_W)",,
2007-09-04,2009-09-03,0.17218388794589878,0.17218388794589878,-0.8515049987281662,True,2008-09-10,256.0,32,1.0,0.41317914969979785,19.739687003352344,dca,"WTI (Dec, CRUDE_W)",,
2007-10-01,2009-09-30,0.19278966693395688,0.19278966693395688,-0.8320290560760595,True,2008-09-09,236.0,28,1.0,0.19278966693395688,12.969989737365475,dca,"WTI (Dec, CRUDE_W)",,
2007-11-01,2009-10-30,0.17665577268748184,0.17665577268748184,-0.8438915569515617,True,2008-09-09,213.0,24,1.0,0.17665577268748184,13.651643419244351,dca,"WTI (Dec, CRUDE_W)",,
2007-12-03,2009-12-02,0.16666192117439188,0.16666192117439188,-0.8514107385640893,True,2008-09-09,192.0,22,1.0,0.16666192117439188,14.111028085902769,dca,"WTI (Dec, CRUDE_W)",,
2008-01-02,2009-12-31,0.16095122869376827,0.16095122869376827,-0.8557678208935048,True,2008-09-09,172.0,20,1.0,0.16095122869376827,14.387682943267045,dca,"WTI (Dec, CRUDE_W)",,
2008-02-01,2010-01-29,0.1413743042744265,0.1413743042744265,-0.8710489302784516,True,2008-09-09,151.0,20,1.0,0.1413743042744265,15.424357439506363,dca,"WTI (Dec, CRUDE_W)",,
2008-03-03,2010-03-02,0.12964723871247813,0.12964723871247813,-0.8804668904791766,True,2008-09-09,131.0,16,1.0,0.12964723871247813,16.12012612738572,dca,"WTI (Dec, CRUDE_W)",,
2008-04-01,2010-03-31,0.11068931248227991,0.11068931248227991,-0.8961303232785813,True,2008-09-09,111.0,14,1.0,0.11068931248227991,17.388103462387477,dca,"WTI (Dec, CRUDE_W)",,
2008-05-02,2010-04-30,0.09150814547041501,0.09150814547041501,-0.9125557831860881,True,2008-09-09,89.0,9,1.0,0.09150814547041501,18.891575785614215,dca,"WTI (Dec, CRUDE_W)",,
2008-06-02,2010-06-01,0.2022753066976805,0.2022753066976805,-0.8032669000071513,True,2008-09-08,68.0,5,1.0,0.2022753066976805,19.95880513800823,dca,"WTI (Dec, CRUDE_W)",,
2008-07-01,2010-06-30,0.17962362216751734,0.17962362216751734,-0.8222182836352826,True,2008-09-05,46.0,1,1.0,0.17962362216751734,16.894649677432962,dca,"WTI (Dec, CRUDE_W)",,
2008-08-01,2010-07-30,0.0698654037243269,0.0698654037243269,-0.9375799327215377,True,2008-10-15,52.0,2,1.0,0.0698654037243269,18.989768086202282,dca,"WTI (Dec, CRUDE_W)",,
2008-09-02,2010-09-01,0.1978618297077875,0.1978618297077875,-0.8204846201257066,True,2008-10-10,28.0,2,1.0,0.1978618297077875,6.975120907787112,dca,"WTI (Dec, CRUDE_W)",,
2008-10-01,2010-09-30,0.17025278867530833,0.17025278867530833,-0.8297392729906494,True,2008-10-16,11.0,0,,0.17025278867530833,10.990133009390464,dca,"WTI (Dec, CRUDE_W)",,
2008-11-03,2010-11-02,0.13416736769936244,0.13416736769936244,-0.8662281760407804,True,2008-12-04,22.0,1,1.0,0.13416736769936244,15.432220891424668,dca,"WTI (Dec, CRUDE_W)",,
2008-12-01,2010-11-30,1.6777798990570911,0.4276929540147787,-0.6207919195432751,False,,,47,1.0,1.452158745698999,10.072560172762119,dca,"WTI (Dec, CRUDE_W)",,
2009-01-02,2010-12-31,1.578981077961951,0.30353472041777163,-0.6975842165655016,False,,,46,1.0,1.346145400043083,14.192653179349474,dca,"WTI (Dec, CRUDE_W)",,
2009-02-02,2011-02-01,1.5997048432841396,0.8312154649169479,-0.35106337770733076,False,,,52,1.0,1.281208429395015,5.075475992963186,dca,"WTI (Dec, CRUDE_W)",,
2009-03-02,2011-03-01,1.520270983307384,0.8528168206141,-0.3730256089725761,False,,,51,1.0,1.3414057391094147,5.5807079896469265,dca,"WTI (Dec, CRUDE_W)",,
2009-04-01,2011-03-31,1.4925040589007674,0.8062831659240706,-0.38623909589691363,False,,,47,1.0,1.300726426743811,5.901987186422202,dca,"WTI (Dec, CRUDE_W)",,
2009-05-01,2011-04-29,1.4929703914815395,0.7928293232308325,-0.39023564274060074,False,,,50,1.0,1.251532131439102,6.001885976859532,dca,"WTI (Dec, CRUDE_W)",,
2009-06-01,2011-05-31,1.4503759511566998,0.7706323757153948,-0.39701331648652005,False,,,44,1.0,0.9601041760486506,6.174309809613478,dca,"WTI (Dec, CRUDE_W)",,
2009-07-01,2011-06-30,1.269202100718248,0.7094235258973871,-0.416984055598254,False,,,42,1.0,0.9003116577221766,6.339854935388461,dca,"WTI (Dec, CRUDE_W)",,
2009-08-03,2011-08-02,1.0810167686782979,0.6547457069623617,-0.43660286317210995,False,,,37,1.0,1.2291820114222753,6.869296268940305,dca,"WTI (Dec, CRUDE_W)",,
2009-09-01,2011-08-31,0.7691366374932684,0.32806643410622804,-0.7568710591066272,False,,,37,1.0,1.2075638015110188,12.272620933781926,dca,"WTI (Dec, CRUDE_W)",,
2009-10-01,2011-09-30,0.2320515102315639,0.2320515102315639,-0.8258633860843757,False,,,35,1.0,1.2362504758698492,17.075099863582373,dca,"WTI (Dec, CRUDE_W)",,
2009-11-02,2011-11-01,0.1542218718847239,0.1542218718847239,-0.8841877733623127,True,2011-10-03,477.0,33,1.0,1.2458413630579712,17.14370495455289,dca,"WTI (Dec, CRUDE_W)",,
2009-12-01,2011-11-30,0.13674619287690268,0.13674619287690268,-0.8959455201405031,True,2011-10-03,457.0,30,1.0,1.2436728461735596,18.546006801408282,dca,"WTI (Dec, CRUDE_W)",,
2010-01-04,2012-01-03,0.123819599285474,0.123819599285474,-0.9048458112924301,True,2011-10-03,435.0,29,1.0,1.2333384921920667,19.740386783169804,dca,"WTI (Dec, CRUDE_W)",,
2010-02-01,2012-01-31,0.19629944382289422,0.19629944382289422,-0.8437884543057678,True,2011-09-23,411.0,29,1.0,1.1965404358835037,17.593686850038083,dca,"WTI (Dec, CRUDE_W)",,
2010-03-01,2012-02-29,0.176693569356416,0.176693569356416,-0.8571618943232227,True,2011-09-23,393.0,26,1.0,1.1818331047669701,19.239100560094325,dca,"WTI (Dec, CRUDE_W)",,
2010-04-01,2012-03-30,0.1709969503133304,0.1709969503133304,-0.8611274857475262,True,2011-09-23,370.0,24,1.0,1.1972162527493952,19.776501828897175,dca,"WTI (Dec, CRUDE_W)",,
2010-05-03,2012-05-02,0.19275479722112318,0.19275479722112318,-0.8413864347578595,True,2011-08-09,317.0,20,1.0,1.061922902735677,13.831681856092965,dca,"WTI (Dec, CRUDE_W)",,
2010-06-01,2012-05-31,0.14203306773680688,0.14203306773680688,-0.8780335942093712,True,2011-08-09,297.0,22,1.0,1.0573717326645204,16.661569923079313,dca,"WTI (Dec, CRUDE_W)",,
2010-07-01,2012-06-29,0.12418707600154465,0.12418707600154465,-0.891698590756296,True,2011-08-09,275.0,21,1.0,1.1307750787176278,17.953984175975005,dca,"WTI (Dec, CRUDE_W)",,
2010-08-02,2012-08-01,0.11548500285185125,0.11548500285185125,-0.8985173744696073,True,2011-08-09,254.0,18,1.0,0.501475579106609,18.659772054019136,dca,"WTI (Dec, CRUDE_W)",,
2010-09-01,2012-08-31,0.19396741233917983,0.19396741233917983,-0.8255405495781405,True,2011-08-08,231.0,19,1.0,0.19396741233917983,9.568738708388432,dca,"WTI (Dec, CRUDE_W)",,
2010-10-01,2012-09-28,0.17353745480941232,0.17353745480941232,-0.840994022692198,True,2011-08-08,212.0,15,1.0,0.17353745480941232,10.014342826917085,dca,"WTI (Dec, CRUDE_W)",,
2010-11-01,2012-10-31,0.1783338205853843,0.1783338205853843,-0.8373142498935466,True,2011-08-08,191.0,15,1.0,0.1783338205853843,9.906040094513111,dca,"WTI (Dec, CRUDE_W)",,
2010-12-01,2012-11-30,0.15440520598058197,0.15440520598058197,-0.8559998497159307,True,2011-08-08,170.0,12,1.0,0.15440520598058197,10.470990031608645,dca,"WTI (Dec, CRUDE_W)",,
2011-01-03,2013-01-02,0.15312358358034786,0.15312358358034786,-0.8570242134341741,True,2011-08-08,148.0,10,1.0,0.15312358358034786,10.503072574533336,dca,"WTI (Dec, CRUDE_W)",,
2011-02-01,2013-01-31,0.1430102206170231,0.1430102206170231,-0.865194356892219,True,2011-08-08,128.0,8,1.0,0.1430102206170231,10.763305479017701,dca,"WTI (Dec, CRUDE_W)",,
2011-03-01,2013-02-28,0.13741754575269996,0.13741754575269996,-0.869779678740568,True,2011-08-08,109.0,6,1.0,0.13741754575269996,10.91282818146382,dca,"WTI (Dec, CRUDE_W)",,
2011-04-01,2013-03-28,0.11764373260912146,0.11764373260912146,-0.886388979459213,True,2011-08-08,87.0,3,1.0,0.11764373260912146,11.476521108040126,dca,"WTI (Dec, CRUDE_W)",,
2011-05-02,2013-05-01,0.11904590274020631,0.11904590274020631,-0.8855448025653577,True,2011-08-08,68.0,0,,0.11904590274020631,11.447003720142996,dca,"WTI (Dec, CRUDE_W)",,
2011-06-01,2013-05-31,1.350460940873202,0.34430336616509116,-0.7181186901327283,False,,,21,1.0,0.7930563986322499,12.041722394894439,dca,"WTI (Dec, CRUDE_W)",,
2011-07-01,2013-06-28,1.3396333009076629,0.3286527357697713,-0.7274395016974256,False,,,22,1.0,0.6383770337360968,12.615156071276674,dca,"WTI (Dec, CRUDE_W)",,
2011-08-01,2013-07-31,1.334165686139299,0.309973777067313,-0.738885547958628,False,,,25,1.0,0.8071148839542843,13.375342889367651,dca,"WTI (Dec, CRUDE_W)",,
2011-09-01,2013-08-30,1.2688128013402342,0.23982425469086266,-0.7852901239103036,False,,,25,1.0,1.1729773997979178,17.287682433672053,dca,"WTI (Dec, CRUDE_W)",,
2011-10-03,2013-10-02,0.19712091660045034,0.19712091660045034,-0.8131033643414725,True,2012-06-21,181.0,13,1.0,0.19712091660045034,11.8323967764608,dca,"WTI (Dec, CRUDE_W)",,
2011-11-01,2013-10-31,0.185371451371185,0.185371451371185,-0.822263414279909,True,2012-06-21,160.0,9,1.0,0.185371451371185,12.224693608247769,dca,"WTI (Dec, CRUDE_W)",,
2011-12-01,2013-11-29,0.1717603542494432,0.1717603542494432,-0.8331362581367308,True,2012-06-21,139.0,5,1.0,0.1717603542494432,12.712968134411147,dca,"WTI (Dec, CRUDE_W)",,
2012-01-03,2014-01-02,0.15735565195503404,0.15735565195503404,-0.8449606778470699,True,2012-06-21,118.0,3,1.0,0.15735565195503404,13.274069499761122,dca,"WTI (Dec, CRUDE_W)",,
2012-02-01,2014-01-31,0.16067550223848154,0.16067550223848154,-0.8422058386054556,True,2012-06-21,98.0,4,1.0,0.16067550223848154,13.140404618526322,dca,"WTI (Dec, CRUDE_W)",,
2012-03-01,2014-02-28,0.1750586134324807,0.1750586134324807,-0.8250493838356558,True,2012-06-21,78.0,0,,0.1750586134324807,12.629126572507898,dca,"WTI (Dec, CRUDE_W)",,
2012-04-02,2014-04-01,1.191767122333565,0.2214397870256848,-0.7795636818105074,False,,,15,1.0,1.1078857755873806,19.128718977362244,dca,"WTI (Dec, CRUDE_W)",,
2012-05-01,2014-04-30,1.1965238007631054,0.2415645267567763,-0.7584242098746701,False,,,17,1.0,1.1331885911937996,17.61539142159325,dca,"WTI (Dec, CRUDE_W)",,
2012-06-01,2014-05-30,1.186354515407485,0.9465534391539121,-0.10154315979907469,False,,,24,1.0,1.1217030398700054,2.0587522254925967,dca,"WTI (Dec, CRUDE_W)",,
2012-07-02,2014-07-01,1.1744035984649246,0.9298736169021549,-0.10317668206193764,False,,,24,1.0,1.1159205725445656,2.0956815678864884,dca,"WTI (Dec, CRUDE_W)",,
2012-08-01,2014-07-30,1.1413100010036301,0.9056783949951654,-0.10564186198880232,False,,,21,1.0,1.09954125844681,2.15166775554604,dca,"WTI (Dec, CRUDE_W)",,
2012-09-04,2014-09-03,1.107768695980531,0.8969966196835171,-0.10655538904889361,False,,,18,1.0,1.0920473091877039,2.1724931361428594,dca,"WTI (Dec, CRUDE_W)",,
2012-10-01,2014-09-30,1.052340487419671,0.9744312490729703,-0.08351519240172633,False,,,18,1.0,1.064428892803347,1.987251615788035,dca,"WTI (Dec, CRUDE_W)",,
2012-11-01,2014-10-31,0.703870047124223,0.617494482306217,-0.4523384213315549,False,,,19,1.0,1.0433910257904206,7.290092691380149,dca,"WTI (Dec, CRUDE_W)",,
2012-12-03,2014-12-02,0.18139617685756462,0.18139617685756462,-0.838735704329316,True,2014-11-27,494.0,18,1.0,1.0456177806815763,10.741058308373255,dca,"WTI (Dec, CRUDE_W)",,
2013-01-02,2014-12-31,0.1742270021368363,0.1742270021368363,-0.8441156914109829,True,2014-11-27,474.0,16,1.0,1.0545550649439561,10.936927799196354,dca,"WTI (Dec, CRUDE_W)",,
2013-02-01,2015-01-30,0.1684639415828634,0.1684639415828634,-0.8484907840117469,True,2014-11-27,453.0,15,1.0,1.0324554825443384,11.099637152965844,dca,"WTI (Dec, CRUDE_W)",,
2013-03-01,2015-02-27,0.16180215161576697,0.16180215161576697,-0.8536050108276492,True,2014-11-27,434.0,16,1.0,1.0884523488287507,11.293858640469072,dca,"WTI (Dec, CRUDE_W)",,
2013-04-01,2015-03-31,0.15610904421077945,0.15610904421077945,-0.8580246934460358,True,2014-11-27,414.0,14,1.0,1.0827470567213588,11.465306715121324,dca,"WTI (Dec, CRUDE_W)",,
2013-05-01,2015-04-30,0.138723010620785,0.138723010620785,-0.8718096995024338,True,2014-11-27,392.0,15,1.0,1.0669574713865209,12.022675344799307,dca,"WTI (Dec, CRUDE_W)",,
2013-06-03,2015-06-02,0.12863385099302796,0.12863385099302796,-0.8800141845126183,True,2014-11-27,370.0,13,1.0,1.0674362643147355,12.371687262131037,dca,"WTI (Dec, CRUDE_W)",,
2013-07-01,2015-06-30,0.11858486146148253,0.11858486146148253,-0.8883409573276271,True,2014-11-27,350.0,11,1.0,1.0576826653352367,12.740051727229012,dca,"WTI (Dec, CRUDE_W)",,
2013-08-01,2015-07-31,0.12540106530035414,0.12540106530035414,-0.8790597099986733,True,2014-11-27,328.0,6,1.0,1.0188010933205423,12.523236465136089,dca,"WTI (Dec, CRUDE_W)",,
2013-09-03,2015-09-02,0.11539391632040766,0.11539391632040766,-0.8876263463048001,True,2014-11-27,306.0,4,1.0,0.9759778116936006,12.896195110276391,dca,"WTI (Dec, CRUDE_W)",,
2013-10-01,2015-09-30,0.11292941123859326,0.11292941123859326,-0.8897617748839342,True,2014-11-27,286.0,5,1.0,0.8438413686625168,12.991479567573439,dca,"WTI (Dec, CRUDE_W)",,
2013-11-01,2015-10-28,0.11720935779272204,0.11720935779272204,-0.8860598589148835,True,2014-11-27,263.0,6,1.0,0.5393735158910697,12.82689442888785,dca,"WTI (Dec, CRUDE_W)",,
2013-12-02,2015-12-01,0.11754157987692485,0.11754157987692485,-0.8857737932122517,True,2014-11-27,242.0,6,1.0,0.11754157987692485,12.814293086590707,dca,"WTI (Dec, CRUDE_W)",,
2014-01-02,2015-12-31,0.1158550679809052,0.1158550679809052,-0.8872279084805531,True,2014-11-27,221.0,6,1.0,0.1158550679809052,12.878520758637379,dca,"WTI (Dec, CRUDE_W)",,
2014-02-03,2016-02-02,0.11211932061676635,0.11211932061676635,-0.8904659425294397,True,2014-11-27,200.0,6,1.0,0.11211932061676635,13.023108097128556,dca,"WTI (Dec, CRUDE_W)",,
2014-03-03,2016-03-02,0.10337818747517472,0.10337818747517472,-0.8981356426750569,True,2014-11-27,181.0,3,1.0,0.10337818747517472,13.374450415499755,dca,"WTI (Dec, CRUDE_W)",,
2014-04-01,2016-03-31,0.09962261154307009,0.09962261154307009,-0.9014716111499776,True,2014-11-27,161.0,3,1.0,0.09962261154307009,13.531292977064684,dca,"WTI (Dec, CRUDE_W)",,
2014-05-01,2016-04-29,0.08094178653980023,0.08094178653980023,-0.9199168713577115,True,2014-11-27,144.0,3,1.0,0.08094178653980023,14.352335711936888,dca,"WTI (Dec, CRUDE_W)",,
2014-06-02,2016-06-01,0.06407931954832083,0.06407931954832083,-0.9363990202866251,True,2014-11-27,123.0,2,1.0,0.06407931954832083,15.193823327744,dca,"WTI (Dec, CRUDE_W)",,
2014-07-01,2016-06-30,0.05557254031777523,0.05557254031777523,-0.9444248685153367,True,2014-11-27,103.0,0,,0.05557254031777523,15.662522374851003,dca,"WTI (Dec, CRUDE_W)",,
2014-08-06,2016-08-05,0.1910576492920045,0.1910576492920045,-0.8091562673017746,True,2014-12-04,86.0,0,,0.1910576492920045,19.436990205341928,dca,"WTI (Dec, CRUDE_W)",,
2014-09-01,2016-08-31,0.0763175577703397,0.0763175577703397,-0.9238683439220912,True,2014-12-08,70.0,0,,0.0763175577703397,18.236724057375213,dca,"WTI (Dec, CRUDE_W)",,
2014-10-01,2016-09-30,0.20758904186115296,0.20758904186115296,-0.7924012789366994,True,2014-12-09,49.0,0,,0.20758904186115296,19.36146057784274,dca,"WTI (Dec, CRUDE_W)",,
2014-11-03,2016-11-02,0.19627070453462375,0.19627070453462375,-0.8037201440005021,True,2014-12-29,38.0,0,,0.19627070453462375,17.483498564848304,dca,"WTI (Dec, CRUDE_W)",,
2014-12-01,2016-11-30,0.20629433930339675,0.20629433930339675,-0.8064746416351177,True,2015-08-06,174.0,2,1.0,0.20629433930339675,19.134322163280487,dca,"WTI (Dec, CRUDE_W)",,
2015-01-02,2016-12-30,0.1972496956202408,0.1972496956202408,-0.8225740210508694,True,2015-08-07,154.0,11,1.0,0.1972496956202408,16.435883938691624,dca,"WTI (Dec, CRUDE_W)",,
2015-02-02,2017-02-01,0.17482268191072864,0.17482268191072864,-0.8395095178547434,True,2015-08-07,133.0,10,1.0,0.17482268191072864,18.032522926122144,dca,"WTI (Dec, CRUDE_W)",,
2015-03-02,2017-03-01,0.19762189543529646,0.19762189543529646,-0.8130896515655692,True,2015-08-06,112.0,7,1.0,0.19762189543529646,19.926647473261895,dca,"WTI (Dec, CRUDE_W)",,
2015-04-01,2017-03-31,0.1805571883788819,0.1805571883788819,-0.824647588035153,True,2015-08-05,89.0,6,1.0,0.1805571883788819,19.677991444834763,dca,"WTI (Dec, CRUDE_W)",,
2015-05-01,2017-04-28,0.19323451214470655,0.19323451214470655,-0.8087744161005376,True,2015-08-03,66.0,1,1.0,0.19323451214470655,11.50186938932062,dca,"WTI (Dec, CRUDE_W)",,
2015-06-01,2017-05-31,0.18837884016912929,0.18837884016912929,-0.8135015450089265,True,2015-08-11,51.0,2,1.0,0.18837884016912929,19.636402186968372,dca,"WTI (Dec, CRUDE_W)",,
2015-07-01,2017-06-30,0.1899835215451386,0.1899835215451386,-0.81001819904709,True,2015-08-19,35.0,0,,0.1899835215451386,12.361182811687017,dca,"WTI (Dec, CRUDE_W)",,
2015-08-03,2017-08-02,0.1487814984638776,0.1487814984638776,-0.865338745808629,True,2016-01-12,111.0,6,1.0,0.1487814984638776,14.161699020264113,dca,"WTI (Dec, CRUDE_W)",,
2015-09-02,2017-09-01,0.09426448623391506,0.09426448623391506,-0.9102534024685708,True,2016-01-12,90.0,5,1.0,0.09426448623391506,17.34508176436551,dca,"WTI (Dec, CRUDE_W)",,
2015-10-01,2017-09-29,0.07613643695575315,0.07613643695575315,-0.9262395674334757,True,2016-01-12,69.0,4,1.0,0.07613643695575315,18.746308042707494,dca,"WTI (Dec, CRUDE_W)",,
2015-11-02,2017-11-01,0.19388049872238536,0.19388049872238536,-0.8066910874905695,True,2016-01-11,48.0,1,1.0,0.19388049872238536,13.195318967482013,dca,"WTI (Dec, CRUDE_W)",,
2015-12-01,2017-11-30,0.08371528986752999,0.08371528986752999,-0.9163369976108288,True,2016-01-20,34.0,0,,0.08371528986752999,18.12336699726067,dca,"WTI (Dec, CRUDE_W)",,
2016-01-04,2018-01-03,1.6036868249032497,0.5300810037646579,-0.46989428028143587,False,,,47,1.0,1.4105713473498347,8.55255510933102,dca,"WTI (Dec, CRUDE_W)",,
2016-02-01,2018-01-31,1.5081440460027593,0.7814063835321008,-0.3052252761355482,False,,,47,1.0,1.3143090299036313,5.967140841091842,dca,"WTI (Dec, CRUDE_W)",,
2016-03-01,2018-02-28,1.4971567110410493,0.7516454127580179,-0.3135215199099911,False,,,46,1.0,1.2818367754807092,6.203406374230595,dca,"WTI (Dec, CRUDE_W)",,
2016-04-01,2018-03-29,1.4851784346037449,0.7249377519383149,-0.3213601799592761,False,,,45,1.0,1.1636154545205382,6.431948028913012,dca,"WTI (Dec, CRUDE_W)",,
2016-05-02,2018-05-01,1.4674865683127696,0.6938376168388647,-0.33099679902207724,False,,,42,1.0,1.2580340167592134,6.720249567770471,dca,"WTI (Dec, CRUDE_W)",,
2016-06-01,2018-05-31,1.4579987426111267,0.6896333715961696,-0.3323440431347763,False,,,42,1.0,1.303378479002771,6.761218549897351,dca,"WTI (Dec, CRUDE_W)",,
2016-07-01,2018-06-29,1.458404697021781,0.6998124268608175,-0.3059972293419232,False,,,42,1.0,1.0719400450694003,6.721669714912327,dca,"WTI (Dec, CRUDE_W)",,
2016-08-01,2018-07-31,1.370408286464281,0.9449889010505412,-0.17224701842320123,False,,,43,1.0,1.2569163883477603,3.069219431314632,dca,"WTI (Dec, CRUDE_W)",,
2016-09-01,2018-08-31,1.357523054165614,0.9573459696482409,-0.17662141660363195,False,,,41,1.0,1.222941407170187,3.16388563726254,dca,"WTI (Dec, CRUDE_W)",,
2016-10-03,2018-10-02,1.3205492628056543,0.9142318463412913,-0.18342290205058676,False,,,38,1.0,1.207932287983797,3.313090848216329,dca,"WTI (Dec, CRUDE_W)",,
2016-11-01,2018-10-31,1.247587378751942,0.908461811083872,-0.1843731061267535,False,,,38,1.0,1.2043046257724248,3.334133726157927,dca,"WTI (Dec, CRUDE_W)",,
2016-12-01,2018-11-30,0.33779440884218737,0.33112430477441634,-0.7437304795109765,False,,,34,1.0,1.186958475866968,12.226494618443006,dca,"WTI (Dec, CRUDE_W)",,
2017-01-02,2019-01-01,0.10987222553588791,0.10987222553588791,-0.9138487414547762,True,2018-12-18,509.0,30,1.0,1.1743571677169165,12.878052849577873,dca,"WTI (Dec, CRUDE_W)",,
2017-02-01,2019-01-31,0.11548700971512857,0.11548700971512857,-0.9098430889333586,True,2018-12-18,487.0,31,1.0,1.189640002460947,12.65208208709321,dca,"WTI (Dec, CRUDE_W)",,
2017-03-01,2019-02-28,0.10151975653723652,0.10151975653723652,-0.9198731793746192,True,2018-12-18,467.0,31,1.0,1.1913027026877385,13.229546107509881,dca,"WTI (Dec, CRUDE_W)",,
2017-04-03,2019-04-02,0.08205015760562914,0.08205015760562914,-0.9342293246198109,True,2018-12-18,444.0,31,1.0,1.1880643767778574,14.128428309157048,dca,"WTI (Dec, CRUDE_W)",,
2017-05-01,2019-04-30,0.04941834210881477,0.04941834210881477,-0.9593226855460929,True,2018-12-18,425.0,30,1.0,1.1707437268537193,15.944122438006797,dca,"WTI (Dec, CRUDE_W)",,
2017-06-01,2019-05-31,0.00378077728125212,0.00378077728125212,-0.9967664922114831,True,2018-12-18,402.0,28,1.0,1.1339023633214516,19.43774460660564,dca,"WTI (Dec, CRUDE_W)",,
2017-07-03,2019-07-02,0.1807808122813939,0.1807808122813939,-0.8418317211915223,True,2018-11-23,363.0,26,1.0,1.0758212979068218,11.568751626970393,dca,"WTI (Dec, CRUDE_W)",,
2017-08-01,2019-07-31,0.16422304345485397,0.16422304345485397,-0.8542063351098435,True,2018-11-23,342.0,24,1.0,1.0911656205091684,12.117297653677777,dca,"WTI (Dec, CRUDE_W)",,
2017-09-01,2019-08-30,0.16035050418535837,0.16035050418535837,-0.8571531905598181,True,2018-11-23,319.0,24,1.0,1.1041954723227647,12.25318201481056,dca,"WTI (Dec, CRUDE_W)",,
2017-10-02,2019-10-01,0.15051103099129673,0.15051103099129673,-0.8647329261753427,True,2018-11-23,298.0,22,1.0,1.1051686369357365,12.612552753981563,dca,"WTI (Dec, CRUDE_W)",,
2017-11-01,2019-10-31,0.14480080557473254,0.14480080557473254,-0.8691935284496182,True,2018-11-23,276.0,20,1.0,1.0907478951412815,12.830943292688184,dca,"WTI (Dec, CRUDE_W)",,
2017-12-01,2019-11-29,0.1293758541909387,0.1293758541909387,-0.8814761945221338,True,2018-11-23,254.0,18,1.0,0.4341527658212039,13.460542144126762,dca,"WTI (Dec, CRUDE_W)",,
2018-01-01,2019-12-31,0.13631422238549032,0.13631422238549032,-0.8759085886496878,True,2018-11-23,233.0,17,1.0,0.13631422238549032,13.169858897533564,dca,"WTI (Dec, CRUDE_W)",,
2018-02-01,2020-01-31,0.12760200153200588,0.12760200153200588,-0.8829109794891604,True,2018-11-23,210.0,14,1.0,0.12760200153200588,13.536929105670117,dca,"WTI (Dec, CRUDE_W)",,
2018-03-01,2020-02-28,0.10035429738089864,0.10035429738089864,-0.9055523206847367,True,2018-11-23,190.0,13,1.0,0.10035429738089864,14.829634308676434,dca,"WTI (Dec, CRUDE_W)",,
2018-04-02,2020-04-01,0.09027325485889227,0.09027325485889227,-0.9142262211962192,True,2018-11-23,169.0,11,1.0,0.09027325485889227,15.372768263525057,dca,"WTI (Dec, CRUDE_W)",,
2018-05-01,2020-04-30,0.08153962609173983,0.08153962609173983,-0.9218762451333906,True,2018-11-23,148.0,8,1.0,0.08153962609173983,15.876525453475944,dca,"WTI (Dec, CRUDE_W)",,
2018-06-01,2020-05-29,0.0686694299708457,0.0686694299708457,-0.9333858595643257,True,2018-11-23,125.0,7,1.0,0.0686694299708457,16.682108963764986,dca,"WTI (Dec, CRUDE_W)",,
2018-07-02,2020-07-01,0.0629650572157321,0.0629650572157321,-0.9385796210709957,True,2018-11-23,104.0,5,1.0,0.0629650572157321,17.065911034278425,dca,"WTI (Dec, CRUDE_W)",,
2018-08-01,2020-07-31,0.061003296520407056,0.061003296520407056,-0.9403791627736806,True,2018-11-23,82.0,6,1.0,0.061003296520407056,17.202015958477514,dca,"WTI (Dec, CRUDE_W)",,
2018-09-03,2020-09-02,0.052531662959551605,0.052531662959551605,-0.9482301758403424,True,2018-11-23,59.0,3,1.0,0.052531662959551605,17.815588135475526,dca,"WTI (Dec, CRUDE_W)",,
2018-10-01,2020-09-30,0.039296493164981315,0.039296493164981315,-0.9607616077350671,True,2018-11-23,39.0,0,,0.039296493164981315,18.866945244904763,dca,"WTI (Dec, CRUDE_W)",,
2018-11-01,2020-10-30,0.06647782811613166,0.06647782811613166,-0.9335190722388634,True,2018-12-24,37.0,0,,0.06647782811613166,14.586797897968008,dca,"WTI (Dec, CRUDE_W)",,
2018-12-03,2020-12-02,0.0,0.0,-1.0,True,2020-03-09,329.0,24,1.0,1.3469769298503653,6.240204540457901,dca,"WTI (Dec, CRUDE_W)",,
2019-01-01,2020-12-31,0.0,0.0,-1.0,True,2020-03-09,308.0,22,1.0,1.2501944055484904,7.295581452144958,dca,"WTI (Dec, CRUDE_W)",,
2019-02-01,2021-01-29,0.0,0.0,-1.0,True,2020-03-09,285.0,16,1.0,1.2108228533659848,7.5776802146066835,dca,"WTI (Dec, CRUDE_W)",,
2019-03-01,2021-02-26,0.0,0.0,-1.0,True,2020-03-09,265.0,15,1.0,1.2277711230216255,7.613712020046059,dca,"WTI (Dec, CRUDE_W)",,
2019-04-01,2021-03-31,0.0,0.0,-1.0,True,2020-03-09,244.0,13,1.0,0.0,7.690338080637597,dca,"WTI (Dec, CRUDE_W)",,
2019-05-01,2021-04-30,0.0,0.0,-1.0,True,2020-03-09,223.0,11,1.0,0.0,7.751985874644259,dca,"WTI (Dec, CRUDE_W)",,
2019-06-03,2021-06-02,0.0,0.0,-1.0,True,2020-03-09,200.0,12,1.0,0.0,9.034416038927512,dca,"WTI (Dec, CRUDE_W)",,
2019-07-01,2021-06-30,0.0,0.0,-1.0,True,2020-03-09,180.0,9,1.0,0.0,9.287636089537871,dca,"WTI (Dec, CRUDE_W)",,
2019-08-01,2021-07-30,0.0,0.0,-1.0,True,2020-03-09,157.0,9,1.0,0.0,9.863424435917185,dca,"WTI (Dec, CRUDE_W)",,
2019-09-02,2021-09-01,0.0,0.0,-1.0,True,2020-03-09,135.0,8,1.0,0.0,10.121666089280037,dca,"WTI (Dec, CRUDE_W)",,
2019-10-01,2021-09-30,0.0,0.0,-1.0,True,2020-03-09,114.0,7,1.0,0.0,11.40613574293803,dca,"WTI (Dec, CRUDE_W)",,
2019-11-01,2021-10-29,0.0,0.0,-1.0,True,2020-03-09,91.0,4,1.0,0.0,12.09826967360244,dca,"WTI (Dec, CRUDE_W)",,
2019-12-02,2021-12-01,0.0,0.0,-1.0,True,2020-03-09,70.0,3,1.0,0.0,12.342677687021967,dca,"WTI (Dec, CRUDE_W)",,
2020-01-01,2021-12-31,0.0,0.0,-1.0,True,2020-03-09,48.0,0,,0.0,10.585227669282805,dca,"WTI (Dec, CRUDE_W)",,
2020-02-03,2022-02-02,0.07793256124933057,0.07793256124933057,-0.9226484834040641,True,2020-03-16,30.0,2,1.0,0.07793256124933057,11.305031075052627,dca,"WTI (Dec, CRUDE_W)",,
2020-03-02,2022-03-01,0.012861517533565483,0.012861517533565483,-0.9871378827756848,True,2020-03-16,10.0,0,,0.012861517533565483,16.78570623181212,dca,"WTI (Dec, CRUDE_W)",,
2020-04-01,2022-03-31,1.582127255181786,0.29882510071374924,-0.703801594979453,False,,,66,1.0,1.254060854229886,14.369308978676665,dca,"WTI (Dec, CRUDE_W)",,
2020-05-01,2022-04-29,1.5095627737324762,0.6716432436817223,-0.37121235987502577,False,,,69,1.0,1.2211414387399526,6.870891874927158,dca,"WTI (Dec, CRUDE_W)",,
2020-06-01,2022-05-31,1.5248466286178715,0.6420060108343151,-0.38180601333862707,False,,,67,1.0,1.207979451409501,7.188076167488442,dca,"WTI (Dec, CRUDE_W)",,
2020-07-01,2022-06-30,1.5525268268219892,0.61493832794923,-0.3920236155683452,False,,,67,1.0,1.1905366841911353,7.504473044073241,dca,"WTI (Dec, CRUDE_W)",,
2020-08-03,2022-08-02,1.626633865804342,0.6092596096838596,-0.3942370307568428,False,,,67,1.0,1.2074566944879512,7.574419890163155,dca,"WTI (Dec, CRUDE_W)",,
2020-09-01,2022-08-31,1.6252989960448354,0.6555462746109697,-0.3671242766113858,False,,,68,1.0,1.2478064507037487,7.118921897674872,dca,"WTI (Dec, CRUDE_W)",,
2020-10-01,2022-09-30,1.6485585134236151,0.9514198678897534,-0.13523383225951213,False,,,73,1.0,1.2228680542494592,2.858507961340024,dca,"WTI (Dec, CRUDE_W)",,
2020-11-02,2022-11-01,1.7006046571854159,0.9976271903812837,-0.1387102852554668,False,,,75,1.0,1.1973230898734324,2.943826056685884,dca,"WTI (Dec, CRUDE_W)",,
2020-12-01,2022-11-30,1.6924385945099512,0.9923571632388102,-0.14024220406330412,False,,,73,1.0,1.0283195385462358,2.9816409697106843,dca,"WTI (Dec, CRUDE_W)",,
2021-01-04,2023-01-03,1.7268770988065767,0.9941494398843318,-0.14003236733251134,False,,,73,1.0,1.2680911520381086,2.976453255720285,dca,"WTI (Dec, CRUDE_W)",,
2021-02-01,2023-01-31,1.723025745002829,0.977945448869324,-0.14195264136412789,False,,,71,1.0,1.26294213400029,3.024022098431846,dca,"WTI (Dec, CRUDE_W)",,
2021-03-01,2023-02-28,1.712848374237549,0.9617124130706403,-0.14392990033837594,False,,,68,1.0,1.2576534664162797,3.0732255658860623,dca,"WTI (Dec, CRUDE_W)",,
2021-04-01,2023-03-31,1.7584715995832916,0.9293898212398406,-0.1480356534822429,False,,,67,1.0,1.2870468739003915,3.1761254359287276,dca,"WTI (Dec, CRUDE_W)",,
2021-05-03,2023-05-02,1.6653225164060537,0.9193693450741103,-0.1493564869991887,False,,,67,1.0,1.2909749788508178,3.209439821446442,dca,"WTI (Dec, CRUDE_W)",,
2021-06-01,2023-05-31,1.562513614851567,0.9061773313849355,-0.15113173965531612,False,,,64,1.0,1.3168205526333339,3.254378988916358,dca,"WTI (Dec, CRUDE_W)",,
2021-07-01,2023-06-30,1.6999384025458042,0.9017435546239652,-0.15173790750923943,False,,,61,1.0,1.3722765262040622,3.2697667447914913,dca,"WTI (Dec, CRUDE_W)",,
2021-08-02,2023-08-01,1.7436497317881876,0.8887697574510396,-0.1587662274081424,False,,,62,1.0,1.3979842417289374,3.449801976697374,dca,"WTI (Dec, CRUDE_W)",,
2021-09-01,2023-08-31,1.7263773772487547,0.8622050045678442,-0.1628611984805901,False,,,61,1.0,1.3466720720664345,3.55609124261605,dca,"WTI (Dec, CRUDE_W)",,
2021-10-01,2023-09-29,1.7201391865013373,0.8504665748218176,-0.16473875367922886,False,,,60,1.0,1.4887455817013313,3.6051736268716033,dca,"WTI (Dec, CRUDE_W)",,
2021-11-01,2023-10-31,1.7008183131183165,0.8767479002425382,-0.15294146770701056,False,,,58,1.0,1.4788062686121124,2.9304597282250233,dca,"WTI (Dec, CRUDE_W)",,
2021-12-01,2023-11-30,1.6521988932321552,0.926634145697447,-0.15636705621350833,False,,,59,1.0,1.4459531564837498,3.036483165570753,dca,"WTI (Dec, CRUDE_W)",,
2022-01-03,2024-01-02,1.5759199029127209,0.904427927034889,-0.15851503865849403,False,,,53,1.0,1.446694623055727,3.104434652214111,dca,"WTI (Dec, CRUDE_W)",,
2022-02-01,2024-01-31,1.6135129846071203,0.8882736264457414,-0.1601150801782849,False,,,49,1.0,1.4401849590690015,3.15580972412175,dca,"WTI (Dec, CRUDE_W)",,
2022-03-01,2024-02-29,1.6069298484795063,0.8795287959802449,-0.1609947826620831,False,,,46,1.0,1.4577522930848823,3.1843364615399987,dca,"WTI (Dec, CRUDE_W)",,
2006-03-22,2008-03-20,0.20053650082981028,0.20053650082981028,-0.8090616584121884,True,2006-10-03,137.0,8,1.0,0.20053650082981028,12.739528111077218,dca,WTI front (CRUDE_ICE),,
2006-04-03,2008-04-02,0.19470211423875794,0.19470211423875794,-0.8159449555091,True,2006-10-10,134.0,8,1.0,0.19470211423875794,19.939479517273007,dca,WTI front (CRUDE_ICE),,
2006-05-01,2008-04-30,0.17464650366247242,0.17464650366247242,-0.8295097707462082,True,2006-10-03,110.0,2,1.0,0.17464650366247242,13.795823407398952,dca,WTI front (CRUDE_ICE),,
2006-06-01,2008-05-30,0.17588590282029343,0.17588590282029343,-0.8285073566508845,True,2006-10-03,88.0,4,1.0,0.17588590282029343,13.74128048512073,dca,WTI front (CRUDE_ICE),,
2006-07-03,2008-07-02,0.16292603205245165,0.16292603205245165,-0.8391104914876577,True,2006-10-03,66.0,1,1.0,0.16292603205245165,14.33385540922672,dca,WTI front (CRUDE_ICE),,
2006-08-01,2008-07-31,0.18484146508821994,0.18484146508821994,-0.8156936660306957,True,2006-10-11,51.0,1,1.0,0.18484146508821994,16.778439408504628,dca,WTI front (CRUDE_ICE),,
2006-09-01,2008-08-29,0.16580106142782636,0.16580106142782636,-0.8341912078077004,True,2007-01-04,87.0,0,,0.16580106142782636,11.793270353518025,dca,WTI front (CRUDE_ICE),,
2006-10-02,2008-10-01,0.1752969828402458,0.1752969828402458,-0.8779877666922349,True,2008-09-15,504.0,53,1.0,1.2201976715475054,10.418306106187373,dca,WTI front (CRUDE_ICE),,
2006-11-01,2008-10-31,0.1707621224186447,0.1707621224186447,-0.880767827544486,True,2008-09-15,482.0,54,1.0,1.2295795306727009,10.544115474014983,dca,WTI front (CRUDE_ICE),,
2006-12-01,2008-11-28,0.1460660889325494,0.1460660889325494,-0.8962219625087157,True,2008-09-15,460.0,51,1.0,1.2300035620813368,11.286334467428942,dca,WTI front (CRUDE_ICE),,
2007-01-02,2008-12-31,0.15939664321530939,0.15939664321530939,-0.8878133194595977,True,2008-09-15,440.0,53,1.0,1.2670063559366445,10.873191880273152,dca,WTI front (CRUDE_ICE),,
2007-02-01,2009-01-30,0.061061330371353695,0.061061330371353695,-0.9538281913580935,True,2008-09-15,418.0,51,1.0,1.1439631430221748,14.89534895096808,dca,WTI front (CRUDE_ICE),,
2007-03-01,2009-02-27,0.06519254389394186,0.06519254389394186,-0.950857867038712,True,2008-09-15,398.0,49,1.0,1.2220828560244934,14.667407416187409,dca,WTI front (CRUDE_ICE),,
2007-04-02,2009-04-01,0.038872209157294446,0.038872209157294446,-0.9701050081073447,True,2008-09-15,376.0,47,1.0,1.1814504560227506,16.25190195253164,dca,WTI front (CRUDE_ICE),,
2007-05-01,2009-04-30,0.022315759178433592,0.022315759178433592,-0.9826165406231593,True,2008-09-15,356.0,47,1.0,1.2350264976215712,17.43679709018944,dca,WTI front (CRUDE_ICE),,
2007-06-01,2009-05-29,0.015546648245994108,0.015546648245994108,-0.9878253243810531,True,2008-09-15,333.0,46,1.0,1.244404239296333,17.972531303647425,dca,WTI front (CRUDE_ICE),,
2007-07-02,2009-07-01,0.0,0.0,-1.0,True,2008-09-15,312.0,42,1.0,1.243004069430572,19.39443396888304,dca,WTI front (CRUDE_ICE),,
2007-08-01,2009-07-31,0.1944721274062294,0.1944721274062294,-0.8447091090734563,True,2008-09-11,288.0,39,1.0,1.0944252608188503,15.307372512558402,dca,WTI front (CRUDE_ICE),,
2007-09-03,2009-09-02,0.17143805661511155,0.17143805661511155,-0.860537215827923,True,2008-09-11,265.0,38,1.0,0.7366740704106007,16.776330727375598,dca,WTI front (CRUDE_ICE),,
2007-10-01,2009-09-30,0.15230152942603467,0.15230152942603467,-0.8741453274602028,True,2008-09-11,245.0,33,1.0,0.15230152942603467,18.229717339881017,dca,WTI front (CRUDE_ICE),,
2007-11-01,2009-10-30,0.19742210220359488,0.19742210220359488,-0.8338025338656758,True,2008-09-10,221.0,27,1.0,0.19742210220359488,17.96746516289275,dca,WTI front (CRUDE_ICE),,
2007-12-03,2009-12-02,0.193774919866972,0.193774919866972,-0.8325580759669,True,2008-09-09,198.0,25,1.0,0.193774919866972,13.334776550532704,dca,WTI front (CRUDE_ICE),,
2008-01-02,2009-12-31,0.1807184686069536,0.1807184686069536,-0.8420583023384985,True,2008-09-09,178.0,22,1.0,0.1807184686069536,13.91577492640505,dca,WTI front (CRUDE_ICE),,
2008-02-01,2010-01-29,0.14752868145257933,0.14752868145257933,-0.8672133226576733,True,2008-09-09,156.0,22,1.0,0.14752868145257933,15.649000532227088,dca,WTI front (CRUDE_ICE),,
2008-03-03,2010-03-02,0.1358016794345824,0.1358016794345824,-0.8764645509553765,True,2008-09-09,135.0,18,1.0,0.1358016794345824,16.369381973981383,dca,WTI front (CRUDE_ICE),,
2008-04-01,2010-03-31,0.10192112020641829,0.10192112020641829,-0.9043364833097814,True,2008-09-09,115.0,14,1.0,0.10192112020641829,18.88040561273465,dca,WTI front (CRUDE_ICE),,
2008-05-01,2010-04-30,0.20342500849776318,0.20342500849776318,-0.8061180644963523,True,2008-09-05,91.0,10,1.0,0.20342500849776318,15.678525455071641,dca,WTI front (CRUDE_ICE),,
2008-06-02,2010-06-01,0.1790922016705077,0.1790922016705077,-0.8252568488657385,True,2008-09-05,69.0,4,1.0,0.1790922016705077,17.23063088884165,dca,WTI front (CRUDE_ICE),,
2008-07-01,2010-06-30,0.17133994447169837,0.17133994447169837,-0.8315466699101028,True,2008-09-05,48.0,2,1.0,0.17133994447169837,17.79177077953957,dca,WTI front (CRUDE_ICE),,
2008-08-01,2010-07-30,0.18106808061472005,0.18106808061472005,-0.8379912308906703,True,2008-10-10,50.0,2,1.0,0.18106808061472005,13.096028086942198,dca,WTI front (CRUDE_ICE),,
2008-09-01,2010-08-31,0.16398901543277813,0.16398901543277813,-0.850995561907105,True,2008-10-10,29.0,2,1.0,0.16398901543277813,7.186424641205224,dca,WTI front (CRUDE_ICE),,
2008-10-01,2010-09-30,0.05734472577725229,0.05734472577725229,-0.9426526004246131,True,2008-10-16,11.0,0,,0.05734472577725229,13.072478600077439,dca,WTI front (CRUDE_ICE),,
2008-11-03,2010-11-02,0.0,0.0,-1.0,True,2008-11-20,13.0,1,1.0,0.0,12.27537171617634,dca,WTI front (CRUDE_ICE),,
2008-12-01,2010-11-30,0.0,0.0,-1.0,True,2008-12-24,17.0,1,1.0,0.0,17.384470578768763,dca,WTI front (CRUDE_ICE),,
2009-01-02,2010-12-31,0.1544026271189496,0.1544026271189496,-0.8460493050213864,True,2009-01-15,9.0,1,1.0,0.1544026271189496,11.619765036626385,dca,WTI front (CRUDE_ICE),,
2009-02-02,2011-02-01,1.7038353156709996,0.7308544261411178,-0.4402263519436591,False,,,52,1.0,1.5111554034979964,6.471408528805547,dca,WTI front (CRUDE_ICE),,
2009-03-02,2011-03-01,1.5829134473363364,0.7780347617377279,-0.4819217120439827,False,,,50,1.0,1.486147273600332,5.517474892045965,dca,WTI front (CRUDE_ICE),,
2009-04-01,2011-03-31,1.5318027288525822,0.70707254893391,-0.505823046737241,False,,,45,1.0,1.4136702639332157,6.071211885540368,dca,WTI front (CRUDE_ICE),,
2009-05-01,2011-04-29,1.4900618936852246,0.6519224217413244,-0.5261014875227049,False,,,46,1.0,1.3668734846169244,6.584813038889784,dca,WTI front (CRUDE_ICE),,
2009-06-01,2011-05-31,1.4594726647077172,0.623664563820074,-0.5371349565861091,False,,,38,1.0,0.715128025730329,6.883166868953836,dca,WTI front (CRUDE_ICE),,
2009-07-01,2011-06-30,1.120900493604128,0.5406526541699961,-0.5723999066905898,False,,,34,1.0,0.957613807743984,7.940009597506031,dca,WTI front (CRUDE_ICE),,
2009-08-03,2011-08-02,0.963756276779943,0.4927909917723623,-0.5949197636537911,False,,,31,1.0,1.0390321983567317,8.71117235237504,dca,WTI front (CRUDE_ICE),,
2009-09-01,2011-08-31,0.6830966793803821,0.22489952222172516,-0.8357633489657386,False,,,31,1.0,0.5400501850568329,17.514634658327786,dca,WTI front (CRUDE_ICE),,
2009-10-01,2011-09-30,0.1895144817840848,0.1895144817840848,-0.8580585173164728,True,2011-08-09,479.0,28,1.0,0.6321847563066703,13.8881409152342,dca,WTI front (CRUDE_ICE),,
2009-11-02,2011-11-01,0.17338850970099107,0.17338850970099107,-0.8685487968712666,True,2011-08-09,457.0,24,1.0,1.006651208278237,14.703463110288137,dca,WTI front (CRUDE_ICE),,
2009-12-01,2011-11-30,0.13174463683241355,0.13174463683241355,-0.8968641530884949,True,2011-08-09,436.0,22,1.0,1.113784845068715,17.330894168099128,dca,WTI front (CRUDE_ICE),,
2010-01-04,2012-01-03,0.10580481010625076,0.10580481010625076,-0.9154541956791676,True,2011-08-09,414.0,20,1.0,1.1319065133513069,19.501582694081932,dca,WTI front (CRUDE_ICE),,
2010-02-01,2012-01-31,0.16150902130508718,0.16150902130508718,-0.866196945069096,True,2011-08-08,393.0,20,1.0,1.0822939864565793,13.693881550131765,dca,WTI front (CRUDE_ICE),,
2010-03-01,2012-02-29,0.1493334432776319,0.1493334432776319,-0.8750232396785104,True,2011-08-08,373.0,18,1.0,1.0671818937403206,14.247241302544005,dca,WTI front (CRUDE_ICE),,
2010-04-01,2012-03-30,0.13620977709659957,0.13620977709659957,-0.8847404870847806,True,2011-08-08,350.0,15,1.0,1.11041796714151,14.896051634514771,dca,WTI front (CRUDE_ICE),,
2010-05-03,2012-05-02,0.12387344231113118,0.12387344231113118,-0.9024248391970535,True,2011-08-09,330.0,20,1.0,1.2071606947673768,17.936714900140334,dca,WTI front (CRUDE_ICE),,
2010-06-01,2012-05-31,0.18693731725343013,0.18693731725343013,-0.8483259291167713,True,2011-08-08,308.0,25,1.0,1.0952227818441145,9.486866362231844,dca,WTI front (CRUDE_ICE),,
2010-07-01,2012-06-29,0.16599316134785183,0.16599316134785183,-0.8629910102901581,True,2011-08-08,286.0,23,1.0,0.8387376824799553,9.94612220842979,dca,WTI front (CRUDE_ICE),,
2010-08-02,2012-08-01,0.15427524796317374,0.15427524796317374,-0.8714192386670507,True,2011-08-08,264.0,19,1.0,1.0464604916558162,10.223006271477333,dca,WTI front (CRUDE_ICE),,
2010-09-01,2012-08-31,0.12105097986833882,0.12105097986833882,-0.8962367312848162,True,2011-08-08,242.0,19,1.0,0.12105097986833882,11.099070433383071,dca,WTI front (CRUDE_ICE),,
2010-10-01,2012-09-28,0.1080123047732631,0.1080123047732631,-0.9063668093465188,True,2011-08-08,220.0,16,1.0,0.1080123047732631,11.485329592623952,dca,WTI front (CRUDE_ICE),,
2010-11-01,2012-10-31,0.10104260670344314,0.10104260670344314,-0.9118762365921406,True,2011-08-08,199.0,15,1.0,0.10104260670344314,11.703036007450349,dca,WTI front (CRUDE_ICE),,
2010-12-01,2012-11-30,0.08139843488071644,0.08139843488071644,-0.9277713330438353,True,2011-08-08,177.0,12,1.0,0.08139843488071644,12.3635639626759,dca,WTI front (CRUDE_ICE),,
2011-01-03,2013-01-02,0.08316316933067738,0.08316316933067738,-0.9263207776625684,True,2011-08-08,154.0,11,1.0,0.08316316933067738,12.301192558997046,dca,WTI front (CRUDE_ICE),,
2011-02-01,2013-01-31,0.06218111174960053,0.06218111174960053,-0.9438665574661363,True,2011-08-08,133.0,9,1.0,0.06218111174960053,13.086104493696489,dca,WTI front (CRUDE_ICE),,
2011-03-01,2013-02-28,0.04552564692966324,0.04552564692966324,-0.9582747666323009,True,2011-08-08,113.0,7,1.0,0.04552564692966324,13.784283177519269,dca,WTI front (CRUDE_ICE),,
2011-04-01,2013-03-28,0.022837772455315736,0.022837772455315736,-0.978624204277744,True,2011-08-08,90.0,3,1.0,0.022837772455315736,14.86458750690008,dca,WTI front (CRUDE_ICE),,
2011-05-02,2013-05-01,1.4748368354916588,0.38611732329216153,-0.7136093645138835,False,,,26,1.0,1.3271063188481906,10.524376205334534,dca,WTI front (CRUDE_ICE),,
2011-06-01,2013-05-31,1.3905768868301984,0.2968768469153167,-0.7641923042967674,False,,,25,1.0,0.9650007143184451,13.687978742520901,dca,WTI front (CRUDE_ICE),,
2011-07-01,2013-06-28,1.3881484809524205,0.2768729582396352,-0.776530584825617,False,,,27,1.0,0.38685882910430003,14.676926181452426,dca,WTI front (CRUDE_ICE),,
2011-08-01,2013-07-31,1.3930693932764806,0.26695456358942415,-0.782797129799385,False,,,31,1.0,0.7902155777597422,15.222230761236831,dca,WTI front (CRUDE_ICE),,
2011-09-01,2013-08-30,0.19789624808889708,0.19789624808889708,-0.8295785982356993,True,2012-06-28,212.0,16,1.0,0.19789624808889708,17.956996385210907,dca,WTI front (CRUDE_ICE),,
2011-10-03,2013-10-02,0.15741757266749684,0.15741757266749684,-0.8558549551158785,True,2012-06-21,185.0,16,1.0,0.15741757266749684,12.952015560254194,dca,WTI front (CRUDE_ICE),,
2011-11-01,2013-10-31,0.135134780384569,0.135134780384569,-0.8736815871943988,True,2012-06-21,164.0,10,1.0,0.135134780384569,13.893183496221717,dca,WTI front (CRUDE_ICE),,
2011-12-01,2013-11-29,0.10327003820335905,0.10327003820335905,-0.9005038556894083,True,2012-06-21,142.0,5,1.0,0.10327003820335905,15.50428252687906,dca,WTI front (CRUDE_ICE),,
2012-01-03,2014-01-02,0.0928884440832413,0.0928884440832413,-0.9096018845607993,True,2012-06-21,121.0,3,1.0,0.0928884440832413,16.11305060650596,dca,WTI front (CRUDE_ICE),,
2012-02-01,2014-01-31,0.08574645309902144,0.08574645309902144,-0.915968336236423,True,2012-06-21,100.0,4,1.0,0.08574645309902144,16.560378213694914,dca,WTI front (CRUDE_ICE),,
2012-03-01,2014-02-28,0.2040789896213787,0.2040789896213787,-0.7967278412141204,True,2012-06-20,78.0,0,,0.2040789896213787,15.084381494772666,dca,WTI front (CRUDE_ICE),,
2012-04-02,2014-04-01,0.1852179868655879,0.1852179868655879,-0.8160237940310656,True,2012-06-21,57.0,1,1.0,0.1852179868655879,12.093955501254433,dca,WTI front (CRUDE_ICE),,
2012-05-01,2014-04-30,0.17842168023186636,0.17842168023186636,-0.8215700005452353,True,2012-06-21,37.0,0,,0.17842168023186636,12.32603149789075,dca,WTI front (CRUDE_ICE),,
2012-06-01,2014-05-30,1.2444901873272272,0.8908751643204429,-0.22945650536520867,False,,,27,1.0,1.1532690676015778,3.4473382287393806,dca,WTI front (CRUDE_ICE),,
2012-07-02,2014-07-01,1.2201358731482108,0.8640556058482005,-0.23454635005632163,False,,,26,1.0,1.1311440400515267,3.554340704706784,dca,WTI front (CRUDE_ICE),,
2012-08-01,2014-07-31,1.170323862557207,0.8398590360751959,-0.2393361191699901,False,,,23,1.0,1.1272140946478384,3.6567422377787793,dca,WTI front (CRUDE_ICE),,
2012-09-03,2014-09-02,1.1177458718067363,0.8639737763523385,-0.24711719457678682,False,,,18,1.0,1.0937800605589152,3.485209149756783,dca,WTI front (CRUDE_ICE),,
2012-10-01,2014-09-30,1.1077418456515948,0.8662082446331034,-0.246636953659931,False,,,20,1.0,1.091557755224972,3.4762187143214085,dca,WTI front (CRUDE_ICE),,
2012-11-01,2014-10-31,0.7570723035319222,0.7328968496517474,-0.3714412827197663,False,,,21,1.0,1.029733137799047,6.26084975137906,dca,WTI front (CRUDE_ICE),,
2012-12-03,2014-12-02,0.09066541445959725,0.09066541445959725,-0.9217731107550577,True,2014-11-27,512.0,20,1.0,0.9539392711753214,12.589701407733424,dca,WTI front (CRUDE_ICE),,
2013-01-02,2014-12-31,0.08455990881355241,0.08455990881355241,-0.9266546180306391,True,2014-11-27,492.0,18,1.0,1.0840311845095298,12.823838392094135,dca,WTI front (CRUDE_ICE),,
2013-02-01,2015-01-30,0.07891717395145953,0.07891717395145953,-0.9312123274148434,True,2014-11-27,470.0,16,1.0,1.0033669866994792,13.04810785106732,dca,WTI front (CRUDE_ICE),,
2013-03-01,2015-02-27,0.06802867359358661,0.06802867359358661,-0.940135050294929,True,2014-11-27,450.0,17,1.0,1.1041660271144351,13.503816262224385,dca,WTI front (CRUDE_ICE),,
2013-04-01,2015-03-31,0.06643347905080471,0.06643347905080471,-0.9414566337524299,True,2014-11-27,430.0,15,1.0,1.1010359192196553,13.573265813899855,dca,WTI front (CRUDE_ICE),,
2013-05-01,2015-04-30,0.038831076520003234,0.038831076520003234,-0.9649276741722133,True,2014-11-27,408.0,14,1.0,1.0821594273664206,14.899156896299736,dca,WTI front (CRUDE_ICE),,
2013-06-03,2015-06-02,0.03197795291212508,0.03197795291212508,-0.9709375430361769,True,2014-11-27,385.0,13,1.0,1.0860485534545399,15.269487529042824,dca,WTI front (CRUDE_ICE),,
2013-07-01,2015-06-30,0.021914525766834676,0.021914525766834676,-0.979899630316351,True,2014-11-27,365.0,11,1.0,1.0773157265975233,15.847926761102341,dca,WTI front (CRUDE_ICE),,
2013-08-01,2015-07-31,0.010375456790272469,0.010375456790272469,-0.990381658578128,True,2014-11-27,342.0,7,1.0,1.0707929620436591,16.567569491631062,dca,WTI front (CRUDE_ICE),,
2013-09-02,2015-09-01,0.047429655760290186,0.047429655760290186,-0.95749154743436,True,2014-11-27,320.0,8,1.0,1.0632709127280924,14.459163186783508,dca,WTI front (CRUDE_ICE),,
2013-10-01,2015-09-30,0.028763625879382144,0.028763625879382144,-0.9737822240333329,True,2014-11-27,299.0,10,1.0,1.0349528601469329,15.449601214660955,dca,WTI front (CRUDE_ICE),,
2013-11-01,2015-10-30,0.0007875372741738607,0.0007875372741738607,-0.9992633834604729,True,2014-11-27,276.0,10,1.0,0.6996682228992812,17.217190999037054,dca,WTI front (CRUDE_ICE),,
2013-12-02,2015-12-01,0.0,0.0,-1.0,True,2014-11-27,255.0,10,1.0,0.37100359087329693,17.511849313144573,dca,WTI front (CRUDE_ICE),,
2014-01-02,2015-12-31,0.0,0.0,-1.0,True,2014-11-27,234.0,8,1.0,0.0,18.433733918498305,dca,WTI front (CRUDE_ICE),,
2014-02-03,2016-02-02,0.0,0.0,-1.0,True,2014-11-27,212.0,7,1.0,0.0,19.01429884208211,dca,WTI front (CRUDE_ICE),,
2014-03-03,2016-03-02,0.0,0.0,-1.0,True,2014-11-27,192.0,4,1.0,0.0,19.796015423691426,dca,WTI front (CRUDE_ICE),,
2014-04-01,2016-03-31,0.20159935391713638,0.20159935391713638,-0.8037896624748254,True,2014-11-26,170.0,4,1.0,0.20159935391713638,18.998375112896426,dca,WTI front (CRUDE_ICE),,
2014-05-01,2016-04-29,0.1947910907361319,0.1947910907361319,-0.8091513170338126,True,2014-11-26,149.0,3,1.0,0.1947910907361319,19.597709148924068,dca,WTI front (CRUDE_ICE),,
2014-06-02,2016-06-01,0.19211776077794432,0.19211776077794432,-0.8112762312167916,True,2014-11-26,127.0,2,1.0,0.19211776077794432,19.843512192221045,dca,WTI front (CRUDE_ICE),,
2014-07-01,2016-06-30,0.0,0.0,-1.0,True,2014-11-27,107.0,0,,0.0,18.101989584964095,dca,WTI front (CRUDE_ICE),,
2014-08-01,2016-07-29,0.04299099014796001,0.04299099014796001,-0.9572891556096723,True,2014-11-28,85.0,1,1.0,0.04299099014796001,17.7372595921599,dca,WTI front (CRUDE_ICE),,
2014-09-01,2016-08-31,0.032050620154933554,0.032050620154933554,-0.96814428572081,True,2014-11-28,64.0,0,,0.032050620154933554,18.584147351731367,dca,WTI front (CRUDE_ICE),,
2014-10-01,2016-09-30,0.20119455336909134,0.20119455336909134,-0.7990002885889369,True,2014-11-28,42.0,0,,0.20119455336909134,10.890906694059346,dca,WTI front (CRUDE_ICE),,
2014-11-03,2016-11-02,0.02397655351115598,0.02397655351115598,-0.9760465215238661,True,2014-12-15,30.0,0,,0.02397655351115598,19.59678713881619,dca,WTI front (CRUDE_ICE),,
2014-12-01,2016-11-30,0.07422138600269514,0.07422138600269514,-0.9257751532953701,True,2015-01-05,23.0,0,,0.07422138600269514,13.842771862472542,dca,WTI front (CRUDE_ICE),,
2015-01-02,2016-12-30,0.11770981280346618,0.11770981280346618,-0.9042102293519361,True,2015-08-13,158.0,13,1.0,0.11770981280346618,19.764233598618073,dca,WTI front (CRUDE_ICE),,
2015-02-02,2017-02-01,0.14199597714991907,0.14199597714991907,-0.8786781865339772,True,2015-08-11,135.0,12,1.0,0.14199597714991907,19.966995628770363,dca,WTI front (CRUDE_ICE),,
2015-03-02,2017-03-01,0.18411746250250416,0.18411746250250416,-0.840349453509123,True,2015-08-07,113.0,11,1.0,0.18411746250250416,14.740485006513179,dca,WTI front (CRUDE_ICE),,
2015-04-01,2017-03-31,0.19991591904360867,0.19991591904360867,-0.8083124840052965,True,2015-08-05,89.0,8,1.0,0.19991591904360867,18.938478964021392,dca,WTI front (CRUDE_ICE),,
2015-05-01,2017-04-28,0.20089244381378657,0.20089244381378657,-0.8038040166546845,True,2015-08-03,66.0,3,1.0,0.20089244381378657,12.826858839527976,dca,WTI front (CRUDE_ICE),,
2015-06-01,2017-05-31,0.20634599795115383,0.20634599795115383,-0.7954651152070169,True,2015-08-05,47.0,1,1.0,0.20634599795115383,18.568616817465887,dca,WTI front (CRUDE_ICE),,
2015-07-01,2017-06-30,0.20199217381537593,0.20199217381537593,-0.7979984079462379,True,2015-08-14,32.0,0,,0.20199217381537593,19.863992243262263,dca,WTI front (CRUDE_ICE),,
2015-08-03,2017-08-02,0.18518896038487218,0.18518896038487218,-0.8416394503217781,True,2015-12-17,98.0,7,1.0,0.18518896038487218,15.263872289347482,dca,WTI front (CRUDE_ICE),,
2015-09-01,2017-08-31,0.16371208622783537,0.16371208622783537,-0.8463078016672678,True,2015-12-11,73.0,5,1.0,0.16371208622783537,15.03135161974428,dca,WTI front (CRUDE_ICE),,
2015-10-01,2017-09-29,0.14592358211234877,0.14592358211234877,-0.8606809766320036,True,2015-12-11,51.0,4,1.0,0.14592358211234877,16.0470890833502,dca,WTI front (CRUDE_ICE),,
2015-11-02,2017-11-01,0.10147442796047686,0.10147442796047686,-0.8988247325243162,True,2015-12-11,29.0,1,1.0,0.10147442796047686,19.307149679992104,dca,WTI front (CRUDE_ICE),,
2015-12-01,2017-11-30,0.11150784176399607,0.11150784176399607,-0.8931141411350493,True,2016-01-11,27.0,0,,0.11150784176399607,12.337376280720155,dca,WTI front (CRUDE_ICE),,
2016-01-04,2018-01-03,0.095504032926699,0.095504032926699,-0.9095866775572309,True,2016-02-10,27.0,0,,0.095504032926699,16.22110189121216,dca,WTI front (CRUDE_ICE),,
2016-02-01,2018-01-31,1.7427765511118039,0.7501716708382746,-0.39218806028370823,False,,,56,1.0,1.4664585135097399,6.027409077823243,dca,WTI front (CRUDE_ICE),,
2016-03-01,2018-02-28,1.6808937268723243,0.668002037810977,-0.42016083048815467,False,,,52,1.0,1.3921626286767057,6.768828959794148,dca,WTI front (CRUDE_ICE),,
2016-04-01,2018-03-29,1.6207694764475473,0.5935882121322642,-0.4491742020463838,False,,,50,1.0,1.1826944847273912,7.617387687828509,dca,WTI front (CRUDE_ICE),,
2016-05-02,2018-05-01,1.6057325814279193,0.5700110435746932,-0.4592213482507105,False,,,47,1.0,1.29045080182083,7.932463045593511,dca,WTI front (CRUDE_ICE),,
2016-06-01,2018-05-31,1.5846169160950563,0.5598113162467797,-0.46370849092692723,False,,,46,1.0,1.3806625149692786,8.07699202840553,dca,WTI front (CRUDE_ICE),,
2016-07-01,2018-06-29,1.5931620039551033,0.5410912449923035,-0.46264747568441733,False,,,47,1.0,1.1752240676949146,8.402233392742243,dca,WTI front (CRUDE_ICE),,
2016-08-01,2018-07-31,1.5059107543982968,0.8717271707923961,-0.19646065581514305,False,,,50,1.0,1.359876073721016,4.646247293260073,dca,WTI front (CRUDE_ICE),,
2016-09-01,2018-08-31,1.500630223496245,0.8361992930951594,-0.2031123481878805,False,,,46,1.0,1.3237209805395662,4.812880241567584,dca,WTI front (CRUDE_ICE),,
2016-10-03,2018-10-02,1.4695648129553345,0.7931356547584203,-0.21180462315395765,False,,,43,1.0,1.3146773191182708,5.031609531411578,dca,WTI front (CRUDE_ICE),,
2016-11-01,2018-10-31,1.2889139317506322,0.8891510688207509,-0.20887667574405577,False,,,42,1.0,1.2742070011554647,5.296353186418629,dca,WTI front (CRUDE_ICE),,
2016-12-01,2018-11-30,0.2106472131525372,0.19076415696370042,-0.8628138438434733,False,,,38,1.0,1.257765402270824,19.9875388859153,dca,WTI front (CRUDE_ICE),,
2017-01-03,2019-01-02,0.12057792257932956,0.12057792257932956,-0.9148773418027214,True,2018-12-17,505.0,39,1.0,1.2894065921536226,17.59254073803496,dca,WTI front (CRUDE_ICE),,
2017-02-01,2019-01-31,0.18860461615664392,0.18860461615664392,-0.8642677162605698,True,2018-11-28,471.0,37,1.0,1.2770733868117907,18.8936357399834,dca,WTI front (CRUDE_ICE),,
2017-03-01,2019-02-28,0.09690796277910677,0.09690796277910677,-0.9304246827814129,True,2018-12-17,464.0,38,1.0,1.259198527481717,19.749411622749047,dca,WTI front (CRUDE_ICE),,
2017-04-03,2019-04-02,0.16808202941335426,0.16808202941335426,-0.8760780606671698,True,2018-11-23,425.0,37,1.0,1.2767568404385405,10.668501564606913,dca,WTI front (CRUDE_ICE),,
2017-05-01,2019-04-30,0.12008411664443465,0.12008411664443465,-0.9082175644394083,True,2018-11-23,406.0,36,1.0,1.2393029034746186,12.220456777081353,dca,WTI front (CRUDE_ICE),,
2017-06-01,2019-05-31,0.046248640976674485,0.046248640976674485,-0.9625371685787201,True,2018-11-23,383.0,33,1.0,1.1663511655101007,15.743518818542752,dca,WTI front (CRUDE_ICE),,
2017-07-03,2019-07-02,0.005171564506533568,0.005171564506533568,-0.9956666872299176,True,2018-11-23,361.0,31,1.0,1.146881833931318,18.75090776283935,dca,WTI front (CRUDE_ICE),,
2017-08-01,2019-07-31,0.19683967887744527,0.19683967887744527,-0.8326842927337867,True,2018-11-20,337.0,28,1.0,1.1385587047506762,11.627419928730033,dca,WTI front (CRUDE_ICE),,
2017-09-01,2019-08-30,0.18632755784568125,0.18632755784568125,-0.8401917493414066,True,2018-11-20,314.0,28,1.0,1.136124836081167,11.976578932061678,dca,WTI front (CRUDE_ICE),,
2017-10-02,2019-10-01,0.1734266863221953,0.1734266863221953,-0.8495922656251538,True,2018-11-20,293.0,25,1.0,1.1485397003943045,12.434835425047575,dca,WTI front (CRUDE_ICE),,
2017-11-01,2019-10-31,0.1677173905294224,0.1677173905294224,-0.8538199551713024,True,2018-11-20,271.0,23,1.0,1.0576172838847797,12.649024027599875,dca,WTI front (CRUDE_ICE),,
2017-12-01,2019-11-29,0.1515061082156827,0.1515061082156827,-0.8660569224957458,True,2018-11-20,249.0,19,1.0,0.1515061082156827,13.299492433711182,dca,WTI front (CRUDE_ICE),,
2018-01-02,2019-12-31,0.14463303432620625,0.14463303432620625,-0.8713515394542037,True,2018-11-20,229.0,18,1.0,0.14463303432620625,13.595915008063214,dca,WTI front (CRUDE_ICE),,
2018-02-01,2020-01-31,0.132894450368141,0.132894450368141,-0.8805455422056377,True,2018-11-20,207.0,14,1.0,0.132894450368141,14.133942188529014,dca,WTI front (CRUDE_ICE),,
2018-03-01,2020-02-28,0.10567131690287082,0.10567131690287082,-0.9026329532312983,True,2018-11-20,187.0,13,1.0,0.10567131690287082,15.562136856436823,dca,WTI front (CRUDE_ICE),,
2018-04-02,2020-04-01,0.09861636235055618,0.09861636235055618,-0.9085389423892505,True,2018-11-20,166.0,12,1.0,0.09861636235055618,15.980615903484564,dca,WTI front (CRUDE_ICE),,
2018-05-01,2020-04-30,0.09289603248119663,0.09289603248119663,-0.9133847040371091,True,2018-11-20,145.0,10,1.0,0.09289603248119663,16.336819962470443,dca,WTI front (CRUDE_ICE),,
2018-06-01,2020-05-29,0.06736665905648001,0.06736665905648001,-0.9356564360835601,True,2018-11-20,122.0,8,1.0,0.06736665905648001,18.14148805652224,dca,WTI front (CRUDE_ICE),,
2018-07-02,2020-07-01,0.056695720065112955,0.056695720065112955,-0.9452909148390435,True,2018-11-20,101.0,4,1.0,0.056695720065112955,19.01969283767649,dca,WTI front (CRUDE_ICE),,
2018-08-01,2020-07-31,0.20772082836688616,0.20772082836688616,-0.7973172015804115,True,2018-11-13,74.0,5,1.0,0.20772082836688616,9.188325758261975,dca,WTI front (CRUDE_ICE),,
2018-09-03,2020-09-02,0.1975541846270133,0.1975541846270133,-0.8053058871021147,True,2018-11-13,51.0,3,1.0,0.1975541846270133,9.384452665945286,dca,WTI front (CRUDE_ICE),,
2018-10-01,2020-09-30,0.18438232304382823,0.18438232304382823,-0.8158971848956287,True,2018-11-13,31.0,0,,0.18438232304382823,9.651358961984934,dca,WTI front (CRUDE_ICE),,
2018-11-01,2020-10-30,0.1295023773187013,0.1295023773187013,-0.870491584406458,True,2018-12-18,33.0,0,,0.1295023773187013,10.754433739200156,dca,WTI front (CRUDE_ICE),,
2018-12-03,2020-12-02,0.1123873107962134,0.1123873107962134,-0.9175365500856977,True,2020-03-06,324.0,24,1.0,1.3485863382699848,9.25965918766041,dca,WTI front (CRUDE_ICE),,
2019-01-02,2020-12-31,0.02339339512236745,0.02339339512236745,-0.9816361122302761,True,2020-03-06,304.0,24,1.0,1.2707540094755216,11.594945334138485,dca,WTI front (CRUDE_ICE),,
2019-02-01,2021-01-29,0.0,0.0,-1.0,True,2020-03-06,282.0,17,1.0,1.1219954519343167,12.663304778811671,dca,WTI front (CRUDE_ICE),,
2019-03-01,2021-02-26,0.0,0.0,-1.0,True,2020-03-06,262.0,17,1.0,1.0489281761506568,12.826075323929368,dca,WTI front (CRUDE_ICE),,
2019-04-01,2021-03-31,0.0,0.0,-1.0,True,2020-03-06,241.0,13,1.0,0.0,13.315541922568958,dca,WTI front (CRUDE_ICE),,
2019-05-01,2021-04-30,0.0,0.0,-1.0,True,2020-03-06,220.0,12,1.0,0.0,13.295015170551803,dca,WTI front (CRUDE_ICE),,
2019-06-03,2021-06-02,0.0,0.0,-1.0,True,2020-03-06,197.0,14,1.0,0.0,17.672297062653954,dca,WTI front (CRUDE_ICE),,
2019-07-01,2021-06-30,0.0,0.0,-1.0,True,2020-03-06,177.0,10,1.0,0.0,19.000558674073453,dca,WTI front (CRUDE_ICE),,
2019-08-01,2021-07-30,0.18984573383766115,0.18984573383766115,-0.8292881786572652,True,2020-02-28,149.0,11,1.0,0.18984573383766115,12.994746151676477,dca,WTI front (CRUDE_ICE),,
2019-09-02,2021-09-01,0.1755579346686045,0.1755579346686045,-0.8400813591274706,True,2020-02-28,127.0,9,1.0,0.1755579346686045,13.591999233733072,dca,WTI front (CRUDE_ICE),,
2019-10-01,2021-09-30,0.1230228620594971,0.1230228620594971,-0.8823040835992743,True,2020-02-28,106.0,8,1.0,0.1230228620594971,16.3561037143355,dca,WTI front (CRUDE_ICE),,
2019-11-01,2021-10-29,0.10101626349477379,0.10101626349477379,-0.901279351270533,True,2020-02-28,83.0,5,1.0,0.10101626349477379,17.879182447850905,dca,WTI front (CRUDE_ICE),,
2019-12-02,2021-12-01,0.08943016483228951,0.08943016483228951,-0.911601231754126,True,2020-02-28,62.0,4,1.0,0.08943016483228951,18.800916919589998,dca,WTI front (CRUDE_ICE),,
2020-01-02,2021-12-31,0.08071947396463687,0.08071947396463687,-0.9195184980786537,True,2020-02-28,41.0,1,1.0,0.08071947396463687,19.559006166200387,dca,WTI front (CRUDE_ICE),,
2020-02-03,2022-02-02,0.0,0.0,-1.0,True,2020-03-09,25.0,3,1.0,0.0,10.264750079233675,dca,WTI front (CRUDE_ICE),,
2020-03-02,2022-03-01,0.0,0.0,-1.0,True,2020-03-16,10.0,0,,0.0,35.442628263540634,dca,WTI front (CRUDE_ICE),,
2020-04-01,2022-03-31,0.10988693966689285,0.10988693966689285,-0.8934544619969254,True,2020-04-14,8.0,2,1.0,0.10988693966689285,10.001266996040771,dca,WTI front (CRUDE_ICE),,
2020-05-01,2022-04-29,1.821107990891074,0.9451210393341682,-0.40153351712425633,False,,,84,1.0,1.2918935572325103,4.7223594756079565,dca,WTI front (CRUDE_ICE),,
2020-06-01,2022-05-31,1.8242184696363803,0.9027302608868268,-0.4123606443647835,False,,,82,1.0,1.280137414313075,4.944113971887435,dca,WTI front (CRUDE_ICE),,
2020-07-01,2022-06-30,1.7717712975084297,0.849717762668484,-0.4134690036966512,False,,,80,1.0,1.2900207852149295,4.9673028757045525,dca,WTI front (CRUDE_ICE),,
2020-08-03,2022-08-02,1.5277352905081782,0.8396133912692054,-0.4161509245590498,False,,,78,1.0,1.3232388285946808,5.023798614153449,dca,WTI front (CRUDE_ICE),,
2020-09-01,2022-08-31,1.273659166381174,0.8596465431658471,-0.4176602587675532,False,,,76,1.0,1.380093092874779,5.05583527361082,dca,WTI front (CRUDE_ICE),,
2020-10-01,2022-09-30,0.7527122145652916,0.5801120524297128,-0.67638467299203,False,,,75,1.0,1.3234930458916108,6.664266863054485,dca,WTI front (CRUDE_ICE),,
2020-11-02,2022-11-01,1.174049918614414,0.5373379720745906,-0.6929187590525787,False,,,74,1.0,1.2989286834224074,7.194767034497237,dca,WTI front (CRUDE_ICE),,
2020-12-01,2022-11-30,0.7410581040132129,0.5150853307701784,-0.7018441657953781,False,,,68,1.0,1.289824817809671,7.505594310141223,dca,WTI front (CRUDE_ICE),,
2021-01-04,2023-01-03,0.5212607200417105,0.2544855713245351,-0.8513151645508861,False,,,64,1.0,1.3159756251413999,14.315677393707341,dca,WTI front (CRUDE_ICE),,
2021-02-01,2023-01-31,0.5793590400519095,0.24573746832643284,-0.8556887055275835,False,,,61,1.0,1.3630018094284326,14.82530671959181,dca,WTI front (CRUDE_ICE),,
2021-03-01,2023-02-28,0.43215165005756084,0.21598661007471165,-0.870904654850675,False,,,54,1.0,1.3371166650548854,16.867403674584978,dca,WTI front (CRUDE_ICE),,
2021-04-01,2023-03-31,0.18015756871042315,0.18015756871042315,-0.8900366615558462,True,2022-12-09,439.0,52,1.0,1.4214941861384076,19.500528218405837,dca,WTI front (CRUDE_ICE),,
2021-05-03,2023-05-02,0.1715391479993952,0.1715391479993952,-0.8943637254565269,True,2022-12-08,417.0,50,1.0,1.510333452112624,17.03676348216034,dca,WTI front (CRUDE_ICE),,
2021-06-01,2023-05-31,0.1442032400901169,0.1442032400901169,-0.9096770888025254,True,2022-12-08,396.0,46,1.0,1.536169090821157,19.49557006539922,dca,WTI front (CRUDE_ICE),,
2021-07-01,2023-06-30,0.16602423927779938,0.16602423927779938,-0.8945378966278289,True,2022-12-07,373.0,42,1.0,1.5014987308566963,14.160959939527483,dca,WTI front (CRUDE_ICE),,
2021-08-02,2023-08-01,0.10976913157325437,0.10976913157325437,-0.9276883120640023,True,2022-12-07,351.0,39,1.0,1.3218976693994113,17.92576571043283,dca,WTI front (CRUDE_ICE),,
2021-09-01,2023-08-31,0.16908733562767422,0.16908733562767422,-0.8854908161808381,True,2022-12-06,328.0,37,1.0,0.9813377570605759,14.636185964589673,dca,WTI front (CRUDE_ICE),,
2021-10-01,2023-09-29,0.15734922673398835,0.15734922673398835,-0.8925862271283397,True,2022-12-06,306.0,33,1.0,0.5946294224256583,15.316847441448733,dca,WTI front (CRUDE_ICE),,
2021-11-01,2023-10-31,0.13594876015757454,0.13594876015757454,-0.9058192834896857,True,2022-12-06,285.0,28,1.0,0.6903737881558927,16.735824855752078,dca,WTI front (CRUDE_ICE),,
2021-12-01,2023-11-30,0.15587536063084498,0.15587536063084498,-0.8861825446643331,True,2022-09-26,212.0,31,1.0,0.15587536063084498,12.777451554758953,dca,WTI front (CRUDE_ICE),,
2022-01-03,2024-01-02,0.13666646933920548,0.13666646933920548,-0.8987889546117082,True,2022-09-26,189.0,26,1.0,0.13666646933920548,13.607642688362148,dca,WTI front (CRUDE_ICE),,
2022-02-01,2024-01-31,0.1219064769481937,0.1219064769481937,-0.9087220159952983,True,2022-09-26,168.0,21,1.0,0.1219064769481937,14.32270299161685,dca,WTI front (CRUDE_ICE),,
2022-03-01,2024-02-29,0.10583348130071604,0.10583348130071604,-0.9197914510063242,True,2022-09-26,148.0,17,1.0,0.10583348130071604,15.192036586265885,dca,WTI front (CRUDE_ICE),,
1991-01-02,1992-12-31,0.0,0.0,-1.0,True,1991-01-18,12.0,3,1.0,0.0,15.930927711996327,dca,Brent (BRENT_W),,
1991-02-01,1993-01-29,1.0463016073766198,0.5335534521600973,-0.5284143431434987,False,,,22,1.0,0.8971193841673912,8.280063078623366,dca,Brent (BRENT_W),,
1991-03-01,1993-02-26,1.1099510424566938,0.49578523297945143,-0.5466629103101026,False,,,21,1.0,0.7408677646773008,8.910826595527029,dca,Brent (BRENT_W),,
1991-04-02,1993-04-01,1.1913451962564543,0.4716203219587163,-0.5590148804759227,False,,,19,1.0,0.7795200717934403,9.36740007588049,dca,Brent (BRENT_W),,
1991-05-01,1993-04-30,1.1776733677795859,0.45628840700477635,-0.5671454748928738,False,,,15,1.0,1.1000860794373961,9.68215753870033,dca,Brent (BRENT_W),,
1991-06-03,1993-06-02,1.1408280895480902,0.44500243440444365,-0.5732832471468243,False,,,14,1.0,1.0948977877389452,9.927712520528955,dca,Brent (BRENT_W),,
1991-07-01,1993-06-30,1.0664911886619235,0.4352201581998765,-0.5787117431561087,False,,,14,1.0,1.0865257137635644,10.150853898807561,dca,Brent (BRENT_W),,
1991-08-01,1993-07-30,0.8922918581249242,0.4295469038056572,-0.581907373006282,False,,,12,1.0,1.0762394829121376,10.284921624535002,dca,Brent (BRENT_W),,
1991-09-02,1993-09-01,0.8499011141889721,0.41958422182813404,-0.5876053928337688,False,,,10,1.0,1.0473148517674187,10.529128622745159,dca,Brent (BRENT_W),,
1991-10-01,1993-09-30,0.9216989405071958,0.41263645349869105,-0.5916455734171042,False,,,9,1.0,1.054166889612464,10.706412878078098,dca,Brent (BRENT_W),,
1991-11-01,1993-10-29,0.42837673282105726,0.37397814027683296,-0.6260015159493868,False,,,5,1.0,1.010481957448779,11.733498359864194,dca,Brent (BRENT_W),,
1991-12-02,1993-12-01,0.05590348308241706,0.05590348308241706,-0.952055126548407,True,1993-11-25,502.0,11,1.0,0.9935038016801663,19.551669696240342,dca,Brent (BRENT_W),,
1992-01-02,1993-12-31,0.16398434091168462,0.16398434091168462,-0.8537541738122332,True,1993-11-24,481.0,11,1.0,0.9167082391370753,17.20295461048912,dca,Brent (BRENT_W),,
1992-02-03,1994-02-02,0.14737039026729165,0.14737039026729165,-0.8665943166231008,True,1993-11-24,459.0,9,1.0,0.9086827935503115,18.46363075218411,dca,Brent (BRENT_W),,
1992-03-02,1994-03-01,0.1338024647302472,0.1338024647302472,-0.8773703895792854,True,1993-11-24,439.0,9,1.0,0.9912154108571887,19.638959907503935,dca,Brent (BRENT_W),,
1992-04-01,1994-03-31,0.20600259821369635,0.20600259821369635,-0.8102119885921604,True,1993-11-23,416.0,7,1.0,1.0788828729035806,15.476200435345376,dca,Brent (BRENT_W),,
1992-05-01,1994-04-29,0.19732532691202584,0.19732532691202584,-0.8167412452637404,True,1993-11-23,396.0,4,1.0,1.07455481958525,15.981274252232764,dca,Brent (BRENT_W),,
1992-06-01,1994-05-31,0.1603717713262423,0.1603717713262423,-0.8565136816218689,True,1993-11-24,378.0,5,1.0,1.0913332594815515,17.46221069453718,dca,Brent (BRENT_W),,
1992-07-01,1994-06-30,0.1523351149682391,0.1523351149682391,-0.8627170323646698,True,1993-11-24,356.0,4,1.0,1.0173261325638432,18.067961856434174,dca,Brent (BRENT_W),,
1992-08-03,1994-08-02,0.14882195876976195,0.14882195876976195,-0.8654570895919294,True,1993-11-24,333.0,4,1.0,0.8641199532175206,18.346165230739043,dca,Brent (BRENT_W),,
1992-09-01,1994-08-31,0.1491257072222794,0.1491257072222794,-0.8652194963011756,True,1993-11-24,313.0,4,1.0,0.8975207915687555,18.321773795277018,dca,Brent (BRENT_W),,
1992-10-01,1994-09-30,0.13048232568805745,0.13048232568805745,-0.8800482874434191,True,1993-11-24,291.0,3,1.0,0.8732647998301193,19.94971766381102,dca,Brent (BRENT_W),,
1992-11-02,1994-11-01,0.17461180891961467,0.17461180891961467,-0.8343411355956772,True,1993-11-23,268.0,3,1.0,0.46865677979733,17.4740152055898,dca,Brent (BRENT_W),,
1992-12-01,1994-11-30,0.16138681620399284,0.16138681620399284,-0.8449425470279122,True,1993-11-23,247.0,4,1.0,0.16138681620399284,18.479007474170626,dca,Brent (BRENT_W),,
1993-01-04,1995-01-03,0.15118165188712515,0.15118165188712515,-0.8533091857145301,True,1993-11-23,226.0,4,1.0,0.15118165188712515,19.337207098860823,dca,Brent (BRENT_W),,
1993-02-01,1995-01-31,0.20827171361144653,0.20827171361144653,-0.7959386078382552,True,1993-11-10,197.0,2,1.0,0.20827171361144653,18.224135580113686,dca,Brent (BRENT_W),,
1993-03-01,1995-02-28,0.20118454945793857,0.20118454945793857,-0.8015041673594934,True,1993-11-10,177.0,1,1.0,0.20118454945793857,18.792069752059934,dca,Brent (BRENT_W),,
1993-04-01,1995-03-31,0.18149840746657978,0.18149840746657978,-0.8186376795343553,True,1993-11-24,164.0,0,,0.18149840746657978,16.36423305539609,dca,Brent (BRENT_W),,
1993-05-04,1995-05-03,0.18844293930685507,0.18844293930685507,-0.8116985965541748,True,1993-11-24,144.0,0,,0.18844293930685507,15.960946705071198,dca,Brent (BRENT_W),,
1993-06-01,1995-05-31,0.10668635789041206,0.10668635789041206,-0.8980216495760033,True,1993-11-25,126.0,0,,0.10668635789041206,16.052977252413555,dca,Brent (BRENT_W),,
1993-07-01,1995-06-30,0.18651289802641866,0.18651289802641866,-0.8183258454944328,True,1993-12-31,128.0,2,1.0,0.18651289802641866,19.991528013154593,dca,Brent (BRENT_W),,
1993-08-02,1995-08-01,0.20787182487219263,0.20787182487219263,-0.7973699398616463,True,1993-12-30,105.0,2,1.0,0.20787182487219263,15.839548953435058,dca,Brent (BRENT_W),,
1993-09-01,1995-08-31,0.19602996344336304,0.19602996344336304,-0.8066816705819763,True,1993-12-30,84.0,1,1.0,0.19602996344336304,16.569154274797246,dca,Brent (BRENT_W),,
1993-10-01,1995-09-29,0.19305501688842971,0.19305501688842971,-0.8071029299441768,True,1993-12-30,62.0,0,,0.19305501688842971,16.79229585336852,dca,Brent (BRENT_W),,
1993-11-01,1995-10-31,1.2295829865504913,0.2433235025836602,-0.7566632610322872,False,,,20,1.0,1.1340468114018467,17.600476841081317,dca,Brent (BRENT_W),,
1993-12-01,1995-11-30,1.267530900517549,0.9372555900688373,-0.14419493181401954,False,,,28,1.0,1.1753322654572027,3.2413447030607214,dca,Brent (BRENT_W),,
1994-01-04,1996-01-03,1.258289903160736,0.9298101178618783,-0.14680845403644616,False,,,31,1.0,1.1487466898286192,3.3102027779272243,dca,Brent (BRENT_W),,
1994-02-01,1996-01-31,1.1700125739550256,0.9104548059392066,-0.14946297446132284,False,,,30,1.0,1.147316982087448,3.380574208640891,dca,Brent (BRENT_W),,
1994-03-01,1996-02-29,1.2567216402626702,0.8902251244334094,-0.15234198656851472,False,,,33,1.0,1.1278655177513908,3.4573951583877807,dca,Brent (BRENT_W),,
1994-04-05,1996-04-04,1.2694288540652854,0.8758560030447207,-0.15445525037230978,False,,,36,1.0,1.123580497567255,3.5141165036167203,dca,Brent (BRENT_W),,
1994-05-03,1996-05-02,1.2745464435471772,0.8671582551375971,-0.1557631530597191,False,,,36,1.0,1.1309429491830671,3.5493637024799436,dca,Brent (BRENT_W),,
1994-06-01,1996-05-31,1.2863404990882223,0.8644827404815487,-0.15616994349013347,False,,,36,1.0,1.1265342628469424,3.5603487391509376,dca,Brent (BRENT_W),,
1994-07-01,1996-06-28,1.303411868674622,0.8514222470256154,-0.15818658122588103,False,,,35,1.0,1.066819656723025,3.614963134735462,dca,Brent (BRENT_W),,
1994-08-01,1996-07-31,1.3027032010832216,0.7492169146794199,-0.2688377275302959,False,,,34,1.0,1.0576854729029361,6.358298754181903,dca,Brent (BRENT_W),,
1994-09-01,1996-08-30,1.2760546928419199,0.9645559048869083,-0.0966074788395147,False,,,39,1.0,1.0340249635251606,2.022404143591722,dca,Brent (BRENT_W),,
1994-10-03,1996-10-02,1.2925099498167945,0.9650390180493646,-0.0965637858016768,False,,,44,1.0,1.0917047309415142,2.021391697417732,dca,Brent (BRENT_W),,
1994-11-01,1996-10-31,1.2608246845742843,0.9414049784852487,-0.09874863610604179,False,,,43,1.0,1.0864897897329262,2.0721388810880534,dca,Brent (BRENT_W),,
1994-12-01,1996-11-29,1.278825282293162,0.9357745212144915,-0.09928380581960017,False,,,44,1.0,1.0871876193611596,2.0846067236767776,dca,Brent (BRENT_W),,
1995-01-03,1997-01-02,1.3205807390328632,0.9323384253332492,-0.09961326316581565,False,,,48,1.0,1.0940118278914523,2.092289458167395,dca,Brent (BRENT_W),,
1995-02-01,1997-01-31,1.297471546971837,0.9296494810853062,-0.0998726116475368,False,,,48,1.0,1.0226521489583908,2.0983412549123392,dca,Brent (BRENT_W),,
1995-03-01,1997-02-28,0.9146540278926398,0.9146540278926398,-0.3028973281797498,False,,,47,1.0,1.1210278993343017,5.040163213409323,dca,Brent (BRENT_W),,
1995-04-03,1997-04-02,0.9742599653881658,0.9120082710102748,-0.3035093429382112,False,,,46,1.0,1.144361244269978,5.054784842328706,dca,Brent (BRENT_W),,
1995-05-01,1997-04-30,0.8558566039679469,0.6722399868307178,-0.4876989790149915,False,,,40,1.0,1.1477792380614769,6.5663582896073045,dca,Brent (BRENT_W),,
1995-06-01,1997-05-30,1.0503297142801706,0.6665567386661522,-0.48982043683353826,False,,,41,1.0,1.1440638629818858,6.622344886895284,dca,Brent (BRENT_W),,
1995-07-03,1997-07-02,0.8570729368732746,0.5741979558853938,-0.5559627054065748,False,,,42,1.0,1.16028935147893,7.58059122897163,dca,Brent (BRENT_W),,
1995-08-01,1997-07-31,0.810907844648197,0.5714394415130739,-0.5571512244539869,False,,,41,1.0,1.1510654989307505,7.617185080107337,dca,Brent (BRENT_W),,
1995-09-01,1997-08-29,0.7006178261916567,0.5718358933850531,-0.5569800986954558,False,,,41,1.0,1.1817042430453666,7.611904111705118,dca,Brent (BRENT_W),,
1995-10-02,1997-10-01,0.946935301721652,0.5635048117728578,-0.5605984028348903,False,,,40,1.0,1.190112894072451,7.724441561348729,dca,Brent (BRENT_W),,
1995-11-01,1997-10-31,1.2479149785135877,0.5565022640801587,-0.5636762696946807,False,,,40,1.0,1.1866997256129397,7.821639315830858,dca,Brent (BRENT_W),,
1995-12-01,1997-11-28,1.19581445879398,0.5479787820125219,-0.5674685527817444,False,,,37,1.0,1.1893991047964942,7.9433002352612805,dca,Brent (BRENT_W),,
1996-01-02,1997-12-31,0.7267720966740772,0.5393256701971669,-0.5713710671099652,False,,,34,1.0,1.2229606265643236,8.070745059264418,dca,Brent (BRENT_W),,
1996-02-01,1998-01-30,0.14453477751690672,0.14453477751690672,-0.8817257567977755,True,1998-01-23,500.0,33,1.0,1.1879007222901943,19.3655454959243,dca,Brent (BRENT_W),,
1996-03-01,1998-02-27,0.19899407248869663,0.19899407248869663,-0.8362362751253829,True,1998-01-22,478.0,32,1.0,0.7865828135948769,14.808775202038534,dca,Brent (BRENT_W),,
1996-04-01,1998-03-31,0.1799117081866494,0.1799117081866494,-0.8495780320748132,True,1998-01-22,457.0,27,1.0,0.8297521436707207,15.908410615807496,dca,Brent (BRENT_W),,
1996-05-01,1998-04-30,0.14403370626723158,0.14403370626723158,-0.8758510737426665,True,1998-01-22,437.0,24,1.0,0.7038281254394594,18.489829962726276,dca,Brent (BRENT_W),,
1996-06-03,1998-06-02,0.1327215331294446,0.1327215331294446,-0.8844751083455163,True,1998-01-22,416.0,23,1.0,0.9138915593924164,19.486819318625063,dca,Brent (BRENT_W),,
1996-07-01,1998-06-30,0.19229058855159006,0.19229058855159006,-0.8302498953163152,True,1998-01-15,391.0,19,1.0,0.6068163724079056,17.61891731790318,dca,Brent (BRENT_W),,
1996-08-01,1998-07-31,0.18243960152655223,0.18243960152655223,-0.8375332900435632,True,1998-01-15,368.0,17,1.0,0.6434716251790071,18.39213116099219,dca,Brent (BRENT_W),,
1996-09-02,1998-09-01,0.16648182867003855,0.16648182867003855,-0.8496068559787012,True,1998-01-15,347.0,13,1.0,0.5086377825723059,19.799706634167997,dca,Brent (BRENT_W),,
1996-10-01,1998-09-30,0.20504280260642038,0.20504280260642038,-0.8125616848046928,True,1998-01-13,324.0,10,1.0,0.7828311350731214,19.53616705074659,dca,Brent (BRENT_W),,
1996-11-01,1998-10-30,0.19426759470137042,0.19426759470137042,-0.8197033500111266,True,1998-01-12,300.0,8,1.0,1.049969303674537,17.6657513737063,dca,Brent (BRENT_W),,
1996-12-02,1998-12-01,0.18129251103109975,0.18129251103109975,-0.8296945045144734,True,1998-01-12,279.0,5,1.0,0.9114648277958306,18.6893948534087,dca,Brent (BRENT_W),,
1997-01-02,1998-12-31,0.19258844934355906,0.19258844934355906,-0.8138606105995404,True,1998-01-09,258.0,2,1.0,0.5031607628920796,18.798062258730447,dca,Brent (BRENT_W),,
1997-02-03,1999-02-02,0.19051748307040137,0.19051748307040137,-0.8302294638368459,True,1998-01-15,240.0,7,1.0,0.19051748307040137,17.753255788931117,dca,Brent (BRENT_W),,
1997-03-03,1999-03-02,0.20459899138105583,0.20459899138105583,-0.8132712082696384,True,1998-01-14,219.0,9,1.0,0.20459899138105583,19.067931614618587,dca,Brent (BRENT_W),,
1997-04-01,1999-03-31,0.19010726961262855,0.19010726961262855,-0.8214151963230234,True,1998-01-12,198.0,6,1.0,0.19010726961262855,17.98154072907058,dca,Brent (BRENT_W),,
1997-05-01,1999-04-30,0.1806738938611719,0.1806738938611719,-0.8287593430922433,True,1998-01-12,176.0,6,1.0,0.1806738938611719,18.741170451437526,dca,Brent (BRENT_W),,
1997-06-02,1999-06-01,0.17249474541807927,0.17249474541807927,-0.8352341649119579,True,1998-01-12,156.0,5,1.0,0.17249474541807927,19.453726124730384,dca,Brent (BRENT_W),,
1997-07-01,1999-06-30,0.1945263706818015,0.1945263706818015,-0.8107309500742507,True,1998-01-09,134.0,5,1.0,0.1945263706818015,18.636968668124926,dca,Brent (BRENT_W),,
1997-08-01,1999-07-30,0.18776778837323566,0.18776778837323566,-0.8160975447617315,True,1998-01-09,111.0,4,1.0,0.18776778837323566,19.21113492047092,dca,Brent (BRENT_W),,
1997-09-01,1999-08-31,0.20848420585646812,0.20848420585646812,-0.7939063965022456,True,1998-01-07,89.0,4,1.0,0.20848420585646812,16.98069567021592,dca,Brent (BRENT_W),,
1997-10-01,1999-09-30,0.20280577847342576,0.20280577847342576,-0.7983879999976607,True,1998-01-07,67.0,2,1.0,0.20280577847342576,17.37443903474582,dca,Brent (BRENT_W),,
1997-11-03,1999-11-02,0.17339076700492406,0.17339076700492406,-0.8267013283124715,True,1998-02-12,70.0,0,,0.17339076700492406,19.66280328915317,dca,Brent (BRENT_W),,
1997-12-01,1999-11-30,0.121919605478046,0.121919605478046,-0.8977795470736101,True,1998-08-10,173.0,2,1.0,0.121919605478046,18.35241792770551,dca,Brent (BRENT_W),,
1998-01-02,1999-12-30,0.17541836722249324,0.17541836722249324,-0.8290306469312205,True,1998-03-16,51.0,2,1.0,0.17541836722249324,10.797418137018344,dca,Brent (BRENT_W),,
1998-02-02,2000-02-01,0.18346257490984702,0.18346257490984702,-0.8452558769868732,True,1998-11-09,195.0,4,1.0,0.18346257490984702,14.101702886939181,dca,Brent (BRENT_W),,
1998-03-02,2000-03-01,0.1587311473975605,0.1587311473975605,-0.8632636208096884,True,1998-11-09,175.0,5,1.0,0.1587311473975605,15.379790775144551,dca,Brent (BRENT_W),,
1998-04-01,2000-03-31,0.19769345544136077,0.19769345544136077,-0.8164154247469775,True,1998-10-19,138.0,3,1.0,0.19769345544136077,18.838108161561138,dca,Brent (BRENT_W),,
1998-05-01,2000-04-28,0.18790679460869922,0.18790679460869922,-0.8239032317261916,True,1998-10-19,118.0,1,1.0,0.18790679460869922,19.701003726301227,dca,Brent (BRENT_W),,
1998-06-01,2000-05-31,0.19257992020634532,0.19257992020634532,-0.8161464035248579,True,1998-08-11,51.0,1,1.0,0.19257992020634532,14.521456921437473,dca,Brent (BRENT_W),,
1998-07-01,2000-06-30,0.060262110940958714,0.060262110940958714,-0.945618593660029,True,1998-11-30,107.0,3,1.0,0.060262110940958714,17.229224506598566,dca,Brent (BRENT_W),,
1998-08-03,2000-08-02,0.1746202160642625,0.1746202160642625,-0.8313136231083142,True,1998-11-25,81.0,3,1.0,0.1746202160642625,16.22991748747624,dca,Brent (BRENT_W),,
1998-09-01,2000-08-31,0.16461567138856917,0.16461567138856917,-0.8394263228155039,True,1998-11-25,61.0,3,1.0,0.16461567138856917,16.874513981875616,dca,Brent (BRENT_W),,
1998-10-01,2000-09-29,0.06394794088479724,0.06394794088479724,-0.9363924092401497,True,1998-11-30,42.0,0,,0.06394794088479724,17.076292345689343,dca,Brent (BRENT_W),,
1998-11-02,2000-11-01,0.15566426619341558,0.15566426619341558,-0.8443272659356689,True,1998-12-10,28.0,0,,0.15566426619341558,15.819628953079954,dca,Brent (BRENT_W),,
1998-12-01,2000-11-30,1.673151559487347,0.6313462845529934,-0.5617969736206742,False,,,77,1.0,1.3499330308504363,6.6501858456631755,dca,Brent (BRENT_W),,
1999-01-04,2001-01-03,1.0648725117569615,0.551457833897083,-0.5947765907450402,False,,,73,1.0,1.3123944856045877,7.613583246384562,dca,Brent (BRENT_W),,
1999-02-01,2001-01-31,1.2189454965101065,0.4889886019170504,-0.623392666100691,False,,,70,1.0,1.2775217075541196,8.586233112154579,dca,Brent (BRENT_W),,
1999-03-01,2001-02-28,1.5476350905698064,0.46580652660131605,-0.6347252282613307,False,,,71,1.0,1.2693000779579122,9.013549371840188,dca,Brent (BRENT_W),,
1999-04-01,2001-03-30,1.5369460389703384,0.43861680474203,-0.6485533951029894,False,,,65,1.0,1.0479858615916626,9.572296546448367,dca,Brent (BRENT_W),,
1999-05-04,2001-05-03,1.608900018216047,0.41657486268616406,-0.6602136608406938,False,,,61,1.0,0.9404960916089546,10.078788955658705,dca,Brent (BRENT_W),,
1999-06-01,2001-05-31,1.5809862849984497,0.38837004250758156,-0.6757600195255367,False,,,65,1.0,1.2869264142849892,10.810746622312893,dca,Brent (BRENT_W),,
1999-07-01,2001-06-29,1.5292719458107258,0.36631471472888855,-0.6884364867573323,False,,,59,1.0,1.288804690092867,11.461647475323879,dca,Brent (BRENT_W),,
1999-08-02,2001-08-01,1.5030698779331342,0.3576606232887105,-0.693541373151342,False,,,56,1.0,1.2448836452989438,11.738977823838287,dca,Brent (BRENT_W),,
1999-09-01,2001-08-31,1.5971450964610063,0.3385226547755815,-0.7051038166480681,False,,,53,1.0,1.283061521894364,12.402626725321324,dca,Brent (BRENT_W),,
1999-10-01,2001-09-28,1.291226521110353,0.3268513945862468,-0.7123463477129774,False,,,51,1.0,1.3127791704988008,12.845501640160414,dca,Brent (BRENT_W),,
1999-11-01,2001-10-31,0.6152894686581849,0.2742294728081287,-0.7469379584565292,False,,,49,1.0,1.1921609077824877,15.31042627275874,dca,Brent (BRENT_W),,
1999-12-01,2001-11-30,0.0,0.0,-1.0,True,2001-11-15,495.0,45,1.0,1.2931950868046576,16.701433101085502,dca,Brent (BRENT_W),,
2000-01-04,2002-01-03,0.0,0.0,-1.0,True,2001-11-15,475.0,41,1.0,0.6096716908758637,18.357267515710785,dca,Brent (BRENT_W),,
2000-02-01,2002-01-31,0.0,0.0,-1.0,True,2001-11-15,455.0,37,1.0,0.9885969086281152,19.750380246725562,dca,Brent (BRENT_W),,
2000-03-01,2002-02-28,0.19199477222157804,0.19199477222157804,-0.8085565892824433,True,2000-04-10,28.0,1,1.0,0.19199477222157804,10.110357222685973,dca,Brent (BRENT_W),,
2000-04-03,2002-04-02,0.0,0.0,-1.0,True,2001-11-15,411.0,35,1.0,1.2325352659641782,16.056628608692407,dca,Brent (BRENT_W),,
2000-05-02,2002-05-01,0.18771909572631612,0.18771909572631612,-0.8641667258522702,True,2001-11-14,392.0,32,1.0,1.3050641252725845,19.238513368294175,dca,Brent (BRENT_W),,
2000-06-01,2002-05-31,0.1715332040638188,0.1715332040638188,-0.8734591922879318,True,2001-11-06,365.0,26,1.0,1.2815387708458588,17.562765750346752,dca,Brent (BRENT_W),,
2000-07-03,2002-07-02,0.17580147447176478,0.17580147447176478,-0.8707175447401968,True,2001-11-06,343.0,25,1.0,1.2364321092749866,17.23006052948749,dca,Brent (BRENT_W),,
2000-08-01,2002-07-31,0.1545037454373718,0.1545037454373718,-0.8845718090866341,True,2001-11-06,322.0,25,1.0,1.1768759415926162,19.028759820432917,dca,Brent (BRENT_W),,
2000-09-01,2002-08-30,0.18499491986417457,0.18499491986417457,-0.8599442074256944,True,2001-11-05,299.0,19,1.0,1.3107512448846377,19.984929994705123,dca,Brent (BRENT_W),,
2000-10-02,2002-10-01,0.1490707100769911,0.1490707100769911,-0.857674635162623,True,2000-12-20,57.0,4,1.0,0.1490707100769911,8.213831227493808,dca,Brent (BRENT_W),,
2000-11-01,2002-10-31,0.10974818693827534,0.10974818693827534,-0.8911305327762147,True,2000-12-20,35.0,2,1.0,0.10974818693827534,8.847439078385475,dca,Brent (BRENT_W),,
2000-12-01,2002-11-29,0.14790450751400674,0.14790450751400674,-0.8800270818987631,True,2001-11-01,232.0,13,1.0,0.14790450751400674,13.311099852120815,dca,Brent (BRENT_W),,
2001-01-02,2002-12-31,0.08398628581304059,0.08398628581304059,-0.9281491481660996,True,2001-11-01,213.0,16,1.0,0.08398628581304059,16.807766761223107,dca,Brent (BRENT_W),,
2001-02-01,2003-01-31,0.06037987905587307,0.06037987905587307,-0.947279887235319,True,2001-11-01,191.0,11,1.0,0.06037987905587307,18.6135919827563,dca,Brent (BRENT_W),,
2001-03-01,2003-02-28,0.19528966406032255,0.19528966406032255,-0.8259907862502307,True,2001-10-31,170.0,10,1.0,0.19528966406032255,15.280271896046493,dca,Brent (BRENT_W),,
2001-04-02,2003-04-01,0.16155390419181304,0.16155390419181304,-0.8515892348649116,True,2001-10-31,148.0,10,1.0,0.16155390419181304,17.44062730869801,dca,Brent (BRENT_W),,
2001-05-01,2003-04-30,0.14686987264947726,0.14686987264947726,-0.8632337569842615,True,2001-10-31,129.0,5,1.0,0.14686987264947726,18.58428145654265,dca,Brent (BRENT_W),,
2001-06-01,2003-05-30,0.1348131836859774,0.1348131836859774,-0.8730355649991713,True,2001-10-31,108.0,6,1.0,0.1348131836859774,19.64182226020208,dca,Brent (BRENT_W),,
2001-07-02,2003-07-01,0.18926015287609302,0.18926015287609302,-0.8181347886838282,True,2001-10-18,78.0,5,1.0,0.18926015287609302,16.105210021204662,dca,Brent (BRENT_W),,
2001-08-01,2003-07-31,0.1664402037093974,0.1664402037093974,-0.8364773208017964,True,2001-10-18,56.0,4,1.0,0.1664402037093974,17.63627971132371,dca,Brent (BRENT_W),,
2001-09-03,2003-09-02,0.15647009203080123,0.15647009203080123,-0.8447519584681379,True,2001-10-18,33.0,2,1.0,0.15647009203080123,18.40054585910672,dca,Brent (BRENT_W),,
2001-10-01,2003-09-30,1.6674630272372597,0.6529335435232859,-0.5758047309486618,False,,,41,1.0,1.4177292451114423,6.575048846680844,dca,Brent (BRENT_W),,
2001-11-01,2003-10-31,1.5628393036323356,0.5661464534350102,-0.6102105313782757,False,,,46,1.0,1.251105154780439,7.503790091518192,dca,Brent (BRENT_W),,
2001-12-03,2003-12-02,1.4966495324872837,0.4524135368843707,-0.6620522968377733,False,,,45,1.0,1.3035586152827463,9.126258523386465,dca,Brent (BRENT_W),,
2002-01-02,2003-12-31,1.5091530307291574,0.43632385162083764,-0.6701061754000379,False,,,45,1.0,1.2959598583060576,9.462794394000584,dca,Brent (BRENT_W),,
2002-02-01,2004-01-30,1.4833221904440403,0.4050624519765371,-0.6863282167584395,False,,,47,1.0,1.2789822775239572,10.193102019057457,dca,Brent (BRENT_W),,
2002-03-01,2004-02-27,1.4960486775231285,0.3811272843427478,-0.6992894679205484,False,,,47,1.0,1.260076990774157,10.833238833075347,dca,Brent (BRENT_W),,
2002-04-02,2004-04-01,1.4767481637718936,0.3634786930046179,-0.7091644335357661,False,,,44,1.0,0.9343530105331119,11.359243269409328,dca,Brent (BRENT_W),,
2002-05-01,2004-04-30,1.4505237620297415,0.2924170118813434,-0.7519182262635503,False,,,44,1.0,0.37852677826390657,14.11970825678843,dca,Brent (BRENT_W),,
2002-06-05,2004-06-04,1.4066065024385974,0.2628955171565348,-0.7712342109462941,False,,,48,1.0,0.816935223172564,15.70526170146897,dca,Brent (BRENT_W),,
2002-07-01,2004-06-30,1.3741680711852826,0.2527098475047609,-0.7781310522161902,False,,,46,1.0,1.1777752940777004,16.338274657099067,dca,Brent (BRENT_W),,
2002-08-01,2004-07-30,1.4757296918935783,0.2519008582745119,-0.7786841200695926,False,,,51,1.0,1.2047624485265225,16.390745650365947,dca,Brent (BRENT_W),,
2002-09-02,2004-09-01,1.477785174656538,0.2477134148771647,-0.781559491283746,False,,,52,1.0,1.2020006171897062,16.667821155886134,dca,Brent (BRENT_W),,
2002-10-01,2004-09-30,1.4984756518345093,0.23713848019758466,-0.7889163480735307,False,,,52,1.0,1.2516679639115582,17.411104657693,dca,Brent (BRENT_W),,
2002-11-01,2004-10-29,0.1795023008212552,0.1795023008212552,-0.8318074030380354,True,2003-04-29,122.0,13,1.0,0.1795023008212552,17.59760833515196,dca,Brent (BRENT_W),,
2002-12-02,2004-12-01,0.1532743139771994,0.1532743139771994,-0.852764490291326,True,2003-04-29,101.0,11,1.0,0.1532743139771994,19.778701032781584,dca,Brent (BRENT_W),,
2003-01-02,2004-12-31,0.19403548552079727,0.19403548552079727,-0.8106787912107322,True,2003-04-28,80.0,7,1.0,0.19403548552079727,14.109364344017857,dca,Brent (BRENT_W),,
2003-02-03,2005-02-02,0.18100910085292907,0.18100910085292907,-0.821115078677169,True,2003-04-28,58.0,4,1.0,0.18100910085292907,14.740383960628275,dca,Brent (BRENT_W),,
2003-03-03,2005-03-02,0.16651644024704895,0.16651644024704895,-0.8344543503785131,True,2003-04-28,38.0,2,1.0,0.16651644024704895,15.492547921318502,dca,Brent (BRENT_W),,
2003-04-01,2005-03-31,1.4872861452363093,0.5681488772659122,-0.587861719579766,False,,,59,1.0,1.2253288983857848,7.391155251677092,dca,Brent (BRENT_W),,
2003-05-01,2005-04-29,1.4612470868767469,0.5438082575886529,-0.5984280546320171,False,,,61,1.0,1.2351711773448295,7.721980126890248,dca,Brent (BRENT_W),,
2003-06-02,2005-06-01,1.5111985761072608,0.5321534669257995,-0.6036230825133814,False,,,58,1.0,1.2263156901857672,7.8911006296683865,dca,Brent (BRENT_W),,
2003-07-01,2005-06-30,1.4902812054249512,0.5191576357576899,-0.6095232699874851,False,,,58,1.0,1.095286699187581,8.088634874472595,dca,Brent (BRENT_W),,
2003-08-01,2005-07-29,1.5242441425887368,0.5091520411349206,-0.6141450553708596,False,,,58,1.0,1.267047264046417,8.247588576052907,dca,Brent (BRENT_W),,
2003-09-01,2005-08-31,1.5211090914367202,0.48834105197726885,-0.6239861694800306,False,,,62,1.0,1.2270259242960542,8.599065224878652,dca,Brent (BRENT_W),,
2003-10-01,2005-09-30,1.5011568837994775,0.44836219564458446,-0.6438044007523919,False,,,62,1.0,1.2430602915475306,9.365813172320054,dca,Brent (BRENT_W),,
2003-11-03,2005-11-02,1.3970638957316317,0.42233251035943553,-0.6573987158134911,False,,,60,1.0,1.2001079797817888,9.943057791985993,dca,Brent (BRENT_W),,
2003-12-01,2005-11-30,1.1953761976660804,0.4029788707975124,-0.6678844404140016,False,,,57,1.0,1.1967610934275514,10.420587435832164,dca,Brent (BRENT_W),,
2004-01-02,2005-12-30,1.4040087151052134,0.3900408270156177,-0.6750827844036578,False,,,54,1.0,0.6907159141060326,10.766248728547195,dca,Brent (BRENT_W),,
2004-02-02,2006-02-01,1.5090803420404069,0.36404431610590215,-0.690025968719894,False,,,56,1.0,1.2458423937883238,11.535069693868815,dca,Brent (BRENT_W),,
2004-03-01,2006-02-28,1.4897298062868582,0.3479913304094904,-0.6995884256286229,False,,,52,1.0,1.2513487122828806,12.06718728595047,dca,Brent (BRENT_W),,
2004-04-01,2006-03-31,1.529445645264106,0.3215620860645556,-0.7159226718920403,False,,,54,1.0,1.2410326647863466,13.058991528918492,dca,Brent (BRENT_W),,
2004-05-04,2006-05-03,1.5281729651382292,0.305500851726733,-0.7262270810645457,False,,,54,1.0,1.2155581367797597,13.745547792104341,dca,Brent (BRENT_W),,
2004-06-01,2006-05-31,1.5030572564951443,0.2893838340804793,-0.7368698225557444,False,,,50,1.0,1.2122460627441223,14.511095864361753,dca,Brent (BRENT_W),,
2004-07-01,2006-06-30,1.4993012440123095,0.2527346682988023,-0.7622719702189052,False,,,50,1.0,1.223858237966064,16.615356279391335,dca,Brent (BRENT_W),,
2004-08-02,2006-08-01,1.4928945737519141,0.24407922399485038,-0.7685289560715084,False,,,49,1.0,1.2620092308118047,17.204563703574326,dca,Brent (BRENT_W),,
2004-09-01,2006-08-31,1.427314361488965,0.22034192973895994,-0.7862278236050291,False,,,47,1.0,1.2531099691984113,19.05800027672124,dca,Brent (BRENT_W),,
2004-10-01,2006-09-29,1.0057051109061659,0.2498762025161092,-0.7579455746138835,False,,,43,1.0,1.258634051938595,16.99844094832286,dca,Brent (BRENT_W),,
2004-11-01,2006-10-31,0.7357015851824631,0.7094356601265499,-0.5352650175548666,False,,,44,1.0,1.2257914429698853,6.506603448639697,dca,Brent (BRENT_W),,
2004-12-01,2006-11-30,0.8595186342583485,0.5189220889360318,-0.6417717488003911,False,,,43,1.0,0.9816305474658824,7.889747089803102,dca,Brent (BRENT_W),,
2005-01-04,2007-01-03,0.3337026757544397,0.3337026757544397,-0.7593856825372067,False,,,41,1.0,1.1414995275993265,11.940665054782972,dca,Brent (BRENT_W),,
2005-02-01,2007-01-31,0.1283260791929782,0.1283260791929782,-0.9064730357755837,True,2007-01-04,491.0,38,1.0,1.261120044252375,12.494904914399553,dca,Brent (BRENT_W),,
2005-03-01,2007-02-28,0.11219546602314821,0.11219546602314821,-0.9172566327935128,True,2007-01-04,471.0,34,1.0,1.2139308870149055,13.160593486233347,dca,Brent (BRENT_W),,
2005-04-01,2007-03-30,0.09606681239757796,0.09606681239757796,-0.9282985290141033,True,2007-01-04,450.0,30,1.0,1.286690092208749,13.90111021002165,dca,Brent (BRENT_W),,
2005-05-03,2007-05-02,0.04337207896002525,0.04337207896002525,-0.9663030485588836,True,2007-01-04,429.0,29,1.0,1.2393821801674008,17.032232854985423,dca,Brent (BRENT_W),,
2005-06-01,2007-05-31,0.0364970745507288,0.0364970745507288,-0.9714921558659803,True,2007-01-04,409.0,28,1.0,1.2355892199458594,17.547914742046586,dca,Brent (BRENT_W),,
2005-07-01,2007-06-29,0.013770227423101173,0.013770227423101173,-0.9890496941732709,True,2007-01-04,387.0,24,1.0,1.2225014116297492,19.49956215844764,dca,Brent (BRENT_W),,
2005-08-01,2007-07-31,0.18679201293253783,0.18679201293253783,-0.8495265390156128,True,2007-01-03,365.0,22,1.0,1.2228461508141342,13.134762203239998,dca,Brent (BRENT_W),,
2005-09-01,2007-08-31,0.17074222762045915,0.17074222762045915,-0.860654086872891,True,2007-01-03,343.0,18,1.0,1.200316248319908,13.847790364557584,dca,Brent (BRENT_W),,
2005-10-03,2007-10-02,0.1337249016099849,0.1337249016099849,-0.8874648704706359,True,2007-01-03,321.0,18,1.0,0.5544521736263137,15.829747575354531,dca,Brent (BRENT_W),,
2005-11-01,2007-10-31,0.10443664683692473,0.10443664683692473,-0.9098912310942899,True,2007-01-03,300.0,19,1.0,0.5579260410252145,17.851232202070257,dca,Brent (BRENT_W),,
2005-12-01,2007-11-30,0.09170474918294287,0.09170474918294287,-0.9199975723101891,True,2007-01-03,278.0,19,1.0,0.3011856615771915,18.900456635032047,dca,Brent (BRENT_W),,
2006-01-03,2008-01-02,0.19593320201276127,0.19593320201276127,-0.8261498579073446,True,2006-11-16,225.0,16,1.0,0.19593320201276127,15.884021954714209,dca,Brent (BRENT_W),,
2006-02-01,2008-01-31,0.16565513894891465,0.16565513894891465,-0.8489575358026678,True,2006-11-16,204.0,12,1.0,0.16565513894891465,17.963671047592836,dca,Brent (BRENT_W),,
2006-03-01,2008-02-29,0.14605502442724155,0.14605502442724155,-0.8644054647043473,True,2006-11-16,184.0,12,1.0,0.14605502442724155,19.627150139639873,dca,Brent (BRENT_W),,
2006-04-03,2008-04-02,0.18319708111568003,0.18319708111568003,-0.8255494537763457,True,2006-11-02,151.0,8,1.0,0.18319708111568003,18.030653668978257,dca,Brent (BRENT_W),,
2006-05-01,2008-04-30,0.16706858836010488,0.16706858836010488,-0.8384263888595728,True,2006-11-02,132.0,4,1.0,0.16706858836010488,19.371355892824617,dca,Brent (BRENT_W),,
2006-06-01,2008-05-30,0.20409184335731048,0.20409184335731048,-0.8004313621573027,True,2006-10-30,107.0,5,1.0,0.20409184335731048,17.90347670712277,dca,Brent (BRENT_W),,
2006-07-03,2008-07-02,0.19118507786336572,0.19118507786336572,-0.8106625050564606,True,2006-10-30,85.0,2,1.0,0.19118507786336572,18.937910492034348,dca,Brent (BRENT_W),,
2006-08-01,2008-07-31,0.1843067550367359,0.1843067550367359,-0.8162224916913026,True,2006-10-30,64.0,1,1.0,0.1843067550367359,19.539562387752845,dca,Brent (BRENT_W),,
2006-09-01,2008-08-29,0.1118186522627491,0.1118186522627491,-0.8883063929083574,True,2007-01-10,91.0,0,,0.1118186522627491,17.99525512549598,dca,Brent (BRENT_W),,
2006-10-02,2008-10-01,0.008169642238763064,0.008169642238763064,-0.9940760311566453,True,2008-09-15,504.0,50,1.0,1.1977961850595973,18.56003516632094,dca,Brent (BRENT_W),,
2006-11-01,2008-10-31,0.18802563662024271,0.18802563662024271,-0.861881265253579,True,2008-09-11,480.0,49,1.0,1.1930636301547553,15.91726875974208,dca,Brent (BRENT_W),,
2006-12-01,2008-11-28,0.1686606491481267,0.1686606491481267,-0.8743184587543915,True,2008-09-11,458.0,46,1.0,1.1976487125522215,17.283443121650947,dca,Brent (BRENT_W),,
2007-01-02,2008-12-31,0.15964925901298285,0.15964925901298285,-0.8802292458513886,True,2008-09-11,438.0,49,1.0,1.2036101210101604,18.002468489533378,dca,Brent (BRENT_W),,
2007-02-01,2009-01-30,0.15444194601941208,0.15444194601941208,-0.8785980786988778,True,2008-09-10,415.0,47,1.0,1.1092271723527407,19.274436456527013,dca,Brent (BRENT_W),,
2007-03-01,2009-02-27,0.19042907898910078,0.19042907898910078,-0.8487601552285785,True,2008-09-09,394.0,44,1.0,1.1591810019686104,13.066119228421737,dca,Brent (BRENT_W),,
2007-04-02,2009-04-01,0.16979170147057876,0.16979170147057876,-0.8629034194466738,True,2008-09-09,372.0,40,1.0,1.1460314294821827,13.993827436322892,dca,Brent (BRENT_W),,
2007-05-01,2009-04-30,0.17344281588871646,0.17344281588871646,-0.8603670100417565,True,2008-09-09,352.0,41,1.0,1.191863105054893,13.82022696819525,dca,Brent (BRENT_W),,
2007-06-01,2009-05-29,0.15901969497017654,0.15901969497017654,-0.8704745871490319,True,2008-09-09,329.0,39,1.0,1.1946702017238577,14.532399997338379,dca,Brent (BRENT_W),,
2007-07-02,2009-07-01,0.14595179752221132,0.14595179752221132,-0.8798397071056888,True,2008-09-09,308.0,36,1.0,1.197435354952605,15.244137203102927,dca,Brent (BRENT_W),,
2007-08-01,2009-07-31,0.14372037899763712,0.14372037899763712,-0.8814590346300738,True,2008-09-09,286.0,35,1.0,1.0832543250814872,15.372697755830332,dca,Brent (BRENT_W),,
2007-09-03,2009-09-02,0.12119463163929,0.12119463163929,-0.8981459565509358,True,2008-09-09,263.0,34,1.0,0.644488327672514,16.803223438233545,dca,Brent (BRENT_W),,
2007-10-01,2009-09-30,0.1081271948141842,0.1081271948141842,-0.9081190081677161,True,2008-09-09,243.0,31,1.0,0.1081271948141842,17.762072877238886,dca,Brent (BRENT_W),,
2007-11-01,2009-10-30,0.08899753331353266,0.08899753331353266,-0.9231247833162528,True,2008-09-09,220.0,26,1.0,0.08899753331353266,19.381095892506984,dca,Brent (BRENT_W),,
2007-12-03,2009-12-02,0.1847011012194294,0.1847011012194294,-0.8371162249720177,True,2008-09-08,197.0,23,1.0,0.1847011012194294,19.496202733512828,dca,Brent (BRENT_W),,
2008-01-02,2009-12-31,0.19532198707462914,0.19532198707462914,-0.8257448819806374,True,2008-09-05,176.0,20,1.0,0.19532198707462914,15.0275649749542,dca,Brent (BRENT_W),,
2008-02-01,2010-01-29,0.17964682065553653,0.17964682065553653,-0.8374562792248963,True,2008-09-05,154.0,21,1.0,0.17964682065553653,15.927093353132447,dca,Brent (BRENT_W),,
2008-03-03,2010-03-02,0.1605012445190163,0.1605012445190163,-0.8522191351901411,True,2008-09-05,133.0,16,1.0,0.1605012445190163,17.18338744259385,dca,Brent (BRENT_W),,
2008-04-01,2010-03-31,0.1394083148950759,0.1394083148950759,-0.8690980879446266,True,2008-09-05,113.0,14,1.0,0.1394083148950759,18.81874990720343,dca,Brent (BRENT_W),,
2008-05-01,2010-04-30,0.2040801730614048,0.2040801730614048,-0.8054325049125775,True,2008-09-04,90.0,10,1.0,0.2040801730614048,15.659822344136401,dca,Brent (BRENT_W),,
2008-06-02,2010-06-01,0.17987513288282497,0.17987513288282497,-0.8244583520733842,True,2008-09-04,68.0,4,1.0,0.17987513288282497,17.19902272104028,dca,Brent (BRENT_W),,
2008-07-01,2010-06-30,0.1654761278585004,0.1654761278585004,-0.836208850436558,True,2008-09-04,47.0,2,1.0,0.1654761278585004,18.2671050553142,dca,Brent (BRENT_W),,
2008-08-01,2010-07-30,0.0206056206143778,0.0206056206143778,-0.9798520262780815,True,2008-09-16,32.0,0,,0.0206056206143778,16.641057955839475,dca,Brent (BRENT_W),,
2008-09-01,2010-08-31,0.15366740407190244,0.15366740407190244,-0.8602263781734207,True,2008-10-10,29.0,2,1.0,0.15366740407190244,7.631157240070817,dca,Brent (BRENT_W),,
2008-10-01,2010-09-30,0.012456078600381955,0.012456078600381955,-0.9875432438101605,True,2008-10-16,11.0,0,,0.012456078600381955,14.577171450551988,dca,Brent (BRENT_W),,
2008-11-03,2010-11-02,0.0018362668724515754,0.0018362668724515754,-0.9981691038530448,True,2008-11-20,13.0,1,1.0,0.0018362668724515754,14.28717803231035,dca,Brent (BRENT_W),,
2008-12-01,2010-11-30,1.892233978788202,0.3413865070592692,-0.6806253116148372,False,,,51,1.0,1.6686075195958332,12.523707854091214,dca,Brent (BRENT_W),,
2009-01-02,2010-12-31,1.7466278768516907,0.7402558381408264,-0.36373152815219556,False,,,50,1.0,1.4913798328525187,6.404009216194065,dca,Brent (BRENT_W),,
2009-02-02,2011-02-01,1.638660506327264,0.6889390487651808,-0.39246705328354936,False,,,52,1.0,1.3599839115965464,6.805090071290891,dca,Brent (BRENT_W),,
2009-03-02,2011-03-01,1.529694688555861,0.7872655019284478,-0.4261288420659989,False,,,53,1.0,1.3614908011916422,5.642705211712668,dca,Brent (BRENT_W),,
2009-04-01,2011-03-31,1.4789223741589843,0.7273305224559135,-0.44559657510979755,False,,,48,1.0,1.3015523255185253,6.078451144465135,dca,Brent (BRENT_W),,
2009-05-01,2011-04-29,1.4785778853581548,0.713953707726878,-0.4501868597634251,False,,,50,1.0,1.2973749172896152,6.1923385210821476,dca,Brent (BRENT_W),,
2009-06-01,2011-05-31,1.4647925005378313,0.6888747920446532,-0.45905262635463207,False,,,43,1.0,0.790947712470917,6.417774460151821,dca,Brent (BRENT_W),,
2009-07-01,2011-06-30,1.4451326955911727,0.6288779488449308,-0.48174940985731884,False,,,43,1.0,0.9833920390804494,7.030049399484854,dca,Brent (BRENT_W),,
2009-08-03,2011-08-02,1.3876658933414463,0.5714733244863401,-0.5056709028963327,False,,,38,1.0,0.9733165976359706,7.73621944751377,dca,Brent (BRENT_W),,
2009-09-01,2011-08-31,1.4115918076005867,0.552155749454287,-0.5142641856008509,False,,,41,1.0,1.1071479581698327,8.006876775250513,dca,Brent (BRENT_W),,
2009-10-01,2011-09-30,1.3162360079813578,0.5225996380862457,-0.5279923818235084,False,,,39,1.0,1.2129564922675937,8.459713180851761,dca,Brent (BRENT_W),,
2009-11-02,2011-11-01,1.4312569208841182,0.5253211953527375,-0.5266977126336201,False,,,41,1.0,1.2260346974120673,8.415885530105014,dca,Brent (BRENT_W),,
2009-12-01,2011-11-30,1.437067585699249,0.5154534893450666,-0.5314223633537367,False,,,40,1.0,1.2087337822401147,8.576997028856926,dca,Brent (BRENT_W),,
2010-01-04,2012-01-03,1.4137293639972157,0.48985722378206376,-0.5440823521220537,False,,,39,1.0,1.2129199096745031,9.025166583219528,dca,Brent (BRENT_W),,
2010-02-01,2012-01-31,1.3762270143561415,0.4536013342389049,-0.5630829754487967,False,,,40,1.0,1.180077263908302,9.746538894213383,dca,Brent (BRENT_W),,
2010-03-01,2012-02-29,1.3701871300095823,0.4341001820831938,-0.5738623268483183,False,,,42,1.0,1.1686107234190874,10.18438422534293,dca,Brent (BRENT_W),,
2010-04-01,2012-03-30,1.3632998884658913,0.42101679700487527,-0.5813285634535158,False,,,40,1.0,1.1706075750929879,10.500870934551758,dca,Brent (BRENT_W),,
2010-05-03,2012-05-02,1.3473074820971633,0.415360489872878,-0.5846169152240162,False,,,38,1.0,1.173553203269511,10.64386997419914,dca,Brent (BRENT_W),,
2010-06-01,2012-05-31,1.0299506624044659,0.9425566740753526,-0.22794175041044207,False,,,43,1.0,1.087379695308674,4.566293375602667,dca,Brent (BRENT_W),,
2010-07-01,2012-06-29,0.827506868804619,0.4462577801445722,-0.6576868880994547,False,,,41,1.0,1.134690782168671,9.31360945895544,dca,Brent (BRENT_W),,
2010-08-02,2012-08-01,1.1503017505798443,0.43760303597835737,-0.6620823444880659,False,,,38,1.0,1.1665072282079407,9.497810436791626,dca,Brent (BRENT_W),,
2010-09-01,2012-08-31,1.331519027568767,0.4011884259856897,-0.6812383661117587,False,,,39,1.0,1.1202917614566186,10.359896779363215,dca,Brent (BRENT_W),,
2010-10-01,2012-09-28,1.3278861732078808,0.39251407012485107,-0.6859661494819618,False,,,37,1.0,1.159635841501939,10.588845085132657,dca,Brent (BRENT_W),,
2010-11-01,2012-10-31,1.3176059585753817,0.38555729735692434,-0.6898054817102983,False,,,37,1.0,1.202701912876022,10.779904078535269,dca,Brent (BRENT_W),,
2010-12-01,2012-11-30,1.3299875321596306,0.3726147667110977,-0.697063815437523,False,,,35,1.0,1.1810632256229487,11.154337008628158,dca,Brent (BRENT_W),,
2011-01-03,2013-01-02,1.3299859895844581,0.3639721269212304,-0.7019963753807252,False,,,33,1.0,1.179116058296314,11.419200468574425,dca,Brent (BRENT_W),,
2011-02-01,2013-01-31,1.3261853459793347,0.35528570870773013,-0.7070247633650748,False,,,32,1.0,1.187950641334185,11.698389719655262,dca,Brent (BRENT_W),,
2011-03-01,2013-02-28,1.3044533850402549,0.3465882849033548,-0.7121322171057677,False,,,30,1.0,1.1919477106708902,11.9919537483672,dca,Brent (BRENT_W),,
2011-04-01,2013-03-28,1.2936141839840944,0.336534555653234,-0.7181288678366808,False,,,28,1.0,1.1927016546489895,12.35020479314337,dca,Brent (BRENT_W),,
2011-05-02,2013-05-01,1.174863246582584,0.35180273359626923,-0.7090612769657948,False,,,28,1.0,1.1966013662665556,11.814208035849726,dca,Brent (BRENT_W),,
2011-06-01,2013-05-31,1.1350681789548922,0.2993305979002461,-0.741226146187182,False,,,26,1.0,0.9860175339942074,13.885218255141591,dca,Brent (BRENT_W),,
2011-07-01,2013-06-28,1.2825942180790784,0.2728144271462378,-0.7586162522224706,False,,,25,1.0,0.3490596765912857,15.234790644187749,dca,Brent (BRENT_W),,
2011-08-01,2013-07-31,1.299005465294805,0.271775699027037,-0.759314105381547,False,,,25,1.0,0.8834786204982024,15.293018092369865,dca,Brent (BRENT_W),,
2011-09-01,2013-08-30,1.2639247553723583,0.23056549939188287,-0.7880756801882101,False,,,26,1.0,1.1612682429901628,18.026420662454356,dca,Brent (BRENT_W),,
2011-10-03,2013-10-02,0.19028995850992125,0.19028995850992125,-0.8186230234482783,True,2012-06-21,185.0,12,1.0,0.19028995850992125,12.34990601023881,dca,Brent (BRENT_W),,
2011-11-01,2013-10-31,0.18160074512107427,0.18160074512107427,-0.8254596617638681,True,2012-06-21,164.0,9,1.0,0.18160074512107427,12.6649842973145,dca,Brent (BRENT_W),,
2011-12-01,2013-11-29,0.17363050693966386,0.17363050693966386,-0.8318317972983896,True,2012-06-21,142.0,8,1.0,0.17363050693966386,12.968467256769792,dca,Brent (BRENT_W),,
2012-01-03,2014-01-02,0.1636906365768166,0.1636906365768166,-0.8399178276886149,True,2012-06-21,121.0,6,1.0,0.1636906365768166,13.367955560305465,dca,Brent (BRENT_W),,
2012-02-01,2014-01-31,0.1639985763623103,0.1639985763623103,-0.8396649613821053,True,2012-06-21,100.0,6,1.0,0.1639985763623103,13.355210226046701,dca,Brent (BRENT_W),,
2012-03-01,2014-02-28,0.14185133145037565,0.14185133145037565,-0.8582481811370749,True,2012-06-21,79.0,0,,0.14185133145037565,14.33840846045848,dca,Brent (BRENT_W),,
2012-04-02,2014-04-01,0.13582829600244345,0.13582829600244345,-0.8641643151696299,True,2012-06-21,57.0,0,,0.13582829600244345,14.621183596229969,dca,Brent (BRENT_W),,
2012-05-01,2014-04-30,1.2039608711730583,0.3137200417200168,-0.6862628924441181,False,,,18,1.0,1.0099921991327623,13.783715635975355,dca,Brent (BRENT_W),,
2012-06-01,2014-05-30,1.167033907899152,0.8808148116685697,-0.1937637689758256,False,,,22,1.0,1.034904531075945,3.432012728002204,dca,Brent (BRENT_W),,
2012-07-02,2014-07-01,1.1437326715274339,0.8545343853195408,-0.19853969350559986,False,,,22,1.0,1.09865939653739,3.5375611521226267,dca,Brent (BRENT_W),,
2012-08-01,2014-07-31,1.103315388968575,0.8415329927497819,-0.2009905505887143,False,,,19,1.0,1.1052542238728413,3.5922152437322596,dca,Brent (BRENT_W),,
2012-09-03,2014-09-02,1.0227620089825145,0.8299019325839101,-0.20323494121700936,False,,,15,1.0,1.099016134993038,3.6425600736310466,dca,Brent (BRENT_W),,
2012-10-01,2014-09-30,0.8061837673135619,0.8061837673135619,-0.2748937405661499,False,,,15,1.0,1.0804274736161021,5.8373527798241,dca,Brent (BRENT_W),,
2012-11-01,2014-10-31,0.3168501034065674,0.21900750226626542,-0.8022485486263727,False,,,15,1.0,1.075216102169736,18.847603940126007,dca,Brent (BRENT_W),,
2012-12-03,2014-12-02,0.15060272582967296,0.15060272582967296,-0.8627929573723054,True,2014-11-04,495.0,13,1.0,1.0890721713014386,19.735920559304805,dca,Brent (BRENT_W),,
2013-01-02,2014-12-31,0.20075373818628833,0.20075373818628833,-0.8159370322430529,True,2014-10-15,461.0,12,1.0,1.089017395567638,13.831213733047232,dca,Brent (BRENT_W),,
2013-02-01,2015-01-30,0.19507677466900036,0.19507677466900036,-0.8202061872485555,True,2014-10-15,439.0,10,1.0,1.0695306550172845,14.092736013711374,dca,Brent (BRENT_W),,
2013-03-01,2015-02-27,0.17570640903070128,0.17570640903070128,-0.8351153571707467,True,2014-10-15,419.0,10,1.0,1.0583543175187993,15.06465318649999,dca,Brent (BRENT_W),,
2013-04-01,2015-03-31,0.19056929905643788,0.19056929905643788,-0.8236278213820155,True,2014-10-15,399.0,10,1.0,1.0638465343423817,14.307534133520768,dca,Brent (BRENT_W),,
2013-05-01,2015-04-30,0.15971035136109007,0.15971035136109007,-0.8478421974501005,True,2014-10-15,377.0,11,1.0,1.0409024954347958,15.97442908462297,dca,Brent (BRENT_W),,
2013-06-03,2015-06-02,0.14976962966668245,0.14976962966668245,-0.8559485735688958,True,2014-10-15,354.0,9,1.0,1.0353054131651152,16.597329259831394,dca,Brent (BRENT_W),,
2013-07-01,2015-06-30,0.14276098534944653,0.14276098534944653,-0.8617577292449402,True,2014-10-15,334.0,8,1.0,1.0306998506047447,17.066525281400512,dca,Brent (BRENT_W),,
2013-08-01,2015-07-31,0.13709637263229185,0.13709637263229185,-0.866510813709294,True,2014-10-15,311.0,6,1.0,1.006124302763364,17.465582704178345,dca,Brent (BRENT_W),,
2013-09-02,2015-09-01,0.13144119568114082,0.13144119568114082,-0.8713085713588342,True,2014-10-15,289.0,4,1.0,0.9568032796540535,17.88303562328071,dca,Brent (BRENT_W),,
2013-10-01,2015-09-30,0.12911285551732915,0.12911285551732915,-0.8732993716634225,True,2014-10-15,268.0,5,1.0,0.8052009399059639,18.06076565211372,dca,Brent (BRENT_W),,
2013-11-01,2015-10-30,0.14149840534287922,0.14149840534287922,-0.8626786139481011,True,2014-10-15,245.0,7,1.0,0.14149840534287922,17.153883436427115,dca,Brent (BRENT_W),,
2013-12-02,2015-12-01,0.13574207004809008,0.13574207004809008,-0.8675249630633619,True,2014-10-15,224.0,5,1.0,0.13574207004809008,17.563769593308216,dca,Brent (BRENT_W),,
2014-01-02,2015-12-31,0.1323897406834083,0.1323897406834083,-0.8703725135330398,True,2014-10-15,203.0,5,1.0,0.1323897406834083,17.811628785722927,dca,Brent (BRENT_W),,
2014-02-03,2016-02-02,0.12587570081012928,0.12587570081012928,-0.8759594946747479,True,2014-10-15,181.0,4,1.0,0.12587570081012928,18.313821023900235,dca,Brent (BRENT_W),,
2014-03-03,2016-03-02,0.12214871599448568,0.12214871599448568,-0.8791884439292091,True,2014-10-15,161.0,3,1.0,0.12214871599448568,18.614093455894814,dca,Brent (BRENT_W),,
2014-04-01,2016-03-31,0.122179883986902,0.122179883986902,-0.879161342201043,True,2014-10-15,140.0,4,1.0,0.122179883986902,18.611541518314553,dca,Brent (BRENT_W),,
2014-05-01,2016-04-29,0.11949793012228455,0.11949793012228455,-0.8814995309836875,True,2014-10-15,119.0,3,1.0,0.11949793012228455,18.833722456763788,dca,Brent (BRENT_W),,
2014-06-02,2016-06-01,0.1168415544225439,0.1168415544225439,-0.8838277123011448,True,2014-10-15,97.0,2,1.0,0.1168415544225439,19.059076051588104,dca,Brent (BRENT_W),,
2014-07-01,2016-06-30,0.19776774088850055,0.19776774088850055,-0.8022215008832814,True,2014-10-15,76.0,0,,0.19776774088850055,14.153449069317688,dca,Brent (BRENT_W),,
2014-08-01,2016-07-29,0.13762296718794315,0.13762296718794315,-0.8625716553557913,True,2014-11-13,74.0,0,,0.13762296718794315,15.13669736141291,dca,Brent (BRENT_W),,
2014-09-01,2016-08-31,0.0,0.0,-1.0,True,2014-11-27,63.0,0,,0.0,19.02645352654167,dca,Brent (BRENT_W),,
2014-10-01,2016-09-30,0.18510977829012049,0.18510977829012049,-0.8148801520532647,True,2014-11-28,42.0,0,,0.18510977829012049,12.320025602904254,dca,Brent (BRENT_W),,
2014-11-03,2016-11-02,0.14200647592780738,0.14200647592780738,-0.8579857991618022,True,2014-12-12,29.0,0,,0.14200647592780738,15.642616088718682,dca,Brent (BRENT_W),,
2014-12-01,2016-11-30,0.154150619538939,0.154150619538939,-0.845840994929945,True,2015-01-05,23.0,0,,0.154150619538939,10.753682733148883,dca,Brent (BRENT_W),,
2015-01-02,2016-12-30,0.19680370561539778,0.19680370561539778,-0.83288947189796,True,2015-08-14,159.0,12,1.0,0.19680370561539778,17.58741078073984,dca,Brent (BRENT_W),,
2015-02-02,2017-02-01,0.1729665869762542,0.1729665869762542,-0.8456220233342993,True,2015-08-07,133.0,11,1.0,0.1729665869762542,16.029814757848435,dca,Brent (BRENT_W),,
2015-03-02,2017-03-01,0.12602630829116832,0.12602630829116832,-0.8825990732461548,True,2015-08-07,113.0,7,1.0,0.12602630829116832,19.57055932535749,dca,Brent (BRENT_W),,
2015-04-01,2017-03-31,0.16834099415257534,0.16834099415257534,-0.8352669757415858,True,2015-08-03,87.0,5,1.0,0.16834099415257534,12.54088353974762,dca,Brent (BRENT_W),,
2015-05-01,2017-04-28,0.169798623641302,0.169798623641302,-0.8319009049278208,True,2015-08-03,66.0,0,,0.169798623641302,12.511835240646873,dca,Brent (BRENT_W),,
2015-06-01,2017-05-31,0.1829783717829629,0.1829783717829629,-0.8185719966871976,True,2015-08-14,54.0,1,1.0,0.1829783717829629,19.26617748109467,dca,Brent (BRENT_W),,
2015-07-01,2017-06-30,0.1963786211524381,0.1963786211524381,-0.8036106961850912,True,2015-08-20,36.0,0,,0.1963786211524381,16.313079086609708,dca,Brent (BRENT_W),,
2015-08-03,2017-08-02,0.11115345184477977,0.11115345184477977,-0.9011687439316532,True,2015-12-11,94.0,4,1.0,0.11115345184477977,14.861346746110765,dca,Brent (BRENT_W),,
2015-09-01,2017-08-31,0.19382277637359935,0.19382277637359935,-0.8132493377076828,True,2015-12-10,72.0,2,1.0,0.19382277637359935,16.144386402134806,dca,Brent (BRENT_W),,
2015-10-01,2017-09-29,0.18385836239133124,0.18385836239133124,-0.8211329009624826,True,2015-12-10,50.0,2,1.0,0.18385836239133124,16.777858031663396,dca,Brent (BRENT_W),,
2015-11-02,2017-11-01,0.18904126015768782,0.18904126015768782,-0.8126355375621419,True,2015-12-11,29.0,1,1.0,0.18904126015768782,11.903936694280945,dca,Brent (BRENT_W),,
2015-12-01,2017-11-30,0.0,0.0,-1.0,True,2016-01-11,27.0,0,,0.0,18.586878318716806,dca,Brent (BRENT_W),,
2016-01-04,2018-01-03,1.8022287166772542,0.2593319600707229,-0.7406539327124066,False,,,58,1.0,1.5327995364432394,16.442842566542147,dca,Brent (BRENT_W),,
2016-02-01,2018-01-31,1.706462897388577,0.8427776849421136,-0.2953751615702852,False,,,58,1.0,1.4383834956185875,5.529100766683228,dca,Brent (BRENT_W),,
2016-03-01,2018-02-28,1.6512696932369972,0.7715218528511016,-0.31408694680421045,False,,,53,1.0,1.3729329644110275,6.0397547091336445,dca,Brent (BRENT_W),,
2016-04-01,2018-03-29,1.6317272708369897,0.7330103336135512,-0.32522197630718874,False,,,52,1.0,1.2625070960324996,6.357076469830015,dca,Brent (BRENT_W),,
2016-05-02,2018-05-01,1.6125973733581713,0.7087425727074219,-0.33265340847494507,False,,,49,1.0,1.3019523438352971,6.574746492448369,dca,Brent (BRENT_W),,
2016-06-01,2018-05-31,1.6118966252917395,0.6985984519038855,-0.33586143147299163,False,,,49,1.0,1.3862622889489504,6.670216246912125,dca,Brent (BRENT_W),,
2016-07-01,2018-06-29,1.5828791512738203,0.675710131826655,-0.3335583799862729,False,,,47,1.0,1.1689412276520814,6.926897960805984,dca,Brent (BRENT_W),,
2016-08-01,2018-07-31,1.4815308058604209,0.8147750966945928,-0.23445711987927165,False,,,49,1.0,1.358513207329237,5.83621913764195,dca,Brent (BRENT_W),,
2016-09-01,2018-08-31,1.486519866799409,0.7794420001225788,-0.2425079268624477,False,,,45,1.0,1.3390789330383688,6.10078236925291,dca,Brent (BRENT_W),,
2016-10-03,2018-10-02,1.4722212953462728,0.7541613828736704,-0.2486160981637492,False,,,44,1.0,1.3318511854683122,6.305289716749654,dca,Brent (BRENT_W),,
2016-11-01,2018-10-31,1.2962559244580008,0.8489189324735857,-0.24269176804637205,False,,,43,1.0,1.2559767430254731,5.575575595552643,dca,Brent (BRENT_W),,
2016-12-01,2018-11-30,0.3055063494501358,0.3055063494501358,-0.7770648223005463,False,,,40,1.0,1.2450357138813142,12.922669261437985,dca,Brent (BRENT_W),,
2017-01-03,2019-01-02,0.10533271794215922,0.10533271794215922,-0.9234127407000753,True,2018-12-18,506.0,40,1.0,1.2697937446352303,13.867249679021828,dca,Brent (BRENT_W),,
2017-02-01,2019-01-31,0.06543348628040709,0.06543348628040709,-0.9510019450253794,True,2018-12-18,485.0,37,1.0,1.2409435877225696,16.142663015874135,dca,Brent (BRENT_W),,
2017-03-01,2019-02-28,0.09110851550869543,0.09110851550869543,-0.9330628461423829,True,2018-12-18,465.0,38,1.0,1.2568309138897096,14.600969415744924,dca,Brent (BRENT_W),,
2017-04-03,2019-04-02,0.07214821801630973,0.07214821801630973,-0.9462440962946328,True,2018-12-18,442.0,38,1.0,1.2786830770087096,15.708873413290714,dca,Brent (BRENT_W),,
2017-05-01,2019-04-30,0.19072389272139145,0.19072389272139145,-0.8515035469700356,True,2018-12-17,422.0,36,1.0,1.2289560275536626,17.986874181512782,dca,Brent (BRENT_W),,
2017-06-01,2019-05-31,0.17894428363093298,0.17894428363093298,-0.8516539362385966,True,2018-11-23,383.0,34,1.0,1.157111760181839,10.573556970791707,dca,Brent (BRENT_W),,
2017-07-03,2019-07-02,0.1484535044191362,0.1484535044191362,-0.8737395104876751,True,2018-11-23,361.0,32,1.0,1.1149203382111068,11.4524257117574,dca,Brent (BRENT_W),,
2017-08-01,2019-07-31,0.13384042798198206,0.13384042798198206,-0.8847354437860268,True,2018-11-23,340.0,30,1.0,1.1105360698612206,11.927572851231933,dca,Brent (BRENT_W),,
2017-09-01,2019-08-30,0.12702862926965744,0.12702862926965744,-0.889956266396841,True,2018-11-23,317.0,29,1.0,1.1249547617134281,12.16279829162977,dca,Brent (BRENT_W),,
2017-10-02,2019-10-01,0.11428684550589766,0.11428684550589766,-0.8998893258769407,True,2018-11-23,296.0,26,1.0,1.1339119283119103,12.628660994465776,dca,Brent (BRENT_W),,
2017-11-01,2019-10-31,0.10561219333341668,0.10561219333341668,-0.906779623196445,True,2018-11-23,274.0,23,1.0,1.0623275451966316,12.966787063875971,dca,Brent (BRENT_W),,
2017-12-01,2019-11-29,0.09270821944899546,0.09270821944899546,-0.9172267527589589,True,2018-11-23,252.0,20,1.0,0.09270821944899546,13.504655767169925,dca,Brent (BRENT_W),,
2018-01-02,2019-12-31,0.07528193135109709,0.07528193135109709,-0.9317232668991012,True,2018-11-23,232.0,17,1.0,0.07528193135109709,14.306047724522347,dca,Brent (BRENT_W),,
2018-02-01,2020-01-31,0.06957396142407071,0.06957396142407071,-0.9365717368087007,True,2018-11-23,210.0,15,1.0,0.06957396142407071,14.589632292664401,dca,Brent (BRENT_W),,
2018-03-01,2020-02-28,0.04546493619043671,0.04546493619043671,-0.9576196373242751,True,2018-11-23,190.0,15,1.0,0.04546493619043671,15.922785106609979,dca,Brent (BRENT_W),,
2018-04-02,2020-04-01,0.03680866081792548,0.03680866081792548,-0.9654095165118521,True,2018-11-23,169.0,12,1.0,0.03680866081792548,16.462909241222192,dca,Brent (BRENT_W),,
2018-05-01,2020-04-30,0.028047432557237104,0.028047432557237104,-0.9734239650528328,True,2018-11-23,148.0,9,1.0,0.028047432557237104,17.048221416962758,dca,Brent (BRENT_W),,
2018-06-01,2020-05-29,0.01631201001731911,0.01631201001731911,-0.9843699323095481,True,2018-11-23,125.0,7,1.0,0.01631201001731911,17.900702571418172,dca,Brent (BRENT_W),,
2018-07-02,2020-07-01,0.009322496685698432,0.009322496685698432,-0.9910070121875363,True,2018-11-23,104.0,6,1.0,0.009322496685698432,18.45018608528678,dca,Brent (BRENT_W),,
2018-08-01,2020-07-31,0.0,0.0,-1.0,True,2018-11-23,82.0,7,1.0,0.0,19.32478311744684,dca,Brent (BRENT_W),,
2018-09-03,2020-09-02,0.20300303231542832,0.20300303231542832,-0.7996840895861594,True,2018-11-20,56.0,4,1.0,0.20300303231542832,11.213649353190373,dca,Brent (BRENT_W),,
2018-10-01,2020-09-30,0.19130501879872236,0.19130501879872236,-0.8090227758866864,True,2018-11-20,36.0,0,,0.19130501879872236,11.559404200993722,dca,Brent (BRENT_W),,
2018-11-01,2020-10-30,0.16455609452475262,0.16455609452475262,-0.8354349539040173,True,2018-12-21,36.0,0,,0.16455609452475262,16.666896132748352,dca,Brent (BRENT_W),,
2018-12-03,2020-12-02,0.0,0.0,-1.0,True,2020-03-09,325.0,25,1.0,1.347483911492656,14.762304122960925,dca,Brent (BRENT_W),,
2019-01-02,2020-12-31,0.16451580778312935,0.16451580778312935,-0.8741884275626066,True,2020-03-06,304.0,24,1.0,1.2619204102375619,7.900188530731243,dca,Brent (BRENT_W),,
2019-02-01,2021-01-29,0.1409738421849015,0.1409738421849015,-0.8902153733096162,True,2020-03-06,282.0,19,1.0,1.1709863940961678,8.258284914407005,dca,Brent (BRENT_W),,
2019-03-01,2021-02-26,0.1382698533285479,0.1382698533285479,-0.8920939047258742,True,2020-03-06,262.0,18,1.0,1.2001652509964078,8.301504586609104,dca,Brent (BRENT_W),,
2019-04-01,2021-03-31,0.12960549247357311,0.12960549247357311,-0.8981670282532179,True,2020-03-06,241.0,15,1.0,0.12960549247357311,8.44309203791795,dca,Brent (BRENT_W),,
2019-05-01,2021-04-30,0.09119585106730399,0.09119585106730399,-0.9261163196072628,True,2020-03-06,220.0,13,1.0,0.09119585106730399,9.133677353032837,dca,Brent (BRENT_W),,
2019-06-03,2021-06-02,0.04397664096167143,0.04397664096167143,-0.9629544783820817,True,2020-03-06,197.0,14,1.0,0.04397664096167143,10.154767969770312,dca,Brent (BRENT_W),,
2019-07-01,2021-06-30,0.030911231764522266,0.030911231764522266,-0.9736708769225542,True,2020-03-06,177.0,11,1.0,0.030911231764522266,10.478912834129037,dca,Brent (BRENT_W),,
2019-08-01,2021-07-30,0.01357814101195432,0.01357814101195432,-0.9882612999240197,True,2020-03-06,154.0,12,1.0,0.01357814101195432,10.942285239472158,dca,Brent (BRENT_W),,
2019-09-02,2021-09-01,0.0,0.0,-1.0,True,2020-03-06,132.0,11,1.0,0.0,11.463325850417826,dca,Brent (BRENT_W),,
2019-10-01,2021-09-30,0.0,0.0,-1.0,True,2020-03-06,111.0,9,1.0,0.0,13.83458995996155,dca,Brent (BRENT_W),,
2019-11-01,2021-10-29,0.0,0.0,-1.0,True,2020-03-06,88.0,7,1.0,0.0,14.08774173953864,dca,Brent (BRENT_W),,
2019-12-02,2021-12-01,0.0,0.0,-1.0,True,2020-03-06,67.0,5,1.0,0.0,14.794124114072904,dca,Brent (BRENT_W),,
2020-01-02,2021-12-31,0.0,0.0,-1.0,True,2020-03-06,46.0,1,1.0,0.0,15.4141596949651,dca,Brent (BRENT_W),,
2020-02-03,2022-02-02,0.0,0.0,-1.0,True,2020-03-09,25.0,4,1.0,0.0,9.442392451607917,dca,Brent (BRENT_W),,
2020-03-02,2022-03-01,0.0028340874280712853,0.0028340874280712853,-0.9971657584024003,True,2020-03-12,8.0,0,,0.0028340874280712853,38.44105697910922,dca,Brent (BRENT_W),,
2020-04-01,2022-03-31,0.0,0.0,-1.0,True,2020-04-21,13.0,2,1.0,0.0,16.35548100102722,dca,Brent (BRENT_W),,
2020-05-01,2022-04-29,1.7784424204655465,0.9412789709936771,-0.4080677147635118,False,,,79,1.0,1.3043990967753163,4.626063604874933,dca,Brent (BRENT_W),,
2020-06-01,2022-05-31,1.8020336754206439,0.9052003899099823,-0.41754103646611596,False,,,79,1.0,1.2960067935157622,4.810444668700376,dca,Brent (BRENT_W),,
2020-07-01,2022-06-30,1.7301174088453828,0.8716267562221471,-0.42676044603411645,False,,,77,1.0,1.273408239037341,4.995735111002247,dca,Brent (BRENT_W),,
2020-08-03,2022-08-02,1.8645728605298746,0.865980367803239,-0.42835110191271064,False,,,77,1.0,1.3021645852420618,5.028308437053797,dca,Brent (BRENT_W),,
2020-09-01,2022-08-31,1.85645323341868,0.8632758602166568,-0.4291172018954994,False,,,78,1.0,1.3379209167913215,5.044061337073813,dca,Brent (BRENT_W),,
2020-10-01,2022-09-30,1.6272927092290947,0.8120707876946991,-0.4441571738609299,False,,,78,1.0,1.2983886366178858,5.362114307927839,dca,Brent (BRENT_W),,
2020-11-02,2022-11-01,1.8811147861060011,0.7441679404467472,-0.4658068797354744,False,,,80,1.0,1.2423364533365266,5.85138938817209,dca,Brent (BRENT_W),,
2020-12-01,2022-11-30,1.7754888238002309,0.7250336153036505,-0.4722940145821686,False,,,76,1.0,1.2264434119920649,6.005813106919613,dca,Brent (BRENT_W),,
2021-01-04,2023-01-03,1.550315521661286,0.7163999139866775,-0.47528064183402696,False,,,73,1.0,1.3137061665808234,6.0781922285782874,dca,Brent (BRENT_W),,
2021-02-01,2023-01-31,1.748476500370284,0.7106993001524762,-0.4772734268032748,False,,,71,1.0,1.3214636621903582,6.126946218764762,dca,Brent (BRENT_W),,
2021-03-01,2023-02-28,1.6024729898439372,0.6855559001753919,-0.4862660552231738,False,,,64,1.0,1.300669609081561,6.3516576673527965,dca,Brent (BRENT_W),,
2021-04-01,2023-03-31,1.405452175469076,0.6434288481783987,-0.5021172348279547,False,,,61,1.0,1.3826001985907053,6.767518121196611,dca,Brent (BRENT_W),,
2021-05-03,2023-05-02,1.1209625318800844,0.6334167142636886,-0.5060376862360081,False,,,59,1.0,1.4715036887648005,6.874489244903715,dca,Brent (BRENT_W),,
2021-06-01,2023-05-31,0.894288898849319,0.6062266767798272,-0.5170000623616966,False,,,55,1.0,1.4942245362441864,7.182818830866854,dca,Brent (BRENT_W),,
2021-07-01,2023-06-30,1.0319798274278584,0.592950980804388,-0.522526916411822,False,,,52,1.0,1.4696975535066499,7.343636372505605,dca,Brent (BRENT_W),,
2021-08-02,2023-08-01,1.5804320014764146,0.5488129179804897,-0.5417830359595488,False,,,49,1.0,1.5392397816927066,7.9342454360791415,dca,Brent (BRENT_W),,
2021-09-01,2023-08-31,1.642992287039239,0.5223895001527143,-0.5540052449875821,False,,,47,1.0,1.5339019936554297,8.335574104140713,dca,Brent (BRENT_W),,
2021-10-01,2023-09-29,1.659325027571342,0.510714686244996,-0.5595828748948475,False,,,46,1.0,1.4372639902849702,8.526123307249305,dca,Brent (BRENT_W),,
2021-11-01,2023-10-31,1.6675068172257062,0.5095743622923194,-0.5601336899377172,False,,,46,1.0,1.617196269105691,8.545203039963866,dca,Brent (BRENT_W),,
2021-12-01,2023-11-30,1.520475079853509,0.41875622746590757,-0.6077803381934719,False,,,47,1.0,1.480894213186275,10.398451662674043,dca,Brent (BRENT_W),,
2022-01-03,2024-01-02,1.6488796867950355,0.39975746119750255,-0.6187916207300915,False,,,43,1.0,1.2170561849815869,10.892645697478681,dca,Brent (BRENT_W),,
2022-02-01,2024-01-31,1.6525809009850365,0.3850760445459489,-0.6275778274130164,False,,,39,1.0,1.4275015387606445,11.307938916019454,dca,Brent (BRENT_W),,
2022-03-01,2024-02-29,1.639545643187819,0.36296392509827236,-0.6412921810418775,False,,,34,1.0,1.2361179478952202,11.996829680991079,dca,Brent (BRENT_W),,
1991-01-02,1992-12-31,0.15575858363196354,0.15575858363196354,-0.8452649620505739,True,1991-06-25,121.0,1,1.0,0.15575858363196354,19.855736752521235,dca,NatGas (GAS_US),,
1991-02-01,1993-01-29,0.14439610258058866,0.14439610258058866,-0.8650353408953291,True,1992-02-14,262.0,7,1.0,0.46403554673050085,18.804249219524728,dca,NatGas (GAS_US),,
1991-03-01,1993-02-26,0.14501695850022744,0.14501695850022744,-0.8645336487306626,True,1992-02-14,243.0,7,1.0,0.14501695850022744,18.751814593753725,dca,NatGas (GAS_US),,
1991-04-01,1993-03-31,0.14533886905378446,0.14533886905378446,-0.8642737529791362,True,1992-02-14,223.0,7,1.0,0.14533886905378446,18.724742464420203,dca,NatGas (GAS_US),,
1991-05-01,1993-04-30,0.20066959261908507,0.20066959261908507,-0.8093750794380101,True,1992-02-13,200.0,7,1.0,0.20066959261908507,18.4061070263116,dca,NatGas (GAS_US),,
1991-06-03,1993-06-02,0.18826858593748969,0.18826858593748969,-0.8190233917692542,True,1992-02-13,178.0,7,1.0,0.18826858593748969,19.46610837350316,dca,NatGas (GAS_US),,
1991-07-01,1993-06-30,0.19331427160667047,0.19331427160667047,-0.810933010879296,True,1992-01-23,143.0,7,1.0,0.19331427160667047,14.062351856388256,dca,NatGas (GAS_US),,
1991-08-01,1993-07-30,0.18713984071550183,0.18713984071550183,-0.8158598032598957,True,1992-01-23,121.0,6,1.0,0.18713984071550183,14.352177966109016,dca,NatGas (GAS_US),,
1991-09-03,1993-09-02,0.17910832773034535,0.17910832773034535,-0.8223587206330901,True,1992-01-23,99.0,3,1.0,0.17910832773034535,14.74754430253581,dca,NatGas (GAS_US),,
1991-10-01,1993-09-30,0.1766109712134698,0.1766109712134698,-0.8244006795495925,True,1992-01-23,79.0,2,1.0,0.1766109712134698,14.874959386843653,dca,NatGas (GAS_US),,
1991-11-01,1993-10-29,0.20342455970141207,0.20342455970141207,-0.7968199452671093,True,1992-02-18,73.0,0,,0.20342455970141207,15.06707686937456,dca,NatGas (GAS_US),,
1991-12-02,1993-12-01,1.1914634363932457,0.4999457725282541,-0.49997651619694405,False,,,40,1.0,1.047010711440734,9.03049165240594,dca,NatGas (GAS_US),,
1992-01-02,1993-12-30,1.2750556310720524,0.9717010700066009,-0.19225030788677333,False,,,45,1.0,0.9737086240660848,3.004750049876491,dca,NatGas (GAS_US),,
1992-02-03,1994-02-02,1.2883771627241398,0.9548502495818174,-0.19489863741170332,False,,,52,1.0,1.0788085829761944,3.056161844939483,dca,NatGas (GAS_US),,
1992-03-02,1994-03-01,1.2620256136309724,0.9420898465005392,-0.19695316169187105,False,,,51,1.0,1.1162495769688365,3.096279722453034,dca,NatGas (GAS_US),,
1992-04-01,1994-03-31,1.2449737874045301,0.9340258975990352,-0.19827400600411615,False,,,48,1.0,1.122222054975182,3.1221799093084153,dca,NatGas (GAS_US),,
1992-05-01,1994-04-29,1.2360678018548446,0.9247643938538905,-0.1998130329546326,False,,,46,1.0,1.0592513566038821,3.152466256377821,dca,NatGas (GAS_US),,
1992-06-01,1994-05-31,1.14534883925809,0.9111196145153828,-0.20212448226662383,False,,,41,1.0,1.050434013679221,3.1981725357207185,dca,NatGas (GAS_US),,
1992-07-01,1994-06-30,1.2754170145321262,0.9105749458997212,-0.20221786055483615,False,,,43,1.0,1.146188930311835,3.2000245510116287,dca,NatGas (GAS_US),,
1992-08-03,1994-08-02,1.174805339362473,0.8997472816909395,-0.20409223300579127,False,,,39,1.0,1.153724362575389,3.2372917668483217,dca,NatGas (GAS_US),,
1992-09-01,1994-08-31,0.6882614525876134,0.6882614525876134,-0.4512043539115401,False,,,36,1.0,1.1418121563650856,6.459594056252065,dca,NatGas (GAS_US),,
1992-10-01,1994-09-30,0.4378979115802579,0.4378979115802579,-0.6453138389809651,False,,,31,1.0,1.104534294987694,9.646388439981404,dca,NatGas (GAS_US),,
1992-11-02,1994-11-01,0.1617610847475573,0.1617610847475573,-0.8671512872667176,True,1994-10-19,490.0,30,1.0,1.0933256865810148,17.212233390581904,dca,NatGas (GAS_US),,
1992-12-01,1994-11-30,0.15822056402046641,0.15822056402046641,-0.8696800608984786,True,1994-10-19,471.0,33,1.0,0.9819735003766845,17.475625580927286,dca,NatGas (GAS_US),,
1993-01-04,1995-01-03,0.1520787003622575,0.1520787003622575,-0.874101974089778,True,1994-10-19,450.0,32,1.0,1.1580192553252002,17.952183822213122,dca,NatGas (GAS_US),,
1993-02-01,1995-01-31,0.1439930605427278,0.1439930605427278,-0.8799923609890077,True,1994-10-19,430.0,29,1.0,1.1584066040338303,18.620670550498645,dca,NatGas (GAS_US),,
1993-03-02,1995-03-01,0.13311997208423737,0.13311997208423737,-0.8880397062540017,True,1994-10-19,411.0,25,1.0,1.1381482082344918,19.602236911625425,dca,NatGas (GAS_US),,
1993-04-01,1995-03-31,0.1913646869853859,0.1913646869853859,-0.8375697083733203,True,1994-10-18,388.0,21,1.0,1.122953065417397,17.035628297524152,dca,NatGas (GAS_US),,
1993-05-03,1995-05-02,0.16592988816048437,0.16592988816048437,-0.8560510369912563,True,1994-10-18,367.0,17,1.0,1.0891194245197373,19.0562711613787,dca,NatGas (GAS_US),,
1993-06-01,1995-05-31,0.1909368087751105,0.1909368087751105,-0.8315194541791552,True,1994-10-13,344.0,15,1.0,1.0548933044946285,14.149681997274891,dca,NatGas (GAS_US),,
1993-07-01,1995-06-30,0.17579823535707356,0.17579823535707356,-0.8427773679265699,True,1994-10-13,322.0,13,1.0,1.113923530999041,14.912918990692946,dca,NatGas (GAS_US),,
1993-08-02,1995-08-01,0.16939734866638317,0.16939734866638317,-0.8476296588887192,True,1994-10-13,301.0,12,1.0,0.9969142543750498,15.260975873406462,dca,NatGas (GAS_US),,
1993-09-02,1995-09-01,0.1289837684202329,0.1289837684202329,-0.8796045156596554,True,1994-10-13,279.0,7,1.0,0.46059911745520576,17.898464027691038,dca,NatGas (GAS_US),,
1993-10-01,1995-09-29,0.12305920267679211,0.12305920267679211,-0.8844958512479617,True,1994-10-13,259.0,8,1.0,0.3299768528098106,18.363726720499365,dca,NatGas (GAS_US),,
1993-11-01,1995-10-31,0.12696543875944039,0.12696543875944039,-0.8812647662619928,True,1994-10-13,238.0,9,1.0,0.12696543875944039,18.05429490664793,dca,NatGas (GAS_US),,
1993-12-01,1995-11-30,0.12070332085728615,0.12070332085728615,-0.8864560232553714,True,1994-10-13,218.0,10,1.0,0.12070332085728615,18.555528562758525,dca,NatGas (GAS_US),,
1994-01-03,1996-01-02,0.11018886775475008,0.11018886775475008,-0.895311372034492,True,1994-10-13,197.0,9,1.0,0.11018886775475008,19.46278514777744,dca,NatGas (GAS_US),,
1994-02-01,1996-01-31,0.1888134207729756,0.1888134207729756,-0.8167736225761173,True,1994-10-07,172.0,1,1.0,0.1888134207729756,19.21850781826962,dca,NatGas (GAS_US),,
1994-03-01,1996-02-29,0.1326075426494834,0.1326075426494834,-0.8714243892001613,True,1994-10-13,157.0,3,1.0,0.1326075426494834,17.733458187067495,dca,NatGas (GAS_US),,
1994-04-04,1996-04-03,0.18104103909709304,0.18104103909709304,-0.8229808690965512,True,1994-10-07,130.0,2,1.0,0.18104103909709304,19.925265324482414,dca,NatGas (GAS_US),,
1994-05-02,1996-05-01,0.1184051336581159,0.1184051336581159,-0.8835919673127741,True,1994-10-13,115.0,2,1.0,0.1184051336581159,18.855723734982917,dca,NatGas (GAS_US),,
1994-06-01,1996-05-31,0.10858038590608578,0.10858038590608578,-0.8922098552445228,True,1994-10-13,94.0,2,1.0,0.10858038590608578,19.718993089783922,dca,NatGas (GAS_US),,
1994-07-01,1996-06-28,0.1859380652896104,0.1859380652896104,-0.814033032607638,True,1994-09-30,63.0,0,,0.1859380652896104,17.32664222768828,dca,NatGas (GAS_US),,
1994-08-01,1996-07-31,0.20117537996298318,0.20117537996298318,-0.7987933494550963,True,1994-11-30,84.0,0,,0.20117537996298318,17.632979382267223,dca,NatGas (GAS_US),,
1994-09-01,1996-08-30,0.205297714937545,0.205297714937545,-0.804051794494963,True,1995-01-13,91.0,2,1.0,0.205297714937545,13.369358668402336,dca,NatGas (GAS_US),,
1994-10-03,1996-10-02,0.1880409133475731,0.1880409133475731,-0.8175170405831289,True,1995-01-13,70.0,1,1.0,0.1880409133475731,14.125058256963232,dca,NatGas (GAS_US),,
1994-11-01,1996-10-31,1.4697094806892386,0.540312048337829,-0.6216179941854711,False,,,46,1.0,1.2287458763396284,7.698472817933554,dca,NatGas (GAS_US),,
1994-12-01,1996-11-27,1.4697142960465186,0.5168059525987463,-0.6320219496655801,False,,,55,1.0,1.2299017279672517,8.048625594218567,dca,NatGas (GAS_US),,
1995-01-03,1997-01-02,1.371632781182079,0.4444941234509603,-0.6663297570020887,False,,,54,1.0,1.188021845649289,9.358003622267665,dca,NatGas (GAS_US),,
1995-02-01,1997-01-31,1.282112209334568,0.4412366577472895,-0.6679631240628066,False,,,63,1.0,1.223433050262939,9.427089849169109,dca,NatGas (GAS_US),,
1995-03-01,1997-02-28,0.5834232835391013,0.4210707015934325,-0.678255770358778,False,,,59,1.0,1.2366469834327032,9.878572889516981,dca,NatGas (GAS_US),,
1995-04-03,1997-04-02,0.6291154546336557,0.4091304091390082,-0.6845009474874115,False,,,56,1.0,1.2387982302550815,10.166874728486627,dca,NatGas (GAS_US),,
1995-05-01,1997-04-30,1.188924308381055,0.4094182654698706,-0.6843490363048428,False,,,56,1.0,1.2241817889558058,10.159726539208066,dca,NatGas (GAS_US),,
1995-06-01,1997-05-30,1.4951402976002666,0.37505401371825986,-0.7029735870238997,False,,,56,1.0,1.2150272779614457,11.090609526060017,dca,NatGas (GAS_US),,
1995-07-05,1997-07-03,1.4383685391954177,0.3367819447513476,-0.7249465790650327,False,,,57,1.0,1.1942232523864789,12.350951950235547,dca,NatGas (GAS_US),,
1995-08-01,1997-07-31,1.4307401293931168,0.31125178871347714,-0.7403841451439348,False,,,55,1.0,1.1988936071952914,13.36402799329734,dca,NatGas (GAS_US),,
1995-09-01,1997-08-29,1.4585692608150942,0.3004002708152491,-0.7471467774403608,False,,,58,1.0,0.37364827403959655,13.846783846240214,dca,NatGas (GAS_US),,
1995-10-02,1997-10-01,1.462303617934017,0.2979300217121663,-0.7487035271827815,False,,,61,1.0,1.1593853006167585,13.961592703636272,dca,NatGas (GAS_US),,
1995-11-01,1997-10-31,1.481649898623725,0.30012601913905,-0.747319291167025,False,,,68,1.0,1.2141091084537212,13.8594368767595,dca,NatGas (GAS_US),,
1995-12-01,1997-11-26,0.9315444587102419,0.289267347092224,-0.7542143815736759,False,,,64,1.0,1.2505364213426737,14.379699814527022,dca,NatGas (GAS_US),,
1996-01-02,1997-12-31,0.6867460690153067,0.25902455604770935,-0.7741064342677817,False,,,56,1.0,1.295165925301751,16.058622706661954,dca,NatGas (GAS_US),,
1996-02-01,1998-01-30,0.1944136913350617,0.1944136913350617,-0.8210173163822514,True,1996-09-04,148.0,16,1.0,0.1944136913350617,15.33114242489292,dca,NatGas (GAS_US),,
1996-03-01,1998-02-27,0.1756163526686475,0.1756163526686475,-0.8354755175549818,True,1996-09-04,128.0,12,1.0,0.1756163526686475,16.449985557781826,dca,NatGas (GAS_US),,
1996-04-01,1998-03-31,0.17035762599916382,0.17035762599916382,-0.8396119390271523,True,1996-09-04,107.0,10,1.0,0.17035762599916382,16.792834587535133,dca,NatGas (GAS_US),,
1996-05-01,1998-04-30,0.1639973509698388,0.1639973509698388,-0.8446698753667649,True,1996-09-04,86.0,9,1.0,0.1639973509698388,17.227089367841938,dca,NatGas (GAS_US),,
1996-06-03,1998-06-02,0.15596356747452733,0.15596356747452733,-0.8511464184271123,True,1996-09-04,64.0,6,1.0,0.15596356747452733,17.808789588347498,dca,NatGas (GAS_US),,
1996-07-01,1998-06-30,0.17047366492840593,0.17047366492840593,-0.8386107943609049,True,1996-09-04,44.0,1,1.0,0.17047366492840593,16.862029649391275,dca,NatGas (GAS_US),,
1996-08-01,1998-07-31,0.11071223524963181,0.11071223524963181,-0.9159401669983647,True,1998-01-12,363.0,40,1.0,1.2588259202698537,19.965554224421137,dca,NatGas (GAS_US),,
1996-09-03,1998-09-02,0.17881885648834991,0.17881885648834991,-0.8618686491298061,True,1998-01-08,339.0,43,1.0,1.2607589026949382,16.882545916284368,dca,NatGas (GAS_US),,
1996-10-01,1998-09-30,0.1611077524553199,0.1611077524553199,-0.8738236154603116,True,1998-01-08,319.0,38,1.0,1.2453165602957494,18.21099281418205,dca,NatGas (GAS_US),,
1996-11-01,1998-10-30,0.14211023867045844,0.14211023867045844,-0.8870211369258967,True,1998-01-08,296.0,34,1.0,1.2249035552990992,19.889745074969504,dca,NatGas (GAS_US),,
1996-12-02,1998-12-01,0.1841823146553916,0.1841823146553916,-0.8330174718157428,True,1997-03-03,62.0,11,1.0,0.1841823146553916,19.934193748844947,dca,NatGas (GAS_US),,
1997-01-02,1998-12-31,0.1539827128699777,0.1539827128699777,-0.8498238754611239,True,1997-02-24,36.0,4,1.0,0.1539827128699777,11.527719693940561,dca,NatGas (GAS_US),,
1997-02-03,1999-02-02,0.1787482774096026,0.1787482774096026,-0.8397757337176235,True,1998-01-02,230.0,22,1.0,0.1787482774096026,16.81765412414785,dca,NatGas (GAS_US),,
1997-03-03,1999-03-02,0.16158216069470174,0.16158216069470174,-0.8528994343084818,True,1998-01-02,211.0,24,1.0,0.16158216069470174,18.07507567751021,dca,NatGas (GAS_US),,
1997-04-01,1999-03-31,0.15512391948997592,0.15512391948997592,-0.8579436536002396,True,1998-01-02,191.0,23,1.0,0.15512391948997592,18.598229355789343,dca,NatGas (GAS_US),,
1997-05-01,1999-04-30,0.14147145562945482,0.14147145562945482,-0.8688057991503365,True,1998-01-02,169.0,18,1.0,0.14147145562945482,19.810326912143257,dca,NatGas (GAS_US),,
1997-06-02,1999-06-01,0.1964608269912445,0.1964608269912445,-0.8163000227796224,True,1997-12-23,142.0,18,1.0,0.1964608269912445,13.661334754333984,dca,NatGas (GAS_US),,
1997-07-01,1999-06-30,0.19034042858301797,0.19034042858301797,-0.8209984789581466,True,1997-12-23,121.0,17,1.0,0.19034042858301797,13.934931631232597,dca,NatGas (GAS_US),,
1997-08-01,1999-07-30,0.18507843769560367,0.18507843769560367,-0.8250814149810948,True,1997-12-23,99.0,15,1.0,0.18507843769560367,14.179070062068593,dca,NatGas (GAS_US),,
1997-09-02,1999-09-01,0.16182148759449838,0.16182148759449838,-0.8436245037539,True,1997-12-23,78.0,8,1.0,0.16182148759449838,15.369172845209908,dca,NatGas (GAS_US),,
1997-10-01,1999-09-30,0.14765025561820538,0.14765025561820538,-0.855337763271198,True,1997-12-23,57.0,5,1.0,0.14765025561820538,16.197575700041046,dca,NatGas (GAS_US),,
1997-11-03,1999-11-02,0.19940214873030954,0.19940214873030954,-0.8016647649011038,True,1998-01-09,45.0,1,1.0,0.19940214873030954,19.741607247925874,dca,NatGas (GAS_US),,
1997-12-01,1999-11-30,0.12640968371071953,0.12640968371071953,-0.8989830624190339,True,1999-02-26,310.0,13,1.0,0.9285147538500595,18.400499947234973,dca,NatGas (GAS_US),,
1998-01-02,1999-12-30,0.11594583852815417,0.11594583852815417,-0.906563660400237,True,1999-02-26,288.0,14,1.0,1.0513681658161982,19.32427811545164,dca,NatGas (GAS_US),,
1998-02-02,2000-02-01,0.19249717856095852,0.19249717856095852,-0.8433715963899798,True,1999-02-25,267.0,11,1.0,0.5358161573952183,15.264747307183674,dca,NatGas (GAS_US),,
1998-03-02,2000-03-01,0.19305128024644982,0.19305128024644982,-0.8429915305514384,True,1999-02-25,248.0,11,1.0,0.19305128024644982,15.234010572668753,dca,NatGas (GAS_US),,
1998-04-01,2000-03-31,0.18380653797812588,0.18380653797812588,-0.8493777832504485,True,1999-02-25,226.0,9,1.0,0.18380653797812588,15.76358680572785,dca,NatGas (GAS_US),,
1998-05-01,2000-04-28,0.200310991104171,0.200310991104171,-0.8185149118796298,True,1998-09-02,86.0,4,1.0,0.200310991104171,14.31951756867826,dca,NatGas (GAS_US),,
1998-06-01,2000-05-31,0.19922633990469213,0.19922633990469213,-0.8193200675575141,True,1998-09-02,66.0,5,1.0,0.19922633990469213,14.371604609138572,dca,NatGas (GAS_US),,
1998-07-01,2000-06-30,0.19732710776935383,0.19732710776935383,-0.8294463076976132,True,1999-02-24,162.0,5,1.0,0.19732710776935383,19.649873044837424,dca,NatGas (GAS_US),,
1998-08-03,2000-08-02,0.12390439440011691,0.12390439440011691,-0.8848207390485239,True,1999-02-22,138.0,5,1.0,0.12390439440011691,15.169084796335332,dca,NatGas (GAS_US),,
1998-09-01,2000-08-31,0.10544145914988368,0.10544145914988368,-0.9002719326917221,True,1999-02-22,117.0,5,1.0,0.10544145914988368,16.235510946032726,dca,NatGas (GAS_US),,
1998-10-01,2000-09-29,0.09737636717280329,0.09737636717280329,-0.9071920676481706,True,1999-02-22,96.0,2,1.0,0.09737636717280329,16.749900592535592,dca,NatGas (GAS_US),,
1998-11-02,2000-11-01,0.08093036724294966,0.08093036724294966,-0.9216382233396563,True,1999-02-22,74.0,1,1.0,0.08093036724294966,17.906798865682166,dca,NatGas (GAS_US),,
1998-12-01,2000-11-30,1.4501735061223835,0.596770430823673,-0.4838278354782096,False,,,67,1.0,0.8780520095443487,7.460936530429903,dca,NatGas (GAS_US),,
1999-01-04,2001-01-03,1.4116972514426478,0.5725358900072735,-0.4941867238688198,False,,,73,1.0,1.1622849787478602,7.77674620110919,dca,NatGas (GAS_US),,
1999-02-01,2001-01-31,0.7408561863563898,0.5589422391244998,-0.5001937830361822,False,,,77,1.0,1.220367866590956,7.965879112279762,dca,NatGas (GAS_US),,
1999-03-01,2001-02-28,0.7072835999854847,0.5491078190048784,-0.6015353673954792,False,,,77,1.0,1.2360052160129547,8.10854654315745,dca,NatGas (GAS_US),,
1999-04-01,2001-03-30,0.4717339431915377,0.41840044148355915,-0.7086845665762473,False,,,71,1.0,1.206487729285471,9.574398007977072,dca,NatGas (GAS_US),,
1999-05-03,2001-05-02,0.15463990683241458,0.15463990683241458,-0.8915083433325999,True,2001-04-30,498.0,67,1.0,1.2066582502870389,13.293732755514679,dca,NatGas (GAS_US),,
1999-06-01,2001-05-31,0.1412570603158977,0.1412570603158977,-0.8999581264446312,True,2001-04-30,478.0,65,1.0,1.1976091904589525,13.928360556773077,dca,NatGas (GAS_US),,
1999-07-01,2001-06-29,0.13035667301641152,0.13035667301641152,-0.9069597961165811,True,2001-04-30,456.0,63,1.0,1.1984054381751406,14.491854896920659,dca,NatGas (GAS_US),,
1999-08-02,2001-08-01,0.12114638686016754,0.12114638686016754,-0.9129613387563398,True,2001-04-30,435.0,61,1.0,1.2422840752700224,15.004775634375251,dca,NatGas (GAS_US),,
1999-09-01,2001-08-31,0.10312053220116113,0.10312053220116113,-0.9249400804677615,True,2001-04-30,413.0,58,1.0,1.2376845274325876,16.121523423016864,dca,NatGas (GAS_US),,
1999-10-01,2001-09-28,0.0966010240450067,0.0966010240450067,-0.9293502695622191,True,2001-04-30,392.0,57,1.0,1.2241901285732748,16.56748891169114,dca,NatGas (GAS_US),,
1999-11-01,2001-10-31,0.18714880035907577,0.18714880035907577,-0.8585098443975894,True,2001-04-27,370.0,55,1.0,1.1936259186769904,16.197455656361,dca,NatGas (GAS_US),,
1999-12-01,2001-11-30,0.1888692425478772,0.1888692425478772,-0.8514232801407966,True,2001-04-26,349.0,55,1.0,1.2144397055713008,16.909697827168888,dca,NatGas (GAS_US),,
2000-01-04,2002-01-03,0.17949536646829004,0.17949536646829004,-0.8577483984219737,True,2001-04-26,328.0,55,1.0,1.2564447991198007,17.607229504273707,dca,NatGas (GAS_US),,
2000-02-01,2002-01-31,0.16581755871440543,0.16581755871440543,-0.867148091880965,True,2001-04-26,309.0,50,1.0,1.0106645345478986,18.73488490685808,dca,NatGas (GAS_US),,
2000-03-01,2002-02-28,0.1905219278371731,0.1905219278371731,-0.8449901818797718,True,2001-04-25,288.0,46,1.0,0.5506331534234468,18.962908240855448,dca,NatGas (GAS_US),,
2000-04-03,2002-04-02,0.18807544014909167,0.18807544014909167,-0.846675470357526,True,2001-04-25,265.0,45,1.0,0.57932296701801,19.18508989993542,dca,NatGas (GAS_US),,
2000-05-01,2002-04-30,0.1841162214393533,0.1841162214393533,-0.8494171079799715,True,2001-04-25,246.0,42,1.0,0.1841162214393533,19.555896495565122,dca,NatGas (GAS_US),,
2000-06-01,2002-05-31,0.17803166317666497,0.17803166317666497,-0.8506952037603552,True,2001-03-14,195.0,34,1.0,0.17803166317666497,15.122439772715733,dca,NatGas (GAS_US),,
2000-07-05,2002-07-03,0.1532735212438494,0.1532735212438494,-0.8687328897576584,True,2001-03-14,173.0,31,1.0,0.1532735212438494,16.641322260187625,dca,NatGas (GAS_US),,
2000-08-01,2002-07-31,0.1408098839671661,0.1408098839671661,-0.8781059304289308,True,2001-03-14,154.0,30,1.0,0.1408098839671661,17.5275606159851,dca,NatGas (GAS_US),,
2000-09-01,2002-08-30,0.12716587726269868,0.12716587726269868,-0.8886013139051311,True,2001-03-14,131.0,25,1.0,0.12716587726269868,18.612656712965908,dca,NatGas (GAS_US),,
2000-10-02,2002-10-01,0.11643711888729948,0.11643711888729948,-0.8970320775679606,True,2001-03-14,111.0,21,1.0,0.11643711888729948,19.565093570222857,dca,NatGas (GAS_US),,
2000-11-01,2002-10-31,0.1666493041005205,0.1666493041005205,-0.8473765037914377,True,2001-03-13,88.0,20,1.0,0.1666493041005205,19.525882380955096,dca,NatGas (GAS_US),,
2000-12-01,2002-11-27,0.19370913912816567,0.19370913912816567,-0.8167977250438737,True,2001-02-21,54.0,9,1.0,0.19370913912816567,14.64510670396931,dca,NatGas (GAS_US),,
2001-01-02,2002-12-31,0.14713090461442946,0.14713090461442946,-0.8544372331706487,True,2001-02-21,34.0,3,1.0,0.14713090461442946,17.44513850416746,dca,NatGas (GAS_US),,
2001-02-01,2003-01-31,0.18102450022327501,0.18102450022327501,-0.8268576425810754,True,2001-06-20,96.0,5,1.0,0.18102450022327501,16.17942389034851,dca,NatGas (GAS_US),,
2001-03-01,2003-02-28,0.16321625677749454,0.16321625677749454,-0.8411854187801897,True,2001-06-20,77.0,5,1.0,0.16321625677749454,17.362074658599013,dca,NatGas (GAS_US),,
2001-04-02,2003-04-01,0.1408484316664315,0.1408484316664315,-0.8599008173504963,True,2001-06-20,55.0,2,1.0,0.1408484316664315,19.117254672429407,dca,NatGas (GAS_US),,
2001-05-01,2003-04-30,0.0529745202448826,0.0529745202448826,-0.9492480561444748,True,2001-08-22,79.0,3,1.0,0.0529745202448826,18.64964729240965,dca,NatGas (GAS_US),,
2001-06-01,2003-05-30,0.18943570662747272,0.18943570662747272,-0.812852067557205,True,2001-08-09,48.0,3,1.0,0.18943570662747272,19.135227493631426,dca,NatGas (GAS_US),,
2001-07-02,2003-07-01,0.13188697530313848,0.13188697530313848,-0.8735313958845374,True,2001-09-19,52.0,5,1.0,0.13188697530313848,10.537488449342742,dca,NatGas (GAS_US),,
2001-08-01,2003-07-31,0.09833607321058319,0.09833607321058319,-0.902569321346718,True,2001-09-19,31.0,2,1.0,0.09833607321058319,11.461419564015495,dca,NatGas (GAS_US),,
2001-09-04,2003-09-03,0.13338161057136197,0.13338161057136197,-0.8758832140311161,True,2002-01-03,79.0,6,1.0,0.13338161057136197,9.612199420119593,dca,NatGas (GAS_US),,
2001-10-01,2003-09-30,0.12381549915462794,0.12381549915462794,-0.8837500382133415,True,2002-01-03,63.0,9,1.0,0.12381549915462794,9.816008090352868,dca,NatGas (GAS_US),,
2001-11-01,2003-10-31,1.4056300443727636,0.34765279769824264,-0.7115152534885225,False,,,54,1.0,1.2406476449148802,12.019856787855964,dca,NatGas (GAS_US),,
2001-12-03,2003-12-02,1.4955167727997116,0.3124781804479664,-0.7329074633749597,False,,,55,1.0,1.2830271906919524,13.372891618351504,dca,NatGas (GAS_US),,
2002-01-02,2003-12-31,1.4575725802683488,0.2661275967115593,-0.7631419494390936,False,,,59,1.0,1.2456397883234538,15.702004947496805,dca,NatGas (GAS_US),,
2002-02-01,2004-01-30,1.3092810001155284,0.23470330373660353,-0.7850997373374138,False,,,61,1.0,1.2411661062216874,17.804337534677135,dca,NatGas (GAS_US),,
2002-03-01,2004-02-27,1.4126854081186409,0.2266124667568068,-0.7909593017400899,False,,,58,1.0,1.2294054624454,18.44001303209335,dca,NatGas (GAS_US),,
2002-04-01,2004-03-31,0.19491050189434295,0.19491050189434295,-0.815519272935403,True,2002-08-07,89.0,6,1.0,0.19491050189434295,18.732426459327836,dca,NatGas (GAS_US),,
2002-05-01,2004-04-30,0.18302414787925786,0.18302414787925786,-0.8204533912421732,True,2002-08-05,65.0,1,1.0,0.18302414787925786,10.455509946527187,dca,NatGas (GAS_US),,
2002-06-03,2004-06-02,1.4470059115601628,0.722641974596832,-0.39737836097947954,False,,,55,1.0,1.2403181893819029,6.050900323633457,dca,NatGas (GAS_US),,
2002-07-01,2004-06-30,1.3872127290241172,0.7064276129024858,-0.4109683023529518,False,,,53,1.0,1.0765594836805805,6.402213712740643,dca,NatGas (GAS_US),,
2002-08-01,2004-07-30,1.3704747874174776,0.6925109882368368,-0.41579313471206736,False,,,53,1.0,0.6925109882368368,6.530871895474073,dca,NatGas (GAS_US),,
2002-09-03,2004-09-02,0.9824828380458159,0.676497126893711,-0.4214871734058414,False,,,50,1.0,1.2368591328053389,6.685468970356063,dca,NatGas (GAS_US),,
2002-10-01,2004-09-30,1.4449317067704508,0.6559268680037551,-0.4290342499902652,False,,,47,1.0,1.1709521220146808,6.895129275840309,dca,NatGas (GAS_US),,
2002-11-01,2004-10-29,1.4267328590597133,0.6316977128609951,-0.4382778779518609,False,,,51,1.0,1.0397502351931047,7.1595962092364775,dca,NatGas (GAS_US),,
2002-12-02,2004-12-01,1.4444249370642677,0.62514794090702,-0.440845462644338,False,,,51,1.0,1.2510716325136628,7.234608409364668,dca,NatGas (GAS_US),,
2003-01-02,2004-12-30,1.409780374410376,0.6045641866637066,-0.4491140298100611,False,,,46,1.0,1.2539386266980543,7.480927005189475,dca,NatGas (GAS_US),,
2003-02-03,2005-02-02,1.5101947775036784,0.5839751077330497,-0.4577009621148931,False,,,41,1.0,1.1175267680203653,7.744680364784277,dca,NatGas (GAS_US),,
2003-03-03,2005-03-02,1.5019086390940202,0.565798907443285,-0.46555915103841383,False,,,40,1.0,1.1873421563086568,7.993476994892013,dca,NatGas (GAS_US),,
2003-04-01,2005-03-31,1.4917717795901924,0.5454489382494563,-0.47468357596403443,False,,,43,1.0,1.2323110625330413,8.291702913379796,dca,NatGas (GAS_US),,
2003-05-01,2005-04-29,1.4020399543679014,0.5271746183170034,-0.4831875881194466,False,,,40,1.0,1.227795223812804,8.57913183457425,dca,NatGas (GAS_US),,
2003-06-02,2005-06-01,1.4430744275649365,0.5094423098323366,-0.49173580541247564,False,,,35,1.0,1.1994419170118988,8.877748202483234,dca,NatGas (GAS_US),,
2003-07-01,2005-06-30,1.416830574277796,0.7626215921598343,-0.34564732762705186,False,,,40,1.0,1.1514187007739196,6.047888339577882,dca,NatGas (GAS_US),,
2003-08-01,2005-07-29,1.4361840001117736,0.7418971782594355,-0.3519049656202189,False,,,42,1.0,1.0497898355252575,6.216832156653537,dca,NatGas (GAS_US),,
2003-09-02,2005-09-01,1.4573075365640131,0.7299879703334877,-0.35560448306801473,False,,,52,1.0,0.8502930895593277,6.318255124980649,dca,NatGas (GAS_US),,
2003-10-01,2005-09-30,1.4473411250192467,0.7147491605983056,-0.3604533121327741,False,,,53,1.0,1.197673408567676,6.452963485641503,dca,NatGas (GAS_US),,
2003-11-03,2005-11-02,1.3149762594701255,0.6872692688881887,-0.3695397739490497,False,,,53,1.0,1.0663683757217646,6.710979878665495,dca,NatGas (GAS_US),,
2003-12-01,2005-11-30,1.4665649563978995,0.6780100031110594,-0.37270549845783685,False,,,53,1.0,1.139629807704586,6.8026285948148235,dca,NatGas (GAS_US),,
2004-01-05,2006-01-04,0.7656634227510306,0.6544573127497504,-0.47353903917350926,False,,,51,1.0,1.1506188693279125,7.047442430362758,dca,NatGas (GAS_US),,
2004-02-02,2006-02-01,0.17137670860209503,0.17137670860209503,-0.8804674941447019,True,2006-01-13,489.0,52,1.0,1.2489416454904363,15.85204293490202,dca,NatGas (GAS_US),,
2004-03-01,2006-02-28,0.15914606037867235,0.15914606037867235,-0.8880431065933495,True,2006-01-13,470.0,49,1.0,1.2509130049711326,16.699687444541862,dca,NatGas (GAS_US),,
2004-04-01,2006-03-31,0.15653634507189845,0.15653634507189845,-0.8896764600630872,True,2006-01-13,447.0,48,1.0,1.2574523760919922,16.892424023166733,dca,NatGas (GAS_US),,
2004-05-03,2006-05-02,0.14456296665786345,0.14456296665786345,-0.8972479646439288,True,2006-01-13,426.0,45,1.0,1.1928639136211001,17.836918002545477,dca,NatGas (GAS_US),,
2004-06-01,2006-05-31,0.17931640941056862,0.17931640941056862,-0.8696734960425603,True,2006-01-12,405.0,43,1.0,1.2309222968841853,13.127885823340115,dca,NatGas (GAS_US),,
2004-07-01,2006-06-30,0.18088857369997327,0.18088857369997327,-0.8686809037167826,True,2006-01-12,384.0,44,1.0,1.257189923879256,13.059408393194413,dca,NatGas (GAS_US),,
2004-08-02,2006-08-01,0.15024225309903153,0.15024225309903153,-0.8884472658041469,True,2006-01-12,363.0,44,1.0,1.2462297143870689,14.537581279028869,dca,NatGas (GAS_US),,
2004-09-01,2006-08-31,0.13532806842108117,0.13532806842108117,-0.8983957134602739,True,2006-01-12,341.0,45,1.0,1.2592428605741868,15.38504615575469,dca,NatGas (GAS_US),,
2004-10-01,2006-09-29,0.12167445334293618,0.12167445334293618,-0.9077006723730001,True,2006-01-12,320.0,40,1.0,1.2544590703066092,16.252397648483388,dca,NatGas (GAS_US),,
2004-11-01,2006-10-31,0.08534702644093932,0.08534702644093932,-0.933423122026247,True,2006-01-12,299.0,34,1.0,1.1097368911185237,19.120406057346322,dca,NatGas (GAS_US),,
2004-12-01,2006-11-30,0.19111019026306622,0.19111019026306622,-0.843106321941165,True,2006-01-09,276.0,33,1.0,1.2123076139543563,16.69661713036553,dca,NatGas (GAS_US),,
2005-01-03,2007-01-02,0.16469642810072163,0.16469642810072163,-0.8617939993328225,True,2006-01-09,255.0,34,1.0,0.5029775658723761,18.746013407220833,dca,NatGas (GAS_US),,
2005-02-01,2007-01-31,0.15252138195610723,0.15252138195610723,-0.8706896292531106,True,2006-01-09,235.0,31,1.0,0.15252138195610723,19.870204511391574,dca,NatGas (GAS_US),,
2005-03-01,2007-02-28,0.1897560308921183,0.1897560308921183,-0.8378525369215116,True,2006-01-05,214.0,29,1.0,0.1897560308921183,8.973813788089897,dca,NatGas (GAS_US),,
2005-04-01,2007-03-30,0.17830648220221607,0.17830648220221607,-0.8461308234651552,True,2006-01-05,192.0,25,1.0,0.17830648220221607,9.192365452242907,dca,NatGas (GAS_US),,
2005-05-02,2007-05-01,0.15568456963910565,0.15568456963910565,-0.8629774625155417,True,2006-01-05,171.0,26,1.0,0.15568456963910565,9.657054793515657,dca,NatGas (GAS_US),,
2005-06-01,2007-05-31,0.14922737911813316,0.14922737911813316,-0.8679099352793944,True,2006-01-05,150.0,25,1.0,0.14922737911813316,9.798440884415282,dca,NatGas (GAS_US),,
2005-07-01,2007-06-29,0.13989972512489995,0.13989972512489995,-0.8751354593199743,True,2006-01-05,128.0,23,1.0,0.13989972512489995,10.010145939304167,dca,NatGas (GAS_US),,
2005-08-01,2007-07-31,0.12218513450476381,0.12218513450476381,-0.8891943178864045,True,2006-01-05,108.0,18,1.0,0.12218513450476381,10.43846724366426,dca,NatGas (GAS_US),,
2005-09-01,2007-08-31,0.090441289240558,0.090441289240558,-0.9155506873494205,True,2006-01-05,85.0,8,1.0,0.090441289240558,11.305309635753336,dca,NatGas (GAS_US),,
2005-10-03,2007-10-02,0.0851909175130437,0.0851909175130437,-0.9200613068591148,True,2006-01-05,64.0,6,1.0,0.0851909175130437,11.462752449175895,dca,NatGas (GAS_US),,
2005-11-01,2007-10-31,0.04621900825562537,0.04621900825562537,-0.9549843170425487,True,2006-01-05,43.0,5,1.0,0.04621900825562537,12.784286999986719,dca,NatGas (GAS_US),,
2005-12-01,2007-11-30,0.027895713309971155,0.027895713309971155,-0.97233687687721,True,2006-01-05,23.0,2,1.0,0.027895713309971155,13.516978442938216,dca,NatGas (GAS_US),,
2006-01-03,2008-01-02,0.18826092526585736,0.18826092526585736,-0.8134954944910506,True,2006-02-15,30.0,0,,0.18826092526585736,19.08524520875235,dca,NatGas (GAS_US),,
2006-02-01,2008-01-31,0.0,0.0,-1.0,True,2006-12-26,227.0,9,1.0,0.0,17.54946269687537,dca,NatGas (GAS_US),,
2006-03-01,2008-02-29,0.0,0.0,-1.0,True,2006-12-26,208.0,13,1.0,0.0,19.650306583906424,dca,NatGas (GAS_US),,
2006-04-03,2008-04-02,0.18747248257118831,0.18747248257118831,-0.8480022986053495,True,2006-12-22,184.0,10,1.0,0.18747248257118831,15.569719684081807,dca,NatGas (GAS_US),,
2006-05-01,2008-04-30,0.1818905049505065,0.1818905049505065,-0.842910149407929,True,2006-12-20,163.0,8,1.0,0.1818905049505065,16.09127479933951,dca,NatGas (GAS_US),,
2006-06-01,2008-05-30,0.17982131383476627,0.17982131383476627,-0.8444191756424868,True,2006-12-20,141.0,9,1.0,0.17982131383476627,16.221665264046763,dca,NatGas (GAS_US),,
2006-07-05,2008-07-03,0.19710766871215424,0.19710766871215424,-0.8175948382780404,True,2006-12-18,117.0,9,1.0,0.19710766871215424,17.91588095095287,dca,NatGas (GAS_US),,
2006-08-01,2008-07-31,0.19243597319523384,0.19243597319523384,-0.8145497354171083,True,2006-09-28,42.0,3,1.0,0.19243597319523384,14.29287141561544,dca,NatGas (GAS_US),,
2006-09-01,2008-08-29,0.1686134396456639,0.1686134396456639,-0.8832045801317517,True,2008-08-15,494.0,38,1.0,1.0835019887228863,19.652858088637963,dca,NatGas (GAS_US),,
2006-10-02,2008-10-01,0.16286453026337963,0.16286453026337963,-0.8816308065049601,True,2008-08-08,468.0,40,1.0,1.122297638149698,12.462751995124385,dca,NatGas (GAS_US),,
2006-11-01,2008-10-31,0.1497445945178891,0.1497445945178891,-0.8901185399564945,True,2008-08-08,446.0,38,1.0,1.102320380123241,13.000680074632523,dca,NatGas (GAS_US),,
2006-12-01,2008-11-28,0.11343829181755212,0.11343829181755212,-0.9144815093741817,True,2008-08-08,425.0,35,1.0,1.1777190966429023,14.764154470556894,dca,NatGas (GAS_US),,
2007-01-02,2008-12-31,0.08416545890029987,0.08416545890029987,-0.9351177898544751,True,2008-08-08,405.0,39,1.0,1.0466727201824861,16.577145083398076,dca,NatGas (GAS_US),,
2007-02-01,2009-01-30,0.052473947427219635,0.052473947427219635,-0.9585354153180231,True,2008-08-08,383.0,32,1.0,1.189918382078344,19.118862221810954,dca,NatGas (GAS_US),,
2007-03-01,2009-02-27,0.19029293294047572,0.19029293294047572,-0.848137926905791,True,2008-08-07,362.0,31,1.0,1.1970445841504118,15.004139766692154,dca,NatGas (GAS_US),,
2007-04-02,2009-04-01,0.1810815057079565,0.1810815057079565,-0.8544188636272811,True,2008-08-07,340.0,29,1.0,1.2100095981113228,15.5376401336882,dca,NatGas (GAS_US),,
2007-05-01,2009-04-30,0.17768971364455438,0.17768971364455438,-0.8567551007812075,True,2008-08-07,320.0,29,1.0,1.2245295100132394,15.743766984788925,dca,NatGas (GAS_US),,
2007-06-01,2009-05-29,0.18030554924530612,0.18030554924530612,-0.8549522110519507,True,2008-08-07,297.0,29,1.0,1.229345246161307,15.584319170320628,dca,NatGas (GAS_US),,
2007-07-02,2009-07-01,0.12721708510681157,0.12721708510681157,-0.8930938434932346,True,2008-08-07,276.0,31,1.0,1.188439132222056,19.61627976913576,dca,NatGas (GAS_US),,
2007-08-01,2009-07-31,0.1891212190870457,0.1891212190870457,-0.8384085671918893,True,2008-08-04,251.0,29,1.0,0.1891212190870457,11.334211367214076,dca,NatGas (GAS_US),,
2007-09-03,2009-09-02,0.1477210966678293,0.1477210966678293,-0.869153693272993,True,2008-08-04,228.0,29,1.0,0.1477210966678293,12.756122822384349,dca,NatGas (GAS_US),,
2007-10-01,2009-09-30,0.15208091257779865,0.15208091257779865,-0.8658101283579381,True,2008-08-04,208.0,29,1.0,0.15208091257779865,12.589794422020796,dca,NatGas (GAS_US),,
2007-11-01,2009-10-30,0.1302881308601187,0.1302881308601187,-0.8827852447998705,True,2008-08-04,185.0,24,1.0,0.1302881308601187,13.4675656405044,dca,NatGas (GAS_US),,
2007-12-03,2009-12-02,0.10416891843423248,0.10416891843423248,-0.9040284280873363,True,2008-08-04,164.0,25,1.0,0.10416891843423248,14.695559613859434,dca,NatGas (GAS_US),,
2008-01-02,2009-12-31,0.09889380464601971,0.09889380464601971,-0.9084434634827909,True,2008-08-04,144.0,23,1.0,0.09889380464601971,14.971259914225444,dca,NatGas (GAS_US),,
2008-02-01,2010-01-29,0.09528335766910767,0.09528335766910767,-0.9114901883652693,True,2008-08-04,123.0,23,1.0,0.09528335766910767,15.165998157742234,dca,NatGas (GAS_US),,
2008-03-03,2010-03-02,0.07325737168821811,0.07325737168821811,-0.93052899094251,True,2008-08-04,103.0,15,1.0,0.07325737168821811,16.47320851812551,dca,NatGas (GAS_US),,
2008-04-01,2010-03-31,0.04835330456298891,0.04835330456298891,-0.9530367469469847,True,2008-08-04,84.0,11,1.0,0.04835330456298891,18.25197649810043,dca,NatGas (GAS_US),,
2008-05-02,2010-04-30,0.040297812900885736,0.040297812900885736,-0.9605520233078353,True,2008-08-04,62.0,8,1.0,0.040297812900885736,18.912537111205424,dca,NatGas (GAS_US),,
2008-06-02,2010-06-01,0.032241855038359406,0.032241855038359406,-0.9681872121833823,True,2008-08-04,42.0,5,1.0,0.032241855038359406,19.62274869109682,dca,NatGas (GAS_US),,
2008-07-01,2010-06-30,0.041112513811802705,0.041112513811802705,-0.9589159904620681,True,2008-08-04,22.0,0,,0.041112513811802705,18.862898929242395,dca,NatGas (GAS_US),,
2008-08-01,2010-07-30,0.15007187917279088,0.15007187917279088,-0.8499047937431867,True,2008-10-10,49.0,0,,0.15007187917279088,15.771637502915512,dca,NatGas (GAS_US),,
2008-09-02,2010-09-01,0.061212130634641974,0.061212130634641974,-0.941780012518896,True,2008-12-05,66.0,1,1.0,0.061212130634641974,16.30826608829249,dca,NatGas (GAS_US),,
2008-10-01,2010-09-30,0.13101238046573102,0.13101238046573102,-0.8841377546206454,True,2009-03-06,105.0,4,1.0,0.13101238046573102,17.45970800011978,dca,NatGas (GAS_US),,
2008-11-03,2010-11-02,0.2001836000682091,0.2001836000682091,-0.8178629284626184,True,2009-02-20,74.0,4,1.0,0.2001836000682091,14.926742502901705,dca,NatGas (GAS_US),,
2008-12-01,2010-11-30,0.20532626482233632,0.20532626482233632,-0.8001593261031857,True,2009-02-19,54.0,2,1.0,0.20532626482233632,13.523746579458784,dca,NatGas (GAS_US),,
2009-01-02,2010-12-31,0.16691297508336356,0.16691297508336356,-0.8334574152643655,True,2009-02-20,33.0,0,,0.16691297508336356,17.106166215836637,dca,NatGas (GAS_US),,
2009-02-02,2011-02-01,1.5255424659962795,0.48816564062151,-0.655868499675365,False,,,25,1.0,1.4143706307393478,8.662848078106803,dca,NatGas (GAS_US),,
2009-03-02,2011-03-01,1.3841295872899817,0.44596596952752243,-0.6759778839294608,False,,,25,1.0,1.1694081486840187,9.472913051642447,dca,NatGas (GAS_US),,
2009-04-01,2011-03-31,1.4777656046393146,0.3894387504948522,-0.7049297383282602,False,,,24,1.0,0.577574294392571,10.8293874516019,dca,NatGas (GAS_US),,
2009-05-01,2011-04-29,1.4810422319924474,0.38001565966460493,-0.709998913983088,False,,,27,1.0,0.38001565966460493,11.094213267144552,dca,NatGas (GAS_US),,
2009-06-01,2011-05-31,1.4439934271543569,0.33093886286472873,-0.7376243793098793,False,,,22,1.0,1.0065275376001166,12.71341722904721,dca,NatGas (GAS_US),,
2009-07-01,2011-06-30,1.3770630877462713,0.28256087700189436,-0.7670444719763285,False,,,22,1.0,1.2170238308934587,14.849904344716766,dca,NatGas (GAS_US),,
2009-08-03,2011-08-02,1.311981807632324,0.2603750645463929,-0.7813358490876009,False,,,19,1.0,1.2448696369840844,16.08989602101081,dca,NatGas (GAS_US),,
2009-09-01,2011-08-31,0.19467423115988713,0.19467423115988713,-0.8260827916810227,True,2010-04-30,163.0,12,1.0,0.19467423115988713,17.978107155374676,dca,NatGas (GAS_US),,
2009-10-01,2011-09-30,0.18660552873142133,0.18660552873142133,-0.8320807474668347,True,2010-04-30,142.0,9,1.0,0.18660552873142133,18.63348858451419,dca,NatGas (GAS_US),,
2009-11-02,2011-11-01,0.18805271280497196,0.18805271280497196,-0.8186652343310507,True,2010-03-26,97.0,7,1.0,0.18805271280497196,14.645907293834151,dca,NatGas (GAS_US),,
2009-12-01,2011-11-30,0.17546470568539055,0.17546470568539055,-0.8287245551607945,True,2010-03-26,77.0,6,1.0,0.17546470568539055,15.307319553471464,dca,NatGas (GAS_US),,
2010-01-04,2012-01-03,0.17672093962305346,0.17672093962305346,-0.8247211125002664,True,2010-03-31,58.0,0,,0.17672093962305346,19.2769414863355,dca,NatGas (GAS_US),,
2010-02-01,2012-01-31,0.17503165375963667,0.17503165375963667,-0.8540453189506416,True,2011-12-07,462.0,11,1.0,1.1177314417788997,18.90192214935842,dca,NatGas (GAS_US),,
2010-03-01,2012-02-29,0.18319908345516434,0.18319908345516434,-0.8413084938432077,True,2011-11-16,430.0,12,1.0,0.9521188990239167,16.973106810074793,dca,NatGas (GAS_US),,
2010-04-01,2012-03-30,0.19209040114823017,0.19209040114823017,-0.8348783643320654,True,2011-11-16,407.0,16,1.0,1.128202429577022,16.38734333465838,dca,NatGas (GAS_US),,
2010-05-03,2012-05-02,0.1816771801077396,0.1816771801077396,-0.8424190630916553,True,2011-11-16,386.0,15,1.0,1.1087733679465708,17.077593592020797,dca,NatGas (GAS_US),,
2010-06-01,2012-05-31,0.17243319276893232,0.17243319276893232,-0.849228120667294,True,2011-11-16,366.0,13,1.0,1.1429174370625796,17.740953526348452,dca,NatGas (GAS_US),,
2010-07-01,2012-06-29,0.1700079810626628,0.1700079810626628,-0.8510327807960885,True,2011-11-16,344.0,11,1.0,1.0756688748500074,16.99249508994284,dca,NatGas (GAS_US),,
2010-08-02,2012-08-01,0.17357157753646313,0.17357157753646313,-0.8483836572343869,True,2011-11-16,323.0,10,1.0,1.0206104123681867,16.747089527152045,dca,NatGas (GAS_US),,
2010-09-01,2012-08-31,0.14641971294761025,0.14641971294761025,-0.8689939333236077,True,2011-11-16,301.0,14,1.0,0.9882270218968241,18.81773494393341,dca,NatGas (GAS_US),,
2010-10-01,2012-09-28,0.14397978428654412,0.14397978428654412,-0.8708951642237304,True,2011-11-16,282.0,16,1.0,0.7609166654620925,19.029163459008803,dca,NatGas (GAS_US),,
2010-11-01,2012-10-31,0.13461389555970193,0.13461389555970193,-0.8782711248436401,True,2011-11-16,261.0,16,1.0,0.6302615220738463,19.886861311808588,dca,NatGas (GAS_US),,
2010-12-01,2012-11-30,0.18184004445282642,0.18184004445282642,-0.8322552037034773,True,2011-11-15,239.0,11,1.0,0.18184004445282642,16.540348892031414,dca,NatGas (GAS_US),,
2011-01-03,2013-01-02,0.16114378041311672,0.16114378041311672,-0.8484538875014656,True,2011-11-15,217.0,7,1.0,0.16114378041311672,18.008090958263967,dca,NatGas (GAS_US),,
2011-02-01,2013-01-31,0.14093335637250426,0.14093335637250426,-0.864892640870672,True,2011-11-15,197.0,7,1.0,0.14093335637250426,19.71661416652189,dca,NatGas (GAS_US),,
2011-03-01,2013-02-28,0.19987993957948086,0.19987993957948086,-0.8067262222407988,True,2011-11-14,177.0,7,1.0,0.19987993957948086,13.604088202747787,dca,NatGas (GAS_US),,
2011-04-01,2013-03-28,0.19463288172728604,0.19463288172728604,-0.8108401325077059,True,2011-11-14,155.0,5,1.0,0.19463288172728604,13.833080126629916,dca,NatGas (GAS_US),,
2011-05-02,2013-05-01,0.18253072242061014,0.18253072242061014,-0.8204906204954816,True,2011-11-14,136.0,2,1.0,0.18253072242061014,14.391825077332008,dca,NatGas (GAS_US),,
2011-06-01,2013-05-31,0.17055269175357496,0.17055269175357496,-0.8302710172247716,True,2011-11-14,115.0,1,1.0,0.17055269175357496,14.991135461408115,dca,NatGas (GAS_US),,
2011-07-01,2013-06-28,0.13053547543522645,0.13053547543522645,-0.8698026542570694,True,2011-12-09,111.0,1,1.0,0.13053547543522645,16.32525162067939,dca,NatGas (GAS_US),,
2011-08-01,2013-07-31,0.1838962343811067,0.1838962343811067,-0.8171352346516213,True,2011-12-28,104.0,0,,0.1838962343811067,18.50852908745613,dca,NatGas (GAS_US),,
2011-09-01,2013-08-30,0.19611112065762004,0.19611112065762004,-0.8038583959459267,True,2011-12-29,82.0,0,,0.19611112065762004,13.211524378150484,dca,NatGas (GAS_US),,
2011-10-03,2013-10-02,0.19915374482800544,0.19915374482800544,-0.8010443565090231,True,2012-01-12,70.0,0,,0.19915374482800544,14.14035547778692,dca,NatGas (GAS_US),,
2011-11-01,2013-10-31,0.013397114809922298,0.013397114809922298,-0.9866008027504858,True,2012-01-17,51.0,0,,0.013397114809922298,13.794397517158664,dca,NatGas (GAS_US),,
2011-12-01,2013-11-29,0.09225765524743562,0.09225765524743562,-0.90772800427727,True,2012-02-01,41.0,0,,0.09225765524743562,16.21990511550472,dca,NatGas (GAS_US),,
2012-01-03,2014-01-02,0.19968800129402006,0.19968800129402006,-0.8135843136283497,True,2012-04-19,74.0,3,1.0,0.19968800129402006,14.062570207923565,dca,NatGas (GAS_US),,
2012-02-01,2014-01-31,0.13375657331633303,0.13375657331633303,-0.8669440972957665,True,2012-04-19,54.0,2,1.0,0.13375657331633303,17.993182122375217,dca,NatGas (GAS_US),,
2012-03-01,2014-02-28,1.3437607997843086,0.672713091700988,-0.32807522692372537,False,,,46,1.0,1.2111326443705714,4.323670058281703,dca,NatGas (GAS_US),,
2012-04-02,2014-04-01,1.276801026103319,0.8258358012514178,-0.26268632369480727,False,,,46,1.0,1.1764388707255378,3.282126716686758,dca,NatGas (GAS_US),,
2012-05-01,2014-04-30,1.3147177530967216,0.8106787187729756,-0.26602603486961585,False,,,46,1.0,1.1585747244269262,3.338978767587407,dca,NatGas (GAS_US),,
2012-06-01,2014-05-30,1.272737195813239,0.8410238317693635,-0.2738379129887717,False,,,44,1.0,1.140867019167663,3.4740029027503616,dca,NatGas (GAS_US),,
2012-07-02,2014-07-01,1.2592889080102192,0.8260888698196229,-0.27741524886693425,False,,,41,1.0,1.0734737958112106,3.5368098271157677,dca,NatGas (GAS_US),,
2012-08-01,2014-07-30,1.1015487411165745,0.8112517997699475,-0.28106290337447637,False,,,37,1.0,0.9129709927322232,3.601494916470488,dca,NatGas (GAS_US),,
2012-09-04,2014-09-03,1.1167720742633054,0.807104039229924,-0.28209983885255185,False,,,40,1.0,1.063766582489169,3.62000323482048,dca,NatGas (GAS_US),,
2012-10-01,2014-09-30,1.1944868324076552,0.7865260915629921,-0.287359554059861,False,,,34,1.0,1.131984030120174,3.7147136810718284,dca,NatGas (GAS_US),,
2012-11-01,2014-10-31,1.0437695817396095,0.7711101366935038,-0.29143019037986784,False,,,32,1.0,1.1071682752296064,3.788977856493031,dca,NatGas (GAS_US),,
2012-12-03,2014-12-02,1.1940625897413293,0.7602034514283664,-0.29438050312945374,False,,,35,1.0,1.1419291697059146,3.8433385528036013,dca,NatGas (GAS_US),,
2013-01-02,2014-12-31,0.3592083877760608,0.3592083877760608,-0.7103254074297458,False,,,35,1.0,1.1300313848069503,11.503607852384203,dca,NatGas (GAS_US),,
2013-02-01,2015-01-30,0.1270659350814594,0.1270659350814594,-0.8966099899171044,True,2015-01-12,485.0,33,1.0,1.148843579192381,16.462010529984678,dca,NatGas (GAS_US),,
2013-03-01,2015-02-27,0.1177511469151567,0.1177511469151567,-0.9034574598168931,True,2015-01-12,466.0,31,1.0,1.1272856140678817,17.113010039057496,dca,NatGas (GAS_US),,
2013-04-01,2015-03-31,0.10690574484039234,0.10690574484039234,-0.9115630745514404,True,2015-01-12,446.0,27,1.0,1.1135516836995163,17.938987881187693,dca,NatGas (GAS_US),,
2013-05-01,2015-04-30,0.1929990111687509,0.1929990111687509,-0.8352011038011633,True,2015-01-06,420.0,19,1.0,1.109147440910667,16.095355577142055,dca,NatGas (GAS_US),,
2013-06-03,2015-06-02,0.19149331052812327,0.19149331052812327,-0.8376707555828967,True,2015-01-07,399.0,25,1.0,1.120861673897993,19.654882870647675,dca,NatGas (GAS_US),,
2013-07-01,2015-06-30,0.1790842824962297,0.1790842824962297,-0.8452439316546007,True,2015-01-06,378.0,25,1.0,1.0858469213572652,17.02585566336305,dca,NatGas (GAS_US),,
2013-08-01,2015-07-31,0.1672351822633688,0.1672351822633688,-0.8539882810198924,True,2015-01-06,356.0,24,1.0,1.0424613164962153,17.907431700048367,dca,NatGas (GAS_US),,
2013-09-03,2015-09-02,0.1593127338789288,0.1593127338789288,-0.8599364850910663,True,2015-01-06,334.0,21,1.0,1.0202599545984348,18.549616174879436,dca,NatGas (GAS_US),,
2013-10-01,2015-09-30,0.15550766632823415,0.15550766632823415,-0.8628228987034845,True,2015-01-06,314.0,21,1.0,0.9475135294743415,18.87471077575886,dca,NatGas (GAS_US),,
2013-11-01,2015-10-30,0.1465040313399803,0.1465040313399803,-0.8697305823379338,True,2015-01-06,291.0,21,1.0,1.115173085198272,19.691302123108446,dca,NatGas (GAS_US),,
2013-12-02,2015-12-01,0.19595937511378272,0.19595937511378272,-0.824498875781479,True,2015-01-05,270.0,18,1.0,1.0556110055556154,17.52876360960324,dca,NatGas (GAS_US),,
2014-01-02,2015-12-31,0.17633612901367293,0.17633612901367293,-0.839248303828618,True,2015-01-05,249.0,13,1.0,0.17633612901367293,19.120378853959526,dca,NatGas (GAS_US),,
2014-02-03,2016-02-02,0.19421930347227534,0.19421930347227534,-0.8200313627082904,True,2014-12-31,226.0,8,1.0,0.19421930347227534,11.744156760913748,dca,NatGas (GAS_US),,
2014-03-03,2016-03-02,0.18909933810214163,0.18909933810214163,-0.8239403768834973,True,2014-12-31,207.0,8,1.0,0.18909933810214163,11.910801790198892,dca,NatGas (GAS_US),,
2014-04-01,2016-03-31,0.18270123287372997,0.18270123287372997,-0.8288779292356215,True,2014-12-31,186.0,7,1.0,0.18270123287372997,12.125815340174698,dca,NatGas (GAS_US),,
2014-05-01,2016-04-29,0.17463438241565854,0.17463438241565854,-0.8351882718906389,True,2014-12-31,166.0,4,1.0,0.17463438241565854,12.408230038593953,dca,NatGas (GAS_US),,
2014-06-02,2016-06-01,0.17120978704588652,0.17120978704588652,-0.8378963295911481,True,2014-12-31,145.0,4,1.0,0.17120978704588652,12.532140178945228,dca,NatGas (GAS_US),,
2014-07-01,2016-06-30,0.15679705146777467,0.15679705146777467,-0.8494885927516549,True,2014-12-31,124.0,4,1.0,0.15679705146777467,13.081942279748816,dca,NatGas (GAS_US),,
2014-08-06,2016-08-05,0.1444723875973165,0.1444723875973165,-0.8596588691637556,True,2014-12-31,103.0,5,1.0,0.1444723875973165,13.591846097799076,dca,NatGas (GAS_US),,
2014-09-01,2016-08-31,0.15144524844167429,0.15144524844167429,-0.8538751725232894,True,2014-12-31,85.0,6,1.0,0.15144524844167429,13.298583065930874,dca,NatGas (GAS_US),,
2014-10-01,2016-09-30,0.14494155032267086,0.14494155032267086,-0.8592672608647043,True,2014-12-31,63.0,5,1.0,0.14494155032267086,13.571708902223532,dca,NatGas (GAS_US),,
2014-11-03,2016-11-02,0.13267044722267995,0.13267044722267995,-0.8696286909988667,True,2014-12-31,40.0,4,1.0,0.13267044722267995,14.118824615154821,dca,NatGas (GAS_US),,
2014-12-01,2016-11-30,0.18788737790457535,0.18788737790457535,-0.8180589578254642,True,2015-02-05,45.0,0,,0.18788737790457535,18.06160705015264,dca,NatGas (GAS_US),,
2015-01-02,2016-12-30,0.16131447828082665,0.16131447828082665,-0.8508907259574965,True,2015-12-02,234.0,7,1.0,0.16131447828082665,16.8142078005566,dca,NatGas (GAS_US),,
2015-02-02,2017-02-01,0.1493113095202829,0.1493113095202829,-0.860437275629431,True,2015-12-02,213.0,9,1.0,0.1493113095202829,17.66556353088998,dca,NatGas (GAS_US),,
2015-03-02,2017-03-01,0.1323326500309203,0.1323326500309203,-0.8743127209399311,True,2015-12-02,193.0,7,1.0,0.1323326500309203,19.028402248150858,dca,NatGas (GAS_US),,
2015-04-01,2017-03-31,0.13423154157451098,0.13423154157451098,-0.8727387064971918,True,2015-12-02,171.0,8,1.0,0.13423154157451098,18.86562826102941,dca,NatGas (GAS_US),,
2015-05-01,2017-04-28,0.201497071614295,0.201497071614295,-0.8059681478956033,True,2015-11-27,147.0,5,1.0,0.201497071614295,14.86155804204415,dca,NatGas (GAS_US),,
2015-06-01,2017-05-31,0.17414326401579963,0.17414326401579963,-0.8277719784787292,True,2015-11-27,127.0,2,1.0,0.17414326401579963,16.42567082211698,dca,NatGas (GAS_US),,
2015-07-01,2017-06-30,0.17447130972884242,0.17447130972884242,-0.8275035050303995,True,2015-11-27,105.0,2,1.0,0.17447130972884242,16.40496485091455,dca,NatGas (GAS_US),,
2015-08-03,2017-08-02,0.18878739301920833,0.18878739301920833,-0.8122147897325152,True,2015-11-26,81.0,2,1.0,0.18878739301920833,16.172989006650393,dca,NatGas (GAS_US),,
2015-09-02,2017-09-01,0.18996035686667656,0.18996035686667656,-0.8108512894290922,True,2015-12-07,68.0,1,1.0,0.18996035686667656,12.340781591139171,dca,NatGas (GAS_US),,
2015-10-01,2017-09-29,0.1644127560294647,0.1644127560294647,-0.8360942938161358,True,2015-12-14,52.0,1,1.0,0.1644127560294647,10.745151754650795,dca,NatGas (GAS_US),,
2015-11-02,2017-11-01,1.0502028102119914,0.3440733956620754,-0.6869287814165284,False,,,29,1.0,1.2008034526913494,12.373100974912393,dca,NatGas (GAS_US),,
2015-12-01,2017-11-30,1.049824004414866,0.2785729397942873,-0.7304634095174818,False,,,28,1.0,1.1570201650455552,15.28237046445222,dca,NatGas (GAS_US),,
2016-01-04,2018-01-03,0.8461252944988189,0.24764400199561898,-0.7530593141079066,False,,,25,1.0,1.1823562351539094,17.191027575879495,dca,NatGas (GAS_US),,
2016-02-01,2018-01-31,1.296971428860584,0.3149643281298351,-0.7501742078891723,False,,,27,1.0,1.150007163174025,12.9958603982465,dca,NatGas (GAS_US),,
2016-03-01,2018-02-28,1.2615062214300825,0.3011639387943408,-0.7584767196115296,False,,,30,1.0,0.6804543468286006,13.591376361955579,dca,NatGas (GAS_US),,
2016-04-01,2018-03-29,1.263145629555189,0.2987567186067066,-0.7599437980086357,False,,,29,1.0,1.2298552685039938,13.700888327774509,dca,NatGas (GAS_US),,
2016-05-02,2018-05-01,1.2555820222704455,0.2894813100267797,-0.7656501515090036,False,,,27,1.0,1.2153380841849382,14.1398850185671,dca,NatGas (GAS_US),,
2016-06-01,2018-05-31,1.271912495744246,0.2774252497498342,-0.77319654528624,False,,,25,1.0,1.2030747193267255,14.754361553225154,dca,NatGas (GAS_US),,
2016-07-01,2018-06-29,1.2559159507269748,0.2637721595433282,-0.7819242353155103,False,,,20,1.0,1.140915958822677,15.518060912453764,dca,NatGas (GAS_US),,
2016-08-01,2018-07-31,1.2291335966373302,0.24528696861079613,-0.7940596754353766,False,,,19,1.0,1.115103175493366,16.68752507312237,dca,NatGas (GAS_US),,
2016-09-01,2018-08-31,1.2287765178735726,0.23474370534748523,-0.8011514774995963,False,,,18,1.0,1.0802234415016376,17.437027471061388,dca,NatGas (GAS_US),,
2016-10-03,2018-10-02,1.2320606261247344,0.2282043562627205,-0.8056140983714977,False,,,19,1.0,1.0567077484069358,17.936697203494667,dca,NatGas (GAS_US),,
2016-11-01,2018-10-31,0.17796699745620498,0.17796699745620498,-0.8422043005483084,True,2017-12-21,291.0,13,1.0,0.8870299793535366,19.10085023867784,dca,NatGas (GAS_US),,
2016-12-01,2018-11-30,0.188145996936503,0.188145996936503,-0.8295846293944876,True,2017-12-20,268.0,8,1.0,0.880756819824386,16.526839575093838,dca,NatGas (GAS_US),,
2017-01-03,2019-01-02,0.20055150159620214,0.20055150159620214,-0.80998729739889,True,2017-12-15,244.0,6,1.0,0.20055150159620214,16.2722421935186,dca,NatGas (GAS_US),,
2017-02-01,2019-01-31,0.6808723496201203,0.3506071341846422,-0.7111458635876697,False,,,25,1.0,1.1313911987720846,11.829388462183477,dca,NatGas (GAS_US),,
2017-03-01,2019-02-28,0.16806284713155314,0.16806284713155314,-0.8357116771838273,True,2017-12-15,204.0,6,1.0,0.16806284713155314,18.58876446534999,dca,NatGas (GAS_US),,
2017-04-03,2019-04-02,0.16003086229740568,0.16003086229740568,-0.842325273624797,True,2017-12-15,181.0,3,1.0,0.16003086229740568,19.266860472824074,dca,NatGas (GAS_US),,
2017-05-01,2019-04-30,0.15359413990744816,0.15359413990744816,-0.8477013570304993,True,2017-12-15,162.0,2,1.0,0.15359413990744816,19.847061890660594,dca,NatGas (GAS_US),,
2017-06-01,2019-05-31,0.1358943614312996,0.1358943614312996,-0.8833169781842093,True,2019-04-17,471.0,21,1.0,1.0912980688929095,16.987278694228596,dca,NatGas (GAS_US),,
2017-07-03,2019-07-02,0.1253424160490125,0.1253424160490125,-0.8913931970622142,True,2019-04-17,449.0,20,1.0,1.0764854214211428,17.76001658519505,dca,NatGas (GAS_US),,
2017-08-01,2019-07-31,0.12512121715319288,0.12512121715319288,-0.891564078340733,True,2019-04-17,430.0,21,1.0,1.068575760992139,17.776968412414945,dca,NatGas (GAS_US),,
2017-09-01,2019-08-30,0.12676659531865972,0.12676659531865972,-0.8902945521633374,True,2019-04-17,407.0,20,1.0,1.077191280754948,17.651642450353584,dca,NatGas (GAS_US),,
2017-10-02,2019-10-01,0.1110150336713037,0.1110150336713037,-0.9025984170450224,True,2019-04-17,386.0,20,1.0,1.0773149663359958,18.929177984218903,dca,NatGas (GAS_US),,
2017-11-01,2019-10-31,0.1100272900255984,0.1100272900255984,-0.9033813049134074,True,2019-04-17,364.0,21,1.0,1.0855473133603986,19.01547897131062,dca,NatGas (GAS_US),,
2017-12-01,2019-11-29,0.1947492330185781,0.1947492330185781,-0.8262713521234885,True,2019-04-16,341.0,19,1.0,1.0817202442422853,18.23409270494202,dca,NatGas (GAS_US),,
2018-01-02,2020-01-01,0.19912574797104826,0.19912574797104826,-0.8184453868942352,True,2019-04-15,320.0,17,1.0,0.31922401075873097,17.754375896901156,dca,NatGas (GAS_US),,
2018-02-01,2020-01-31,0.1802950879597472,0.1802950879597472,-0.8327427608461623,True,2019-04-15,299.0,13,1.0,0.23911610401507577,19.31103478737988,dca,NatGas (GAS_US),,
2018-03-01,2020-02-28,0.19443966481664093,0.19443966481664093,-0.8219572622709423,True,2019-04-15,280.0,16,1.0,0.6314485385649,18.117820574438767,dca,NatGas (GAS_US),,
2018-04-02,2020-04-01,0.19148387057376232,0.19148387057376232,-0.8241879555689737,True,2019-04-15,260.0,16,1.0,0.31878495354295566,18.35481997080878,dca,NatGas (GAS_US),,
2018-05-01,2020-04-30,0.17863626264681903,0.17863626264681903,-0.8340262180324876,True,2019-04-15,239.0,13,1.0,0.17863626264681903,19.4613476229627,dca,NatGas (GAS_US),,
2018-06-01,2020-05-29,0.1837445913322307,0.1837445913322307,-0.8300864376111627,True,2019-04-15,216.0,13,1.0,0.1837445913322307,19.005778414841984,dca,NatGas (GAS_US),,
2018-07-02,2020-07-01,0.18714764816314183,0.18714764816314183,-0.8274824346925184,True,2019-04-15,196.0,14,1.0,0.18714764816314183,18.713943575728855,dca,NatGas (GAS_US),,
2018-08-01,2020-07-31,0.18344666588820285,0.18344666588820285,-0.8303151891683617,True,2019-04-15,174.0,14,1.0,0.18344666588820285,19.031761409187794,dca,NatGas (GAS_US),,
2018-09-05,2020-09-04,0.17705960873487975,0.17705960873487975,-0.835249770518694,True,2019-04-15,151.0,13,1.0,0.17705960873487975,19.606399747214653,dca,NatGas (GAS_US),,
2018-10-01,2020-09-30,0.19648581905674845,0.19648581905674845,-0.8153002848947025,True,2019-01-03,68.0,9,1.0,0.19648581905674845,16.08442132266404,dca,NatGas (GAS_US),,
2018-11-01,2020-10-30,0.19401508632116538,0.19401508632116538,-0.8171982499464907,True,2019-01-03,45.0,8,1.0,0.19401508632116538,16.237764137612864,dca,NatGas (GAS_US),,
2018-12-03,2020-12-02,0.14006008732414732,0.14006008732414732,-0.8662900288224429,True,2019-04-17,97.0,1,1.0,0.14006008732414732,17.08331653358238,dca,NatGas (GAS_US),,
2019-01-01,2020-12-31,0.17243213775266952,0.17243213775266952,-0.8300223317437179,True,2019-07-29,148.0,2,1.0,0.17243213775266952,16.4791631499545,dca,NatGas (GAS_US),,
2019-02-01,2021-01-29,0.14059263521591306,0.14059263521591306,-0.8777053197341907,True,2020-02-10,262.0,10,1.0,0.38906120723524396,15.508760834099403,dca,NatGas (GAS_US),,
2019-03-01,2021-02-26,0.1411040630638634,0.1411040630638634,-0.8773150319686068,True,2020-02-10,242.0,9,1.0,0.1411040630638634,15.479092161145438,dca,NatGas (GAS_US),,
2019-04-01,2021-03-31,0.11464039808271312,0.11464039808271312,-0.8979767736872245,True,2020-02-10,221.0,9,1.0,0.11464039808271312,17.17969147920373,dca,NatGas (GAS_US),,
2019-05-01,2021-04-30,0.09614084545264137,0.09614084545264137,-0.9130080972362624,True,2020-02-10,200.0,9,1.0,0.09614084545264137,18.60887453474701,dca,NatGas (GAS_US),,
2019-06-03,2021-06-02,0.19103256341955485,0.19103256341955485,-0.8227839726339488,True,2020-02-03,172.0,9,1.0,0.19103256341955485,18.16021697275366,dca,NatGas (GAS_US),,
2019-07-01,2021-06-30,0.18737773680224243,0.18737773680224243,-0.8255831032755903,True,2020-02-03,152.0,9,1.0,0.18737773680224243,18.45382998245014,dca,NatGas (GAS_US),,
2019-08-01,2021-07-30,0.1716931645668098,0.1716931645668098,-0.8378149305646709,True,2020-02-03,129.0,8,1.0,0.1716931645668098,19.829696250160826,dca,NatGas (GAS_US),,
2019-09-03,2021-09-02,0.196923692397969,0.196923692397969,-0.8123375677109937,True,2020-01-30,105.0,6,1.0,0.196923692397969,15.02444768810712,dca,NatGas (GAS_US),,
2019-10-01,2021-09-30,0.158219858471594,0.158219858471594,-0.8434469308380381,True,2020-01-30,87.0,3,1.0,0.158219858471594,17.404911030106224,dca,NatGas (GAS_US),,
2019-11-01,2021-10-29,0.1529581087410737,0.1529581087410737,-0.8478611666149047,True,2020-01-30,64.0,1,1.0,0.1529581087410737,17.788060095017485,dca,NatGas (GAS_US),,
2019-12-02,2021-12-01,0.10205225471273603,0.10205225471273603,-0.9040312966397316,True,2020-04-01,87.0,1,1.0,0.10205225471273603,18.419916430093586,dca,NatGas (GAS_US),,
2020-01-01,2021-12-31,0.024842564241578137,0.024842564241578137,-0.9775071197094608,True,2020-06-25,125.0,5,1.0,0.024842564241578137,12.091315743765216,dca,NatGas (GAS_US),,
2020-02-03,2022-02-02,0.017300400388451133,0.017300400388451133,-0.9842282207902853,True,2020-06-25,102.0,8,1.0,0.017300400388451133,12.35471595956017,dca,NatGas (GAS_US),,
2020-03-02,2022-03-01,0.0,0.0,-1.0,True,2020-06-25,82.0,6,1.0,0.0,13.086448188334145,dca,NatGas (GAS_US),,
2020-04-01,2022-03-31,0.0,0.0,-1.0,True,2020-06-25,60.0,6,1.0,0.0,14.500974618892794,dca,NatGas (GAS_US),,
2020-05-01,2022-04-29,0.01578247252005836,0.01578247252005836,-0.9843052895460143,True,2020-06-25,39.0,1,1.0,0.01578247252005836,12.419873838687781,dca,NatGas (GAS_US),,
2020-06-01,2022-05-31,1.5947706811307942,0.2486360778516188,-0.7770595948541599,False,,,76,1.0,1.2305632507045918,16.692490432816317,dca,NatGas (GAS_US),,
2020-07-01,2022-06-30,0.3305658331808701,0.21027088553925566,-0.8047429814010185,False,,,76,1.0,1.2048838616180595,19.73813607217765,dca,NatGas (GAS_US),,
2020-08-03,2022-08-02,0.18233527902999613,0.18233527902999613,-0.8268597807668867,True,2020-12-28,102.0,9,1.0,0.18233527902999613,13.050541962440164,dca,NatGas (GAS_US),,
2020-09-01,2022-08-31,0.16866600153662636,0.16866600153662636,-0.8377335148346764,True,2020-12-28,81.0,4,1.0,0.16866600153662636,13.61727388125675,dca,NatGas (GAS_US),,
2020-10-01,2022-09-30,0.19656438492490763,0.19656438492490763,-0.8054024068671547,True,2020-12-28,60.0,3,1.0,0.19656438492490763,12.608906839992502,dca,NatGas (GAS_US),,
2020-11-02,2022-11-01,0.17906919458726014,0.17906919458726014,-0.8814137864642227,True,2022-07-05,419.0,63,1.0,1.1929942164620344,14.535163055314563,dca,NatGas (GAS_US),,
2020-12-01,2022-11-30,0.16049283498809244,0.16049283498809244,-0.8923919469167338,True,2022-07-05,399.0,68,1.0,1.0104797229438227,15.660558305346436,dca,NatGas (GAS_US),,
2021-01-04,2023-01-03,0.12603073684079638,0.12603073684079638,-0.9134995628907612,True,2022-07-05,377.0,66,1.0,0.6075833394866947,18.287289384092126,dca,NatGas (GAS_US),,
2021-02-01,2023-01-31,0.11107795852319484,0.11107795852319484,-0.9229717910236108,True,2022-07-05,358.0,62,1.0,1.259609454226665,19.722624313503555,dca,NatGas (GAS_US),,
2021-03-01,2023-02-28,0.17203774376108294,0.17203774376108294,-0.8794686360845057,True,2022-06-30,337.0,61,1.0,1.2771818124238576,14.392278440397472,dca,NatGas (GAS_US),,
2021-04-01,2023-03-31,0.15823381038894446,0.15823381038894446,-0.8880571915107522,True,2022-06-30,314.0,61,1.0,1.3021206669434304,15.118885479851514,dca,NatGas (GAS_US),,
2021-05-03,2023-05-02,0.14334734777381275,0.14334734777381275,-0.8975092710317782,True,2022-06-30,293.0,57,1.0,1.3360451506618045,15.989431486492583,dca,NatGas (GAS_US),,
2021-06-01,2023-05-31,0.1341886892033095,0.1341886892033095,-0.9034251456859989,True,2022-06-30,273.0,55,1.0,1.3637857037410015,16.576663088202565,dca,NatGas (GAS_US),,
2021-07-01,2023-06-30,0.12053454095581494,0.12053454095581494,-0.9123910433632714,True,2022-06-30,251.0,50,1.0,0.12053454095581494,17.536861570365293,dca,NatGas (GAS_US),,
2021-08-02,2023-08-01,0.10969557177809362,0.10969557177809362,-0.9196360865052545,True,2022-06-30,230.0,46,1.0,0.10969557177809362,18.382106450104263,dca,NatGas (GAS_US),,
2021-09-01,2023-08-31,0.09485458036264126,0.09485458036264126,-0.929744865077032,True,2022-06-30,208.0,42,1.0,0.09485458036264126,19.68093342447619,dca,NatGas (GAS_US),,
2021-10-01,2023-09-29,0.17789312270479524,0.17789312270479524,-0.8323767034331192,True,2021-12-30,62.0,5,1.0,0.17789312270479524,16.364978213681372,dca,NatGas (GAS_US),,
2021-11-01,2023-10-31,0.14339164595167014,0.14339164595167014,-0.8603311627406911,True,2021-12-30,41.0,3,1.0,0.14339164595167014,18.90190189753228,dca,NatGas (GAS_US),,
2021-12-01,2023-11-30,0.0,0.0,-1.0,True,2022-06-30,145.0,35,1.0,0.0,9.462202918953558,dca,NatGas (GAS_US),,
2022-01-03,2024-01-02,0.0,0.0,-1.0,True,2022-06-30,123.0,35,1.0,0.0,9.85565106127534,dca,NatGas (GAS_US),,
2022-02-01,2024-01-31,0.0,0.0,-1.0,True,2022-06-30,103.0,29,1.0,0.0,10.509768434316236,dca,NatGas (GAS_US),,
2022-03-01,2024-02-29,0.0,0.0,-1.0,True,2022-06-30,84.0,25,1.0,0.0,11.93458259915613,dca,NatGas (GAS_US),,
2007-01-30,2009-01-29,0.05632706577695594,0.05632706577695594,-0.9555257526468852,True,2008-08-08,385.0,33,1.0,1.1924195768436188,18.77283226856374,dca,NatGas front (GAS-LAST),,
2007-02-01,2009-01-30,0.05634718593468828,0.05634718593468828,-0.9555105731157608,True,2008-08-08,383.0,33,1.0,1.1793505703607097,18.771039454492403,dca,NatGas front (GAS-LAST),,
2007-03-01,2009-02-27,0.04405797763430157,0.04405797763430157,-0.9648727866602194,True,2008-08-08,364.0,32,1.0,1.198546785624676,19.93379370637031,dca,NatGas front (GAS-LAST),,
2007-04-02,2009-04-01,0.18522720081778044,0.18522720081778044,-0.8512267716488412,True,2008-08-07,341.0,30,1.0,1.2071799671457795,15.300984450049757,dca,NatGas front (GAS-LAST),,
2007-05-01,2009-04-30,0.17907322050264085,0.17907322050264085,-0.855455145409687,True,2008-08-07,321.0,29,1.0,1.2163829844819896,15.667212896414023,dca,NatGas front (GAS-LAST),,
2007-06-01,2009-05-29,0.1792685057097807,0.1792685057097807,-0.8553203205027646,True,2008-08-07,299.0,29,1.0,1.2254545012168538,15.655322181837391,dca,NatGas front (GAS-LAST),,
2007-07-02,2009-07-01,0.1934239638549914,0.1934239638549914,-0.8349117073060037,True,2008-08-04,275.0,29,1.0,1.1712303288959718,11.20874817772231,dca,NatGas front (GAS-LAST),,
2007-08-01,2009-07-31,0.18401948545417113,0.18401948545417113,-0.8416675776824175,True,2008-08-04,254.0,29,1.0,0.3664404928850944,11.496414066684743,dca,NatGas front (GAS-LAST),,
2007-09-04,2009-09-03,0.15381284444047816,0.15381284444047816,-0.8641263348337103,True,2008-08-04,231.0,29,1.0,0.15381284444047816,12.529231109716832,dca,NatGas front (GAS-LAST),,
2007-10-01,2009-09-30,0.15129882260577954,0.15129882260577954,-0.866049668049278,True,2008-08-04,212.0,28,1.0,0.15129882260577954,12.623617950853468,dca,NatGas front (GAS-LAST),,
2007-11-01,2009-10-30,0.12950576399444136,0.12950576399444136,-0.8830881336468733,True,2008-08-04,189.0,23,1.0,0.12950576399444136,13.505578946483885,dca,NatGas front (GAS-LAST),,
2007-12-03,2009-12-02,0.10720186478179572,0.10720186478179572,-0.9012344327624671,True,2008-08-04,168.0,25,1.0,0.10720186478179572,14.545645531451495,dca,NatGas front (GAS-LAST),,
2008-01-02,2009-12-31,0.10192524181723994,0.10192524181723994,-0.9056370758476384,True,2008-08-04,148.0,23,1.0,0.10192524181723994,14.815569567546563,dca,NatGas front (GAS-LAST),,
2008-02-01,2010-01-29,0.09831506559519487,0.09831506559519487,-0.9086741557480446,True,2008-08-04,127.0,23,1.0,0.09831506559519487,15.006093059566135,dca,NatGas front (GAS-LAST),,
2008-03-03,2010-03-02,0.07628904592276464,0.07628904592276464,-0.9276541348479369,True,2008-08-04,107.0,15,1.0,0.07628904592276464,16.28367967304209,dca,NatGas front (GAS-LAST),,
2008-04-01,2010-03-31,0.0513837585698006,0.0513837585698006,-0.9500934401457085,True,2008-08-04,87.0,11,1.0,0.0513837585698006,18.01824534660707,dca,NatGas front (GAS-LAST),,
2008-05-01,2010-04-30,0.046111722014490986,0.046111722014490986,-0.9549834080078056,True,2008-08-04,65.0,9,1.0,0.046111722014490986,18.433909432711374,dca,NatGas front (GAS-LAST),,
2008-06-02,2010-06-01,0.03527209179530055,0.03527209179530055,-0.965197313708924,True,2008-08-04,44.0,5,1.0,0.03527209179530055,19.351792279962268,dca,NatGas front (GAS-LAST),,
2008-07-01,2010-06-30,0.04415935311767159,0.04415935311767159,-0.9558712636016315,True,2008-08-04,23.0,0,,0.04415935311767159,18.612951778797733,dca,NatGas front (GAS-LAST),,
2008-08-01,2010-07-30,0.14371912912114457,0.14371912912114457,-0.8562585312625388,True,2008-10-10,49.0,0,,0.14371912912114457,16.135881453888945,dca,NatGas front (GAS-LAST),,
2008-09-02,2010-09-01,0.057487508724678185,0.057487508724678185,-0.9454942866831655,True,2008-12-05,67.0,2,1.0,0.057487508724678185,16.327578916570506,dca,NatGas front (GAS-LAST),,
2008-10-01,2010-09-30,0.11882024852174757,0.11882024852174757,-0.8948994110226287,True,2009-03-06,107.0,4,1.0,0.11882024852174757,18.17063015407615,dca,NatGas front (GAS-LAST),,
2008-11-03,2010-11-02,0.19764547221483023,0.19764547221483023,-0.8201394348825908,True,2009-02-20,74.0,4,1.0,0.19764547221483023,15.056637480154194,dca,NatGas front (GAS-LAST),,
2008-12-01,2010-11-30,0.143276030247437,0.143276030247437,-0.8628297199986444,True,2009-02-20,55.0,3,1.0,0.143276030247437,18.70790863049284,dca,NatGas front (GAS-LAST),,
2009-01-02,2010-12-31,0.16453778331663516,0.16453778331663516,-0.8358273363317731,True,2009-02-20,33.0,0,,0.16453778331663516,17.264261272207122,dca,NatGas front (GAS-LAST),,
2009-02-02,2011-02-01,1.1761611460855708,0.3931176023705554,-0.6817389995735097,False,,,25,1.0,1.4185718387719,10.604022987886701,dca,NatGas front (GAS-LAST),,
2009-03-02,2011-03-01,0.6012765951743146,0.3509111613760041,-0.7058578678431273,False,,,25,1.0,1.2241923180951377,11.879440015912046,dca,NatGas front (GAS-LAST),,
2009-04-01,2011-03-31,1.0059080451907656,0.29433684296781415,-0.7409974079575117,False,,,23,1.0,0.6470523177756862,14.162780474397197,dca,NatGas front (GAS-LAST),,
2009-05-01,2011-04-29,1.2283144433019064,0.28491560824988493,-0.7471918102928005,False,,,23,1.0,0.4679961858466859,14.631097671645218,dca,NatGas front (GAS-LAST),,
2009-06-01,2011-05-31,1.0574252838730285,0.2358390804001642,-0.7812104358110177,False,,,17,1.0,0.5234896700863008,17.675730779678574,dca,NatGas front (GAS-LAST),,
2009-07-01,2011-06-30,0.1773117674205257,0.1773117674205257,-0.8267708735022783,True,2009-09-03,45.0,3,1.0,0.1773117674205257,10.569623641483645,dca,NatGas front (GAS-LAST),,
2009-08-03,2011-08-02,0.15512681371945095,0.15512681371945095,-0.8450874168705332,True,2009-09-03,23.0,0,,0.15512681371945095,11.164166372371634,dca,NatGas front (GAS-LAST),,
2009-09-01,2011-08-31,0.19711160192331958,0.19711160192331958,-0.8267143818667011,True,2010-04-30,166.0,14,1.0,0.19711160192331958,17.827629799098485,dca,NatGas front (GAS-LAST),,
2009-10-01,2011-09-30,0.20027431393265654,0.20027431393265654,-0.8198142740079053,True,2010-03-31,124.0,9,1.0,0.20027431393265654,17.10899633670297,dca,NatGas front (GAS-LAST),,
2009-11-02,2011-11-01,0.1735183631467116,0.1735183631467116,-0.8331303270120003,True,2010-03-26,99.0,8,1.0,0.1735183631467116,15.37508819849535,dca,NatGas front (GAS-LAST),,
2009-12-01,2011-11-30,0.16092946854717577,0.16092946854717577,-0.8433402483858984,True,2010-03-26,79.0,7,1.0,0.16092946854717577,16.108862717570588,dca,NatGas front (GAS-LAST),,
2010-01-04,2012-01-03,0.2051570438493739,0.2051570438493739,-0.7956484308169001,True,2010-03-26,57.0,0,,0.2051570438493739,13.952179545536184,dca,NatGas front (GAS-LAST),,
2010-02-01,2012-01-31,0.16768307791771667,0.16768307791771667,-0.8541986983529166,True,2011-03-02,273.0,6,1.0,0.8346925779542413,18.79476360847781,dca,NatGas front (GAS-LAST),,
2010-03-01,2012-02-29,0.20510963055604248,0.20510963055604248,-0.8139125224059142,True,2011-02-17,246.0,6,1.0,0.20510963055604248,15.58643663104764,dca,NatGas front (GAS-LAST),,
2010-04-01,2012-03-30,0.17923027491173268,0.17923027491173268,-0.8386942468114793,True,2011-02-24,227.0,10,1.0,0.17923027491173268,19.302101246636767,dca,NatGas front (GAS-LAST),,
2010-05-03,2012-05-02,0.20359675498715668,0.20359675498715668,-0.8150312092878582,True,2011-02-17,202.0,9,1.0,0.20359675498715668,15.672847170701546,dca,NatGas front (GAS-LAST),,
2010-06-01,2012-05-31,0.19435288963469266,0.19435288963469266,-0.8219338951086353,True,2011-02-17,182.0,7,1.0,0.19435288963469266,16.222368485531234,dca,NatGas front (GAS-LAST),,
2010-07-01,2012-06-29,0.19559151351458853,0.19559151351458853,-0.8309124369200018,True,2011-12-09,365.0,12,1.0,1.1101993826630165,13.529675515693437,dca,NatGas front (GAS-LAST),,
2010-08-02,2012-08-01,0.14127301100145037,0.14127301100145037,-0.8797467841772726,True,2011-12-12,345.0,13,1.0,1.1559518362077192,18.691128477340612,dca,NatGas front (GAS-LAST),,
2010-09-01,2012-08-31,0.19041071398189807,0.19041071398189807,-0.8346506424673877,True,2011-12-09,322.0,18,1.0,1.1352133424628494,13.013486686005308,dca,NatGas front (GAS-LAST),,
2010-10-01,2012-09-28,0.1851870645862959,0.1851870645862959,-0.8384539757037899,True,2011-12-09,301.0,19,1.0,0.9637695591496085,13.227750277959768,dca,NatGas front (GAS-LAST),,
2010-11-01,2012-10-31,0.17582141002750135,0.17582141002750135,-0.8453605989180992,True,2011-12-09,280.0,19,1.0,0.9484118760478939,13.63011351863202,dca,NatGas front (GAS-LAST),,
2010-12-01,2012-11-30,0.15399911239219272,0.15399911239219272,-0.8619033386963395,True,2011-12-09,259.0,14,1.0,0.43379538618576063,14.669842373625485,dca,NatGas front (GAS-LAST),,
2011-01-03,2013-01-02,0.13329548802555286,0.13329548802555286,-0.8782078832563047,True,2011-12-09,237.0,10,1.0,0.13329548802555286,15.814347681819257,dca,NatGas front (GAS-LAST),,
2011-02-01,2013-01-31,0.10961535874918088,0.10961535874918088,-0.8976294787787271,True,2011-12-09,217.0,9,1.0,0.10961535874918088,17.363786728855906,dca,NatGas front (GAS-LAST),,
2011-03-01,2013-02-28,0.10067413977298229,0.10067413977298229,-0.905188038388636,True,2011-12-09,198.0,9,1.0,0.10067413977298229,18.030826151552755,dca,NatGas front (GAS-LAST),,
2011-04-01,2013-03-28,0.08667048998345367,0.08667048998345367,-0.917285407458062,True,2011-12-09,175.0,6,1.0,0.08667048998345367,19.185119173525322,dca,NatGas front (GAS-LAST),,
2011-05-02,2013-05-01,0.20244794189000562,0.20244794189000562,-0.8045348826467809,True,2011-12-07,153.0,3,1.0,0.20244794189000562,17.21309974839129,dca,NatGas front (GAS-LAST),,
2011-06-01,2013-05-31,0.19047032489172835,0.19047032489172835,-0.8139477699250764,True,2011-12-07,132.0,2,1.0,0.19047032489172835,18.093854222349893,dca,NatGas front (GAS-LAST),,
2011-07-01,2013-06-28,0.1693208503287809,0.1693208503287809,-0.8311177462046906,True,2011-12-07,110.0,1,1.0,0.1693208503287809,19.890992009468974,dca,NatGas front (GAS-LAST),,
2011-08-01,2013-07-31,0.16237243230743925,0.16237243230743925,-0.8385383102983432,True,2011-12-14,95.0,0,,0.16237243230743925,14.062578069961189,dca,NatGas front (GAS-LAST),,
2011-09-01,2013-08-30,0.08825933186429413,0.08825933186429413,-0.9117269491574302,True,2011-12-29,82.0,0,,0.08825933186429413,19.452551692244832,dca,NatGas front (GAS-LAST),,
2011-10-03,2013-10-02,0.16289549358776445,0.16289549358776445,-0.8372665411010811,True,2012-01-12,70.0,0,,0.16289549358776445,15.966665972997465,dca,NatGas front (GAS-LAST),,
2011-11-01,2013-10-31,0.0,0.0,-1.0,True,2012-01-17,51.0,0,,0.0,15.486053354769238,dca,NatGas front (GAS-LAST),,
2011-12-01,2013-11-29,0.0,0.0,-1.0,True,2012-01-19,32.0,0,,0.0,16.8742873330535,dca,NatGas front (GAS-LAST),,
2012-01-03,2014-01-02,0.15687899657732035,0.15687899657732035,-0.8535477236914568,True,2012-04-19,74.0,3,1.0,0.15687899657732035,16.283661532371635,dca,NatGas front (GAS-LAST),,
2012-02-01,2014-01-31,0.20043644008451594,0.20043644008451594,-0.8006135264306169,True,2012-04-17,52.0,2,1.0,0.20043644008451594,15.31643279615682,dca,NatGas front (GAS-LAST),,
2012-03-01,2014-02-28,1.3949890159769014,0.6468243875052933,-0.3538859749501314,False,,,49,1.0,1.2442589597649374,4.45669529817396,dca,NatGas front (GAS-LAST),,
2012-04-02,2014-04-01,1.3386838222770465,0.8177851948807326,-0.24054446606142343,False,,,50,1.0,1.2145832771762513,3.349418023679159,dca,NatGas front (GAS-LAST),,
2012-05-01,2014-04-30,1.3529607156229069,0.802628028497117,-0.24350615024354028,False,,,49,1.0,1.2150763395989905,3.4072396579745847,dca,NatGas front (GAS-LAST),,
2012-06-01,2014-05-30,1.3085204168903046,0.8442070345997701,-0.25038026064587815,False,,,47,1.0,1.1840640812429235,3.543649206995006,dca,NatGas front (GAS-LAST),,
2012-07-02,2014-06-30,1.2916405029333313,0.8264773861567454,-0.25414378849582353,False,,,43,1.0,1.0996326909838299,3.6196678079849054,dca,NatGas front (GAS-LAST),,
2012-08-01,2014-07-31,1.166078052574297,0.8115465319065311,-0.25740209287844595,False,,,39,1.0,0.9997004693107145,3.6862625506772932,dca,NatGas front (GAS-LAST),,
2012-09-04,2014-09-03,1.1638094674063595,0.7979607540395017,-0.26044031993163796,False,,,39,1.0,1.1841904023984755,3.749023462062381,dca,NatGas front (GAS-LAST),,
2012-10-01,2014-09-30,1.1602923371413478,0.776092429150439,-0.2654843549599142,False,,,34,1.0,1.1649733267329139,3.8546614763061804,dca,NatGas front (GAS-LAST),,
2012-11-01,2014-10-31,1.0689442637330497,0.768832259994527,-0.28478324715146786,False,,,32,1.0,1.1477668911446113,3.901708659571541,dca,NatGas front (GAS-LAST),,
2012-12-03,2014-12-02,1.2624487401179854,0.7790789198257473,-0.2930031571364826,False,,,34,1.0,1.1497350200782126,3.7735702421532897,dca,NatGas front (GAS-LAST),,
2013-01-02,2015-01-01,0.5832737016119038,0.43535123546324606,-0.6500666811685605,False,,,34,1.0,1.1397401493532673,9.661985235227865,dca,NatGas front (GAS-LAST),,
2013-02-01,2015-01-30,0.1458647088785811,0.1458647088785811,-0.8817059322565154,True,2015-01-22,485.0,32,1.0,1.1534239263517105,19.314337641936255,dca,NatGas front (GAS-LAST),,
2013-03-01,2015-02-27,0.19351275458969838,0.19351275458969838,-0.8418695842360928,True,2015-01-20,464.0,30,1.0,1.1487976839653693,16.481674929771057,dca,NatGas front (GAS-LAST),,
2013-04-01,2015-03-31,0.1826666539606889,0.1826666539606889,-0.8493977741379697,True,2015-01-20,444.0,26,1.0,1.1327106952429546,17.245038439479604,dca,NatGas front (GAS-LAST),,
2013-05-01,2015-04-30,0.18355711052361154,0.18355711052361154,-0.8487746461552707,True,2015-01-20,422.0,21,1.0,1.1519480625388756,17.17971259157357,dca,NatGas front (GAS-LAST),,
2013-06-03,2015-06-02,0.15153956544176192,0.15153956544176192,-0.8717701767135098,True,2015-01-20,399.0,23,1.0,1.1172217350716203,19.888668152725874,dca,NatGas front (GAS-LAST),,
2013-07-01,2015-06-30,0.17516906956094577,0.17516906956094577,-0.848723388070546,True,2015-01-07,371.0,23,1.0,1.0862958569356491,15.080320092309815,dca,NatGas front (GAS-LAST),,
2013-08-01,2015-07-31,0.16626811371251324,0.16626811371251324,-0.8552979747665886,True,2015-01-07,348.0,23,1.0,0.9957972428745903,15.586536079485494,dca,NatGas front (GAS-LAST),,
2013-09-02,2015-09-01,0.15822186878731734,0.15822186878731734,-0.8613295148340878,True,2015-01-07,326.0,20,1.0,0.9459032431731478,16.074304974795208,dca,NatGas front (GAS-LAST),,
2013-10-01,2015-09-30,0.14845723059025803,0.14845723059025803,-0.868764424738308,True,2015-01-07,305.0,20,1.0,0.7233452818305888,16.70886749303429,dca,NatGas front (GAS-LAST),,
2013-11-01,2015-10-30,0.13944265839075728,0.13944265839075728,-0.875743085104377,True,2015-01-07,282.0,20,1.0,1.1079626599249233,17.34084471649826,dca,NatGas front (GAS-LAST),,
2013-12-02,2015-12-01,0.12859584501333418,0.12859584501333418,-0.8842902467177581,True,2015-01-07,261.0,16,1.0,0.5334119580442902,18.16766390145612,dca,NatGas front (GAS-LAST),,
2014-01-02,2015-12-31,0.10894517976705484,0.10894517976705484,-0.9002073055497176,True,2015-01-07,240.0,11,1.0,0.10894517976705484,19.885370882447805,dca,NatGas front (GAS-LAST),,
2014-02-03,2016-02-02,0.19153310516632302,0.19153310516632302,-0.8225792830743536,True,2015-01-06,218.0,8,1.0,0.19153310516632302,17.75520714704771,dca,NatGas front (GAS-LAST),,
2014-03-03,2016-03-02,0.17929536926794806,0.17929536926794806,-0.832010997079926,True,2015-01-06,199.0,5,1.0,0.17929536926794806,18.730959181703312,dca,NatGas front (GAS-LAST),,
2014-04-01,2016-03-31,0.17896138020598737,0.17896138020598737,-0.8322714378759439,True,2015-01-06,178.0,6,1.0,0.17896138020598737,18.75909481974067,dca,NatGas front (GAS-LAST),,
2014-05-01,2016-04-29,0.17826115780876792,0.17826115780876792,-0.8328179927867168,True,2015-01-06,159.0,5,1.0,0.17826115780876792,18.81835762731374,dca,NatGas front (GAS-LAST),,
2014-06-02,2016-06-01,0.17374785422748848,0.17374785422748848,-0.836358126287856,True,2015-01-06,138.0,5,1.0,0.17374785422748848,19.209509274133428,dca,NatGas front (GAS-LAST),,
2014-07-02,2016-07-01,0.19624296089092502,0.19624296089092502,-0.8122139978721906,True,2015-01-02,115.0,4,1.0,0.19624296089092502,17.801776059098707,dca,NatGas front (GAS-LAST),,
2014-08-01,2016-07-29,0.18810754669990198,0.18810754669990198,-0.8185865500716218,True,2015-01-02,97.0,7,1.0,0.18810754669990198,18.436546090570587,dca,NatGas front (GAS-LAST),,
2014-09-02,2016-09-01,0.18564933060575156,0.18564933060575156,-0.820531814949247,True,2015-01-02,83.0,6,1.0,0.18564933060575156,18.637352555657483,dca,NatGas front (GAS-LAST),,
2014-10-01,2016-09-30,0.18348012973204603,0.18348012973204603,-0.8222560677531687,True,2015-01-02,64.0,5,1.0,0.18348012973204603,18.818218309595256,dca,NatGas front (GAS-LAST),,
2014-11-03,2016-11-02,0.17114861553830102,0.17114861553830102,-0.8321974907848126,True,2015-01-02,42.0,4,1.0,0.17114861553830102,19.91700339619266,dca,NatGas front (GAS-LAST),,
2014-12-01,2016-11-30,0.1906930055366056,0.1906930055366056,-0.8092773532555468,True,2015-01-06,25.0,0,,0.1906930055366056,18.075069685582953,dca,NatGas front (GAS-LAST),,
2015-01-01,2016-12-30,0.16035032446486863,0.16035032446486863,-0.8545115428059383,True,2015-11-30,235.0,9,1.0,0.16035032446486863,14.933909081790352,dca,NatGas front (GAS-LAST),,
2015-02-02,2017-02-01,0.13888268844552487,0.13888268844552487,-0.8714862964974149,True,2015-11-30,213.0,9,1.0,0.13888268844552487,16.168944534247608,dca,NatGas front (GAS-LAST),,
2015-03-02,2017-03-01,0.13327829572868322,0.13327829572868322,-0.8760293572529684,True,2015-11-30,193.0,10,1.0,0.13327829572868322,16.525733154397617,dca,NatGas front (GAS-LAST),,
2015-04-01,2017-03-31,0.11973773641919659,0.11973773641919659,-0.8872036317843232,True,2015-11-30,171.0,10,1.0,0.11973773641919659,17.456395039720867,dca,NatGas front (GAS-LAST),,
2015-05-01,2017-04-28,0.1035487690866269,0.1035487690866269,-0.9009434424477782,True,2015-11-30,150.0,7,1.0,0.1035487690866269,18.716598473638737,dca,NatGas front (GAS-LAST),,
2015-06-01,2017-05-31,0.1954926050153338,0.1954926050153338,-0.8084888102577796,True,2015-11-20,124.0,5,1.0,0.1954926050153338,11.399062913135255,dca,NatGas front (GAS-LAST),,
2015-07-01,2017-06-30,0.19060168605231384,0.19060168605231384,-0.8124799245013413,True,2015-11-20,102.0,3,1.0,0.19060168605231384,11.545975157323662,dca,NatGas front (GAS-LAST),,
2015-08-03,2017-08-02,0.18003955426411464,0.18003955426411464,-0.8209161116400305,True,2015-11-20,79.0,2,1.0,0.18003955426411464,11.876526870974878,dca,NatGas front (GAS-LAST),,
2015-09-01,2017-08-31,0.10587607693681635,0.10587607693681635,-0.8943880793607799,True,2015-12-07,69.0,1,1.0,0.10587607693681635,17.18149979506693,dca,NatGas front (GAS-LAST),,
2015-10-01,2017-09-29,0.09667270865665607,0.09667270865665607,-0.9038570880083324,True,2015-12-14,52.0,2,1.0,0.09667270865665607,14.900418125298572,dca,NatGas front (GAS-LAST),,
2015-11-02,2017-11-01,1.1041355630095682,0.30578469551176024,-0.7233706799569943,False,,,32,1.0,1.2068895827532962,13.813977934087392,dca,NatGas front (GAS-LAST),,
2015-12-01,2017-11-30,1.0507734442197085,0.23798787292342283,-0.7706358254534503,False,,,30,1.0,1.218004937513401,17.749236482063413,dca,NatGas front (GAS-LAST),,
2016-01-04,2018-01-03,0.9846859961467089,0.21398667823934137,-0.7888838855076203,False,,,28,1.0,1.2235383618473124,19.740028076217357,dca,NatGas front (GAS-LAST),,
2016-02-01,2018-01-31,1.0137144317182072,0.38806059576130636,-0.7066226159785503,False,,,31,1.0,1.1860800092110217,10.612428642157075,dca,NatGas front (GAS-LAST),,
2016-03-01,2018-02-28,0.6482183745981853,0.34009643603959017,-0.7332097902005033,False,,,32,1.0,0.6764664654438057,12.109110666688741,dca,NatGas front (GAS-LAST),,
2016-04-01,2018-03-29,0.6613298974931796,0.3279736133006885,-0.740249417010884,False,,,29,1.0,1.160138530778351,12.556697290077942,dca,NatGas front (GAS-LAST),,
2016-05-02,2018-05-01,0.5788682144402912,0.31700807080290616,-0.746734476312272,False,,,27,1.0,1.215490275250913,12.991042691497533,dca,NatGas front (GAS-LAST),,
2016-06-01,2018-05-31,0.7626546675614598,0.3049837305722125,-0.7539775924824025,False,,,24,1.0,1.2241244399739624,13.503229741544276,dca,NatGas front (GAS-LAST),,
2016-07-01,2018-06-29,0.7602835413227869,0.2913299604706854,-0.762374491579684,False,,,19,1.0,1.1241239998256374,14.136086019770083,dca,NatGas front (GAS-LAST),,
2016-08-01,2018-07-31,0.519527861259224,0.26322623281500235,-0.780260416887852,False,,,16,1.0,1.070401976243387,15.645345592299604,dca,NatGas front (GAS-LAST),,
2016-09-01,2018-08-31,0.7099253177888905,0.2595614843634113,-0.7826547995037945,False,,,16,1.0,1.1102817953556565,15.86624221790878,dca,NatGas front (GAS-LAST),,
2016-10-03,2018-10-02,1.0514307201903943,0.2571027870710276,-0.78426945609466,False,,,15,1.0,1.0582884433777249,16.01797253256577,dca,NatGas front (GAS-LAST),,
2016-11-01,2018-10-31,1.0987070321608379,0.21310749144228947,-0.8143310561079444,False,,,15,1.0,0.9790000402708623,19.324826891245504,dca,NatGas front (GAS-LAST),,
2016-12-01,2018-11-30,0.1850417336861341,0.1850417336861341,-0.8353478959982238,True,2017-12-21,272.0,9,1.0,0.8649047373222958,16.525145432484557,dca,NatGas front (GAS-LAST),,
2017-01-02,2019-01-01,0.15122521982835616,0.15122521982835616,-0.8612635699734437,True,2017-12-21,251.0,6,1.0,0.15122521982835616,19.075088987954704,dca,NatGas front (GAS-LAST),,
2017-02-01,2019-01-31,0.17736396331512846,0.17736396331512846,-0.8314689733132721,True,2017-12-15,225.0,5,1.0,0.17736396331512846,14.068660777127288,dca,NatGas front (GAS-LAST),,
2017-03-01,2019-02-28,0.1591368599530167,0.1591368599530167,-0.8461232973777673,True,2017-12-15,205.0,5,1.0,0.1591368599530167,14.959872695246148,dca,NatGas front (GAS-LAST),,
2017-04-03,2019-04-02,0.15395903263913466,0.15395903263913466,-0.8503808805067493,True,2017-12-15,182.0,3,1.0,0.15395903263913466,15.23401271973366,dca,NatGas front (GAS-LAST),,
2017-05-01,2019-04-30,0.14752400795401963,0.14752400795401963,-0.8557323132281381,True,2017-12-15,163.0,2,1.0,0.14752400795401963,15.589044057549957,dca,NatGas front (GAS-LAST),,
2017-06-01,2019-05-31,0.15222943653006937,0.15222943653006937,-0.8699401036183269,True,2019-04-18,487.0,24,1.0,1.0984149752725059,19.937977193004457,dca,NatGas front (GAS-LAST),,
2017-07-03,2019-07-02,0.1896380502487332,0.1896380502487332,-0.8364957787398752,True,2019-04-17,464.0,23,1.0,1.084858136696005,14.547101077256455,dca,NatGas front (GAS-LAST),,
2017-08-01,2019-07-31,0.1751924388852069,0.1751924388852069,-0.8470456271527125,True,2019-04-17,443.0,24,1.0,1.0493530236063353,15.319791431877634,dca,NatGas front (GAS-LAST),,
2017-09-01,2019-08-30,0.1809877387058419,0.1809877387058419,-0.8427814287287683,True,2019-04-17,420.0,21,1.0,1.0845848394800481,15.000148881848283,dca,NatGas front (GAS-LAST),,
2017-10-02,2019-10-01,0.1648480083555191,0.1648480083555191,-0.8547653199815697,True,2019-04-17,400.0,22,1.0,1.0745119403840226,15.92554212603744,dca,NatGas front (GAS-LAST),,
2017-11-01,2019-10-31,0.16385923421943677,0.16385923421943677,-0.8555105822111546,True,2019-04-17,378.0,23,1.0,1.0764530585706833,15.985960678860085,dca,NatGas front (GAS-LAST),,
2017-12-01,2019-11-29,0.14322857750250734,0.14322857750250734,-0.8713623225663595,True,2019-04-17,356.0,19,1.0,1.0980500166707998,17.36014640009425,dca,NatGas front (GAS-LAST),,
2018-01-01,2019-12-31,0.12180977454087799,0.12180977454087799,-0.8884533566275791,True,2019-04-17,335.0,18,1.0,0.9622714172070976,19.061290633821844,dca,NatGas front (GAS-LAST),,
2018-02-01,2020-01-31,0.11687716457849634,0.11687716457849634,-0.8924847198722629,True,2019-04-17,312.0,17,1.0,0.6960850899903734,19.50137357666913,dca,NatGas front (GAS-LAST),,
2018-03-01,2020-02-28,0.11337121621556318,0.11337121621556318,-0.8953724043884735,True,2019-04-17,292.0,17,1.0,0.3933512618921249,19.82673204101386,dca,NatGas front (GAS-LAST),,
2018-04-02,2020-04-01,0.19986540579386536,0.19986540579386536,-0.8145033199407762,True,2019-04-16,270.0,16,1.0,0.5838836713057081,18.121831516974613,dca,NatGas front (GAS-LAST),,
2018-05-01,2020-04-30,0.2001733540694557,0.2001733540694557,-0.8142705938688855,True,2019-04-16,249.0,16,1.0,0.2001733540694557,18.097747415357155,dca,NatGas front (GAS-LAST),,
2018-06-01,2020-05-29,0.1949283220933744,0.1949283220933744,-0.8182526738364599,True,2019-04-16,226.0,14,1.0,0.1949283220933744,18.516894923290646,dca,NatGas front (GAS-LAST),,
2018-07-02,2020-07-01,0.19823809234255463,0.19823809234255463,-0.8157353434791415,True,2019-04-16,205.0,15,1.0,0.19823809234255463,18.250172791193105,dca,NatGas front (GAS-LAST),,
2018-08-01,2020-07-31,0.1946156836497448,0.1946156836497448,-0.8184912623401039,True,2019-04-16,183.0,15,1.0,0.1946156836497448,18.542492846137822,dca,NatGas front (GAS-LAST),,
2018-09-03,2020-09-02,0.1893729911611699,0.1893729911611699,-0.8225130290150318,True,2019-04-16,160.0,13,1.0,0.1893729911611699,18.982543812789018,dca,NatGas front (GAS-LAST),,
2018-10-01,2020-09-30,0.20465731567679446,0.20465731567679446,-0.8059949374040765,True,2019-04-15,139.0,10,1.0,0.20465731567679446,17.75041025482507,dca,NatGas front (GAS-LAST),,
2018-11-01,2020-10-30,0.20218721378630444,0.20218721378630444,-0.8078866322461697,True,2019-04-15,116.0,9,1.0,0.20218721378630444,17.93814746549941,dca,NatGas front (GAS-LAST),,
2018-12-03,2020-12-02,0.15555469342764405,0.15555469342764405,-0.8452744094005599,True,2019-04-15,94.0,2,1.0,0.15555469342764405,19.442550603313986,dca,NatGas front (GAS-LAST),,
2019-01-01,2020-12-31,0.11950224607588669,0.11950224607588669,-0.8822616933925833,True,2019-08-05,152.0,2,1.0,0.11950224607588669,19.055166350305498,dca,NatGas front (GAS-LAST),,
2019-02-01,2021-01-29,0.17254928389428184,0.17254928389428184,-0.848532525922878,True,2020-02-10,262.0,11,1.0,0.44931174918051653,14.785493559097521,dca,NatGas front (GAS-LAST),,
2019-03-01,2021-02-26,0.15550981164012115,0.15550981164012115,-0.8614172741886845,True,2020-02-10,242.0,7,1.0,0.15550981164012115,15.737732964603925,dca,NatGas front (GAS-LAST),,
2019-04-01,2021-03-31,0.1458270652449242,0.1458270652449242,-0.8689149582273107,True,2020-02-10,221.0,10,1.0,0.1458270652449242,16.33557602685595,dca,NatGas front (GAS-LAST),,
2019-05-01,2021-04-30,0.127633491400489,0.127633491400489,-0.8833617566241019,True,2020-02-10,200.0,10,1.0,0.127633491400489,17.591201088917185,dca,NatGas front (GAS-LAST),,
2019-06-03,2021-06-02,0.10082154579535932,0.10082154579535932,-0.9055496943789796,True,2020-02-10,178.0,10,1.0,0.10082154579535932,19.838405608121388,dca,NatGas front (GAS-LAST),,
2019-07-01,2021-06-30,0.2020998205071842,0.2020998205071842,-0.8100270446945755,True,2020-02-03,153.0,10,1.0,0.2020998205071842,17.88720393823322,dca,NatGas front (GAS-LAST),,
2019-08-01,2021-07-30,0.18201389955858824,0.18201389955858824,-0.8256152203437988,True,2020-02-03,130.0,9,1.0,0.18201389955858824,19.564552149133878,dca,NatGas front (GAS-LAST),,
2019-09-02,2021-09-01,0.20475146145799983,0.20475146145799983,-0.8028382913161016,True,2020-01-30,106.0,7,1.0,0.20475146145799983,14.03264119803582,dca,NatGas front (GAS-LAST),,
2019-10-01,2021-09-30,0.17646778321524093,0.17646778321524093,-0.8253159828291632,True,2020-01-30,85.0,3,1.0,0.17646778321524093,15.464380741030268,dca,NatGas front (GAS-LAST),,
2019-11-01,2021-10-29,0.17120754448869058,0.17120754448869058,-0.8296359531117019,True,2020-01-30,62.0,1,1.0,0.17120754448869058,15.763501713129525,dca,NatGas front (GAS-LAST),,
2019-12-02,2021-12-01,0.18324321321637915,0.18324321321637915,-0.8414479911167392,True,2020-06-25,145.0,7,1.0,0.18324321321637915,8.969813312031473,dca,NatGas front (GAS-LAST),,
2020-01-02,2021-12-31,0.13740882911481067,0.13740882911481067,-0.8761965492625059,True,2020-06-25,124.0,7,1.0,0.13740882911481067,7.661783281547071,dca,NatGas front (GAS-LAST),,
2020-02-03,2022-02-02,0.11996215713833301,0.11996215713833301,-0.8901896266446625,True,2020-06-25,102.0,8,1.0,0.11996215713833301,7.896207688355287,dca,NatGas front (GAS-LAST),,
2020-03-02,2022-03-01,0.10748230704047433,0.10748230704047433,-0.9004764391575062,True,2020-06-25,82.0,7,1.0,0.10748230704047433,8.07289236973448,dca,NatGas front (GAS-LAST),,
2020-04-01,2022-03-31,0.0732281791660968,0.0732281791660968,-0.9299730560223239,True,2020-06-25,60.0,6,1.0,0.0732281791660968,8.601143032428167,dca,NatGas front (GAS-LAST),,
2020-05-01,2022-04-29,0.04797610376267368,0.04797610376267368,-0.9529859107446894,True,2020-06-25,39.0,2,1.0,0.04797610376267368,9.037079450493632,dca,NatGas front (GAS-LAST),,
2020-06-01,2022-05-31,1.5746731531978004,0.4465022630285347,-0.603095794115272,False,,,70,1.0,1.1993604281725894,9.738099657045433,dca,NatGas front (GAS-LAST),,
2020-07-01,2022-06-30,0.3188078323645005,0.3188078323645005,-0.7966649288108755,False,,,70,1.0,1.1887092471853469,11.793287373411884,dca,NatGas front (GAS-LAST),,
2020-08-03,2022-08-02,1.585501368278365,0.22896987599159058,-0.8513338858161177,False,,,68,1.0,1.1781674667608741,16.15490727889314,dca,NatGas front (GAS-LAST),,
2020-09-01,2022-08-31,1.637515991852005,0.22089366190964466,-0.8558215949885124,False,,,70,1.0,1.1587168078625814,16.74555568650429,dca,NatGas front (GAS-LAST),,
2020-10-01,2022-09-30,1.3991095027383738,0.18619625736757506,-0.8756526499347048,False,,,69,1.0,1.161289413994158,19.866065884458333,dca,NatGas front (GAS-LAST),,
2020-11-02,2022-11-01,0.7549345294358858,0.2151267179675198,-0.8590551760358442,False,,,72,1.0,1.2252231306421624,17.194457068146626,dca,NatGas front (GAS-LAST),,
2020-12-01,2022-11-30,0.16249919264674648,0.16249919264674648,-0.8900092888031591,True,2022-07-05,403.0,62,1.0,1.133032198540711,16.46835933301786,dca,NatGas front (GAS-LAST),,
2021-01-04,2023-01-03,0.1279253071062256,0.1279253071062256,-0.9113363837135645,True,2022-07-05,381.0,60,1.0,0.6400232158271173,19.40737146780513,dca,NatGas front (GAS-LAST),,
2021-02-01,2023-01-31,0.16886337070284718,0.16886337070284718,-0.8812251067020548,True,2022-06-30,359.0,56,1.0,1.2415117048761712,12.003824560065993,dca,NatGas front (GAS-LAST),,
2021-03-01,2023-02-28,0.15897330452890135,0.15897330452890135,-0.8873982586150606,True,2022-06-30,339.0,55,1.0,1.283221215815438,12.352611866213985,dca,NatGas front (GAS-LAST),,
2021-04-01,2023-03-31,0.15434182632304394,0.15434182632304394,-0.8903189532210443,True,2022-06-30,316.0,55,1.0,1.2956857088408111,12.523012128846744,dca,NatGas front (GAS-LAST),,
2021-05-03,2023-05-02,0.13942308724087804,0.13942308724087804,-0.8998590894889422,True,2022-06-30,295.0,51,1.0,1.3193423196183938,13.105346558567078,dca,NatGas front (GAS-LAST),,
2021-06-01,2023-05-31,0.13026299576958167,0.13026299576958167,-0.9058187007724962,True,2022-06-30,274.0,49,1.0,1.3718422536507326,13.490523391577247,dca,NatGas front (GAS-LAST),,
2021-07-01,2023-06-30,0.11939986684771507,0.11939986684771507,-0.9129894462294578,True,2022-06-30,252.0,45,1.0,0.11939986684771507,13.97771866499061,dca,NatGas front (GAS-LAST),,
2021-08-02,2023-08-01,0.11415051078102777,0.11415051078102777,-0.9164953856300129,True,2022-06-30,230.0,43,1.0,0.11415051078102777,14.225979111488511,dca,NatGas front (GAS-LAST),,
2021-09-01,2023-08-31,0.09651622519742019,0.09651622519742019,-0.9284727049009829,True,2022-06-30,208.0,38,1.0,0.09651622519742019,15.128636326508252,dca,NatGas front (GAS-LAST),,
2021-10-01,2023-09-29,0.07129468569380225,0.07129468569380225,-0.9461577684778439,True,2022-06-30,187.0,34,1.0,0.07129468569380225,16.638617954601333,dca,NatGas front (GAS-LAST),,
2021-11-01,2023-10-31,0.03690006288920654,0.03690006288920654,-0.9713896666151457,True,2022-06-30,166.0,32,1.0,0.03690006288920654,19.260117393141385,dca,NatGas front (GAS-LAST),,
2021-12-01,2023-11-30,0.0,0.0,-1.0,True,2022-06-30,145.0,30,1.0,0.0,10.180849223939951,dca,NatGas front (GAS-LAST),,
2022-01-03,2024-01-02,0.0,0.0,-1.0,True,2022-06-30,123.0,32,1.0,0.0,10.2596230505048,dca,NatGas front (GAS-LAST),,
2022-02-01,2024-01-31,0.0,0.0,-1.0,True,2022-06-30,103.0,26,1.0,0.0,10.967521938004305,dca,NatGas front (GAS-LAST),,
2022-03-01,2024-02-29,0.0,0.0,-1.0,True,2022-06-30,84.0,23,1.0,0.0,12.426093274858601,dca,NatGas front (GAS-LAST),,
