bot,series,start,ruined,stopped_out,years_to_ruin,years_observed,peak_equity_before_ruin,closed_trades,win_rate
grid,"WTI (Dec, CRUDE_W)",1991-01-02,True,True,0.12698412698412698,0.12698412698412698,1.0151720020948622,66,1.0
grid,"WTI (Dec, CRUDE_W)",1991-02-01,True,True,3.0238095238095237,3.0238095238095237,1.3322802281212434,69,1.0
grid,"WTI (Dec, CRUDE_W)",1991-03-01,True,True,2.857142857142857,2.857142857142857,1.257531493050913,64,1.0
grid,"WTI (Dec, CRUDE_W)",1991-04-01,True,True,2.8015873015873014,2.8015873015873014,1.2554553693620307,64,1.0
grid,"WTI (Dec, CRUDE_W)",1991-05-01,True,True,2.6904761904761907,2.6904761904761907,1.19903178613472,61,1.0
grid,"WTI (Dec, CRUDE_W)",1991-06-03,True,True,2.626984126984127,2.626984126984127,1.1898245541315284,61,1.0
grid,"WTI (Dec, CRUDE_W)",1991-07-01,True,True,2.5238095238095237,2.5238095238095237,1.1862508242174692,60,1.0
grid,"WTI (Dec, CRUDE_W)",1991-08-01,True,True,2.4365079365079363,2.4365079365079363,1.1684612007180255,59,1.0
grid,"WTI (Dec, CRUDE_W)",1991-09-03,True,True,2.3492063492063493,2.3492063492063493,1.1490227438378153,58,1.0
grid,"WTI (Dec, CRUDE_W)",1991-10-01,True,True,2.2698412698412698,2.2698412698412698,1.1353416821367968,57,1.0
grid,"WTI (Dec, CRUDE_W)",1991-11-01,True,True,2.1785714285714284,2.1785714285714284,1.0962536998814798,53,1.0
grid,"WTI (Dec, CRUDE_W)",1991-12-02,True,True,2.1904761904761907,2.1904761904761907,1.1234923832618122,56,1.0
grid,"WTI (Dec, CRUDE_W)",1992-01-02,True,True,2.107142857142857,2.107142857142857,1.1339141381195956,56,1.0
grid,"WTI (Dec, CRUDE_W)",1992-02-03,True,True,1.9523809523809523,1.9523809523809523,1.1239536281261193,55,1.0
grid,"WTI (Dec, CRUDE_W)",1992-03-02,True,True,1.876984126984127,1.876984126984127,1.128785710773235,55,1.0
grid,"WTI (Dec, CRUDE_W)",1992-04-01,True,True,1.7896825396825398,1.7896825396825398,1.1110974719752995,54,1.0
grid,"WTI (Dec, CRUDE_W)",1992-05-01,True,True,1.7063492063492063,1.7063492063492063,1.0784118208320634,52,1.0
grid,"WTI (Dec, CRUDE_W)",1992-06-01,True,True,1.5595238095238095,1.5595238095238095,1.0750199428189133,50,1.0
grid,"WTI (Dec, CRUDE_W)",1992-07-01,True,True,1.5158730158730158,1.5158730158730158,1.0864106704934775,50,1.0
grid,"WTI (Dec, CRUDE_W)",1992-08-03,True,True,1.3849206349206349,1.3849206349206349,1.0435982899253815,48,1.0
grid,"WTI (Dec, CRUDE_W)",1992-09-01,True,True,1.3055555555555556,1.3055555555555556,1.0756784991064108,49,1.0
grid,"WTI (Dec, CRUDE_W)",1992-10-01,True,True,1.3531746031746033,1.3531746031746033,1.0684872169595916,51,1.0
grid,"WTI (Dec, CRUDE_W)",1992-11-02,True,True,1.130952380952381,1.130952380952381,1.0407350156842934,46,1.0
grid,"WTI (Dec, CRUDE_W)",1992-12-01,True,True,1.0992063492063493,1.0992063492063493,1.0476313179624417,49,1.0
grid,"WTI (Dec, CRUDE_W)",1993-01-04,True,True,1.0158730158730158,1.0158730158730158,1.0491109184702845,49,1.0
grid,"WTI (Dec, CRUDE_W)",1993-02-01,True,True,0.8888888888888888,0.8888888888888888,1.0314239990002945,45,1.0
grid,"WTI (Dec, CRUDE_W)",1993-03-02,True,True,0.8611111111111112,0.8611111111111112,1.0190819310960562,48,1.0
grid,"WTI (Dec, CRUDE_W)",1993-04-01,True,True,0.7341269841269841,0.7341269841269841,1.0041978778026681,47,1.0
grid,"WTI (Dec, CRUDE_W)",1993-05-03,True,True,0.6428571428571429,0.6428571428571429,0.99985,44,1.0
grid,"WTI (Dec, CRUDE_W)",1993-06-01,True,True,0.6111111111111112,0.6111111111111112,0.99985,45,1.0
grid,"WTI (Dec, CRUDE_W)",1993-07-01,True,True,0.7301587301587301,0.7301587301587301,1.041704635148852,54,1.0
grid,"WTI (Dec, CRUDE_W)",1993-08-02,True,True,0.6468253968253969,0.6468253968253969,1.0419416763854144,54,1.0
grid,"WTI (Dec, CRUDE_W)",1993-09-02,True,True,4.813492063492063,4.813492063492063,1.6291393577461843,54,1.0
grid,"WTI (Dec, CRUDE_W)",1993-10-01,True,True,0.4801587301587302,0.4801587301587302,1.0048418721461188,49,1.0
grid,"WTI (Dec, CRUDE_W)",1993-11-01,True,True,4.650793650793651,4.650793650793651,1.6370532738574584,55,1.0
grid,"WTI (Dec, CRUDE_W)",1993-12-01,True,True,4.567460317460317,4.567460317460317,1.69994092334178,54,1.0
grid,"WTI (Dec, CRUDE_W)",1994-01-03,True,True,4.484126984126984,4.484126984126984,1.713816296734041,53,1.0
grid,"WTI (Dec, CRUDE_W)",1994-02-01,True,True,4.400793650793651,4.400793650793651,1.7214290789200186,53,1.0
grid,"WTI (Dec, CRUDE_W)",1994-03-01,True,True,4.26984126984127,4.26984126984127,1.7512145058716853,53,1.0
grid,"WTI (Dec, CRUDE_W)",1994-04-04,True,True,4.178571428571429,4.178571428571429,1.694827276998945,50,1.0
grid,"WTI (Dec, CRUDE_W)",1994-05-02,True,True,4.103174603174603,4.103174603174603,1.6854514573513466,50,1.0
grid,"WTI (Dec, CRUDE_W)",1994-06-01,True,True,4.01984126984127,4.01984126984127,1.643867753221198,49,1.0
grid,"WTI (Dec, CRUDE_W)",1994-07-01,True,True,3.988095238095238,3.988095238095238,1.6166388133906142,48,1.0
grid,"WTI (Dec, CRUDE_W)",1994-08-01,True,True,3.8531746031746033,3.8531746031746033,1.537498132700817,46,1.0
grid,"WTI (Dec, CRUDE_W)",1994-09-01,True,True,3.761904761904762,3.761904761904762,1.6286441529204558,45,1.0
grid,"WTI (Dec, CRUDE_W)",1994-10-03,True,True,3.4285714285714284,3.4285714285714284,1.5263609006496361,39,1.0
grid,"WTI (Dec, CRUDE_W)",1994-11-01,True,True,3.5952380952380953,3.5952380952380953,1.6101649419061925,42,1.0
grid,"WTI (Dec, CRUDE_W)",1994-12-01,True,True,3.515873015873016,3.515873015873016,1.6281895580983887,43,1.0
grid,"WTI (Dec, CRUDE_W)",1995-01-03,True,True,3.4325396825396823,3.4325396825396823,1.63278385069006,43,1.0
grid,"WTI (Dec, CRUDE_W)",1995-02-01,True,True,3.3492063492063493,3.3492063492063493,1.6334266767128178,43,1.0
grid,"WTI (Dec, CRUDE_W)",1995-03-01,True,True,3.2738095238095237,3.2738095238095237,1.6145741964430413,41,1.0
grid,"WTI (Dec, CRUDE_W)",1995-04-03,True,True,3.1825396825396823,3.1825396825396823,1.6026014280146337,41,1.0
grid,"WTI (Dec, CRUDE_W)",1995-05-01,True,True,2.857142857142857,2.857142857142857,1.5172842782919056,37,1.0
grid,"WTI (Dec, CRUDE_W)",1995-06-01,True,True,3.0198412698412698,3.0198412698412698,1.5945911185345865,41,1.0
grid,"WTI (Dec, CRUDE_W)",1995-07-05,True,True,2.6825396825396823,2.6825396825396823,1.628064923578661,39,1.0
grid,"WTI (Dec, CRUDE_W)",1995-08-01,True,True,2.607142857142857,2.607142857142857,1.6024358391347848,38,1.0
grid,"WTI (Dec, CRUDE_W)",1995-09-01,True,True,2.515873015873016,2.515873015873016,1.596811314030539,38,1.0
grid,"WTI (Dec, CRUDE_W)",1995-10-02,True,True,2.4404761904761907,2.4404761904761907,1.6223907975585454,39,1.0
grid,"WTI (Dec, CRUDE_W)",1995-11-01,True,True,2.3492063492063493,2.3492063492063493,1.5966624681879602,37,1.0
grid,"WTI (Dec, CRUDE_W)",1995-12-01,True,True,2.2698412698412698,2.2698412698412698,1.5880348977977308,37,1.0
grid,"WTI (Dec, CRUDE_W)",1996-01-02,True,True,2.1904761904761907,2.1904761904761907,1.5456880590204087,35,1.0
grid,"WTI (Dec, CRUDE_W)",1996-02-01,True,True,2.107142857142857,2.107142857142857,1.592188644479559,36,1.0
grid,"WTI (Dec, CRUDE_W)",1996-03-01,True,True,2.0277777777777777,2.0277777777777777,1.55403217395334,34,1.0
grid,"WTI (Dec, CRUDE_W)",1996-04-01,True,True,1.9444444444444444,1.9444444444444444,1.4884077111349885,32,1.0
grid,"WTI (Dec, CRUDE_W)",1996-05-01,True,True,1.8611111111111112,1.8611111111111112,1.4921033771275485,32,1.0
grid,"WTI (Dec, CRUDE_W)",1996-06-03,True,True,1.7738095238095237,1.7738095238095237,1.4995851357675853,32,1.0
grid,"WTI (Dec, CRUDE_W)",1996-07-01,True,True,1.6944444444444444,1.6944444444444444,1.4487881963635552,30,1.0
grid,"WTI (Dec, CRUDE_W)",1996-08-01,True,True,1.6111111111111112,1.6111111111111112,1.4077553432383976,28,1.0
grid,"WTI (Dec, CRUDE_W)",1996-09-03,True,True,1.5238095238095237,1.5238095238095237,1.3225699497254098,25,1.0
grid,"WTI (Dec, CRUDE_W)",1996-10-01,True,True,1.4444444444444444,1.4444444444444444,1.2606561688889162,22,1.0
grid,"WTI (Dec, CRUDE_W)",1996-11-01,True,True,1.3531746031746033,1.3531746031746033,1.212456150460781,19,1.0
grid,"WTI (Dec, CRUDE_W)",1996-12-02,True,True,1.2777777777777777,1.2777777777777777,1.173542234290129,17,1.0
grid,"WTI (Dec, CRUDE_W)",1997-01-02,True,True,1.1944444444444444,1.1944444444444444,1.1492962486093348,15,1.0
grid,"WTI (Dec, CRUDE_W)",1997-02-03,True,True,1.1071428571428572,1.1071428571428572,1.1086039115733197,12,1.0
grid,"WTI (Dec, CRUDE_W)",1997-03-03,True,True,1.0277777777777777,1.0277777777777777,1.1314620590901276,13,1.0
grid,"WTI (Dec, CRUDE_W)",1997-04-01,True,True,0.9484126984126984,0.9484126984126984,1.113663488543352,12,1.0
grid,"WTI (Dec, CRUDE_W)",1997-05-01,True,True,0.8611111111111112,0.8611111111111112,1.1187612018382045,12,1.0
grid,"WTI (Dec, CRUDE_W)",1997-06-02,True,True,0.7698412698412699,0.7698412698412699,1.0609642399431087,8,1.0
grid,"WTI (Dec, CRUDE_W)",1997-07-01,True,True,0.6865079365079365,0.6865079365079365,1.0826610485872596,9,1.0
grid,"WTI (Dec, CRUDE_W)",1997-08-01,True,True,0.5952380952380952,0.5952380952380952,1.040949348564277,6,1.0
grid,"WTI (Dec, CRUDE_W)",1997-09-02,True,True,0.5079365079365079,0.5079365079365079,1.0442734338497637,6,1.0
grid,"WTI (Dec, CRUDE_W)",1997-10-01,True,True,0.42857142857142855,0.42857142857142855,1.0296428572233882,5,1.0
grid,"WTI (Dec, CRUDE_W)",1997-11-03,True,True,0.6587301587301587,0.6587301587301587,0.99985,5,1.0
grid,"WTI (Dec, CRUDE_W)",1997-12-01,True,True,0.626984126984127,0.626984126984127,1.000588949300946,7,1.0
grid,"WTI (Dec, CRUDE_W)",1998-01-02,True,True,0.5992063492063492,0.5992063492063492,1.034287576985599,8,1.0
grid,"WTI (Dec, CRUDE_W)",1998-02-02,True,True,0.5714285714285714,0.5714285714285714,1.0349999890736399,10,1.0
grid,"WTI (Dec, CRUDE_W)",1998-03-02,True,True,0.746031746031746,0.746031746031746,1.0609539275371669,8,1.0
grid,"WTI (Dec, CRUDE_W)",1998-04-01,True,True,0.4087301587301587,0.4087301587301587,1.0135118142248827,6,1.0
grid,"WTI (Dec, CRUDE_W)",1998-05-01,True,True,0.3253968253968254,0.3253968253968254,0.99985,5,1.0
grid,"WTI (Dec, CRUDE_W)",1998-06-01,True,True,0.503968253968254,0.503968253968254,1.0206679369589793,4,1.0
grid,"WTI (Dec, CRUDE_W)",1998-07-01,True,True,0.4642857142857143,0.4642857142857143,1.05606847581856,186,1.0
grid,"WTI (Dec, CRUDE_W)",1998-08-03,True,True,0.35714285714285715,0.35714285714285715,1.053978324447816,75,1.0
grid,"WTI (Dec, CRUDE_W)",1998-09-01,True,True,0.27380952380952384,0.27380952380952384,1.0588048858335979,3,1.0
grid,"WTI (Dec, CRUDE_W)",1998-10-01,True,True,0.21031746031746032,0.21031746031746032,1.0062673663278832,72,1.0
grid,"WTI (Dec, CRUDE_W)",1998-11-02,True,True,3.007936507936508,3.007936507936508,2.761555490011655,76,1.0
grid,"WTI (Dec, CRUDE_W)",1998-12-01,True,True,2.9325396825396823,2.9325396825396823,2.951354262160126,75,1.0
grid,"WTI (Dec, CRUDE_W)",1999-01-04,True,True,2.8452380952380953,2.8452380952380953,3.037374879433827,75,1.0
grid,"WTI (Dec, CRUDE_W)",1999-02-01,True,True,2.7698412698412698,2.7698412698412698,3.08712551256714,74,1.0
grid,"WTI (Dec, CRUDE_W)",1999-03-01,True,True,2.6944444444444446,2.6944444444444446,3.125557263830336,73,1.0
grid,"WTI (Dec, CRUDE_W)",1999-04-01,True,True,2.6031746031746033,2.6031746031746033,2.660049323857732,66,1.0
grid,"WTI (Dec, CRUDE_W)",1999-05-03,True,True,2.5198412698412698,2.5198412698412698,2.521454085943521,65,1.0
grid,"WTI (Dec, CRUDE_W)",1999-06-01,True,True,2.4404761904761907,2.4404761904761907,2.6204209939237284,65,1.0
grid,"WTI (Dec, CRUDE_W)",1999-07-01,True,True,2.3531746031746033,2.3531746031746033,2.335564869835595,61,1.0
grid,"WTI (Dec, CRUDE_W)",1999-08-02,True,True,2.2698412698412698,2.2698412698412698,2.20812545011948,58,1.0
grid,"WTI (Dec, CRUDE_W)",1999-09-01,True,True,2.1825396825396823,2.1825396825396823,2.1119408864264875,168,1.0
grid,"WTI (Dec, CRUDE_W)",1999-10-01,True,True,2.0992063492063493,2.0992063492063493,1.963065891598114,165,1.0
grid,"WTI (Dec, CRUDE_W)",1999-11-01,True,True,2.011904761904762,2.011904761904762,1.9592758619537567,50,1.0
grid,"WTI (Dec, CRUDE_W)",1999-12-01,True,True,1.9325396825396826,1.9325396825396826,1.9776742079062053,49,1.0
grid,"WTI (Dec, CRUDE_W)",2000-01-04,True,True,1.8492063492063493,1.8492063492063493,1.8886886974349033,47,1.0
grid,"WTI (Dec, CRUDE_W)",2000-02-01,True,True,1.7738095238095237,1.7738095238095237,1.7575427530506063,155,1.0
grid,"WTI (Dec, CRUDE_W)",2000-03-01,True,True,1.6944444444444444,1.6944444444444444,1.6747296497135498,153,1.0
grid,"WTI (Dec, CRUDE_W)",2000-04-03,True,True,1.6031746031746033,1.6031746031746033,1.6793999969635718,152,1.0
grid,"WTI (Dec, CRUDE_W)",2000-05-01,True,True,1.503968253968254,1.503968253968254,1.6547395637651918,150,1.0
grid,"WTI (Dec, CRUDE_W)",2000-06-01,True,True,1.4166666666666667,1.4166666666666667,1.5115546272422826,145,1.0
grid,"WTI (Dec, CRUDE_W)",2000-07-05,True,True,1.3293650793650793,1.3293650793650793,1.4873817185455256,144,1.0
grid,"WTI (Dec, CRUDE_W)",2000-08-01,True,True,1.242063492063492,1.242063492063492,1.4702784016639916,142,1.0
grid,"WTI (Dec, CRUDE_W)",2000-09-01,True,True,1.1507936507936507,1.1507936507936507,1.3503902362227704,138,1.0
grid,"WTI (Dec, CRUDE_W)",2000-10-02,True,True,1.0674603174603174,1.0674603174603174,1.2419647703146746,131,1.0
grid,"WTI (Dec, CRUDE_W)",2000-11-01,True,True,0.9801587301587301,0.9801587301587301,1.214863412223944,17,1.0
grid,"WTI (Dec, CRUDE_W)",2000-12-01,True,True,0.7976190476190477,0.7976190476190477,1.19748661255983,15,1.0
grid,"WTI (Dec, CRUDE_W)",2001-01-02,True,True,0.7142857142857143,0.7142857142857143,1.1876577015116037,13,1.0
grid,"WTI (Dec, CRUDE_W)",2001-02-01,True,True,0.6309523809523809,0.6309523809523809,1.1510384471514281,11,1.0
grid,"WTI (Dec, CRUDE_W)",2001-03-01,True,True,0.5555555555555556,0.5555555555555556,1.1477186956254122,11,1.0
grid,"WTI (Dec, CRUDE_W)",2001-04-02,True,True,0.46825396825396826,0.46825396825396826,1.1398105704960457,10,1.0
grid,"WTI (Dec, CRUDE_W)",2001-05-01,True,True,0.3888888888888889,0.3888888888888889,1.0606490524028283,5,1.0
grid,"WTI (Dec, CRUDE_W)",2001-06-01,True,True,0.30158730158730157,0.30158730158730157,1.076267561057721,6,1.0
grid,"WTI (Dec, CRUDE_W)",2001-07-02,True,True,0.21825396825396826,0.21825396825396826,1.0857864320347057,6,1.0
grid,"WTI (Dec, CRUDE_W)",2001-08-01,True,True,0.1349206349206349,0.1349206349206349,1.058485237045827,4,1.0
grid,"WTI (Dec, CRUDE_W)",2001-09-04,True,True,0.04365079365079365,0.04365079365079365,1.0294830078234511,2,1.0
grid,"WTI (Dec, CRUDE_W)",2001-10-01,True,True,5.2063492063492065,5.2063492063492065,5.318234884485081,128,1.0
grid,"WTI (Dec, CRUDE_W)",2001-11-01,True,True,5.115079365079365,5.115079365079365,5.800983368501285,128,1.0
grid,"WTI (Dec, CRUDE_W)",2001-12-03,True,True,5.035714285714286,5.035714285714286,5.671045663743907,123,1.0
grid,"WTI (Dec, CRUDE_W)",2002-01-02,True,True,4.9603174603174605,4.9603174603174605,5.542059191265972,120,1.0
grid,"WTI (Dec, CRUDE_W)",2002-02-01,True,True,4.876984126984127,4.876984126984127,5.648903024034299,119,1.0
grid,"WTI (Dec, CRUDE_W)",2002-03-01,True,True,4.801587301587301,4.801587301587301,5.3399128872512565,116,1.0
grid,"WTI (Dec, CRUDE_W)",2002-04-01,True,True,4.722222222222222,4.722222222222222,4.674367544897837,108,1.0
grid,"WTI (Dec, CRUDE_W)",2002-05-01,True,True,4.634920634920635,4.634920634920635,4.737436800238538,109,1.0
grid,"WTI (Dec, CRUDE_W)",2002-06-03,True,True,4.5476190476190474,4.5476190476190474,4.776567790190263,105,1.0
grid,"WTI (Dec, CRUDE_W)",2002-07-01,True,True,4.468253968253968,4.468253968253968,4.577231488685423,105,1.0
grid,"WTI (Dec, CRUDE_W)",2002-08-01,True,True,4.384920634920635,4.384920634920635,4.5931478369675025,103,1.0
grid,"WTI (Dec, CRUDE_W)",2002-09-03,True,True,4.2976190476190474,4.2976190476190474,4.328516603303722,102,1.0
grid,"WTI (Dec, CRUDE_W)",2002-10-01,True,True,4.218253968253968,4.218253968253968,3.9602941571040344,98,1.0
grid,"WTI (Dec, CRUDE_W)",2002-11-01,True,True,4.126984126984127,4.126984126984127,4.170243351814985,98,1.0
grid,"WTI (Dec, CRUDE_W)",2002-12-02,True,True,4.051587301587301,4.051587301587301,4.093645314338222,97,1.0
grid,"WTI (Dec, CRUDE_W)",2003-01-02,True,True,3.9682539682539684,3.9682539682539684,4.040910285841515,98,1.0
grid,"WTI (Dec, CRUDE_W)",2003-02-03,True,True,3.884920634920635,3.884920634920635,3.689778778486615,93,1.0
grid,"WTI (Dec, CRUDE_W)",2003-03-03,True,True,3.8095238095238093,3.8095238095238093,3.5679606884164037,94,1.0
grid,"WTI (Dec, CRUDE_W)",2003-04-01,True,True,3.7261904761904763,3.7261904761904763,3.808544694837768,91,1.0
grid,"WTI (Dec, CRUDE_W)",2003-05-01,True,True,3.642857142857143,3.642857142857143,3.88720419446897,90,1.0
grid,"WTI (Dec, CRUDE_W)",2003-06-02,True,True,3.5595238095238093,3.5595238095238093,3.6343008831598618,88,1.0
grid,"WTI (Dec, CRUDE_W)",2003-07-01,True,True,3.4761904761904763,3.4761904761904763,3.487135896988674,86,1.0
grid,"WTI (Dec, CRUDE_W)",2003-08-01,True,True,3.388888888888889,3.388888888888889,3.2662179269427045,83,1.0
grid,"WTI (Dec, CRUDE_W)",2003-09-02,True,True,3.3055555555555554,3.3055555555555554,3.409599946236096,83,1.0
grid,"WTI (Dec, CRUDE_W)",2003-10-01,True,True,3.2222222222222223,3.2222222222222223,3.3695818769591845,81,1.0
grid,"WTI (Dec, CRUDE_W)",2003-11-03,True,True,3.130952380952381,3.130952380952381,3.1927507509299153,78,1.0
grid,"WTI (Dec, CRUDE_W)",2003-12-01,True,True,3.0595238095238093,3.0595238095238093,3.098416390911345,75,1.0
grid,"WTI (Dec, CRUDE_W)",2004-01-05,True,True,2.9761904761904763,2.9761904761904763,2.8851670840887054,73,1.0
grid,"WTI (Dec, CRUDE_W)",2004-02-02,True,True,2.9007936507936507,2.9007936507936507,2.880088685031847,75,1.0
grid,"WTI (Dec, CRUDE_W)",2004-03-01,True,True,2.8253968253968256,2.8253968253968256,2.698789496370523,72,1.0
grid,"WTI (Dec, CRUDE_W)",2004-04-01,True,True,2.734126984126984,2.734126984126984,2.701680481771034,69,1.0
grid,"WTI (Dec, CRUDE_W)",2004-05-03,True,True,2.6507936507936507,2.6507936507936507,2.4628783803344736,66,1.0
grid,"WTI (Dec, CRUDE_W)",2004-06-01,True,True,2.5714285714285716,2.5714285714285716,2.2678022139452736,63,1.0
grid,"WTI (Dec, CRUDE_W)",2004-07-01,True,True,2.488095238095238,2.488095238095238,2.2814370253506735,59,1.0
grid,"WTI (Dec, CRUDE_W)",2004-08-02,True,True,2.4047619047619047,2.4047619047619047,2.117640821296531,56,1.0
grid,"WTI (Dec, CRUDE_W)",2004-09-01,True,True,2.3134920634920637,2.3134920634920637,1.9934417644465623,50,1.0
grid,"WTI (Dec, CRUDE_W)",2004-10-01,True,True,2.234126984126984,2.234126984126984,1.8334722275907183,47,1.0
grid,"WTI (Dec, CRUDE_W)",2004-11-01,True,True,2.1507936507936507,2.1507936507936507,1.733977170142446,43,1.0
grid,"WTI (Dec, CRUDE_W)",2004-12-01,True,True,2.0714285714285716,2.0714285714285716,1.7429451430240033,41,1.0
grid,"WTI (Dec, CRUDE_W)",2005-01-03,True,True,1.9880952380952381,1.9880952380952381,1.7606653552265574,39,1.0
grid,"WTI (Dec, CRUDE_W)",2005-02-01,True,True,1.9087301587301588,1.9087301587301588,1.6222435074975508,35,1.0
grid,"WTI (Dec, CRUDE_W)",2005-03-01,True,True,1.8333333333333333,1.8333333333333333,1.553573311517752,34,1.0
grid,"WTI (Dec, CRUDE_W)",2005-04-01,True,True,1.746031746031746,1.746031746031746,1.4119196698518366,29,1.0
grid,"WTI (Dec, CRUDE_W)",2005-05-02,True,True,1.6626984126984128,1.6626984126984128,1.4696808002409738,29,1.0
grid,"WTI (Dec, CRUDE_W)",2005-06-01,True,True,1.3611111111111112,1.3611111111111112,1.414525195944134,26,1.0
grid,"WTI (Dec, CRUDE_W)",2005-07-01,True,True,1.2738095238095237,1.2738095238095237,1.3412063583493867,23,1.0
grid,"WTI (Dec, CRUDE_W)",2005-08-01,True,True,1.1944444444444444,1.1944444444444444,1.2562236517988397,19,1.0
grid,"WTI (Dec, CRUDE_W)",2005-09-01,True,True,1.3214285714285714,1.3214285714285714,1.2481397921913604,20,1.0
grid,"WTI (Dec, CRUDE_W)",2005-10-03,True,True,0.996031746031746,0.996031746031746,1.2451989673214197,17,1.0
grid,"WTI (Dec, CRUDE_W)",2005-11-01,True,True,0.9126984126984127,0.9126984126984127,1.2543758855521991,16,1.0
grid,"WTI (Dec, CRUDE_W)",2005-12-01,True,True,0.8333333333333334,0.8333333333333334,1.228899979307176,14,1.0
grid,"WTI (Dec, CRUDE_W)",2006-01-03,True,True,0.75,0.75,1.1717679445770537,11,1.0
grid,"WTI (Dec, CRUDE_W)",2006-02-01,True,True,0.6706349206349206,0.6706349206349206,1.1634300084233369,11,1.0
grid,"WTI (Dec, CRUDE_W)",2006-03-01,True,True,0.5952380952380952,0.5952380952380952,1.157412968698939,10,1.0
grid,"WTI (Dec, CRUDE_W)",2006-04-03,True,True,0.46825396825396826,0.46825396825396826,1.1118593820685574,7,1.0
grid,"WTI (Dec, CRUDE_W)",2006-05-01,True,True,0.42857142857142855,0.42857142857142855,1.0790550638138945,6,1.0
grid,"WTI (Dec, CRUDE_W)",2006-06-01,True,True,0.3055555555555556,0.3055555555555556,1.0680926094364025,4,1.0
grid,"WTI (Dec, CRUDE_W)",2006-07-05,True,True,0.21825396825396826,0.21825396825396826,1.0238018317092294,1,1.0
grid,"WTI (Dec, CRUDE_W)",2006-08-01,True,True,0.17857142857142858,0.17857142857142858,1.0135776498127504,0,
grid,"WTI (Dec, CRUDE_W)",2006-09-01,True,True,0.3492063492063492,0.3492063492063492,0.99985,43,1.0
grid,"WTI (Dec, CRUDE_W)",2006-10-02,True,True,1.9166666666666667,1.9166666666666667,1.8930213743056676,46,1.0
grid,"WTI (Dec, CRUDE_W)",2006-11-01,True,True,1.8293650793650793,1.8293650793650793,1.9227991203813108,46,1.0
grid,"WTI (Dec, CRUDE_W)",2006-12-01,True,True,1.75,1.75,1.8792699918968114,46,1.0
grid,"WTI (Dec, CRUDE_W)",2007-01-03,True,True,1.6666666666666667,1.6666666666666667,1.9692763082814808,46,1.0
grid,"WTI (Dec, CRUDE_W)",2007-02-01,True,True,1.5873015873015872,1.5873015873015872,1.963516534351158,43,1.0
grid,"WTI (Dec, CRUDE_W)",2007-03-01,True,True,1.5119047619047619,1.5119047619047619,1.8498453409648519,40,1.0
grid,"WTI (Dec, CRUDE_W)",2007-04-02,True,True,1.4246031746031746,1.4246031746031746,1.7999900304459366,39,1.0
grid,"WTI (Dec, CRUDE_W)",2007-05-01,True,True,1.3452380952380953,1.3452380952380953,1.8234562146461173,40,1.0
grid,"WTI (Dec, CRUDE_W)",2007-06-01,True,True,1.257936507936508,1.257936507936508,1.8049897202387228,38,1.0
grid,"WTI (Dec, CRUDE_W)",2007-07-02,True,True,1.1746031746031746,1.1746031746031746,1.7245462555303115,35,1.0
grid,"WTI (Dec, CRUDE_W)",2007-08-01,True,True,1.0873015873015872,1.0873015873015872,1.6654633071785172,33,1.0
grid,"WTI (Dec, CRUDE_W)",2007-09-04,True,True,0.996031746031746,0.996031746031746,1.6721962744164423,32,1.0
grid,"WTI (Dec, CRUDE_W)",2007-10-01,True,True,0.9206349206349206,0.9206349206349206,1.5957914672129443,30,1.0
grid,"WTI (Dec, CRUDE_W)",2007-11-01,True,True,0.8333333333333334,0.8333333333333334,1.4945075972025714,28,1.0
grid,"WTI (Dec, CRUDE_W)",2007-12-03,True,True,0.746031746031746,0.746031746031746,1.4417137096168757,25,1.0
grid,"WTI (Dec, CRUDE_W)",2008-01-02,True,True,0.6706349206349206,0.6706349206349206,1.37870457950935,23,1.0
grid,"WTI (Dec, CRUDE_W)",2008-02-01,True,True,0.5793650793650794,0.5793650793650794,1.3780874622450607,21,1.0
grid,"WTI (Dec, CRUDE_W)",2008-03-03,True,True,0.503968253968254,0.503968253968254,1.2933847605864937,18,1.0
grid,"WTI (Dec, CRUDE_W)",2008-04-01,True,True,0.42063492063492064,0.42063492063492064,1.2571815136437678,15,1.0
grid,"WTI (Dec, CRUDE_W)",2008-05-02,True,True,0.3333333333333333,0.3333333333333333,1.1697085186194178,11,1.0
grid,"WTI (Dec, CRUDE_W)",2008-06-02,True,True,0.2619047619047619,0.2619047619047619,1.105827749242594,8,1.0
grid,"WTI (Dec, CRUDE_W)",2008-07-01,True,True,0.17857142857142858,0.17857142857142858,1.0283626066373839,3,1.0
grid,"WTI (Dec, CRUDE_W)",2008-08-01,True,True,0.11904761904761904,0.11904761904761904,1.007734018625378,3,1.0
grid,"WTI (Dec, CRUDE_W)",2008-09-02,True,True,0.1111111111111111,0.1111111111111111,1.058745658648281,5,1.0
grid,"WTI (Dec, CRUDE_W)",2008-10-01,True,True,0.03968253968253968,0.03968253968253968,0.99985,1,1.0
grid,"WTI (Dec, CRUDE_W)",2008-11-03,True,True,0.051587301587301584,0.051587301587301584,1.0144956484177035,1,1.0
grid,"WTI (Dec, CRUDE_W)",2008-12-01,True,True,5.972222222222222,5.972222222222222,2.359055705956121,104,1.0
grid,"WTI (Dec, CRUDE_W)",2009-01-02,True,True,0.12301587301587301,0.12301587301587301,1.0169737062497017,93,1.0
grid,"WTI (Dec, CRUDE_W)",2009-02-02,True,True,5.7936507936507935,5.7936507936507935,2.4403052162867254,95,1.0
grid,"WTI (Dec, CRUDE_W)",2009-03-02,True,True,5.7023809523809526,5.7023809523809526,2.4784797283312323,89,1.0
grid,"WTI (Dec, CRUDE_W)",2009-04-01,True,True,5.615079365079365,5.615079365079365,2.19014306171078,83,1.0
grid,"WTI (Dec, CRUDE_W)",2009-05-01,True,True,5.531746031746032,5.531746031746032,2.103766854887379,81,1.0
grid,"WTI (Dec, CRUDE_W)",2009-06-01,True,True,5.4523809523809526,5.4523809523809526,1.8418018687258273,75,1.0
grid,"WTI (Dec, CRUDE_W)",2009-07-01,True,True,5.365079365079365,5.365079365079365,1.8249828352707822,74,1.0
grid,"WTI (Dec, CRUDE_W)",2009-08-03,True,True,2.1468253968253967,2.1468253968253967,1.629616424607489,68,1.0
grid,"WTI (Dec, CRUDE_W)",2009-09-01,True,True,2.0634920634920637,2.0634920634920637,1.6538875582689703,66,1.0
grid,"WTI (Dec, CRUDE_W)",2009-10-01,True,True,1.9761904761904763,1.9761904761904763,1.596419905107499,63,1.0
grid,"WTI (Dec, CRUDE_W)",2009-11-02,True,True,1.7380952380952381,1.7380952380952381,1.370396827531511,32,1.0
grid,"WTI (Dec, CRUDE_W)",2009-12-01,True,True,1.6587301587301588,1.6587301587301588,1.346079111013766,31,1.0
grid,"WTI (Dec, CRUDE_W)",2010-01-04,True,True,1.7261904761904763,1.7261904761904763,1.433657933785981,56,1.0
grid,"WTI (Dec, CRUDE_W)",2010-02-01,True,True,1.6507936507936507,1.6507936507936507,1.4614563943761811,55,1.0
grid,"WTI (Dec, CRUDE_W)",2010-03-01,True,True,1.5595238095238095,1.5595238095238095,1.4074719371337445,52,1.0
grid,"WTI (Dec, CRUDE_W)",2010-04-01,True,True,1.3373015873015872,1.3373015873015872,1.2587948199146697,24,1.0
grid,"WTI (Dec, CRUDE_W)",2010-05-03,True,True,1.253968253968254,1.253968253968254,1.2146677602984772,22,1.0
grid,"WTI (Dec, CRUDE_W)",2010-06-01,True,True,1.1746031746031746,1.1746031746031746,1.3200967102715022,25,1.0
grid,"WTI (Dec, CRUDE_W)",2010-07-01,True,True,1.0873015873015872,1.0873015873015872,1.2905699742404078,21,1.0
grid,"WTI (Dec, CRUDE_W)",2010-08-02,True,True,1.003968253968254,1.003968253968254,1.2327771830213057,20,1.0
grid,"WTI (Dec, CRUDE_W)",2010-09-01,True,True,0.9166666666666666,0.9166666666666666,1.2311647398138885,17,1.0
grid,"WTI (Dec, CRUDE_W)",2010-10-01,True,True,0.8412698412698413,0.8412698412698413,1.1849421603951535,16,1.0
grid,"WTI (Dec, CRUDE_W)",2010-11-01,True,True,0.7579365079365079,0.7579365079365079,1.1852156248522094,16,1.0
grid,"WTI (Dec, CRUDE_W)",2010-12-01,True,True,0.6746031746031746,0.6746031746031746,1.139737060290645,13,1.0
grid,"WTI (Dec, CRUDE_W)",2011-01-03,True,True,0.5873015873015873,0.5873015873015873,1.1043871584584113,11,1.0
grid,"WTI (Dec, CRUDE_W)",2011-02-01,True,True,0.5079365079365079,0.5079365079365079,1.0866670052142073,10,1.0
grid,"WTI (Dec, CRUDE_W)",2011-03-01,True,True,0.43253968253968256,0.43253968253968256,1.0697057123424356,9,1.0
grid,"WTI (Dec, CRUDE_W)",2011-04-01,True,True,0.34523809523809523,0.34523809523809523,1.0303652712352445,5,1.0
grid,"WTI (Dec, CRUDE_W)",2011-05-02,True,True,0.2619047619047619,0.2619047619047619,0.99985,3,1.0
grid,"WTI (Dec, CRUDE_W)",2011-06-01,True,True,0.3412698412698413,0.3412698412698413,1.0251314897317338,38,1.0
grid,"WTI (Dec, CRUDE_W)",2011-07-01,True,True,0.25793650793650796,0.25793650793650796,1.0303400149698643,40,1.0
grid,"WTI (Dec, CRUDE_W)",2011-08-01,True,True,0.8928571428571429,0.8928571428571429,1.2077768776708453,40,1.0
grid,"WTI (Dec, CRUDE_W)",2011-09-01,True,True,0.8015873015873016,0.8015873015873016,1.2047341131945,38,1.0
grid,"WTI (Dec, CRUDE_W)",2011-10-03,True,True,0.7142857142857143,0.7142857142857143,1.194637917851922,35,1.0
grid,"WTI (Dec, CRUDE_W)",2011-11-01,True,True,0.6309523809523809,0.6309523809523809,1.1159293531660435,31,1.0
grid,"WTI (Dec, CRUDE_W)",2011-12-01,True,True,0.5476190476190477,0.5476190476190477,1.0667512756891286,28,1.0
grid,"WTI (Dec, CRUDE_W)",2012-01-03,True,True,0.4126984126984127,0.4126984126984127,1.0326747245465009,25,1.0
grid,"WTI (Dec, CRUDE_W)",2012-02-01,True,True,0.38492063492063494,0.38492063492063494,1.0403565704869515,26,1.0
grid,"WTI (Dec, CRUDE_W)",2012-03-01,True,True,0.25396825396825395,0.25396825396825395,1.0019859744921196,20,1.0
grid,"WTI (Dec, CRUDE_W)",2012-04-02,True,True,0.21825396825396826,0.21825396825396826,1.008268539280194,23,1.0
grid,"WTI (Dec, CRUDE_W)",2012-05-01,True,True,0.1388888888888889,0.1388888888888889,0.99985,24,1.0
grid,"WTI (Dec, CRUDE_W)",2012-06-01,True,True,2.4642857142857144,2.4642857142857144,1.2898795603653748,22,1.0
grid,"WTI (Dec, CRUDE_W)",2012-07-02,True,True,2.376984126984127,2.376984126984127,1.2610534115628862,20,1.0
grid,"WTI (Dec, CRUDE_W)",2012-08-01,True,True,2.261904761904762,2.261904761904762,1.2243286841431622,19,1.0
grid,"WTI (Dec, CRUDE_W)",2012-09-04,True,True,2.2103174603174605,2.2103174603174605,1.254197070779151,22,1.0
grid,"WTI (Dec, CRUDE_W)",2012-10-01,True,True,2.134920634920635,2.134920634920635,1.2922483195084127,23,1.0
grid,"WTI (Dec, CRUDE_W)",2012-11-01,True,True,2.003968253968254,2.003968253968254,1.1855856658919386,14,1.0
grid,"WTI (Dec, CRUDE_W)",2012-12-03,True,True,1.9563492063492063,1.9563492063492063,1.2639799456927465,20,1.0
grid,"WTI (Dec, CRUDE_W)",2013-01-02,True,True,1.8531746031746033,1.8531746031746033,1.1794288754039153,14,1.0
grid,"WTI (Dec, CRUDE_W)",2013-02-01,True,True,1.7936507936507937,1.7936507936507937,1.2094871100339306,17,1.0
grid,"WTI (Dec, CRUDE_W)",2013-03-01,True,True,1.7142857142857142,1.7142857142857142,1.230909938323511,17,1.0
grid,"WTI (Dec, CRUDE_W)",2013-04-01,True,True,1.6031746031746033,1.6031746031746033,1.1380705987529962,11,1.0
grid,"WTI (Dec, CRUDE_W)",2013-05-01,True,True,1.5158730158730158,1.5158730158730158,1.1374807718074036,10,1.0
grid,"WTI (Dec, CRUDE_W)",2013-06-03,True,True,1.4285714285714286,1.4285714285714286,1.1200411157309278,9,1.0
grid,"WTI (Dec, CRUDE_W)",2013-07-01,True,True,1.3492063492063493,1.3492063492063493,1.0893787284448233,7,1.0
grid,"WTI (Dec, CRUDE_W)",2013-08-01,True,True,1.2619047619047619,1.2619047619047619,1.0700362226530096,6,1.0
grid,"WTI (Dec, CRUDE_W)",2013-09-03,True,True,1.1746031746031746,1.1746031746031746,1.0583499719317524,5,1.0
grid,"WTI (Dec, CRUDE_W)",2013-10-01,True,True,1.0952380952380953,1.0952380952380953,1.0759072724006826,6,1.0
grid,"WTI (Dec, CRUDE_W)",2013-11-01,True,True,0.9246031746031746,0.9246031746031746,1.0671856222623308,5,1.0
grid,"WTI (Dec, CRUDE_W)",2013-12-02,True,True,0.9206349206349206,0.9206349206349206,1.0768537085817873,5,1.0
grid,"WTI (Dec, CRUDE_W)",2014-01-02,True,True,0.8373015873015873,0.8373015873015873,1.0779161025896529,5,1.0
grid,"WTI (Dec, CRUDE_W)",2014-02-03,True,True,0.753968253968254,0.753968253968254,1.0628682181816171,5,1.0
grid,"WTI (Dec, CRUDE_W)",2014-03-03,True,True,0.6507936507936508,0.6507936507936508,1.040649376805799,3,1.0
grid,"WTI (Dec, CRUDE_W)",2014-04-01,True,True,0.5198412698412699,0.5198412698412699,1.0427837204443005,3,1.0
grid,"WTI (Dec, CRUDE_W)",2014-05-01,True,True,0.5317460317460317,0.5317460317460317,1.038083109810825,2,1.0
grid,"WTI (Dec, CRUDE_W)",2014-06-02,True,True,0.44841269841269843,0.44841269841269843,1.0237598842976772,1,1.0
grid,"WTI (Dec, CRUDE_W)",2014-07-01,True,True,0.36904761904761907,0.36904761904761907,0.99985,1,1.0
grid,"WTI (Dec, CRUDE_W)",2014-08-06,True,True,0.32142857142857145,0.32142857142857145,1.0036061430041137,0,
grid,"WTI (Dec, CRUDE_W)",2014-09-01,True,True,0.25,0.25,1.0028854441788655,0,
grid,"WTI (Dec, CRUDE_W)",2014-10-01,True,True,0.18253968253968253,0.18253968253968253,0.99985,1,1.0
grid,"WTI (Dec, CRUDE_W)",2014-11-03,True,True,0.11507936507936507,0.11507936507936507,0.99985,0,
grid,"WTI (Dec, CRUDE_W)",2014-12-01,True,True,0.10317460317460317,0.10317460317460317,0.99985,9,1.0
grid,"WTI (Dec, CRUDE_W)",2015-01-02,True,True,0.5952380952380952,0.5952380952380952,1.145337539579446,12,1.0
grid,"WTI (Dec, CRUDE_W)",2015-02-02,True,True,0.5119047619047619,0.5119047619047619,1.1259058432877036,10,1.0
grid,"WTI (Dec, CRUDE_W)",2015-03-02,True,True,0.43253968253968256,0.43253968253968256,1.0814195728628495,7,1.0
grid,"WTI (Dec, CRUDE_W)",2015-04-01,True,True,0.32142857142857145,0.32142857142857145,1.0595693175635814,5,1.0
grid,"WTI (Dec, CRUDE_W)",2015-05-01,True,True,0.2619047619047619,0.2619047619047619,1.024744385115243,2,1.0
grid,"WTI (Dec, CRUDE_W)",2015-06-01,True,True,0.17857142857142858,0.17857142857142858,1.0110976768667557,0,
grid,"WTI (Dec, CRUDE_W)",2015-07-01,True,True,0.12301587301587301,0.12301587301587301,1.0000291368319638,0,
grid,"WTI (Dec, CRUDE_W)",2015-08-03,True,True,0.43253968253968256,0.43253968253968256,1.125775018848836,10,1.0
grid,"WTI (Dec, CRUDE_W)",2015-09-02,True,True,0.34523809523809523,0.34523809523809523,1.060866266627537,5,1.0
grid,"WTI (Dec, CRUDE_W)",2015-10-01,True,True,0.2619047619047619,0.2619047619047619,1.0497570791905382,4,1.0
grid,"WTI (Dec, CRUDE_W)",2015-11-02,True,True,0.18253968253968253,0.18253968253968253,1.014505925317805,1,1.0
grid,"WTI (Dec, CRUDE_W)",2015-12-01,True,True,0.12301587301587301,0.12301587301587301,1.002010669196402,73,1.0
grid,"WTI (Dec, CRUDE_W)",2016-01-04,True,True,3.0595238095238093,3.0595238095238093,2.067937482459295,77,1.0
grid,"WTI (Dec, CRUDE_W)",2016-02-01,True,True,2.9682539682539684,2.9682539682539684,2.080515666165744,66,1.0
grid,"WTI (Dec, CRUDE_W)",2016-03-01,True,True,2.884920634920635,2.884920634920635,2.0424058790686965,64,1.0
grid,"WTI (Dec, CRUDE_W)",2016-04-01,True,True,2.7976190476190474,2.7976190476190474,1.9643804753521676,60,1.0
grid,"WTI (Dec, CRUDE_W)",2016-05-02,True,True,2.7142857142857144,2.7142857142857144,1.7687881016998483,54,1.0
grid,"WTI (Dec, CRUDE_W)",2016-06-01,True,True,2.626984126984127,2.626984126984127,1.6879678148351343,52,1.0
grid,"WTI (Dec, CRUDE_W)",2016-07-01,True,True,2.5396825396825395,2.5396825396825395,1.6742521729827908,51,1.0
grid,"WTI (Dec, CRUDE_W)",2016-08-01,True,True,2.388888888888889,2.388888888888889,1.760284513412688,48,1.0
grid,"WTI (Dec, CRUDE_W)",2016-09-01,True,True,2.2976190476190474,2.2976190476190474,1.6508233768121117,43,1.0
grid,"WTI (Dec, CRUDE_W)",2016-10-03,True,True,2.2103174603174605,2.2103174603174605,1.5169789721738232,37,1.0
grid,"WTI (Dec, CRUDE_W)",2016-11-01,True,True,2.126984126984127,2.126984126984127,1.5482415172380946,38,1.0
grid,"WTI (Dec, CRUDE_W)",2016-12-01,True,True,2.0396825396825395,2.0396825396825395,1.4483358324858098,33,1.0
grid,"WTI (Dec, CRUDE_W)",2017-01-02,True,True,0.4801587301587302,0.4801587301587302,1.0092360250248722,31,1.0
grid,"WTI (Dec, CRUDE_W)",2017-02-01,True,True,1.8650793650793651,1.8650793650793651,1.421597923379831,32,1.0
grid,"WTI (Dec, CRUDE_W)",2017-03-01,True,True,1.7857142857142858,1.7857142857142858,1.4424670633145664,33,1.0
grid,"WTI (Dec, CRUDE_W)",2017-04-03,True,True,1.6944444444444444,1.6944444444444444,1.4658015168939222,32,1.0
grid,"WTI (Dec, CRUDE_W)",2017-05-01,True,True,1.6071428571428572,1.6071428571428572,1.448291756484184,29,1.0
grid,"WTI (Dec, CRUDE_W)",2017-06-01,True,True,1.5158730158730158,1.5158730158730158,1.4177342474382144,26,1.0
grid,"WTI (Dec, CRUDE_W)",2017-07-03,True,True,1.4285714285714286,1.4285714285714286,1.3735166601279027,22,1.0
grid,"WTI (Dec, CRUDE_W)",2017-08-01,True,True,1.3452380952380953,1.3452380952380953,1.337073186845716,20,1.0
grid,"WTI (Dec, CRUDE_W)",2017-09-01,True,True,1.253968253968254,1.253968253968254,1.3288168506373659,19,1.0
grid,"WTI (Dec, CRUDE_W)",2017-10-02,True,True,1.1706349206349207,1.1706349206349207,1.2872932462271827,17,1.0
grid,"WTI (Dec, CRUDE_W)",2017-11-01,True,True,1.0833333333333333,1.0833333333333333,1.2642297278562618,16,1.0
grid,"WTI (Dec, CRUDE_W)",2017-12-01,True,True,0.996031746031746,0.996031746031746,1.252718922340386,16,1.0
grid,"WTI (Dec, CRUDE_W)",2018-01-01,True,True,0.9126984126984127,0.9126984126984127,1.2445740242587249,16,1.0
grid,"WTI (Dec, CRUDE_W)",2018-02-01,True,True,0.8214285714285714,0.8214285714285714,1.201963280283106,14,1.0
grid,"WTI (Dec, CRUDE_W)",2018-03-01,True,True,0.7420634920634921,0.7420634920634921,1.2044639394213497,13,1.0
grid,"WTI (Dec, CRUDE_W)",2018-04-02,True,True,0.6587301587301587,0.6587301587301587,1.1695392873162522,11,1.0
grid,"WTI (Dec, CRUDE_W)",2018-05-01,True,True,0.5753968253968254,0.5753968253968254,1.1460483102466947,10,1.0
grid,"WTI (Dec, CRUDE_W)",2018-06-01,True,True,0.48412698412698413,0.48412698412698413,1.1052863863789828,7,1.0
grid,"WTI (Dec, CRUDE_W)",2018-07-02,True,True,0.38095238095238093,0.38095238095238093,1.0699702324472424,5,1.0
grid,"WTI (Dec, CRUDE_W)",2018-08-01,True,True,0.29365079365079366,0.29365079365079366,1.0594026656234077,4,1.0
grid,"WTI (Dec, CRUDE_W)",2018-09-03,True,True,0.2222222222222222,0.2222222222222222,1.0483518640400697,3,1.0
grid,"WTI (Dec, CRUDE_W)",2018-10-01,True,True,0.14285714285714285,0.14285714285714285,1.0047637397606062,0,
grid,"WTI (Dec, CRUDE_W)",2018-11-01,True,True,0.13095238095238096,0.13095238095238096,0.99985,25,1.0
grid,"WTI (Dec, CRUDE_W)",2018-12-03,True,True,1.3015873015873016,1.3015873015873016,1.3114450639502762,31,1.0
grid,"WTI (Dec, CRUDE_W)",2019-01-01,True,True,1.2182539682539681,1.2182539682539681,1.2916847679249688,27,1.0
grid,"WTI (Dec, CRUDE_W)",2019-02-01,True,True,1.126984126984127,1.126984126984127,1.1980384910080664,23,1.0
grid,"WTI (Dec, CRUDE_W)",2019-03-01,True,True,1.0476190476190477,1.0476190476190477,1.1858126918246215,22,1.0
grid,"WTI (Dec, CRUDE_W)",2019-04-01,True,True,0.9642857142857143,0.9642857142857143,1.122121390078706,16,1.0
grid,"WTI (Dec, CRUDE_W)",2019-05-01,True,True,0.8809523809523809,0.8809523809523809,1.1671570883477407,19,1.0
grid,"WTI (Dec, CRUDE_W)",2019-06-03,True,True,0.7896825396825397,0.7896825396825397,1.1876108766627949,15,1.0
grid,"WTI (Dec, CRUDE_W)",2019-07-01,True,True,0.7103174603174603,0.7103174603174603,1.1424417647495058,13,1.0
grid,"WTI (Dec, CRUDE_W)",2019-08-01,True,True,0.6190476190476191,0.6190476190476191,1.0970656934102603,9,1.0
grid,"WTI (Dec, CRUDE_W)",2019-09-02,True,True,0.5317460317460317,0.5317460317460317,1.0852168797822732,8,1.0
grid,"WTI (Dec, CRUDE_W)",2019-10-01,True,True,0.44841269841269843,0.44841269841269843,1.0573719862130417,5,1.0
grid,"WTI (Dec, CRUDE_W)",2019-11-01,True,True,0.3611111111111111,0.3611111111111111,1.0564016283912836,5,1.0
grid,"WTI (Dec, CRUDE_W)",2019-12-02,True,True,0.2777777777777778,0.2777777777777778,1.0429819829696547,4,1.0
grid,"WTI (Dec, CRUDE_W)",2020-01-01,True,True,0.1865079365079365,0.1865079365079365,1.0094081631349447,1,1.0
grid,"WTI (Dec, CRUDE_W)",2020-02-03,True,True,0.0992063492063492,0.0992063492063492,1.0293767051000764,2,1.0
grid,"WTI (Dec, CRUDE_W)",2020-03-02,True,True,0.01984126984126984,0.01984126984126984,0.99985,0,
grid,"WTI (Dec, CRUDE_W)",2020-04-01,True,True,0.051587301587301584,0.051587301587301584,1.029849569080541,90,1.0
grid,"WTI (Dec, CRUDE_W)",2020-05-01,True,True,2.869047619047619,2.869047619047619,3.3447066115513677,86,1.0
grid,"WTI (Dec, CRUDE_W)",2020-06-01,True,True,2.7936507936507935,2.7936507936507935,2.7239757862311818,79,1.0
grid,"WTI (Dec, CRUDE_W)",2020-07-01,True,True,2.6984126984126986,2.6984126984126986,2.520545692419274,74,1.0
grid,"WTI (Dec, CRUDE_W)",2020-08-03,True,True,2.611111111111111,2.611111111111111,2.452169142578498,73,1.0
grid,"WTI (Dec, CRUDE_W)",2020-09-01,True,False,2.5277777777777777,2.5277777777777777,2.3696336412351604,84,1.0
grid,"WTI (Dec, CRUDE_W)",2020-10-01,True,True,1.9801587301587302,1.9801587301587302,2.5749329693945406,71,1.0
grid,"WTI (Dec, CRUDE_W)",2020-11-02,True,True,1.8928571428571428,1.8928571428571428,2.6010498252998846,69,1.0
grid,"WTI (Dec, CRUDE_W)",2020-12-01,True,True,1.8134920634920635,1.8134920634920635,2.4035719074341078,65,1.0
grid,"WTI (Dec, CRUDE_W)",2021-01-04,True,True,1.7261904761904763,1.7261904761904763,2.3037233110440543,63,1.0
grid,"WTI (Dec, CRUDE_W)",2021-02-01,True,True,1.6507936507936507,1.6507936507936507,2.1771215952006386,61,1.0
grid,"WTI (Dec, CRUDE_W)",2021-03-01,True,False,1.5753968253968254,1.5753968253968254,2.028337200111168,71,1.0
grid,"WTI (Dec, CRUDE_W)",2021-04-01,True,False,1.4841269841269842,1.4841269841269842,1.9353529838827155,68,1.0
grid,"WTI (Dec, CRUDE_W)",2021-05-03,True,False,1.4007936507936507,1.4007936507936507,1.881360253959052,67,1.0
grid,"WTI (Dec, CRUDE_W)",2021-06-01,True,False,1.3214285714285714,1.3214285714285714,1.7662253884435986,62,1.0
grid,"WTI (Dec, CRUDE_W)",2021-07-01,True,False,1.2341269841269842,1.2341269841269842,1.7107430361124223,62,1.0
grid,"WTI (Dec, CRUDE_W)",2021-08-02,True,False,1.1507936507936507,1.1507936507936507,1.658426786803461,57,1.0
grid,"WTI (Dec, CRUDE_W)",2021-09-01,True,True,1.0634920634920635,1.0634920634920635,1.6477902623497829,42,1.0
grid,"WTI (Dec, CRUDE_W)",2021-10-01,True,False,0.9801587301587301,0.9801587301587301,1.5409653877928167,52,1.0
grid,"WTI (Dec, CRUDE_W)",2021-11-01,True,False,0.8968253968253969,0.8968253968253969,1.4882246717734355,50,1.0
grid,"WTI (Dec, CRUDE_W)",2021-12-01,True,True,0.8095238095238095,0.8095238095238095,1.5503925050024465,36,1.0
grid,"WTI (Dec, CRUDE_W)",2022-01-03,True,True,0.7222222222222222,0.7222222222222222,1.4273063376646367,32,1.0
grid,"WTI (Dec, CRUDE_W)",2022-02-01,True,False,0.6428571428571429,0.6428571428571429,1.3471722833866857,42,1.0
grid,"WTI (Dec, CRUDE_W)",2022-03-01,True,False,0.5674603174603174,0.5674603174603174,1.2952407871481495,40,1.0
grid,"WTI (Dec, CRUDE_W)",2022-04-01,True,False,0.47619047619047616,0.47619047619047616,1.1774519894543611,33,1.0
grid,"WTI (Dec, CRUDE_W)",2022-05-02,True,True,0.3492063492063492,0.3492063492063492,1.1049687790298128,13,1.0
grid,"WTI (Dec, CRUDE_W)",2022-06-01,True,True,0.26587301587301587,0.26587301587301587,1.0296410588536713,8,1.0
grid,"WTI (Dec, CRUDE_W)",2022-07-01,False,False,,1.7380952380952381,1.5036590992394574,45,1.0
grid,"WTI (Dec, CRUDE_W)",2022-08-01,False,False,,1.6587301587301588,1.5517963058159152,45,1.0
grid,"WTI (Dec, CRUDE_W)",2022-09-01,False,False,,1.5674603174603174,1.51970293163852,39,1.0
grid,"WTI (Dec, CRUDE_W)",2022-10-03,False,False,,1.4841269841269842,1.5249242675511376,38,1.0
grid,"WTI (Dec, CRUDE_W)",2022-11-01,False,False,,1.4007936507936507,1.445883950418402,35,1.0
grid,"WTI (Dec, CRUDE_W)",2022-12-01,False,False,,1.3174603174603174,1.4004375728831528,31,1.0
grid,"WTI (Dec, CRUDE_W)",2023-01-03,False,False,,1.2341269841269842,1.4025687309049082,30,1.0
grid,"WTI (Dec, CRUDE_W)",2023-02-01,False,False,,1.1547619047619047,1.3503664522163785,26,1.0
grid,"WTI (Dec, CRUDE_W)",2023-03-01,False,False,,1.0793650793650793,1.3487295226395715,26,1.0
grid,Brent (BRENT_W),1991-01-02,True,True,0.04365079365079365,0.04365079365079365,1.0999041236990916,6,1.0
grid,Brent (BRENT_W),1991-02-01,True,True,2.6031746031746033,2.6031746031746033,1.3688306814902473,33,1.0
grid,Brent (BRENT_W),1991-03-01,True,True,2.380952380952381,2.380952380952381,1.3404536755192626,30,1.0
grid,Brent (BRENT_W),1991-04-02,True,True,2.3015873015873014,2.3015873015873014,1.2255439004137885,25,1.0
grid,Brent (BRENT_W),1991-05-01,True,True,2.2777777777777777,2.2777777777777777,1.16596884897699,22,1.0
grid,Brent (BRENT_W),1991-06-03,True,True,2.2777777777777777,2.2777777777777777,1.1858909871360666,23,1.0
grid,Brent (BRENT_W),1991-07-01,True,True,2.0555555555555554,2.0555555555555554,1.1822595787148162,22,1.0
grid,Brent (BRENT_W),1991-08-01,True,True,1.9642857142857142,1.9642857142857142,1.1632086593169777,21,1.0
grid,Brent (BRENT_W),1991-09-02,True,True,1.880952380952381,1.880952380952381,1.1286870153772035,19,1.0
grid,Brent (BRENT_W),1991-10-01,True,True,0.2698412698412698,0.2698412698412698,1.0349036842791943,18,1.0
grid,Brent (BRENT_W),1991-11-01,True,True,0.17857142857142858,0.17857142857142858,0.999825,15,1.0
grid,Brent (BRENT_W),1991-12-02,True,True,1.5992063492063493,1.5992063492063493,1.1007916470013894,14,1.0
grid,Brent (BRENT_W),1992-01-02,True,True,1.5198412698412698,1.5198412698412698,1.1191635398205269,14,1.0
grid,Brent (BRENT_W),1992-02-03,True,True,1.4166666666666667,1.4166666666666667,1.0929130902261284,12,1.0
grid,Brent (BRENT_W),1992-03-02,True,True,1.3373015873015872,1.3373015873015872,1.0850996190752675,11,1.0
grid,Brent (BRENT_W),1992-04-01,True,True,1.25,1.25,1.0682525565655012,10,1.0
grid,Brent (BRENT_W),1992-05-01,True,True,1.1706349206349207,1.1706349206349207,1.0372357953470954,8,1.0
grid,Brent (BRENT_W),1992-06-01,True,True,1.0952380952380953,1.0952380952380953,1.0222358394290507,7,1.0
grid,Brent (BRENT_W),1992-07-01,True,True,1.0476190476190477,1.0476190476190477,1.0190890374175552,7,1.0
grid,Brent (BRENT_W),1992-08-03,True,True,0.9325396825396826,0.9325396825396826,1.01217095060081,5,1.0
grid,Brent (BRENT_W),1992-09-01,True,True,0.8531746031746031,0.8531746031746031,1.0131460909974634,5,1.0
grid,Brent (BRENT_W),1992-10-01,True,True,0.7896825396825397,0.7896825396825397,1.0102812123679519,6,1.0
grid,Brent (BRENT_W),1992-11-02,True,True,0.873015873015873,0.873015873015873,1.049163728821404,7,1.0
grid,Brent (BRENT_W),1992-12-01,True,True,0.9126984126984127,0.9126984126984127,1.0700551210777265,8,1.0
grid,Brent (BRENT_W),1993-01-04,True,True,0.8293650793650794,0.8293650793650794,1.0600098779819782,7,1.0
grid,Brent (BRENT_W),1993-02-01,True,True,0.75,0.75,1.0314475458689587,5,1.0
grid,Brent (BRENT_W),1993-03-01,True,True,0.6944444444444444,0.6944444444444444,1.014360862439759,3,1.0
grid,Brent (BRENT_W),1993-04-01,True,True,0.6031746031746031,0.6031746031746031,1.0024140482829995,2,1.0
grid,Brent (BRENT_W),1993-05-04,True,True,0.5238095238095238,0.5238095238095238,1.0024181837977526,3,1.0
grid,Brent (BRENT_W),1993-06-01,True,True,0.49206349206349204,0.49206349206349204,0.999825,4,1.0
grid,Brent (BRENT_W),1993-07-01,True,True,0.43253968253968256,0.43253968253968256,1.0228323639725119,3,1.0
grid,Brent (BRENT_W),1993-08-02,True,True,0.3611111111111111,0.3611111111111111,1.0296133343105198,69,1.0
grid,Brent (BRENT_W),1993-09-01,True,True,0.30158730158730157,0.30158730158730157,1.0352588499812794,68,1.0
grid,Brent (BRENT_W),1993-10-01,True,True,0.18253968253968253,0.18253968253968253,1.002634278350515,68,1.0
grid,Brent (BRENT_W),1993-11-01,True,True,0.2896825396825397,0.2896825396825397,0.999825,75,1.0
grid,Brent (BRENT_W),1993-12-01,True,True,4.099206349206349,4.099206349206349,2.369852072320693,81,1.0
grid,Brent (BRENT_W),1994-01-04,True,True,4.015873015873016,4.015873015873016,2.4770268984589285,80,1.0
grid,Brent (BRENT_W),1994-02-01,True,True,3.9365079365079363,3.9365079365079363,2.3856508181417113,78,1.0
grid,Brent (BRENT_W),1994-03-01,True,True,3.8531746031746033,3.8531746031746033,2.4499542994149093,75,1.0
grid,Brent (BRENT_W),1994-04-05,True,True,3.761904761904762,3.761904761904762,2.3381770016202834,72,1.0
grid,Brent (BRENT_W),1994-05-03,True,True,3.6865079365079363,3.6865079365079363,2.2148231299843886,70,1.0
grid,Brent (BRENT_W),1994-06-01,True,True,3.611111111111111,3.611111111111111,2.1458709560908424,70,1.0
grid,Brent (BRENT_W),1994-07-01,True,True,3.5198412698412698,3.5198412698412698,2.017440227342429,66,1.0
grid,Brent (BRENT_W),1994-08-01,True,True,3.4246031746031744,3.4246031746031744,1.8249370000691052,58,1.0
grid,Brent (BRENT_W),1994-09-01,True,True,3.3373015873015874,3.3373015873015874,2.0313160751415724,62,1.0
grid,Brent (BRENT_W),1994-10-03,True,True,3.25,3.25,1.9544759798842994,58,1.0
grid,Brent (BRENT_W),1994-11-01,True,True,3.1666666666666665,3.1666666666666665,1.9571351120327738,58,1.0
grid,Brent (BRENT_W),1994-12-01,True,True,3.0793650793650795,3.0793650793650795,1.9504811836876967,57,1.0
grid,Brent (BRENT_W),1995-01-03,True,True,3.0,3.0,1.9903693578297166,57,1.0
grid,Brent (BRENT_W),1995-02-01,True,True,2.9166666666666665,2.9166666666666665,1.936079535910235,56,1.0
grid,Brent (BRENT_W),1995-03-01,True,True,2.8373015873015874,2.8373015873015874,1.9392960721412233,56,1.0
grid,Brent (BRENT_W),1995-04-03,True,True,2.746031746031746,2.746031746031746,1.8918612645371158,55,1.0
grid,Brent (BRENT_W),1995-05-01,True,True,2.6746031746031744,2.6746031746031744,1.7676576935511772,52,1.0
grid,Brent (BRENT_W),1995-06-01,True,True,2.5912698412698414,2.5912698412698414,1.7859356249138079,50,1.0
grid,Brent (BRENT_W),1995-07-03,True,True,2.503968253968254,2.503968253968254,1.8503206960073082,50,1.0
grid,Brent (BRENT_W),1995-08-01,True,True,2.4206349206349205,2.4206349206349205,1.8486480257163203,50,1.0
grid,Brent (BRENT_W),1995-09-01,True,True,2.3333333333333335,2.3333333333333335,1.8492003437554247,51,1.0
grid,Brent (BRENT_W),1995-10-02,True,True,2.25,2.25,1.8317152537994204,49,1.0
grid,Brent (BRENT_W),1995-11-01,True,True,2.1626984126984126,2.1626984126984126,1.7881272860276913,47,1.0
grid,Brent (BRENT_W),1995-12-01,True,True,2.0753968253968256,2.0753968253968256,1.7160604720546502,45,1.0
grid,Brent (BRENT_W),1996-01-02,True,True,2.0,2.0,1.6330854163548665,43,1.0
grid,Brent (BRENT_W),1996-02-01,True,True,1.9126984126984128,1.9126984126984128,1.6851778380838411,42,1.0
grid,Brent (BRENT_W),1996-03-01,True,True,1.8293650793650793,1.8293650793650793,1.601513749059071,40,1.0
grid,Brent (BRENT_W),1996-04-01,True,True,1.746031746031746,1.746031746031746,1.4921606979612663,37,1.0
grid,Brent (BRENT_W),1996-05-01,True,True,1.6666666666666667,1.6666666666666667,1.3882865277848802,31,1.0
grid,Brent (BRENT_W),1996-06-03,True,True,1.5714285714285714,1.5714285714285714,1.3939610471416668,31,1.0
grid,Brent (BRENT_W),1996-07-01,True,True,1.503968253968254,1.503968253968254,1.319767173091936,28,1.0
grid,Brent (BRENT_W),1996-08-01,True,True,1.4126984126984128,1.4126984126984128,1.3095726553484113,28,1.0
grid,Brent (BRENT_W),1996-09-02,True,True,1.3293650793650793,1.3293650793650793,1.220308536866983,24,1.0
grid,Brent (BRENT_W),1996-10-01,True,True,1.2023809523809523,1.2023809523809523,1.1642169984150128,18,1.0
grid,Brent (BRENT_W),1996-11-01,True,True,0.5992063492063492,0.5992063492063492,1.1052213990041297,14,1.0
grid,Brent (BRENT_W),1996-12-02,True,True,0.5158730158730159,0.5158730158730159,1.0727034275099208,12,1.0
grid,Brent (BRENT_W),1997-01-02,True,True,0.9603174603174603,0.9603174603174603,1.0121184612259113,11,1.0
grid,Brent (BRENT_W),1997-02-03,True,True,0.9166666666666666,0.9166666666666666,1.0965862314843071,13,1.0
grid,Brent (BRENT_W),1997-03-03,True,True,0.8571428571428571,0.8571428571428571,1.163484570150993,13,1.0
grid,Brent (BRENT_W),1997-04-01,True,True,0.7658730158730159,0.7658730158730159,1.1206198010366775,10,1.0
grid,Brent (BRENT_W),1997-05-01,True,True,0.6785714285714286,0.6785714285714286,1.1159524062021502,9,1.0
grid,Brent (BRENT_W),1997-06-02,True,True,0.5992063492063492,0.5992063492063492,1.0709957830625951,6,1.0
grid,Brent (BRENT_W),1997-07-01,True,True,0.5158730158730159,0.5158730158730159,1.0816339628697378,6,1.0
grid,Brent (BRENT_W),1997-08-01,True,True,0.4246031746031746,0.4246031746031746,1.069129554305249,5,1.0
grid,Brent (BRENT_W),1997-09-01,True,True,0.3373015873015873,0.3373015873015873,1.0440376960246716,3,1.0
grid,Brent (BRENT_W),1997-10-01,True,True,0.25396825396825395,0.25396825396825395,1.0295334824842857,2,1.0
grid,Brent (BRENT_W),1997-11-03,True,True,0.1865079365079365,0.1865079365079365,1.0017096951814348,0,
grid,Brent (BRENT_W),1997-12-01,True,True,0.2261904761904762,0.2261904761904762,1.0009619259549816,4,1.0
grid,Brent (BRENT_W),1998-01-02,True,True,0.1984126984126984,0.1984126984126984,1.0344446968746042,6,1.0
grid,Brent (BRENT_W),1998-02-02,True,True,0.11904761904761904,0.11904761904761904,0.999825,9,1.0
grid,Brent (BRENT_W),1998-03-02,True,True,0.44047619047619047,0.44047619047619047,1.1266873189676105,14,1.0
grid,Brent (BRENT_W),1998-04-01,True,True,0.3531746031746032,0.3531746031746032,1.0362932731888654,7,1.0
grid,Brent (BRENT_W),1998-05-01,True,True,0.21428571428571427,0.21428571428571427,1.0004522879271234,3,1.0
grid,Brent (BRENT_W),1998-06-01,True,True,0.1984126984126984,0.1984126984126984,1.0141109965377086,4,1.0
grid,Brent (BRENT_W),1998-07-01,True,True,0.40476190476190477,0.40476190476190477,1.09327100307546,9,1.0
grid,Brent (BRENT_W),1998-08-03,True,True,0.2976190476190476,0.2976190476190476,1.085637904938761,7,1.0
grid,Brent (BRENT_W),1998-09-01,True,True,0.21825396825396826,0.21825396825396826,1.0607227369014212,5,1.0
grid,Brent (BRENT_W),1998-10-01,True,True,0.14682539682539683,0.14682539682539683,1.0039777736619222,1,1.0
grid,Brent (BRENT_W),1998-11-02,True,True,0.08333333333333333,0.08333333333333333,0.999825,50,1.0
grid,Brent (BRENT_W),1998-12-01,True,True,1.3571428571428572,1.3571428571428572,2.408446255341862,60,1.0
grid,Brent (BRENT_W),1999-01-04,True,True,1.2738095238095237,1.2738095238095237,2.3151665304783955,56,1.0
grid,Brent (BRENT_W),1999-02-01,True,True,1.1944444444444444,1.1944444444444444,2.2652148971153214,50,1.0
grid,Brent (BRENT_W),1999-03-01,True,True,1.1150793650793651,1.1150793650793651,2.2688731921547896,47,1.0
grid,Brent (BRENT_W),1999-04-01,True,True,1.0238095238095237,1.0238095238095237,1.8602509717825526,40,1.0
grid,Brent (BRENT_W),1999-05-04,True,True,0.9444444444444444,0.9444444444444444,1.6987204645461715,36,1.0
grid,Brent (BRENT_W),1999-06-01,True,True,0.8690476190476191,0.8690476190476191,1.7888165263807698,35,1.0
grid,Brent (BRENT_W),1999-07-01,True,True,0.7817460317460317,0.7817460317460317,1.5960875194074238,30,1.0
grid,Brent (BRENT_W),1999-08-02,True,True,0.6944444444444444,0.6944444444444444,1.5013812767924375,27,1.0
grid,Brent (BRENT_W),1999-09-01,True,True,0.6111111111111112,0.6111111111111112,1.4169813372857405,24,1.0
grid,Brent (BRENT_W),1999-10-01,True,True,0.5238095238095238,0.5238095238095238,1.325998032987458,64,1.0
grid,Brent (BRENT_W),1999-11-01,True,True,0.4365079365079365,0.4365079365079365,1.2714233933427694,16,1.0
grid,Brent (BRENT_W),1999-12-01,True,True,0.3492063492063492,0.3492063492063492,1.2102998519399797,13,1.0
grid,Brent (BRENT_W),2000-01-04,True,True,0.2698412698412698,0.2698412698412698,1.157621509464881,53,1.0
grid,Brent (BRENT_W),2000-02-01,True,True,0.19047619047619047,0.19047619047619047,1.075552721925807,48,1.0
grid,Brent (BRENT_W),2000-03-01,True,True,0.10714285714285714,0.10714285714285714,1.014247582979613,44,1.0
grid,Brent (BRENT_W),2000-04-03,True,True,0.7222222222222222,0.7222222222222222,1.4857610422791905,43,1.0
grid,Brent (BRENT_W),2000-05-02,True,True,0.6507936507936508,0.6507936507936508,1.4210324163323693,38,1.0
grid,Brent (BRENT_W),2000-06-01,True,True,0.5674603174603174,0.5674603174603174,1.2953607118537536,33,1.0
grid,Brent (BRENT_W),2000-07-03,True,True,0.4801587301587302,0.4801587301587302,1.2550789698610354,32,1.0
grid,Brent (BRENT_W),2000-08-01,True,True,0.3968253968253968,0.3968253968253968,1.2528794068913933,30,1.0
grid,Brent (BRENT_W),2000-09-01,True,True,0.30952380952380953,0.30952380952380953,1.1595352004240034,26,1.0
grid,Brent (BRENT_W),2000-10-02,True,True,0.21031746031746032,0.21031746031746032,1.0655363939372111,5,1.0
grid,Brent (BRENT_W),2000-11-01,True,True,0.1388888888888889,0.1388888888888889,1.0371028924773487,17,1.0
grid,Brent (BRENT_W),2000-12-01,True,True,0.9166666666666666,0.9166666666666666,1.2532402849562192,21,1.0
grid,Brent (BRENT_W),2001-01-02,True,True,0.8055555555555556,0.8055555555555556,1.2960787025945322,20,1.0
grid,Brent (BRENT_W),2001-02-01,True,True,0.7182539682539683,0.7182539682539683,1.196216615801136,15,1.0
grid,Brent (BRENT_W),2001-03-01,True,True,0.6309523809523809,0.6309523809523809,1.1814349880691444,13,1.0
grid,Brent (BRENT_W),2001-04-02,True,True,0.5436507936507936,0.5436507936507936,1.17581932618597,12,1.0
grid,Brent (BRENT_W),2001-05-01,True,True,0.4722222222222222,0.4722222222222222,1.1130244159257758,9,1.0
grid,Brent (BRENT_W),2001-06-01,True,True,0.38492063492063494,0.38492063492063494,1.0939044893348873,7,1.0
grid,Brent (BRENT_W),2001-07-02,True,True,0.26587301587301587,0.26587301587301587,1.0891184172406938,6,1.0
grid,Brent (BRENT_W),2001-08-01,True,True,0.17857142857142858,0.17857142857142858,1.0661069464180297,4,1.0
grid,Brent (BRENT_W),2001-09-03,True,True,0.0873015873015873,0.0873015873015873,1.036445871336998,2,1.0
grid,Brent (BRENT_W),2001-10-01,True,True,0.13095238095238096,0.13095238095238096,0.999825,144,1.0
grid,Brent (BRENT_W),2001-11-01,True,True,5.234126984126984,5.234126984126984,5.510403950477028,145,1.0
grid,Brent (BRENT_W),2001-12-03,True,True,1.3968253968253967,1.3968253968253967,1.7042206871924248,139,1.0
grid,Brent (BRENT_W),2002-01-02,True,True,1.3214285714285714,1.3214285714285714,1.6412488712248345,136,1.0
grid,Brent (BRENT_W),2002-02-01,True,True,1.2301587301587302,1.2301587301587302,1.6036084690231187,132,1.0
grid,Brent (BRENT_W),2002-03-01,True,True,1.1507936507936507,1.1507936507936507,1.5077208346950264,128,1.0
grid,Brent (BRENT_W),2002-04-02,True,True,1.0714285714285714,1.0714285714285714,1.3371954927325231,123,1.0
grid,Brent (BRENT_W),2002-05-01,True,True,0.9880952380952381,0.9880952380952381,1.3059832864014493,119,1.0
grid,Brent (BRENT_W),2002-06-05,True,True,0.8055555555555556,0.8055555555555556,1.3257522824283126,119,1.0
grid,Brent (BRENT_W),2002-07-01,True,True,0.7341269841269841,0.7341269841269841,1.2726358990057374,116,1.0
grid,Brent (BRENT_W),2002-08-01,True,True,0.6428571428571429,0.6428571428571429,1.278984433423035,116,1.0
grid,Brent (BRENT_W),2002-09-02,True,True,0.5595238095238095,0.5595238095238095,1.2105613617619844,113,1.0
grid,Brent (BRENT_W),2002-10-01,True,True,0.47619047619047616,0.47619047619047616,1.1847848702597292,112,1.0
grid,Brent (BRENT_W),2002-11-01,True,True,0.38492063492063494,0.38492063492063494,1.1854077765632158,110,1.0
grid,Brent (BRENT_W),2002-12-02,True,True,0.30158730158730157,0.30158730158730157,1.1468250739092865,107,1.0
grid,Brent (BRENT_W),2003-01-02,True,True,0.2222222222222222,0.2222222222222222,1.1036282208658819,105,1.0
grid,Brent (BRENT_W),2003-02-03,True,True,0.13095238095238096,0.13095238095238096,1.0453005158448656,104,1.0
grid,Brent (BRENT_W),2003-03-03,True,True,0.05555555555555555,0.05555555555555555,1.0152504310553534,102,1.0
grid,Brent (BRENT_W),2003-04-01,True,True,3.8095238095238093,3.8095238095238093,3.5814864264496986,102,1.0
grid,Brent (BRENT_W),2003-05-01,True,True,1.626984126984127,1.626984126984127,2.1772022875365122,101,1.0
grid,Brent (BRENT_W),2003-06-02,True,True,1.5476190476190477,1.5476190476190477,1.9822726399368615,97,1.0
grid,Brent (BRENT_W),2003-07-01,True,True,1.4642857142857142,1.4642857142857142,1.8706847883481006,93,1.0
grid,Brent (BRENT_W),2003-08-01,True,True,1.373015873015873,1.373015873015873,1.7984477245086687,92,1.0
grid,Brent (BRENT_W),2003-09-01,True,True,1.2936507936507937,1.2936507936507937,1.8335926965935259,93,1.0
grid,Brent (BRENT_W),2003-10-01,True,True,1.2063492063492063,1.2063492063492063,1.8180721163680043,89,1.0
grid,Brent (BRENT_W),2003-11-03,True,True,1.1150793650793651,1.1150793650793651,1.79048741791334,87,1.0
grid,Brent (BRENT_W),2003-12-01,True,True,1.0357142857142858,1.0357142857142858,1.7339341590958577,85,1.0
grid,Brent (BRENT_W),2004-01-02,True,True,0.9404761904761905,0.9404761904761905,1.6607777164569884,82,1.0
grid,Brent (BRENT_W),2004-02-02,True,True,0.8571428571428571,0.8571428571428571,1.604665426270723,80,1.0
grid,Brent (BRENT_W),2004-03-01,True,True,0.7777777777777778,0.7777777777777778,1.5140294343846925,77,1.0
grid,Brent (BRENT_W),2004-04-01,True,True,0.6865079365079365,0.6865079365079365,1.4890438927204916,74,1.0
grid,Brent (BRENT_W),2004-05-04,True,True,0.6071428571428571,0.6071428571428571,1.3766288048710105,70,1.0
grid,Brent (BRENT_W),2004-06-01,True,True,0.5317460317460317,0.5317460317460317,1.2745362204159538,65,1.0
grid,Brent (BRENT_W),2004-07-01,True,True,0.4365079365079365,0.4365079365079365,1.271232032774741,63,1.0
grid,Brent (BRENT_W),2004-08-02,True,True,0.35714285714285715,0.35714285714285715,1.2054293186878846,60,1.0
grid,Brent (BRENT_W),2004-09-01,True,True,0.27380952380952384,0.27380952380952384,1.1221990359996545,57,1.0
grid,Brent (BRENT_W),2004-10-01,True,True,0.1865079365079365,0.1865079365079365,1.0568680876153436,53,1.0
grid,Brent (BRENT_W),2004-11-01,True,True,2.1984126984126986,2.1984126984126986,1.7744948679577597,89,1.0
grid,Brent (BRENT_W),2004-12-01,True,True,2.111111111111111,2.111111111111111,1.8220059704168106,50,1.0
grid,Brent (BRENT_W),2005-01-04,True,True,2.0277777777777777,2.0277777777777777,1.7916664821802204,45,1.0
grid,Brent (BRENT_W),2005-02-01,True,True,1.9484126984126984,1.9484126984126984,1.6817828498486902,42,1.0
grid,Brent (BRENT_W),2005-03-01,True,True,1.869047619047619,1.869047619047619,1.581358352903701,39,1.0
grid,Brent (BRENT_W),2005-04-01,True,True,1.7857142857142858,1.7857142857142858,1.4398887734562011,34,1.0
grid,Brent (BRENT_W),2005-05-03,True,True,1.6984126984126984,1.6984126984126984,1.492760890110605,33,1.0
grid,Brent (BRENT_W),2005-06-01,True,True,1.619047619047619,1.619047619047619,1.4459560541205714,31,1.0
grid,Brent (BRENT_W),2005-07-01,True,True,1.5317460317460319,1.5317460317460319,1.3738103056836544,28,1.0
grid,Brent (BRENT_W),2005-08-01,True,True,1.3214285714285714,1.3214285714285714,1.3086928051608062,24,1.0
grid,Brent (BRENT_W),2005-09-01,True,True,1.1944444444444444,1.1944444444444444,1.2212609756333526,20,1.0
grid,Brent (BRENT_W),2005-10-03,True,True,1.1468253968253967,1.1468253968253967,1.2703995827119619,21,1.0
grid,Brent (BRENT_W),2005-11-01,True,True,1.0238095238095237,1.0238095238095237,1.2770080598548859,19,1.0
grid,Brent (BRENT_W),2005-12-01,True,True,0.8492063492063492,0.8492063492063492,1.249871235544807,16,1.0
grid,Brent (BRENT_W),2006-01-03,True,True,0.7658730158730159,0.7658730158730159,1.1934003557021224,13,1.0
grid,Brent (BRENT_W),2006-02-01,True,True,0.6825396825396826,0.6825396825396826,1.1666130138466582,12,1.0
grid,Brent (BRENT_W),2006-03-01,True,True,0.6031746031746031,0.6031746031746031,1.1551339755889243,10,1.0
grid,Brent (BRENT_W),2006-04-03,True,True,0.5119047619047619,0.5119047619047619,1.1211929105294955,8,1.0
grid,Brent (BRENT_W),2006-05-01,True,True,0.4365079365079365,0.4365079365079365,1.0592436721299412,4,1.0
grid,Brent (BRENT_W),2006-06-01,True,True,0.3134920634920635,0.3134920634920635,1.058506429490024,4,1.0
grid,Brent (BRENT_W),2006-07-03,True,True,0.2261904761904762,0.2261904761904762,1.0298465042236273,2,1.0
grid,Brent (BRENT_W),2006-08-01,True,True,0.14285714285714285,0.14285714285714285,1.0142576373081542,1,1.0
grid,Brent (BRENT_W),2006-09-01,True,True,0.34523809523809523,0.34523809523809523,0.999825,48,1.0
grid,Brent (BRENT_W),2006-10-02,True,True,1.9722222222222223,1.9722222222222223,1.963309968425796,53,1.0
grid,Brent (BRENT_W),2006-11-01,True,True,1.8849206349206349,1.8849206349206349,1.9874801617985616,52,1.0
grid,Brent (BRENT_W),2006-12-01,True,True,1.7976190476190477,1.7976190476190477,1.87986020798049,48,1.0
grid,Brent (BRENT_W),2007-01-02,True,True,1.7182539682539681,1.7182539682539681,1.973321432224652,49,1.0
grid,Brent (BRENT_W),2007-02-01,True,True,1.623015873015873,1.623015873015873,2.016142380170673,46,1.0
grid,Brent (BRENT_W),2007-03-01,True,True,1.5436507936507937,1.5436507936507937,1.9058094352674921,43,1.0
grid,Brent (BRENT_W),2007-04-02,True,True,1.4563492063492063,1.4563492063492063,1.8014266432538018,40,1.0
grid,Brent (BRENT_W),2007-05-01,True,True,1.376984126984127,1.376984126984127,1.819242301489528,40,1.0
grid,Brent (BRENT_W),2007-06-01,True,True,1.2817460317460319,1.2817460317460319,1.775118686658424,38,1.0
grid,Brent (BRENT_W),2007-07-02,True,True,1.1984126984126984,1.1984126984126984,1.706854250760836,36,1.0
grid,Brent (BRENT_W),2007-08-01,True,True,1.1111111111111112,1.1111111111111112,1.6730207796929402,35,1.0
grid,Brent (BRENT_W),2007-09-03,True,True,1.0198412698412698,1.0198412698412698,1.6746250637837943,33,1.0
grid,Brent (BRENT_W),2007-10-01,True,True,0.9404761904761905,0.9404761904761905,1.6220938181189901,32,1.0
grid,Brent (BRENT_W),2007-11-01,True,True,0.8492063492063492,0.8492063492063492,1.470052293562631,27,1.0
grid,Brent (BRENT_W),2007-12-03,True,True,0.7619047619047619,0.7619047619047619,1.4399700608871018,25,1.0
grid,Brent (BRENT_W),2008-01-02,True,True,0.6825396825396826,0.6825396825396826,1.3623524776488531,22,1.0
grid,Brent (BRENT_W),2008-02-01,True,True,0.5396825396825397,0.5396825396825397,1.3555088962909447,19,1.0
grid,Brent (BRENT_W),2008-03-03,True,True,0.45634920634920634,0.45634920634920634,1.2600483617439855,15,1.0
grid,Brent (BRENT_W),2008-04-01,True,True,0.376984126984127,0.376984126984127,1.2461808339448723,14,1.0
grid,Brent (BRENT_W),2008-05-01,True,True,0.2896825396825397,0.2896825396825397,1.1673260744990723,10,1.0
grid,Brent (BRENT_W),2008-06-02,True,True,0.20238095238095238,0.20238095238095238,1.0763922201999783,5,1.0
grid,Brent (BRENT_W),2008-07-01,True,True,0.11507936507936507,0.11507936507936507,1.0363177198054918,2,1.0
grid,Brent (BRENT_W),2008-08-01,True,True,0.12301587301587301,0.12301587301587301,0.999825,1,1.0
grid,Brent (BRENT_W),2008-09-01,True,True,0.0992063492063492,0.0992063492063492,1.0286454028632899,5,1.0
grid,Brent (BRENT_W),2008-10-01,True,True,0.03968253968253968,0.03968253968253968,0.999825,0,
grid,Brent (BRENT_W),2008-11-03,True,True,0.03968253968253968,0.03968253968253968,1.0144184848705948,1,1.0
grid,Brent (BRENT_W),2008-12-01,True,True,0.06746031746031746,0.06746031746031746,1.0783453115385468,133,1.0
grid,Brent (BRENT_W),2009-01-02,True,True,0.12698412698412698,0.12698412698412698,1.0230567789376688,122,1.0
grid,Brent (BRENT_W),2009-02-02,True,True,5.996031746031746,5.996031746031746,3.4608182067248965,123,1.0
grid,Brent (BRENT_W),2009-03-02,True,True,5.908730158730159,5.908730158730159,3.5995778886064502,117,1.0
grid,Brent (BRENT_W),2009-04-01,True,True,5.805555555555555,5.805555555555555,3.195936881613788,108,1.0
grid,Brent (BRENT_W),2009-05-01,True,True,5.722222222222222,5.722222222222222,3.023507799806492,105,1.0
grid,Brent (BRENT_W),2009-06-01,True,True,5.638888888888889,5.638888888888889,2.5389951360747114,99,1.0
grid,Brent (BRENT_W),2009-07-01,True,True,5.551587301587301,5.551587301587301,2.465018129928658,94,1.0
grid,Brent (BRENT_W),2009-08-03,True,True,5.4603174603174605,5.4603174603174605,2.31128729465466,88,1.0
grid,Brent (BRENT_W),2009-09-01,True,True,5.373015873015873,5.373015873015873,2.435479011497772,88,1.0
grid,Brent (BRENT_W),2009-10-01,True,True,5.285714285714286,5.285714285714286,2.363952250690721,84,1.0
grid,Brent (BRENT_W),2009-11-02,True,True,5.198412698412699,5.198412698412699,2.219473032253938,82,1.0
grid,Brent (BRENT_W),2009-12-01,True,True,5.115079365079365,5.115079365079365,2.1753690792511584,81,1.0
grid,Brent (BRENT_W),2010-01-04,True,True,5.027777777777778,5.027777777777778,2.141302815734083,78,1.0
grid,Brent (BRENT_W),2010-02-01,True,True,0.31746031746031744,0.31746031746031744,1.1036251122862184,77,1.0
grid,Brent (BRENT_W),2010-03-01,True,True,0.23809523809523808,0.23809523809523808,1.0592533331308909,74,1.0
grid,Brent (BRENT_W),2010-04-01,True,True,4.777777777777778,4.777777777777778,2.062002557644555,73,1.0
grid,Brent (BRENT_W),2010-05-03,True,True,0.06349206349206349,0.06349206349206349,0.999825,70,1.0
grid,Brent (BRENT_W),2010-06-01,True,True,4.611111111111111,4.611111111111111,2.2195056904835107,70,1.0
grid,Brent (BRENT_W),2010-07-01,True,True,4.51984126984127,4.51984126984127,2.1890564147475127,66,1.0
grid,Brent (BRENT_W),2010-08-02,True,True,4.432539682539683,4.432539682539683,2.030514472880915,63,1.0
grid,Brent (BRENT_W),2010-09-01,True,True,4.309523809523809,4.309523809523809,2.085910155446732,62,1.0
grid,Brent (BRENT_W),2010-10-01,True,True,4.222222222222222,4.222222222222222,1.9547507225678638,59,1.0
grid,Brent (BRENT_W),2010-11-01,True,True,1.6825396825396826,1.6825396825396826,1.5886744033489328,58,1.0
grid,Brent (BRENT_W),2010-12-01,True,True,4.051587301587301,4.051587301587301,1.8866680561659166,57,1.0
grid,Brent (BRENT_W),2011-01-03,True,True,3.9603174603174605,3.9603174603174605,1.8051470401212384,55,1.0
grid,Brent (BRENT_W),2011-02-01,True,True,3.876984126984127,3.876984126984127,1.7081063273064596,52,1.0
grid,Brent (BRENT_W),2011-03-01,True,True,3.8293650793650795,3.8293650793650795,1.5884007276175223,49,1.0
grid,Brent (BRENT_W),2011-04-01,True,True,3.742063492063492,3.742063492063492,1.5601929726647494,48,1.0
grid,Brent (BRENT_W),2011-05-02,True,True,3.6626984126984126,3.6626984126984126,1.501153285465868,45,1.0
grid,Brent (BRENT_W),2011-06-01,True,True,1.0793650793650793,1.0793650793650793,1.1896796431757874,39,1.0
grid,Brent (BRENT_W),2011-07-01,True,True,0.9920634920634921,0.9920634920634921,1.1821707961156147,38,1.0
grid,Brent (BRENT_W),2011-08-01,True,True,0.9126984126984127,0.9126984126984127,1.2129704930499638,39,1.0
grid,Brent (BRENT_W),2011-09-01,True,True,0.8214285714285714,0.8214285714285714,1.197811798040087,37,1.0
grid,Brent (BRENT_W),2011-10-03,True,True,0.7301587301587301,0.7301587301587301,1.195050005501028,35,1.0
grid,Brent (BRENT_W),2011-11-01,True,True,0.6468253968253969,0.6468253968253969,1.120279153944644,31,1.0
grid,Brent (BRENT_W),2011-12-01,True,True,0.5595238095238095,0.5595238095238095,1.1083429055212817,30,1.0
grid,Brent (BRENT_W),2012-01-03,True,True,0.4722222222222222,0.4722222222222222,1.0641683923550787,27,1.0
grid,Brent (BRENT_W),2012-02-01,True,True,0.3888888888888889,0.3888888888888889,1.0652319127574672,27,1.0
grid,Brent (BRENT_W),2012-03-01,True,True,0.30158730158730157,0.30158730158730157,1.0022585294143442,24,1.0
grid,Brent (BRENT_W),2012-04-02,True,True,0.21428571428571427,0.21428571428571427,0.999825,25,1.0
grid,Brent (BRENT_W),2012-05-01,True,True,0.14682539682539683,0.14682539682539683,0.999825,25,1.0
grid,Brent (BRENT_W),2012-06-01,True,True,2.4285714285714284,2.4285714285714284,1.3717404273620293,26,1.0
grid,Brent (BRENT_W),2012-07-02,True,True,2.3452380952380953,2.3452380952380953,1.3700687176699626,25,1.0
grid,Brent (BRENT_W),2012-08-01,True,True,2.257936507936508,2.257936507936508,1.2946639493580205,22,1.0
grid,Brent (BRENT_W),2012-09-03,True,True,2.1666666666666665,2.1666666666666665,1.2211417714207862,18,1.0
grid,Brent (BRENT_W),2012-10-01,True,True,2.0873015873015874,2.0873015873015874,1.2043473863601075,16,1.0
grid,Brent (BRENT_W),2012-11-01,True,True,1.996031746031746,1.996031746031746,1.2227728723308513,17,1.0
grid,Brent (BRENT_W),2012-12-03,True,True,1.9047619047619047,1.9047619047619047,1.179480542150323,14,1.0
grid,Brent (BRENT_W),2013-01-02,True,True,1.8293650793650793,1.8293650793650793,1.187034727734543,15,1.0
grid,Brent (BRENT_W),2013-02-01,True,True,1.7380952380952381,1.7380952380952381,1.1290967073200768,11,1.0
grid,Brent (BRENT_W),2013-03-01,True,True,1.6587301587301588,1.6587301587301588,1.1293165899505355,10,1.0
grid,Brent (BRENT_W),2013-04-01,True,True,1.5793650793650793,1.5793650793650793,1.1399074079840306,11,1.0
grid,Brent (BRENT_W),2013-05-01,True,True,1.492063492063492,1.492063492063492,1.150663001765593,10,1.0
grid,Brent (BRENT_W),2013-06-03,True,True,1.4007936507936507,1.4007936507936507,1.148905152047388,10,1.0
grid,Brent (BRENT_W),2013-07-01,True,True,1.3214285714285714,1.3214285714285714,1.119237200287639,8,1.0
grid,Brent (BRENT_W),2013-08-01,True,True,1.2301587301587302,1.2301587301587302,1.0846302325447064,6,1.0
grid,Brent (BRENT_W),2013-09-02,True,True,1.1428571428571428,1.1428571428571428,1.0683078692566532,5,1.0
grid,Brent (BRENT_W),2013-10-01,True,True,1.0595238095238095,1.0595238095238095,1.0883261066573309,6,1.0
grid,Brent (BRENT_W),2013-11-01,True,True,0.9682539682539683,0.9682539682539683,1.0619612144661958,4,1.0
grid,Brent (BRENT_W),2013-12-02,True,True,0.8849206349206349,0.8849206349206349,1.0452806524707947,3,1.0
grid,Brent (BRENT_W),2014-01-02,True,True,0.8015873015873016,0.8015873015873016,1.0493131318614572,3,1.0
grid,Brent (BRENT_W),2014-02-03,True,True,0.7103174603174603,0.7103174603174603,1.051344326716924,3,1.0
grid,Brent (BRENT_W),2014-03-03,True,True,0.6349206349206349,0.6349206349206349,1.0488214305587285,3,1.0
grid,Brent (BRENT_W),2014-04-01,True,True,0.5476190476190477,0.5476190476190477,1.0391440571791706,2,1.0
grid,Brent (BRENT_W),2014-05-01,True,True,0.45634920634920634,0.45634920634920634,1.0373694014238775,2,1.0
grid,Brent (BRENT_W),2014-06-02,True,True,0.376984126984127,0.376984126984127,1.0257562728117668,1,1.0
grid,Brent (BRENT_W),2014-07-01,True,True,0.29365079365079366,0.29365079365079366,0.999825,0,
grid,Brent (BRENT_W),2014-08-01,True,True,0.26587301587301587,0.26587301587301587,1.0045560995189289,0,
grid,Brent (BRENT_W),2014-09-01,True,True,0.20634920634920634,0.20634920634920634,0.999825,1,1.0
grid,Brent (BRENT_W),2014-10-01,True,True,0.1626984126984127,0.1626984126984127,0.999825,1,1.0
grid,Brent (BRENT_W),2014-11-03,True,True,0.10714285714285714,0.10714285714285714,0.999825,0,
grid,Brent (BRENT_W),2014-12-01,True,True,0.0873015873015873,0.0873015873015873,0.999825,0,
grid,Brent (BRENT_W),2015-01-02,True,True,0.5952380952380952,0.5952380952380952,1.2347343918008356,18,1.0
grid,Brent (BRENT_W),2015-02-02,True,True,0.5079365079365079,0.5079365079365079,1.1957099258209647,14,1.0
grid,Brent (BRENT_W),2015-03-02,True,True,0.43253968253968256,0.43253968253968256,1.1221385587230175,10,1.0
grid,Brent (BRENT_W),2015-04-01,True,True,0.3253968253968254,0.3253968253968254,1.0678669160225216,5,1.0
grid,Brent (BRENT_W),2015-05-01,True,True,0.25793650793650796,0.25793650793650796,1.0168276840340706,2,1.0
grid,Brent (BRENT_W),2015-06-01,True,True,0.17857142857142858,0.17857142857142858,1.0186714505265702,1,1.0
grid,Brent (BRENT_W),2015-07-01,True,True,0.12698412698412698,0.12698412698412698,0.999825,0,
grid,Brent (BRENT_W),2015-08-03,True,True,0.35714285714285715,0.35714285714285715,1.1224701632568355,11,1.0
grid,Brent (BRENT_W),2015-09-01,True,True,0.2777777777777778,0.2777777777777778,1.0686834091025508,7,1.0
grid,Brent (BRENT_W),2015-10-01,True,True,0.1865079365079365,0.1865079365079365,1.0221147225042897,3,1.0
grid,Brent (BRENT_W),2015-11-02,True,True,0.1111111111111111,0.1111111111111111,1.014429503021269,2,1.0
grid,Brent (BRENT_W),2015-12-01,True,True,0.09523809523809523,0.09523809523809523,1.0034339665456053,1,1.0
grid,Brent (BRENT_W),2016-01-04,True,True,0.03571428571428571,0.03571428571428571,0.999825,88,1.0
grid,Brent (BRENT_W),2016-02-01,True,True,2.9484126984126986,2.9484126984126986,2.541414435777087,81,1.0
grid,Brent (BRENT_W),2016-03-01,True,True,2.8134920634920637,2.8134920634920637,2.3391173218423957,74,1.0
grid,Brent (BRENT_W),2016-04-01,True,True,2.7142857142857144,2.7142857142857144,2.2159206692687516,68,1.0
grid,Brent (BRENT_W),2016-05-02,True,True,2.630952380952381,2.630952380952381,1.96325467958847,64,1.0
grid,Brent (BRENT_W),2016-06-01,True,True,2.5436507936507935,2.5436507936507935,1.8600119076713295,61,1.0
grid,Brent (BRENT_W),2016-07-01,True,True,2.4563492063492065,2.4563492063492065,1.8210830351548941,58,1.0
grid,Brent (BRENT_W),2016-08-01,True,True,2.373015873015873,2.373015873015873,2.0120329640617385,58,1.0
grid,Brent (BRENT_W),2016-09-01,True,True,2.2817460317460316,2.2817460317460316,1.8840388350721544,54,1.0
grid,Brent (BRENT_W),2016-10-03,True,True,2.1944444444444446,2.1944444444444446,1.752486043602965,50,1.0
grid,Brent (BRENT_W),2016-11-01,True,True,2.111111111111111,2.111111111111111,1.8006947642839872,49,1.0
grid,Brent (BRENT_W),2016-12-01,True,True,2.0238095238095237,2.0238095238095237,1.6659310461401,44,1.0
grid,Brent (BRENT_W),2017-01-03,True,True,1.9404761904761905,1.9404761904761905,1.6390148838055416,43,1.0
grid,Brent (BRENT_W),2017-02-01,True,True,1.8452380952380953,1.8452380952380953,1.6025214569205655,41,1.0
grid,Brent (BRENT_W),2017-03-01,True,True,1.7658730158730158,1.7658730158730158,1.6256914538862437,42,1.0
grid,Brent (BRENT_W),2017-04-03,True,True,1.6746031746031746,1.6746031746031746,1.6576209745351425,41,1.0
grid,Brent (BRENT_W),2017-05-01,True,True,1.5992063492063493,1.5992063492063493,1.6765337018754052,40,1.0
grid,Brent (BRENT_W),2017-06-01,True,True,1.507936507936508,1.507936507936508,1.6316477774736355,35,1.0
grid,Brent (BRENT_W),2017-07-03,True,True,1.4206349206349207,1.4206349206349207,1.6489798093073986,35,1.0
grid,Brent (BRENT_W),2017-08-01,True,True,1.3373015873015872,1.3373015873015872,1.5530201143209428,30,1.0
grid,Brent (BRENT_W),2017-09-01,True,True,1.246031746031746,1.246031746031746,1.5248829748516246,29,1.0
grid,Brent (BRENT_W),2017-10-02,True,True,1.1626984126984128,1.1626984126984128,1.4497165675381216,26,1.0
grid,Brent (BRENT_W),2017-11-01,True,True,1.0753968253968254,1.0753968253968254,1.373217433555965,23,1.0
grid,Brent (BRENT_W),2017-12-01,True,True,0.9880952380952381,0.9880952380952381,1.3241127888402873,21,1.0
grid,Brent (BRENT_W),2018-01-02,True,True,0.9087301587301587,0.9087301587301587,1.2818130710474351,19,1.0
grid,Brent (BRENT_W),2018-02-01,True,True,0.8015873015873016,0.8015873015873016,1.214019758366887,15,1.0
grid,Brent (BRENT_W),2018-03-01,True,True,0.7222222222222222,0.7222222222222222,1.2215858125187333,14,1.0
grid,Brent (BRENT_W),2018-04-02,True,True,0.6388888888888888,0.6388888888888888,1.1808905906677813,12,1.0
grid,Brent (BRENT_W),2018-05-01,True,True,0.5555555555555556,0.5555555555555556,1.1387815514161084,10,1.0
grid,Brent (BRENT_W),2018-06-01,True,True,0.4642857142857143,0.4642857142857143,1.106534308317685,8,1.0
grid,Brent (BRENT_W),2018-07-02,True,True,0.38095238095238093,0.38095238095238093,1.070724756313254,5,1.0
grid,Brent (BRENT_W),2018-08-01,True,True,0.29365079365079366,0.29365079365079366,1.0660663893661009,4,1.0
grid,Brent (BRENT_W),2018-09-03,True,True,0.20238095238095238,0.20238095238095238,1.0350043936432682,2,1.0
grid,Brent (BRENT_W),2018-10-01,True,True,0.12301587301587301,0.12301587301587301,1.0055220038376798,0,
grid,Brent (BRENT_W),2018-11-01,True,True,0.13095238095238096,0.13095238095238096,0.999825,28,1.0
grid,Brent (BRENT_W),2018-12-03,True,True,1.2896825396825398,1.2896825396825398,1.4714975967773738,36,1.0
grid,Brent (BRENT_W),2019-01-02,True,True,1.2063492063492063,1.2063492063492063,1.4492447320437758,30,1.0
grid,Brent (BRENT_W),2019-02-01,True,True,1.119047619047619,1.119047619047619,1.3393920737588525,26,1.0
grid,Brent (BRENT_W),2019-03-01,True,True,1.0396825396825398,1.0396825396825398,1.3314119970742062,26,1.0
grid,Brent (BRENT_W),2019-04-01,True,True,0.9563492063492064,0.9563492063492064,1.281148849358244,24,1.0
grid,Brent (BRENT_W),2019-05-01,True,True,0.873015873015873,0.873015873015873,1.1959192093116544,19,1.0
grid,Brent (BRENT_W),2019-06-03,True,True,0.7817460317460317,0.7817460317460317,1.2968133805275,22,1.0
grid,Brent (BRENT_W),2019-07-01,True,True,0.7023809523809523,0.7023809523809523,1.1920318977935112,16,1.0
grid,Brent (BRENT_W),2019-08-01,True,True,0.6111111111111112,0.6111111111111112,1.1786744241308622,14,1.0
grid,Brent (BRENT_W),2019-09-02,True,True,0.5238095238095238,0.5238095238095238,1.1726525989426082,13,1.0
grid,Brent (BRENT_W),2019-10-01,True,True,0.4166666666666667,0.4166666666666667,1.090424871256809,8,1.0
grid,Brent (BRENT_W),2019-11-01,True,True,0.3253968253968254,0.3253968253968254,1.0736046616204802,7,1.0
grid,Brent (BRENT_W),2019-12-02,True,True,0.24206349206349206,0.24206349206349206,1.0604671239599341,6,1.0
grid,Brent (BRENT_W),2020-01-02,True,True,0.15873015873015872,0.15873015873015872,1.0144292666381882,3,1.0
grid,Brent (BRENT_W),2020-02-03,True,True,0.0992063492063492,0.0992063492063492,1.0313814454982821,3,1.0
grid,Brent (BRENT_W),2020-03-02,True,True,0.01984126984126984,0.01984126984126984,0.999825,0,
grid,Brent (BRENT_W),2020-04-01,True,True,0.03571428571428571,0.03571428571428571,1.0312026961113394,2,1.0
grid,Brent (BRENT_W),2020-05-01,True,True,2.9523809523809526,2.9523809523809526,4.93042481887963,112,1.0
grid,Brent (BRENT_W),2020-06-01,False,False,,3.9246031746031744,3.654799128928797,108,1.0
grid,Brent (BRENT_W),2020-07-01,True,False,2.988095238095238,2.988095238095238,3.383392418302975,103,1.0
grid,Brent (BRENT_W),2020-08-03,True,False,2.8968253968253967,2.8968253968253967,3.2814369425767085,102,1.0
grid,Brent (BRENT_W),2020-09-01,True,False,2.8134920634920637,2.8134920634920637,3.1977626222085083,101,1.0
grid,Brent (BRENT_W),2020-10-01,True,True,2.5198412698412698,2.5198412698412698,3.5154923174971615,96,1.0
grid,Brent (BRENT_W),2020-11-02,True,True,2.4325396825396823,2.4325396825396823,3.564132422017878,90,1.0
grid,Brent (BRENT_W),2020-12-01,True,True,2.3492063492063493,2.3492063492063493,3.054937927626209,84,1.0
grid,Brent (BRENT_W),2021-01-04,True,True,2.261904761904762,2.261904761904762,2.898418721306021,82,1.0
grid,Brent (BRENT_W),2021-02-01,True,False,2.1825396825396823,2.1825396825396823,2.6527468508922727,84,1.0
grid,Brent (BRENT_W),2021-03-01,True,False,2.1031746031746033,2.1031746031746033,2.395028542710416,80,1.0
grid,Brent (BRENT_W),2021-04-01,True,False,2.011904761904762,2.011904761904762,2.3327390859987647,77,1.0
grid,Brent (BRENT_W),2021-05-03,True,False,0.9007936507936508,0.9007936507936508,1.6429327048462936,73,1.0
grid,Brent (BRENT_W),2021-06-01,True,False,0.8134920634920635,0.8134920634920635,1.5601549581657195,69,1.0
grid,Brent (BRENT_W),2021-07-01,True,False,0.7301587301587301,0.7301587301587301,1.507760811172897,68,1.0
grid,Brent (BRENT_W),2021-08-02,True,False,0.6388888888888888,0.6388888888888888,1.4642422347256945,64,1.0
grid,Brent (BRENT_W),2021-09-01,True,False,0.5515873015873016,0.5515873015873016,1.444525921424677,62,1.0
grid,Brent (BRENT_W),2021-10-01,True,False,0.4642857142857143,0.4642857142857143,1.3421710051823514,58,1.0
grid,Brent (BRENT_W),2021-11-01,True,False,0.38095238095238093,0.38095238095238093,1.3066566558865735,57,1.0
grid,Brent (BRENT_W),2021-12-01,True,True,0.29365079365079366,0.29365079365079366,1.3353359064488592,17,1.0
grid,Brent (BRENT_W),2022-01-03,True,True,0.20238095238095238,0.20238095238095238,1.238295997955898,45,1.0
grid,Brent (BRENT_W),2022-02-01,True,False,0.11904761904761904,0.11904761904761904,1.1536717891401045,46,1.0
grid,Brent (BRENT_W),2022-03-01,True,False,0.03968253968253968,0.03968253968253968,1.0633170193329213,42,1.0
grid,Brent (BRENT_W),2022-04-01,True,False,0.7023809523809523,0.7023809523809523,1.2914295508198885,31,1.0
grid,Brent (BRENT_W),2022-05-02,True,False,0.623015873015873,0.623015873015873,1.2139121739535619,26,1.0
grid,Brent (BRENT_W),2022-06-01,True,False,0.5357142857142857,0.5357142857142857,1.1257189493779767,21,1.0
grid,Brent (BRENT_W),2022-07-01,False,False,,1.7817460317460319,1.2754938653557242,38,1.0
grid,Brent (BRENT_W),2022-08-01,True,False,0.6428571428571429,0.6428571428571429,1.1563848893975066,39,1.0
grid,Brent (BRENT_W),2022-09-01,False,False,,1.6071428571428572,1.3922389839355065,38,1.0
grid,Brent (BRENT_W),2022-10-03,False,False,,1.5198412698412698,1.3474725089458133,34,1.0
grid,Brent (BRENT_W),2022-11-01,True,False,0.10714285714285714,0.10714285714285714,1.0149239030648691,27,1.0
grid,Brent (BRENT_W),2022-12-01,False,False,,1.3492063492063493,1.4164914638904613,34,1.0
grid,Brent (BRENT_W),2023-01-03,False,False,,1.2658730158730158,1.404006336564064,31,1.0
grid,Brent (BRENT_W),2023-02-01,False,False,,1.1825396825396826,1.3700449046916752,29,1.0
grid,Brent (BRENT_W),2023-03-01,False,False,,1.1031746031746033,1.3702842639196844,31,1.0
grid,Brent (BRENT_W),2023-04-03,False,False,,1.0119047619047619,1.2392017636860224,20,1.0
grid,NatGas (GAS_US),1991-01-02,True,True,0.47619047619047616,0.47619047619047616,1.025765200633238,7,1.0
grid,NatGas (GAS_US),1991-02-01,True,True,0.9722222222222222,0.9722222222222222,1.0895433545661672,42,1.0
grid,NatGas (GAS_US),1991-03-01,True,True,0.8968253968253969,0.8968253968253969,1.0977081652004657,40,1.0
grid,NatGas (GAS_US),1991-04-01,True,True,0.8174603174603174,0.8174603174603174,1.0991069703813394,40,1.0
grid,NatGas (GAS_US),1991-05-01,True,True,0.7301587301587301,0.7301587301587301,1.105158739504178,42,1.0
grid,NatGas (GAS_US),1991-06-03,True,True,0.6111111111111112,0.6111111111111112,1.107756869970181,40,1.0
grid,NatGas (GAS_US),1991-07-01,True,True,0.5634920634920635,0.5634920634920635,1.1162536775634153,42,1.0
grid,NatGas (GAS_US),1991-08-01,True,True,0.47619047619047616,0.47619047619047616,1.093156603101615,41,1.0
grid,NatGas (GAS_US),1991-09-03,True,True,0.3888888888888889,0.3888888888888889,1.0406380054712254,39,1.0
grid,NatGas (GAS_US),1991-10-01,True,True,0.2777777777777778,0.2777777777777778,1.0245763579626588,36,1.0
grid,NatGas (GAS_US),1991-11-01,True,True,0.21825396825396826,0.21825396825396826,1.0038715332046204,36,1.0
grid,NatGas (GAS_US),1991-12-02,True,True,0.21031746031746032,0.21031746031746032,0.9995,37,1.0
grid,NatGas (GAS_US),1992-01-02,True,True,2.623015873015873,2.623015873015873,2.182912423497924,36,1.0
grid,NatGas (GAS_US),1992-02-03,True,True,2.5357142857142856,2.5357142857142856,2.201501190245035,33,1.0
grid,NatGas (GAS_US),1992-03-02,True,True,2.4603174603174605,2.4603174603174605,2.2609572670539553,33,1.0
grid,NatGas (GAS_US),1992-04-01,True,True,2.373015873015873,2.373015873015873,2.0586413720160532,31,1.0
grid,NatGas (GAS_US),1992-05-01,True,True,2.2857142857142856,2.2857142857142856,1.9605990345965791,29,1.0
grid,NatGas (GAS_US),1992-06-01,True,True,2.2103174603174605,2.2103174603174605,1.7807909869764198,28,1.0
grid,NatGas (GAS_US),1992-07-01,True,True,2.123015873015873,2.123015873015873,1.8309133422010517,28,1.0
grid,NatGas (GAS_US),1992-08-03,True,True,2.0357142857142856,2.0357142857142856,1.6812282683849138,26,1.0
grid,NatGas (GAS_US),1992-09-01,True,True,1.9523809523809523,1.9523809523809523,1.5622455031507017,23,1.0
grid,NatGas (GAS_US),1992-10-01,True,True,1.869047619047619,1.869047619047619,1.4932169363758256,22,1.0
grid,NatGas (GAS_US),1992-11-02,True,True,1.7777777777777777,1.7777777777777777,1.4638022484272193,20,1.0
grid,NatGas (GAS_US),1992-12-01,True,True,1.0436507936507937,1.0436507936507937,1.3622822840131679,21,1.0
grid,NatGas (GAS_US),1993-01-04,True,True,0.9603174603174603,0.9603174603174603,1.349973683950324,20,1.0
grid,NatGas (GAS_US),1993-02-01,True,True,0.8809523809523809,0.8809523809523809,1.3016762575809764,19,1.0
grid,NatGas (GAS_US),1993-03-02,True,True,0.8055555555555556,0.8055555555555556,1.2232215912156414,17,1.0
grid,NatGas (GAS_US),1993-04-01,True,True,1.376984126984127,1.376984126984127,1.31412326941572,15,1.0
grid,NatGas (GAS_US),1993-05-03,True,True,1.3015873015873016,1.3015873015873016,1.1964408710058818,10,1.0
grid,NatGas (GAS_US),1993-06-01,True,True,1.2182539682539681,1.2182539682539681,1.205131364993344,11,1.0
grid,NatGas (GAS_US),1993-07-01,True,True,1.130952380952381,1.130952380952381,1.2082508914740797,11,1.0
grid,NatGas (GAS_US),1993-08-02,True,True,1.0436507936507937,1.0436507936507937,1.187919556422426,10,1.0
grid,NatGas (GAS_US),1993-09-02,True,True,0.9563492063492064,0.9563492063492064,1.1352965447880319,8,1.0
grid,NatGas (GAS_US),1993-10-01,True,True,0.8809523809523809,0.8809523809523809,1.1390846331437445,8,1.0
grid,NatGas (GAS_US),1993-11-01,True,True,0.7976190476190477,0.7976190476190477,1.1216533457195614,7,1.0
grid,NatGas (GAS_US),1993-12-01,True,True,0.7142857142857143,0.7142857142857143,1.1191125666448423,5,1.0
grid,NatGas (GAS_US),1994-01-03,True,True,0.6309523809523809,0.6309523809523809,1.129140044334762,5,1.0
grid,NatGas (GAS_US),1994-02-01,True,True,0.5,0.5,0.9995,1,1.0
grid,NatGas (GAS_US),1994-03-01,True,True,0.4801587301587302,0.4801587301587302,1.0128646859072297,2,1.0
grid,NatGas (GAS_US),1994-04-04,True,True,0.3888888888888889,0.3888888888888889,1.0140179000141223,2,1.0
grid,NatGas (GAS_US),1994-05-02,True,True,0.3373015873015873,0.3373015873015873,1.0420520541333411,2,1.0
grid,NatGas (GAS_US),1994-06-01,True,True,0.25,0.25,1.0299378289979988,1,1.0
grid,NatGas (GAS_US),1994-07-01,True,True,0.15079365079365079,0.15079365079365079,0.9995,0,
grid,NatGas (GAS_US),1994-08-01,True,True,0.2261904761904762,0.2261904761904762,0.9995,1,1.0
grid,NatGas (GAS_US),1994-09-01,True,True,0.34523809523809523,0.34523809523809523,1.020141722904791,5,1.0
grid,NatGas (GAS_US),1994-10-03,True,True,0.27380952380952384,0.27380952380952384,1.0283233995779715,5,1.0
grid,NatGas (GAS_US),1994-11-01,True,True,0.19047619047619047,0.19047619047619047,0.9995,4,1.0
grid,NatGas (GAS_US),1994-12-01,True,True,0.6309523809523809,0.6309523809523809,1.075475556085607,75,1.0
grid,NatGas (GAS_US),1995-01-03,True,True,3.4126984126984126,3.4126984126984126,3.17338817128873,72,1.0
grid,NatGas (GAS_US),1995-02-01,True,True,3.3214285714285716,3.3214285714285716,3.7127793228233186,71,1.0
grid,NatGas (GAS_US),1995-03-01,True,True,0.39285714285714285,0.39285714285714285,1.0470237139014156,69,1.0
grid,NatGas (GAS_US),1995-04-03,True,True,1.4126984126984128,1.4126984126984128,1.6897842482985486,66,1.0
grid,NatGas (GAS_US),1995-05-01,True,True,1.3373015873015872,1.3373015873015872,1.7380790640752248,67,1.0
grid,NatGas (GAS_US),1995-06-01,True,True,2.992063492063492,2.992063492063492,3.27198912720022,68,1.0
grid,NatGas (GAS_US),1995-07-05,True,True,1.1626984126984128,1.1626984126984128,1.891422467471955,67,1.0
grid,NatGas (GAS_US),1995-08-01,True,True,1.0833333333333333,1.0833333333333333,1.8228247915878075,64,1.0
grid,NatGas (GAS_US),1995-09-01,True,True,0.9801587301587301,0.9801587301587301,1.6931488279618057,62,1.0
grid,NatGas (GAS_US),1995-10-02,True,True,0.9126984126984127,0.9126984126984127,1.7114154721208168,63,1.0
grid,NatGas (GAS_US),1995-11-01,True,True,0.8253968253968254,0.8253968253968254,1.7596013084236721,63,1.0
grid,NatGas (GAS_US),1995-12-01,True,True,0.746031746031746,0.746031746031746,1.6319759940231102,61,1.0
grid,NatGas (GAS_US),1996-01-02,True,True,0.6666666666666666,0.6666666666666666,1.4037685189975655,56,1.0
grid,NatGas (GAS_US),1996-02-01,True,True,0.5674603174603174,0.5674603174603174,1.3057566002802246,51,1.0
grid,NatGas (GAS_US),1996-03-01,True,True,0.48412698412698413,0.48412698412698413,1.2207132555874556,48,1.0
grid,NatGas (GAS_US),1996-04-01,True,True,0.40476190476190477,0.40476190476190477,1.1408358745996565,45,1.0
grid,NatGas (GAS_US),1996-05-01,True,True,0.31746031746031744,0.31746031746031744,1.1299723045331704,43,1.0
grid,NatGas (GAS_US),1996-06-03,True,True,0.23015873015873015,0.23015873015873015,1.074237651898986,41,1.0
grid,NatGas (GAS_US),1996-07-01,True,True,0.15873015873015872,0.15873015873015872,1.0215303705086034,40,1.0
grid,NatGas (GAS_US),1996-08-01,True,True,0.5595238095238095,0.5595238095238095,1.4670964805318287,33,1.0
grid,NatGas (GAS_US),1996-09-03,True,True,0.4722222222222222,0.4722222222222222,1.639365656325595,20,1.0
grid,NatGas (GAS_US),1996-10-01,True,True,0.39285714285714285,0.39285714285714285,1.5108059715239153,17,1.0
grid,NatGas (GAS_US),1996-11-01,True,True,0.29365079365079366,0.29365079365079366,1.3658285201759544,28,1.0
grid,NatGas (GAS_US),1996-12-02,True,True,0.2261904761904762,0.2261904761904762,1.2261198197920629,27,1.0
grid,NatGas (GAS_US),1997-01-02,True,True,0.11904761904761904,0.11904761904761904,1.081440380745081,3,1.0
grid,NatGas (GAS_US),1997-02-03,True,True,0.8373015873015873,0.8373015873015873,1.3992726811320042,16,1.0
grid,NatGas (GAS_US),1997-03-03,True,True,0.746031746031746,0.746031746031746,1.4531085825349321,15,1.0
grid,NatGas (GAS_US),1997-04-01,True,True,0.6666666666666666,0.6666666666666666,1.419288392978005,14,1.0
grid,NatGas (GAS_US),1997-05-01,True,True,0.5793650793650794,0.5793650793650794,1.318774761763715,12,1.0
grid,NatGas (GAS_US),1997-06-02,True,True,0.49603174603174605,0.49603174603174605,1.3135111694027342,11,1.0
grid,NatGas (GAS_US),1997-07-01,True,True,0.4087301587301587,0.4087301587301587,1.2936224762841608,10,1.0
grid,NatGas (GAS_US),1997-08-01,True,True,0.32142857142857145,0.32142857142857145,1.2561035737842263,9,1.0
grid,NatGas (GAS_US),1997-09-02,True,True,0.24206349206349206,0.24206349206349206,1.1498430225927814,6,1.0
grid,NatGas (GAS_US),1997-10-01,True,True,0.19444444444444445,0.19444444444444445,1.0953196283150854,3,1.0
grid,NatGas (GAS_US),1997-11-03,True,True,0.15873015873015872,0.15873015873015872,1.0227332462202845,6,1.0
grid,NatGas (GAS_US),1997-12-01,True,True,0.5198412698412699,0.5198412698412699,1.104223612232656,8,1.0
grid,NatGas (GAS_US),1998-01-02,True,True,0.42857142857142855,0.42857142857142855,1.1464918004281366,10,1.0
grid,NatGas (GAS_US),1998-02-02,True,True,0.3492063492063492,0.3492063492063492,1.0734701016934387,6,1.0
grid,NatGas (GAS_US),1998-03-02,True,True,0.27380952380952384,0.27380952380952384,1.075833083768444,6,1.0
grid,NatGas (GAS_US),1998-04-01,True,True,0.18253968253968253,0.18253968253968253,1.0279359023898242,4,1.0
grid,NatGas (GAS_US),1998-05-01,True,True,0.3253968253968254,0.3253968253968254,1.0848285507901991,11,1.0
grid,NatGas (GAS_US),1998-06-01,True,True,0.25,0.25,1.0857031247758115,9,1.0
grid,NatGas (GAS_US),1998-07-01,True,True,0.15873015873015872,0.15873015873015872,0.9995,7,1.0
grid,NatGas (GAS_US),1998-08-03,True,True,0.4007936507936508,0.4007936507936508,1.1322273168374712,65,1.0
grid,NatGas (GAS_US),1998-09-01,True,True,0.31746031746031744,0.31746031746031744,1.101478585940563,6,1.0
grid,NatGas (GAS_US),1998-10-01,True,True,0.23412698412698413,0.23412698412698413,1.0461757635432287,59,1.0
grid,NatGas (GAS_US),1998-11-02,True,True,0.29365079365079366,0.29365079365079366,1.0220883808562717,61,1.0
grid,NatGas (GAS_US),1998-12-01,True,True,2.261904761904762,2.261904761904762,3.518109847893763,63,1.0
grid,NatGas (GAS_US),1999-01-04,True,True,2.1746031746031744,2.1746031746031744,3.348406019098201,59,1.0
grid,NatGas (GAS_US),1999-02-01,True,True,0.8452380952380952,0.8452380952380952,1.4853160754454284,58,1.0
grid,NatGas (GAS_US),1999-03-01,True,True,0.7698412698412699,0.7698412698412699,1.5201039163471552,58,1.0
grid,NatGas (GAS_US),1999-04-01,True,True,0.6785714285714286,0.6785714285714286,1.3327917026031069,53,1.0
grid,NatGas (GAS_US),1999-05-03,True,True,0.5952380952380952,0.5952380952380952,1.2504788553017891,51,1.0
grid,NatGas (GAS_US),1999-06-01,True,True,0.5158730158730159,0.5158730158730159,1.2285537642168514,50,1.0
grid,NatGas (GAS_US),1999-07-01,True,True,0.40476190476190477,0.40476190476190477,1.2116849226427249,49,1.0
grid,NatGas (GAS_US),1999-08-02,True,True,0.32142857142857145,0.32142857142857145,1.151332409896747,47,1.0
grid,NatGas (GAS_US),1999-09-01,True,True,0.25793650793650796,0.25793650793650796,1.0533374675926044,43,1.0
grid,NatGas (GAS_US),1999-10-01,True,True,0.1746031746031746,0.1746031746031746,1.054460865803746,43,1.0
grid,NatGas (GAS_US),1999-11-01,True,True,1.2857142857142858,1.2857142857142858,2.583365451548697,41,1.0
grid,NatGas (GAS_US),1999-12-01,True,True,1.2023809523809523,1.2023809523809523,2.9455312590172804,38,1.0
grid,NatGas (GAS_US),2000-01-04,True,True,1.0674603174603174,1.0674603174603174,2.9947169585100313,35,1.0
grid,NatGas (GAS_US),2000-02-01,True,True,1.0436507936507937,1.0436507936507937,2.6642820863661743,34,1.0
grid,NatGas (GAS_US),2000-03-01,True,True,0.9126984126984127,0.9126984126984127,2.518060376964432,32,1.0
grid,NatGas (GAS_US),2000-04-03,True,True,0.8214285714285714,0.8214285714285714,2.4521358307339574,31,1.0
grid,NatGas (GAS_US),2000-05-01,True,True,0.746031746031746,0.746031746031746,2.315592611378359,33,1.0
grid,NatGas (GAS_US),2000-06-01,True,True,0.6587301587301587,0.6587301587301587,1.949440273108643,28,1.0
grid,NatGas (GAS_US),2000-07-05,True,True,0.5714285714285714,0.5714285714285714,1.839264520092721,24,1.0
grid,NatGas (GAS_US),2000-08-01,True,True,0.49603174603174605,0.49603174603174605,1.8456349621688435,23,1.0
grid,NatGas (GAS_US),2000-09-01,True,True,0.40476190476190477,0.40476190476190477,1.6336192851641216,20,1.0
grid,NatGas (GAS_US),2000-10-02,True,True,0.3253968253968254,0.3253968253968254,1.6109540568128093,21,1.0
grid,NatGas (GAS_US),2000-11-01,True,True,0.23809523809523808,0.23809523809523808,1.5969871045776523,17,1.0
grid,NatGas (GAS_US),2000-12-01,True,True,0.15873015873015872,0.15873015873015872,1.291436838763491,13,1.0
grid,NatGas (GAS_US),2001-01-02,True,True,0.07142857142857142,0.07142857142857142,1.05843165637227,3,1.0
grid,NatGas (GAS_US),2001-02-01,True,True,0.3134920634920635,0.3134920634920635,1.0549765838800143,5,1.0
grid,NatGas (GAS_US),2001-03-01,True,True,0.23809523809523808,0.23809523809523808,1.0765034404238472,5,1.0
grid,NatGas (GAS_US),2001-04-02,True,True,0.15476190476190477,0.15476190476190477,1.0368657692061822,5,1.0
grid,NatGas (GAS_US),2001-05-01,True,True,0.15873015873015872,0.15873015873015872,1.029486525867162,4,1.0
grid,NatGas (GAS_US),2001-06-01,True,True,0.13095238095238096,0.13095238095238096,1.0387572642352672,6,1.0
grid,NatGas (GAS_US),2001-07-02,True,True,0.20634920634920634,0.20634920634920634,1.1010994233040905,7,1.0
grid,NatGas (GAS_US),2001-08-01,True,True,0.07539682539682539,0.07539682539682539,1.0229429693150685,2,1.0
grid,NatGas (GAS_US),2001-09-04,True,True,0.3134920634920635,0.3134920634920635,1.117478770544358,7,1.0
grid,NatGas (GAS_US),2001-10-01,True,True,0.25,0.25,1.1240216576381228,7,1.0
grid,NatGas (GAS_US),2001-11-01,True,True,0.15873015873015872,0.15873015873015872,0.9995,3,1.0
grid,NatGas (GAS_US),2001-12-03,True,True,0.14285714285714285,0.14285714285714285,1.0490138919008027,99,1.0
grid,NatGas (GAS_US),2002-01-02,True,True,0.5833333333333334,0.5833333333333334,1.3530801203586449,95,1.0
grid,NatGas (GAS_US),2002-02-01,True,True,0.5,0.5,1.3605408100317802,92,1.0
grid,NatGas (GAS_US),2002-03-01,True,True,0.4246031746031746,0.4246031746031746,1.3139712151623715,92,1.0
grid,NatGas (GAS_US),2002-04-01,True,True,0.34523809523809523,0.34523809523809523,1.1008562827433115,86,1.0
grid,NatGas (GAS_US),2002-05-01,True,True,0.25793650793650796,0.25793650793650796,1.018300615292864,80,1.0
grid,NatGas (GAS_US),2002-06-03,True,True,3.619047619047619,3.619047619047619,4.3017802408900705,82,1.0
grid,NatGas (GAS_US),2002-07-01,True,True,3.5396825396825395,3.5396825396825395,4.33546110093196,79,1.0
grid,NatGas (GAS_US),2002-08-01,True,True,3.4563492063492065,3.4563492063492065,4.824115020078355,80,1.0
grid,NatGas (GAS_US),2002-09-03,True,True,3.365079365079365,3.365079365079365,4.1910743593492,75,1.0
grid,NatGas (GAS_US),2002-10-01,True,True,3.2857142857142856,3.2857142857142856,3.775624756876353,72,1.0
grid,NatGas (GAS_US),2002-11-01,True,True,1.007936507936508,1.007936507936508,1.6376997927050583,70,1.0
grid,NatGas (GAS_US),2002-12-02,True,True,0.9126984126984127,0.9126984126984127,1.568696643841056,68,1.0
grid,NatGas (GAS_US),2003-01-02,True,True,0.8293650793650794,0.8293650793650794,1.3731973310760024,64,1.0
grid,NatGas (GAS_US),2003-02-03,True,True,0.746031746031746,0.746031746031746,1.26282098370195,61,1.0
grid,NatGas (GAS_US),2003-03-03,True,True,0.5515873015873016,0.5515873015873016,1.1345650344534006,57,1.0
grid,NatGas (GAS_US),2003-04-01,True,True,0.49206349206349204,0.49206349206349204,1.1609472152444185,57,1.0
grid,NatGas (GAS_US),2003-05-01,True,True,0.24206349206349206,0.24206349206349206,1.112727588906948,55,1.0
grid,NatGas (GAS_US),2003-06-02,True,True,0.3055555555555556,0.3055555555555556,1.0074571801034404,51,1.0
grid,NatGas (GAS_US),2003-07-01,True,True,1.4880952380952381,1.4880952380952381,1.5745718578073558,50,1.0
grid,NatGas (GAS_US),2003-08-01,True,True,1.4007936507936507,1.4007936507936507,1.6155298162488287,49,1.0
grid,NatGas (GAS_US),2003-09-02,True,True,1.3134920634920635,1.3134920634920635,1.6053116795831344,48,1.0
grid,NatGas (GAS_US),2003-10-01,True,True,1.2182539682539681,1.2182539682539681,1.637711046871722,48,1.0
grid,NatGas (GAS_US),2003-11-03,True,True,1.126984126984127,1.126984126984127,1.5631505887648476,23,1.0
grid,NatGas (GAS_US),2003-12-01,True,True,1.0555555555555556,1.0555555555555556,1.5177395922814054,22,1.0
grid,NatGas (GAS_US),2004-01-05,True,True,0.9722222222222222,0.9722222222222222,1.2751506970768551,37,1.0
grid,NatGas (GAS_US),2004-02-02,True,True,0.8968253968253969,0.8968253968253969,1.3170438229185157,37,1.0
grid,NatGas (GAS_US),2004-03-01,True,True,0.8214285714285714,0.8214285714285714,1.2770211704726513,36,1.0
grid,NatGas (GAS_US),2004-04-01,True,True,0.7301587301587301,0.7301587301587301,1.2221410060870286,34,1.0
grid,NatGas (GAS_US),2004-05-03,True,True,0.6468253968253969,0.6468253968253969,1.1857473481786345,33,1.0
grid,NatGas (GAS_US),2004-06-01,True,True,0.5674603174603174,0.5674603174603174,1.1377100208480564,31,1.0
grid,NatGas (GAS_US),2004-07-01,True,True,0.48412698412698413,0.48412698412698413,1.151285317375134,10,1.0
grid,NatGas (GAS_US),2004-08-02,True,True,0.4007936507936508,0.4007936507936508,1.188438830071789,32,1.0
grid,NatGas (GAS_US),2004-09-01,True,True,0.3134920634920635,0.3134920634920635,1.1709301060589006,8,1.0
grid,NatGas (GAS_US),2004-10-01,True,True,0.23015873015873015,0.23015873015873015,1.0999815864504419,28,1.0
grid,NatGas (GAS_US),2004-11-01,True,True,0.14682539682539683,0.14682539682539683,0.9996981810015718,26,1.0
grid,NatGas (GAS_US),2004-12-01,True,True,1.0873015873015872,1.0873015873015872,1.641044517029687,23,1.0
grid,NatGas (GAS_US),2005-01-03,True,True,1.0,1.0,1.8204006792358916,23,1.0
grid,NatGas (GAS_US),2005-02-01,True,True,0.9206349206349206,0.9206349206349206,1.7189150244366864,22,1.0
grid,NatGas (GAS_US),2005-03-01,True,True,0.8452380952380952,0.8452380952380952,1.639027625628848,20,1.0
grid,NatGas (GAS_US),2005-04-01,True,True,0.7579365079365079,0.7579365079365079,1.4908621956987382,17,1.0
grid,NatGas (GAS_US),2005-05-02,True,True,0.6746031746031746,0.6746031746031746,1.609484028955045,18,1.0
grid,NatGas (GAS_US),2005-06-01,True,True,0.5912698412698413,0.5912698412698413,1.5893817198387301,17,1.0
grid,NatGas (GAS_US),2005-07-01,True,True,0.503968253968254,0.503968253968254,1.5168308966839075,15,1.0
grid,NatGas (GAS_US),2005-08-01,True,True,0.4246031746031746,0.4246031746031746,1.3934934801998633,12,1.0
grid,NatGas (GAS_US),2005-09-01,True,True,0.3333333333333333,0.3333333333333333,1.1847693989018122,7,1.0
grid,NatGas (GAS_US),2005-10-03,True,True,0.25396825396825395,0.25396825396825395,1.1137321664534552,5,1.0
grid,NatGas (GAS_US),2005-11-01,True,True,0.1626984126984127,0.1626984126984127,1.132606454632981,5,1.0
grid,NatGas (GAS_US),2005-12-01,True,True,0.08333333333333333,0.08333333333333333,1.0599892185316118,2,1.0
grid,NatGas (GAS_US),2006-01-03,True,True,0.10317460317460317,0.10317460317460317,0.9995,1,1.0
grid,NatGas (GAS_US),2006-02-01,True,True,0.2777777777777778,0.2777777777777778,1.022245084257456,6,1.0
grid,NatGas (GAS_US),2006-03-01,True,True,0.23809523809523808,0.23809523809523808,1.0834794812714796,6,1.0
grid,NatGas (GAS_US),2006-04-03,True,True,0.23015873015873015,0.23015873015873015,1.057733312541535,5,1.0
grid,NatGas (GAS_US),2006-05-01,True,True,0.376984126984127,0.376984126984127,1.2039201840413254,12,1.0
grid,NatGas (GAS_US),2006-06-01,True,True,0.2896825396825397,0.2896825396825397,1.1982471782512412,11,1.0
grid,NatGas (GAS_US),2006-07-05,True,True,0.19444444444444445,0.19444444444444445,1.1236573010669655,7,1.0
grid,NatGas (GAS_US),2006-08-01,True,True,0.12698412698412698,0.12698412698412698,1.0269608240287778,3,1.0
grid,NatGas (GAS_US),2006-09-01,True,True,0.07539682539682539,0.07539682539682539,1.0070421671988603,6,1.0
grid,NatGas (GAS_US),2006-10-02,True,True,0.8214285714285714,0.8214285714285714,1.2281303073180827,15,1.0
grid,NatGas (GAS_US),2006-11-01,True,True,0.7341269841269841,0.7341269841269841,1.1638766064154982,10,1.0
grid,NatGas (GAS_US),2006-12-01,True,True,0.7341269841269841,0.7341269841269841,1.1494718985908692,10,1.0
grid,NatGas (GAS_US),2007-01-02,True,True,0.6547619047619048,0.6547619047619048,1.1475614633835307,8,1.0
grid,NatGas (GAS_US),2007-02-01,True,True,0.48412698412698413,0.48412698412698413,1.0513567049027115,5,1.0
grid,NatGas (GAS_US),2007-03-01,True,True,0.40476190476190477,0.40476190476190477,1.0874975516956253,7,1.0
grid,NatGas (GAS_US),2007-04-02,True,True,0.4007936507936508,0.4007936507936508,1.02082322269668,15,1.0
grid,NatGas (GAS_US),2007-05-01,True,True,0.23412698412698413,0.23412698412698413,1.0320915945234674,4,1.0
grid,NatGas (GAS_US),2007-06-01,True,True,0.23015873015873015,0.23015873015873015,1.0178997355214974,16,1.0
grid,NatGas (GAS_US),2007-07-02,True,True,1.0833333333333333,1.0833333333333333,1.4341900589396495,20,1.0
grid,NatGas (GAS_US),2007-08-01,True,True,0.996031746031746,0.996031746031746,1.4265353456584322,18,1.0
grid,NatGas (GAS_US),2007-09-03,True,True,0.8809523809523809,0.8809523809523809,1.4654930208187416,16,1.0
grid,NatGas (GAS_US),2007-10-01,True,True,0.8015873015873016,0.8015873015873016,1.3985442247298452,14,1.0
grid,NatGas (GAS_US),2007-11-01,True,True,0.7103174603174603,0.7103174603174603,1.3369160514269363,13,1.0
grid,NatGas (GAS_US),2007-12-03,True,True,0.623015873015873,0.623015873015873,1.4307717195838814,13,1.0
grid,NatGas (GAS_US),2008-01-02,True,True,0.5476190476190477,0.5476190476190477,1.3756292214973431,12,1.0
grid,NatGas (GAS_US),2008-02-01,True,True,0.4603174603174603,0.4603174603174603,1.3574869304617168,11,1.0
grid,NatGas (GAS_US),2008-03-03,True,True,0.38095238095238093,0.38095238095238093,1.2074139478020265,7,1.0
grid,NatGas (GAS_US),2008-04-01,True,True,0.3055555555555556,0.3055555555555556,1.1460857657572838,5,1.0
grid,NatGas (GAS_US),2008-05-02,True,True,0.21825396825396826,0.21825396825396826,1.0991719375332343,3,1.0
grid,NatGas (GAS_US),2008-06-02,True,True,0.1388888888888889,0.1388888888888889,1.0570608264208767,2,1.0
grid,NatGas (GAS_US),2008-07-01,True,True,0.05952380952380952,0.05952380952380952,1.0022320994134928,0,
grid,NatGas (GAS_US),2008-08-01,True,True,0.17857142857142858,0.17857142857142858,0.9995,1,1.0
grid,NatGas (GAS_US),2008-09-02,True,True,0.25793650793650796,0.25793650793650796,1.017944434020583,1,1.0
grid,NatGas (GAS_US),2008-10-01,True,True,0.17857142857142858,0.17857142857142858,0.9995,4,1.0
grid,NatGas (GAS_US),2008-11-03,True,True,0.1349206349206349,0.1349206349206349,1.044932173219516,4,1.0
grid,NatGas (GAS_US),2008-12-01,True,True,0.13095238095238096,0.13095238095238096,0.9995,1,1.0
grid,NatGas (GAS_US),2009-01-02,True,True,0.11904761904761904,0.11904761904761904,1.00715501803173,0,
grid,NatGas (GAS_US),2009-02-02,True,True,0.21031746031746032,0.21031746031746032,1.02320247640527,10,1.0
grid,NatGas (GAS_US),2009-03-02,True,True,0.47619047619047616,0.47619047619047616,1.1819395179647914,14,1.0
grid,NatGas (GAS_US),2009-04-01,True,True,0.3888888888888889,0.3888888888888889,1.1271151350157995,10,1.0
grid,NatGas (GAS_US),2009-05-01,True,True,0.2976190476190476,0.2976190476190476,1.1158703182809249,9,1.0
grid,NatGas (GAS_US),2009-06-01,True,True,0.23015873015873015,0.23015873015873015,1.030094577737888,8,1.0
grid,NatGas (GAS_US),2009-07-01,True,True,0.17857142857142858,0.17857142857142858,1.1011571850430448,14,1.0
grid,NatGas (GAS_US),2009-08-03,True,True,0.08333333333333333,0.08333333333333333,1.0044490896884641,10,1.0
grid,NatGas (GAS_US),2009-09-01,True,True,0.25,0.25,1.1024397775029822,11,1.0
grid,NatGas (GAS_US),2009-10-01,True,True,0.4444444444444444,0.4444444444444444,1.1593545926592075,11,1.0
grid,NatGas (GAS_US),2009-11-02,True,True,0.3611111111111111,0.3611111111111111,1.1355148597239644,9,1.0
grid,NatGas (GAS_US),2009-12-01,True,True,0.28174603174603174,0.28174603174603174,1.1222392440891396,4,1.0
grid,NatGas (GAS_US),2010-01-04,True,True,0.19444444444444445,0.19444444444444445,1.0079916849010184,9,1.0
grid,NatGas (GAS_US),2010-02-01,True,True,0.14682539682539683,0.14682539682539683,1.006578618225134,8,1.0
grid,NatGas (GAS_US),2010-03-01,True,True,0.6428571428571429,0.6428571428571429,1.1584733729136962,14,1.0
grid,NatGas (GAS_US),2010-04-01,True,True,0.48412698412698413,0.48412698412698413,1.0961454310155525,5,1.0
grid,NatGas (GAS_US),2010-05-03,True,True,0.4007936507936508,0.4007936507936508,1.1260599570912013,6,1.0
grid,NatGas (GAS_US),2010-06-01,True,True,0.30158730158730157,0.30158730158730157,1.0764371663485677,4,1.0
grid,NatGas (GAS_US),2010-07-01,True,True,0.2896825396825397,0.2896825396825397,1.043371453837169,12,1.0
grid,NatGas (GAS_US),2010-08-02,True,True,0.21825396825396826,0.21825396825396826,1.0029254478956084,12,1.0
grid,NatGas (GAS_US),2010-09-01,True,True,1.1825396825396826,1.1825396825396826,1.2098182266477875,12,1.0
grid,NatGas (GAS_US),2010-10-01,True,True,1.1111111111111112,1.1111111111111112,1.235064336335566,12,1.0
grid,NatGas (GAS_US),2010-11-01,True,True,1.0238095238095237,1.0238095238095237,1.229535491088443,11,1.0
grid,NatGas (GAS_US),2010-12-01,True,True,0.9404761904761905,0.9404761904761905,1.173944631545652,9,1.0
grid,NatGas (GAS_US),2011-01-03,True,True,0.8373015873015873,0.8373015873015873,1.0907906807569205,5,1.0
grid,NatGas (GAS_US),2011-02-01,True,True,0.7777777777777778,0.7777777777777778,1.1063122042892581,5,1.0
grid,NatGas (GAS_US),2011-03-01,True,True,0.7023809523809523,0.7023809523809523,1.1659309814180598,7,1.0
grid,NatGas (GAS_US),2011-04-01,True,True,0.5952380952380952,0.5952380952380952,1.0944329134928588,5,1.0
grid,NatGas (GAS_US),2011-05-02,True,True,0.5198412698412699,0.5198412698412699,1.0462484056256904,3,1.0
grid,NatGas (GAS_US),2011-06-01,True,True,0.4444444444444444,0.4444444444444444,1.0218997623736878,1,1.0
grid,NatGas (GAS_US),2011-07-01,True,True,0.376984126984127,0.376984126984127,1.0213200749786453,0,
grid,NatGas (GAS_US),2011-08-01,True,True,0.36507936507936506,0.36507936507936506,1.008432411645471,0,
grid,NatGas (GAS_US),2011-09-01,True,True,0.2857142857142857,0.2857142857142857,0.9995,0,
grid,NatGas (GAS_US),2011-10-03,True,True,0.27380952380952384,0.27380952380952384,1.0032033730435512,0,
grid,NatGas (GAS_US),2011-11-01,True,True,0.19047619047619047,0.19047619047619047,0.9995,0,
grid,NatGas (GAS_US),2011-12-01,True,True,0.11904761904761904,0.11904761904761904,0.9995,1,1.0
grid,NatGas (GAS_US),2012-01-03,True,True,0.23412698412698413,0.23412698412698413,1.0168383543511959,4,1.0
grid,NatGas (GAS_US),2012-02-01,True,True,0.19047619047619047,0.19047619047619047,1.0443643842371184,40,1.0
grid,NatGas (GAS_US),2012-03-01,True,True,2.8253968253968256,2.8253968253968256,1.8306061323102578,43,1.0
grid,NatGas (GAS_US),2012-04-02,True,True,2.734126984126984,2.734126984126984,1.9760575755081013,43,1.0
grid,NatGas (GAS_US),2012-05-01,True,True,2.6507936507936507,2.6507936507936507,1.8861761836042499,40,1.0
grid,NatGas (GAS_US),2012-06-01,True,True,2.5515873015873014,2.5515873015873014,1.875288783788315,38,1.0
grid,NatGas (GAS_US),2012-07-02,True,True,2.4682539682539684,2.4682539682539684,1.5796507079084454,30,1.0
grid,NatGas (GAS_US),2012-08-01,True,True,2.384920634920635,2.384920634920635,1.4750037061273105,28,1.0
grid,NatGas (GAS_US),2012-09-04,True,True,2.2936507936507935,2.2936507936507935,1.649033470407321,32,1.0
grid,NatGas (GAS_US),2012-10-01,True,True,2.2103174603174605,2.2103174603174605,1.414598805263391,25,1.0
grid,NatGas (GAS_US),2012-11-01,True,True,2.126984126984127,2.126984126984127,1.4615538981261762,27,1.0
grid,NatGas (GAS_US),2012-12-03,True,True,2.0396825396825395,2.0396825396825395,1.4715583580811467,26,1.0
grid,NatGas (GAS_US),2013-01-02,True,True,0.6031746031746031,0.6031746031746031,1.1455983162006071,25,1.0
grid,NatGas (GAS_US),2013-02-01,True,True,0.5119047619047619,0.5119047619047619,1.1216326819497138,24,1.0
grid,NatGas (GAS_US),2013-03-01,True,True,0.6825396825396826,0.6825396825396826,1.1211957315811059,24,1.0
grid,NatGas (GAS_US),2013-04-01,True,True,0.36507936507936506,0.36507936507936506,1.0401550019101538,21,1.0
grid,NatGas (GAS_US),2013-05-01,True,True,1.6349206349206349,1.6349206349206349,1.249154158831915,18,1.0
grid,NatGas (GAS_US),2013-06-03,True,True,1.5476190476190477,1.5476190476190477,1.2890613239926443,18,1.0
grid,NatGas (GAS_US),2013-07-01,True,True,1.4682539682539681,1.4682539682539681,1.3316704474789203,18,1.0
grid,NatGas (GAS_US),2013-08-01,True,True,1.376984126984127,1.376984126984127,1.3070866156974132,16,1.0
grid,NatGas (GAS_US),2013-09-03,True,True,1.2896825396825398,1.2896825396825398,1.2686081889818155,15,1.0
grid,NatGas (GAS_US),2013-10-01,True,True,1.2103174603174602,1.2103174603174602,1.2522703570137121,14,1.0
grid,NatGas (GAS_US),2013-11-01,True,True,1.119047619047619,1.119047619047619,1.2723341691733447,14,1.0
grid,NatGas (GAS_US),2013-12-02,True,True,1.0396825396825398,1.0396825396825398,1.2084283222965657,12,1.0
grid,NatGas (GAS_US),2014-01-02,True,True,0.9563492063492064,0.9563492063492064,1.144337347242071,10,1.0
grid,NatGas (GAS_US),2014-02-03,True,True,0.873015873015873,0.873015873015873,1.0909180328220924,8,1.0
grid,NatGas (GAS_US),2014-03-03,True,True,0.7976190476190477,0.7976190476190477,1.0423796880936433,6,1.0
grid,NatGas (GAS_US),2014-04-01,True,True,0.7142857142857143,0.7142857142857143,1.0620663441669138,7,1.0
grid,NatGas (GAS_US),2014-05-01,True,True,0.6349206349206349,0.6349206349206349,1.0214031338501777,4,1.0
grid,NatGas (GAS_US),2014-06-02,True,True,0.5555555555555556,0.5555555555555556,1.048233707103518,4,1.0
grid,NatGas (GAS_US),2014-07-01,True,True,0.4722222222222222,0.4722222222222222,1.111194718619922,6,1.0
grid,NatGas (GAS_US),2014-08-06,True,True,0.3968253968253968,0.3968253968253968,1.0983797358982672,4,1.0
grid,NatGas (GAS_US),2014-09-01,True,True,0.3253968253968254,0.3253968253968254,1.1203136309466037,5,1.0
grid,NatGas (GAS_US),2014-10-01,True,True,0.23809523809523808,0.23809523809523808,1.0996767416675115,4,1.0
grid,NatGas (GAS_US),2014-11-03,True,True,0.1388888888888889,0.1388888888888889,1.0722662691732294,3,1.0
grid,NatGas (GAS_US),2014-12-01,True,True,0.10714285714285714,0.10714285714285714,0.9995,4,1.0
grid,NatGas (GAS_US),2015-01-02,True,True,0.8214285714285714,0.8214285714285714,1.1278244436785667,9,1.0
grid,NatGas (GAS_US),2015-02-02,True,True,0.75,0.75,1.1519115750489048,8,1.0
grid,NatGas (GAS_US),2015-03-02,True,True,0.6666666666666666,0.6666666666666666,1.122042467031278,7,1.0
grid,NatGas (GAS_US),2015-04-01,True,True,0.5714285714285714,0.5714285714285714,1.0972292287719847,5,1.0
grid,NatGas (GAS_US),2015-05-01,True,True,0.4880952380952381,0.4880952380952381,1.0491465964371989,3,1.0
grid,NatGas (GAS_US),2015-06-01,True,True,0.48412698412698413,0.48412698412698413,1.0734187150776797,3,1.0
grid,NatGas (GAS_US),2015-07-01,True,True,0.3968253968253968,0.3968253968253968,1.0187690306115234,0,
grid,NatGas (GAS_US),2015-08-03,True,True,0.24206349206349206,0.24206349206349206,1.0231264735652454,1,1.0
grid,NatGas (GAS_US),2015-09-02,True,True,0.25793650793650796,0.25793650793650796,1.0168406277347735,0,
grid,NatGas (GAS_US),2015-10-01,True,True,0.20634920634920634,0.20634920634920634,1.015609446211777,3,1.0
grid,NatGas (GAS_US),2015-11-02,True,True,0.3134920634920635,0.3134920634920635,1.0548507628727886,38,1.0
grid,NatGas (GAS_US),2015-12-01,True,True,2.0674603174603177,2.0674603174603177,1.4808140770911289,44,1.0
grid,NatGas (GAS_US),2016-01-04,True,True,0.15476190476190477,0.15476190476190477,1.0171942408179047,38,1.0
grid,NatGas (GAS_US),2016-02-01,True,True,1.8888888888888888,1.8888888888888888,1.382779092344772,35,1.0
grid,NatGas (GAS_US),2016-03-01,True,True,1.7936507936507937,1.7936507936507937,1.4638833008430425,22,1.0
grid,NatGas (GAS_US),2016-04-01,True,True,1.7063492063492063,1.7063492063492063,1.4186614708256995,21,1.0
grid,NatGas (GAS_US),2016-05-02,True,True,1.5992063492063493,1.5992063492063493,1.3606495464888748,19,1.0
grid,NatGas (GAS_US),2016-06-01,True,True,1.5119047619047619,1.5119047619047619,1.3206276054567683,18,1.0
grid,NatGas (GAS_US),2016-07-01,True,True,1.4484126984126984,1.4484126984126984,1.258839759413309,32,1.0
grid,NatGas (GAS_US),2016-08-01,True,True,1.3373015873015872,1.3373015873015872,1.253917569211675,18,1.0
grid,NatGas (GAS_US),2016-09-01,True,True,1.1785714285714286,1.1785714285714286,1.214315600069714,16,1.0
grid,NatGas (GAS_US),2016-10-03,True,True,0.8452380952380952,0.8452380952380952,1.1580467851582794,15,1.0
grid,NatGas (GAS_US),2016-11-01,True,True,0.6825396825396826,0.6825396825396826,1.145147170117855,14,1.0
grid,NatGas (GAS_US),2016-12-01,True,True,0.6746031746031746,0.6746031746031746,1.0646718174818095,7,1.0
grid,NatGas (GAS_US),2017-01-03,True,True,0.9444444444444444,0.9444444444444444,1.0891656803784198,25,1.0
grid,NatGas (GAS_US),2017-02-01,True,True,0.876984126984127,0.876984126984127,1.0943905679443358,25,1.0
grid,NatGas (GAS_US),2017-03-01,True,True,0.7976190476190477,0.7976190476190477,1.0835361968800765,23,1.0
grid,NatGas (GAS_US),2017-04-03,True,True,0.6944444444444444,0.6944444444444444,1.0573832252847633,22,1.0
grid,NatGas (GAS_US),2017-05-01,True,True,0.6190476190476191,0.6190476190476191,1.037277123017071,22,1.0
grid,NatGas (GAS_US),2017-06-01,True,True,1.5634920634920635,1.5634920634920635,1.3497052755287349,19,1.0
grid,NatGas (GAS_US),2017-07-03,True,True,1.4761904761904763,1.4761904761904763,1.3796106851779188,20,1.0
grid,NatGas (GAS_US),2017-08-01,True,True,1.4007936507936507,1.4007936507936507,1.4015030254134424,20,1.0
grid,NatGas (GAS_US),2017-09-01,True,True,1.3095238095238095,1.3095238095238095,1.3534570941778823,19,1.0
grid,NatGas (GAS_US),2017-10-02,True,True,1.2261904761904763,1.2261904761904763,1.3879166415532862,19,1.0
grid,NatGas (GAS_US),2017-11-01,True,True,1.1388888888888888,1.1388888888888888,1.4155467468034495,19,1.0
grid,NatGas (GAS_US),2017-12-01,True,True,1.0515873015873016,1.0515873015873016,1.4120057248351425,19,1.0
grid,NatGas (GAS_US),2018-01-02,True,True,0.9682539682539683,0.9682539682539683,1.3660719198333053,16,1.0
grid,NatGas (GAS_US),2018-02-01,True,True,0.8849206349206349,0.8849206349206349,1.2663112856331078,12,1.0
grid,NatGas (GAS_US),2018-03-01,True,True,0.8015873015873016,0.8015873015873016,1.2582188102250427,11,1.0
grid,NatGas (GAS_US),2018-04-02,True,True,0.7222222222222222,0.7222222222222222,1.2902460661359088,12,1.0
grid,NatGas (GAS_US),2018-05-01,True,True,0.6388888888888888,0.6388888888888888,1.2597360934754758,11,1.0
grid,NatGas (GAS_US),2018-06-01,True,True,0.5555555555555556,0.5555555555555556,1.251233986009643,11,1.0
grid,NatGas (GAS_US),2018-07-02,True,True,0.46825396825396826,0.46825396825396826,1.2626635835054383,11,1.0
grid,NatGas (GAS_US),2018-08-01,True,True,0.3531746031746032,0.3531746031746032,1.269671303066052,11,1.0
grid,NatGas (GAS_US),2018-09-05,True,True,0.2619047619047619,0.2619047619047619,1.2475171730713628,10,1.0
grid,NatGas (GAS_US),2018-10-01,True,True,0.24603174603174602,0.24603174603174602,1.2017248231288282,9,1.0
grid,NatGas (GAS_US),2018-11-01,True,True,0.12698412698412698,0.12698412698412698,1.1799157814837746,8,1.0
grid,NatGas (GAS_US),2018-12-03,True,True,0.07936507936507936,0.07936507936507936,1.0233090083097585,4,1.0
grid,NatGas (GAS_US),2019-01-01,True,True,0.4722222222222222,0.4722222222222222,1.0229606575389982,9,1.0
grid,NatGas (GAS_US),2019-02-01,True,True,0.3888888888888889,0.3888888888888889,1.022350996100033,9,1.0
grid,NatGas (GAS_US),2019-03-01,True,True,0.4166666666666667,0.4166666666666667,1.004616942158674,8,1.0
grid,NatGas (GAS_US),2019-04-01,True,True,0.6984126984126984,0.6984126984126984,1.0680160856398744,8,1.0
grid,NatGas (GAS_US),2019-05-01,True,True,0.7261904761904762,0.7261904761904762,1.1187956438568627,8,1.0
grid,NatGas (GAS_US),2019-06-03,True,True,0.6388888888888888,0.6388888888888888,1.1203034906112046,6,1.0
grid,NatGas (GAS_US),2019-07-01,True,True,0.5555555555555556,0.5555555555555556,1.1292772769917552,6,1.0
grid,NatGas (GAS_US),2019-08-01,True,True,0.4246031746031746,0.4246031746031746,1.1236901643964743,6,1.0
grid,NatGas (GAS_US),2019-09-03,True,True,0.32936507936507936,0.32936507936507936,1.0742011688149335,4,1.0
grid,NatGas (GAS_US),2019-10-01,True,True,0.3055555555555556,0.3055555555555556,1.04772863631117,2,1.0
grid,NatGas (GAS_US),2019-11-01,True,True,0.21428571428571427,0.21428571428571427,1.0233080141896207,1,1.0
grid,NatGas (GAS_US),2019-12-02,True,True,0.3055555555555556,0.3055555555555556,1.0182319311640882,8,1.0
grid,NatGas (GAS_US),2020-01-01,True,True,0.2619047619047619,0.2619047619047619,1.0040832217290372,8,1.0
grid,NatGas (GAS_US),2020-02-03,True,True,0.376984126984127,0.376984126984127,1.1396230966694252,39,1.0
grid,NatGas (GAS_US),2020-03-02,True,True,0.2976190476190476,0.2976190476190476,1.1120174564917618,6,1.0
grid,NatGas (GAS_US),2020-04-01,True,True,0.23412698412698413,0.23412698412698413,1.1229399948090035,41,1.0
grid,NatGas (GAS_US),2020-05-01,True,True,0.12698412698412698,0.12698412698412698,1.0238448390233852,2,1.0
grid,NatGas (GAS_US),2020-06-01,True,True,0.5158730158730159,0.5158730158730159,1.2159525073312063,11,1.0
grid,NatGas (GAS_US),2020-07-01,True,True,0.42857142857142855,0.42857142857142855,1.2196158850647838,10,1.0
grid,NatGas (GAS_US),2020-08-03,True,True,0.3412698412698413,0.3412698412698413,1.1032858964652261,6,1.0
grid,NatGas (GAS_US),2020-09-01,True,True,0.25793650793650796,0.25793650793650796,1.0458127925352463,26,1.0
grid,NatGas (GAS_US),2020-10-01,True,True,0.1746031746031746,0.1746031746031746,1.0476100031395936,31,1.0
grid,NatGas (GAS_US),2020-11-02,True,True,0.09523809523809523,0.09523809523809523,0.9995,30,1.0
grid,NatGas (GAS_US),2020-12-01,True,True,1.0,1.0,1.6868357266267764,26,1.0
grid,NatGas (GAS_US),2021-01-04,True,True,0.9126984126984127,0.9126984126984127,1.749882969145735,25,1.0
grid,NatGas (GAS_US),2021-02-01,True,True,0.8373015873015873,0.8373015873015873,1.6836147403375008,24,1.0
grid,NatGas (GAS_US),2021-03-01,True,True,0.7619047619047619,0.7619047619047619,1.661618566756135,23,1.0
grid,NatGas (GAS_US),2021-04-01,True,True,0.6706349206349206,0.6706349206349206,1.709114184604544,23,1.0
grid,NatGas (GAS_US),2021-05-03,True,True,0.5873015873015873,0.5873015873015873,1.620357658352358,21,1.0
grid,NatGas (GAS_US),2021-06-01,True,True,0.5079365079365079,0.5079365079365079,1.5484219702159832,19,1.0
grid,NatGas (GAS_US),2021-07-01,True,True,0.42063492063492064,0.42063492063492064,1.4351318226360215,17,1.0
grid,NatGas (GAS_US),2021-08-02,True,True,0.3373015873015873,0.3373015873015873,1.352112587627051,15,1.0
grid,NatGas (GAS_US),2021-09-01,True,True,0.25,0.25,1.2425147012813362,12,1.0
grid,NatGas (GAS_US),2021-10-01,True,True,0.16666666666666666,0.16666666666666666,1.073016263565045,6,1.0
grid,NatGas (GAS_US),2021-11-01,True,True,0.0873015873015873,0.0873015873015873,1.0486913119447847,3,1.0
grid,NatGas (GAS_US),2021-12-01,True,True,0.5753968253968254,0.5753968253968254,1.9132278934673816,26,1.0
grid,NatGas (GAS_US),2022-01-03,True,True,0.4880952380952381,0.4880952380952381,1.9854585621916023,25,1.0
grid,NatGas (GAS_US),2022-02-01,True,True,0.4087301587301587,0.4087301587301587,1.6701531426064171,21,1.0
grid,NatGas (GAS_US),2022-03-01,True,True,0.31746031746031744,0.31746031746031744,1.6445760504542402,18,1.0
grid,NatGas (GAS_US),2022-04-01,True,True,0.2261904761904762,0.2261904761904762,1.4159701750155285,14,1.0
grid,NatGas (GAS_US),2022-05-02,True,True,0.14285714285714285,0.14285714285714285,1.1696069671182214,7,1.0
grid,NatGas (GAS_US),2022-06-01,True,True,0.05952380952380952,0.05952380952380952,1.0232748791481272,1,1.0
grid,NatGas (GAS_US),2022-07-01,True,True,0.28174603174603174,0.28174603174603174,1.366310403710535,12,1.0
grid,NatGas (GAS_US),2022-08-01,True,True,0.21428571428571427,0.21428571428571427,1.1333292058416908,6,1.0
grid,NatGas (GAS_US),2022-09-01,True,True,0.12301587301587301,0.12301587301587301,1.0513021976905834,3,1.0
grid,NatGas (GAS_US),2022-10-03,True,True,0.23809523809523808,0.23809523809523808,1.2057031117594916,11,1.0
grid,NatGas (GAS_US),2022-11-01,True,True,0.09523809523809523,0.09523809523809523,1.12701430963974,8,1.0
grid,NatGas (GAS_US),2022-12-01,True,True,0.07142857142857142,0.07142857142857142,1.0763103459280126,3,1.0
grid,NatGas (GAS_US),2023-01-03,True,True,0.07936507936507936,0.07936507936507936,1.0130897316262926,1,1.0
grid,NatGas (GAS_US),2023-02-01,True,True,0.15873015873015872,0.15873015873015872,1.1152807791460966,7,1.0
grid,NatGas (GAS_US),2023-03-01,True,True,0.07539682539682539,0.07539682539682539,1.02337999996617,3,1.0
martingale,"WTI (Dec, CRUDE_W)",1991-01-02,True,False,7.341269841269841,7.341269841269841,1.3639251522673876,1261,0.5249801744647106
martingale,"WTI (Dec, CRUDE_W)",1991-02-01,True,False,5.392857142857143,5.392857142857143,1.3496888490172676,1257,0.5250596658711217
martingale,"WTI (Dec, CRUDE_W)",1991-03-01,True,False,5.317460317460317,5.317460317460317,1.339264657388169,1254,0.5255183413078149
martingale,"WTI (Dec, CRUDE_W)",1991-04-01,True,False,5.238095238095238,5.238095238095238,1.3234869467697343,1252,0.5255591054313099
martingale,"WTI (Dec, CRUDE_W)",1991-05-01,True,False,5.150793650793651,5.150793650793651,1.2853738173394977,1250,0.5248
martingale,"WTI (Dec, CRUDE_W)",1991-06-03,True,False,5.063492063492063,5.063492063492063,1.2865297454808726,1251,0.5243804956035172
martingale,"WTI (Dec, CRUDE_W)",1991-07-01,True,False,4.984126984126984,4.984126984126984,1.2757777280681362,1248,0.5248397435897436
martingale,"WTI (Dec, CRUDE_W)",1991-08-01,True,False,4.896825396825397,4.896825396825397,1.277658954476347,1247,0.5252606255012029
martingale,"WTI (Dec, CRUDE_W)",1991-09-03,True,False,4.809523809523809,4.809523809523809,1.2609479208216916,1246,0.5248796147672552
martingale,"WTI (Dec, CRUDE_W)",1991-10-01,True,False,4.73015873015873,4.73015873015873,1.2464723921380425,1244,0.52491961414791
martingale,"WTI (Dec, CRUDE_W)",1991-11-01,True,False,4.638888888888889,4.638888888888889,1.2130222858721142,1242,0.5241545893719807
martingale,"WTI (Dec, CRUDE_W)",1991-12-02,True,False,4.555555555555555,4.555555555555555,1.1966254354255668,1240,0.5241935483870968
martingale,"WTI (Dec, CRUDE_W)",1992-01-02,True,False,4.4603174603174605,4.4603174603174605,1.1469738713477988,1239,0.5230024213075061
martingale,"WTI (Dec, CRUDE_W)",1992-02-03,True,False,4.373015873015873,4.373015873015873,1.1600944156087818,1237,0.5238480194017785
martingale,"WTI (Dec, CRUDE_W)",1992-03-02,True,False,4.2976190476190474,4.2976190476190474,1.1430112606794502,1236,0.5234627831715211
martingale,"WTI (Dec, CRUDE_W)",1992-04-01,True,False,4.2103174603174605,4.2103174603174605,1.1487198920147357,1235,0.5238866396761134
martingale,"WTI (Dec, CRUDE_W)",1992-05-01,True,False,4.126984126984127,4.126984126984127,1.1186109817509755,1233,0.5231143552311436
martingale,"WTI (Dec, CRUDE_W)",1992-06-01,True,False,4.063492063492063,4.063492063492063,1.206642047246061,1230,0.524390243902439
martingale,"WTI (Dec, CRUDE_W)",1992-07-01,True,False,3.9761904761904763,3.9761904761904763,1.1972811122477744,1228,0.5244299674267101
martingale,"WTI (Dec, CRUDE_W)",1992-08-03,True,False,3.873015873015873,3.873015873015873,1.1250425935573058,1231,0.5231519090170593
martingale,"WTI (Dec, CRUDE_W)",1992-09-01,True,False,3.8055555555555554,3.8055555555555554,1.187388066616213,1226,0.5244698205546493
martingale,"WTI (Dec, CRUDE_W)",1992-10-01,True,False,3.7063492063492065,3.7063492063492065,1.1505096178470071,1224,0.5236928104575164
martingale,"WTI (Dec, CRUDE_W)",1992-11-02,True,False,3.630952380952381,3.630952380952381,1.1764592691610425,1224,0.5245098039215687
martingale,"WTI (Dec, CRUDE_W)",1992-12-01,True,False,3.5436507936507935,3.5436507936507935,1.1681897161514303,1223,0.5241210139002453
martingale,"WTI (Dec, CRUDE_W)",1993-01-04,True,False,3.4603174603174605,3.4603174603174605,1.1710569516656235,1223,0.5241210139002453
martingale,"WTI (Dec, CRUDE_W)",1993-02-01,True,False,3.392857142857143,3.392857142857143,1.1668734722650653,1222,0.5245499181669394
martingale,"WTI (Dec, CRUDE_W)",1993-03-02,True,False,3.3055555555555554,3.3055555555555554,1.1455394565323602,1224,0.5236928104575164
martingale,"WTI (Dec, CRUDE_W)",1993-04-01,True,False,3.234126984126984,3.234126984126984,1.1795828738177792,1222,0.5253682487725041
martingale,"WTI (Dec, CRUDE_W)",1993-05-03,True,False,3.1468253968253967,3.1468253968253967,1.1679821260544156,1221,0.5249795249795249
martingale,"WTI (Dec, CRUDE_W)",1993-06-01,True,False,3.0674603174603177,3.0674603174603177,1.1739615387862659,1220,0.5254098360655738
martingale,"WTI (Dec, CRUDE_W)",1993-07-01,True,False,2.9682539682539684,2.9682539682539684,1.164756426884944,1220,0.5245901639344263
martingale,"WTI (Dec, CRUDE_W)",1993-08-02,True,False,2.884920634920635,2.884920634920635,1.1484711271200125,1217,0.524239934264585
martingale,"WTI (Dec, CRUDE_W)",1993-09-02,True,False,2.7976190476190474,2.7976190476190474,1.1538646723998611,1215,0.5251028806584362
martingale,"WTI (Dec, CRUDE_W)",1993-10-01,True,False,2.7182539682539684,2.7182539682539684,1.1220058393033339,1213,0.5243198680956307
martingale,"WTI (Dec, CRUDE_W)",1993-11-01,True,False,2.634920634920635,2.634920634920635,1.1565737836007182,1215,0.5251028806584362
martingale,"WTI (Dec, CRUDE_W)",1993-12-01,True,False,2.5555555555555554,2.5555555555555554,1.1395012092745553,1213,0.5243198680956307
martingale,"WTI (Dec, CRUDE_W)",1994-01-03,True,False,2.4722222222222223,2.4722222222222223,1.1146372590049771,1210,0.5239669421487604
martingale,"WTI (Dec, CRUDE_W)",1994-02-01,True,False,2.388888888888889,2.388888888888889,1.1179176211191304,1208,0.5248344370860927
martingale,"WTI (Dec, CRUDE_W)",1994-03-01,True,False,2.2976190476190474,2.2976190476190474,1.1080938465099897,1207,0.5244407622203812
martingale,"WTI (Dec, CRUDE_W)",1994-04-04,True,False,2.2063492063492065,2.2063492063492065,1.081710459547532,1203,0.5245220282626767
martingale,"WTI (Dec, CRUDE_W)",1994-05-02,True,False,2.130952380952381,2.130952380952381,1.0818459986432143,1203,0.5245220282626767
martingale,"WTI (Dec, CRUDE_W)",1994-06-01,True,False,2.0476190476190474,2.0476190476190474,1.0654556612859012,1202,0.5241264559068219
martingale,"WTI (Dec, CRUDE_W)",1994-07-01,True,False,1.9603174603174602,1.9603174603174602,1.0527860972580378,1200,0.5241666666666667
martingale,"WTI (Dec, CRUDE_W)",1994-08-01,True,False,1.880952380952381,1.880952380952381,1.0195038936865655,1199,0.5229357798165137
martingale,"WTI (Dec, CRUDE_W)",1994-09-01,True,False,1.7896825396825398,1.7896825396825398,1.0127501154554246,1195,0.5238493723849372
martingale,"WTI (Dec, CRUDE_W)",1994-10-03,True,False,1.7222222222222223,1.7222222222222223,1.049081944520109,1193,0.5247275775356245
martingale,"WTI (Dec, CRUDE_W)",1994-11-01,True,False,1.623015873015873,1.623015873015873,1.0255614817871348,1192,0.5234899328859061
martingale,"WTI (Dec, CRUDE_W)",1994-12-01,True,False,1.5595238095238095,1.5595238095238095,1.0451199297550566,1192,0.5243288590604027
martingale,"WTI (Dec, CRUDE_W)",1995-01-03,True,False,1.4761904761904763,1.4761904761904763,1.0628982624189813,1192,0.5251677852348994
martingale,"WTI (Dec, CRUDE_W)",1995-02-01,True,False,1.3928571428571428,1.3928571428571428,1.0475448299202845,1192,0.5243288590604027
martingale,"WTI (Dec, CRUDE_W)",1995-03-01,True,False,1.2896825396825398,1.2896825396825398,1.0603434675765404,1194,0.52428810720268
martingale,"WTI (Dec, CRUDE_W)",1995-04-03,True,False,1.2261904761904763,1.2261904761904763,1.035398545352441,1190,0.5243697478991597
martingale,"WTI (Dec, CRUDE_W)",1995-05-01,True,False,1.1507936507936507,1.1507936507936507,1.0352481613697166,1190,0.5243697478991597
martingale,"WTI (Dec, CRUDE_W)",1995-06-01,True,False,1.0634920634920635,1.0634920634920635,1.0387096241540612,1189,0.5248107653490328
martingale,"WTI (Dec, CRUDE_W)",1995-07-05,True,False,0.6587301587301587,0.6587301587301587,1.023758282462521,1189,0.5239697224558453
martingale,"WTI (Dec, CRUDE_W)",1995-08-01,True,False,0.873015873015873,0.873015873015873,1.0253412373755395,1188,0.5244107744107744
martingale,"WTI (Dec, CRUDE_W)",1995-09-01,True,False,0.8095238095238095,0.8095238095238095,1.0245298369050517,1186,0.524451939291737
martingale,"WTI (Dec, CRUDE_W)",1995-10-02,True,False,0.4126984126984127,0.4126984126984127,1.0144585266388586,1186,0.524451939291737
martingale,"WTI (Dec, CRUDE_W)",1995-11-01,True,False,0.6428571428571429,0.6428571428571429,1.0346250733659255,1184,0.5253378378378378
martingale,"WTI (Dec, CRUDE_W)",1995-12-01,True,False,0.5634920634920635,0.5634920634920635,1.034942572561301,1184,0.5253378378378378
martingale,"WTI (Dec, CRUDE_W)",1996-01-02,True,False,0.48412698412698413,0.48412698412698413,1.020792100113122,1183,0.5249366018596788
martingale,"WTI (Dec, CRUDE_W)",1996-02-01,True,False,0.4007936507936508,0.4007936507936508,1.0469975866452625,1183,0.525781910397295
martingale,"WTI (Dec, CRUDE_W)",1996-03-01,True,False,0.32142857142857145,0.32142857142857145,1.0384688765444925,1180,0.5262711864406779
martingale,"WTI (Dec, CRUDE_W)",1996-04-01,True,False,0.23809523809523808,0.23809523809523808,1.008931047131315,1178,0.5254668930390493
martingale,"WTI (Dec, CRUDE_W)",1996-05-01,True,False,2.0595238095238093,2.0595238095238093,1.3778375746855651,1175,0.5268085106382979
martingale,"WTI (Dec, CRUDE_W)",1996-06-03,True,False,1.9722222222222223,1.9722222222222223,1.3842013790643493,1175,0.5268085106382979
martingale,"WTI (Dec, CRUDE_W)",1996-07-01,True,False,1.9007936507936507,1.9007936507936507,1.3716368653684277,1172,0.5281569965870307
martingale,"WTI (Dec, CRUDE_W)",1996-08-01,True,False,1.8015873015873016,1.8015873015873016,1.3341032721142074,1169,0.5278015397775877
martingale,"WTI (Dec, CRUDE_W)",1996-09-03,True,False,1.7103174603174602,1.7103174603174602,1.2571014420594604,1166,0.5265866209262435
martingale,"WTI (Dec, CRUDE_W)",1996-10-01,True,False,1.630952380952381,1.630952380952381,1.186266318813255,1161,0.5254091300602929
martingale,"WTI (Dec, CRUDE_W)",1996-11-01,True,False,1.5396825396825398,1.5396825396825398,1.1547438748189713,1157,0.5254969749351772
martingale,"WTI (Dec, CRUDE_W)",1996-12-02,True,False,1.4642857142857142,1.4642857142857142,1.1405262099095719,1154,0.5259965337954939
martingale,"WTI (Dec, CRUDE_W)",1997-01-02,True,False,1.380952380952381,1.380952380952381,1.1642428132499265,1155,0.5264069264069264
martingale,"WTI (Dec, CRUDE_W)",1997-02-03,True,False,1.2936507936507937,1.2936507936507937,1.1578205932042314,1150,0.5278260869565218
martingale,"WTI (Dec, CRUDE_W)",1997-03-03,True,False,1.2142857142857142,1.2142857142857142,1.1391900596703128,1148,0.5270034843205574
martingale,"WTI (Dec, CRUDE_W)",1997-04-01,True,False,1.1349206349206349,1.1349206349206349,1.1188786839476548,1148,0.5261324041811847
martingale,"WTI (Dec, CRUDE_W)",1997-05-01,True,False,1.0476190476190477,1.0476190476190477,1.139735073415617,1146,0.5279232111692844
martingale,"WTI (Dec, CRUDE_W)",1997-06-02,True,False,0.9642857142857143,0.9642857142857143,1.1057151676545867,1144,0.5270979020979021
martingale,"WTI (Dec, CRUDE_W)",1997-07-01,True,False,0.8809523809523809,0.8809523809523809,1.1035222741878767,1141,0.5276073619631901
martingale,"WTI (Dec, CRUDE_W)",1997-08-01,True,False,0.7817460317460317,0.7817460317460317,1.0611143519615764,1138,0.5263620386643234
martingale,"WTI (Dec, CRUDE_W)",1997-09-02,True,False,0.6984126984126984,0.6984126984126984,1.0650111292604998,1137,0.5268249780123131
martingale,"WTI (Dec, CRUDE_W)",1997-10-01,True,False,0.6190476190476191,0.6190476190476191,1.0633878246027453,1136,0.5272887323943662
martingale,"WTI (Dec, CRUDE_W)",1997-11-03,True,False,0.5357142857142857,0.5357142857142857,1.090400974439446,1132,0.5291519434628975
martingale,"WTI (Dec, CRUDE_W)",1997-12-01,True,False,0.4523809523809524,0.4523809523809524,1.0591653464164665,1131,0.5278514588859416
martingale,"WTI (Dec, CRUDE_W)",1998-01-02,True,False,0.36507936507936506,0.36507936507936506,1.0475921051384627,1130,0.5274336283185841
martingale,"WTI (Dec, CRUDE_W)",1998-02-02,True,False,0.2857142857142857,0.2857142857142857,1.0418448982392856,1127,0.5279503105590062
martingale,"WTI (Dec, CRUDE_W)",1998-03-02,True,False,0.21031746031746032,0.21031746031746032,1.029163510738467,1126,0.5275310834813499
martingale,"WTI (Dec, CRUDE_W)",1998-04-01,True,False,2.5674603174603177,2.5674603174603177,1.8760639396213092,1121,0.528099910793934
martingale,"WTI (Dec, CRUDE_W)",1998-05-01,True,False,2.496031746031746,2.496031746031746,1.8992863204123414,1120,0.5285714285714286
martingale,"WTI (Dec, CRUDE_W)",1998-06-01,True,False,2.4166666666666665,2.4166666666666665,1.944873676055132,1117,0.5299910474485229
martingale,"WTI (Dec, CRUDE_W)",1998-07-01,True,False,2.3174603174603177,2.3174603174603177,1.9505230918537917,1114,0.5296229802513465
martingale,"WTI (Dec, CRUDE_W)",1998-08-03,True,False,2.2261904761904763,2.2261904761904763,1.9670701029271707,1111,0.5292529252925292
martingale,"WTI (Dec, CRUDE_W)",1998-09-01,True,False,2.142857142857143,2.142857142857143,1.9703280392593583,1110,0.5288288288288289
martingale,"WTI (Dec, CRUDE_W)",1998-10-01,True,False,2.0595238095238093,2.0595238095238093,1.8862807921117848,1105,0.5294117647058824
martingale,"WTI (Dec, CRUDE_W)",1998-11-02,True,False,1.9642857142857142,1.9642857142857142,1.9304549497023513,1102,0.52994555353902
martingale,"WTI (Dec, CRUDE_W)",1998-12-01,True,False,1.8849206349206349,1.8849206349206349,1.9463240967007112,1099,0.5286624203821656
martingale,"WTI (Dec, CRUDE_W)",1999-01-04,True,False,1.7976190476190477,1.7976190476190477,1.9125094943203707,1096,0.5273722627737226
martingale,"WTI (Dec, CRUDE_W)",1999-02-01,True,False,1.7222222222222223,1.7222222222222223,1.9440956548061932,1092,0.5293040293040293
martingale,"WTI (Dec, CRUDE_W)",1999-03-01,True,False,1.6468253968253967,1.6468253968253967,1.925086680960974,1089,0.5289256198347108
martingale,"WTI (Dec, CRUDE_W)",1999-04-01,True,False,1.5515873015873016,1.5515873015873016,1.710917175227746,1080,0.5277777777777778
martingale,"WTI (Dec, CRUDE_W)",1999-05-03,True,False,1.4682539682539681,1.4682539682539681,1.6431578579808281,1078,0.5269016697588126
martingale,"WTI (Dec, CRUDE_W)",1999-06-01,True,False,1.3849206349206349,1.3849206349206349,1.6518949899185318,1078,0.525974025974026
martingale,"WTI (Dec, CRUDE_W)",1999-07-01,True,False,1.3015873015873016,1.3015873015873016,1.562602783806026,1074,0.5260707635009311
martingale,"WTI (Dec, CRUDE_W)",1999-08-02,True,False,1.2182539682539681,1.2182539682539681,1.4929521543067847,1070,0.525233644859813
martingale,"WTI (Dec, CRUDE_W)",1999-09-01,True,False,1.130952380952381,1.130952380952381,1.4419903978567465,1068,0.5243445692883895
martingale,"WTI (Dec, CRUDE_W)",1999-10-01,True,False,1.0476190476190477,1.0476190476190477,1.3741894031000763,1065,0.5230046948356808
martingale,"WTI (Dec, CRUDE_W)",1999-11-01,True,False,0.9603174603174603,0.9603174603174603,1.3516446663649493,1058,0.5245746691871456
martingale,"WTI (Dec, CRUDE_W)",1999-12-01,True,False,0.8492063492063492,0.8492063492063492,1.3010956182905138,1055,0.5232227488151658
martingale,"WTI (Dec, CRUDE_W)",2000-01-04,True,False,0.7658730158730159,0.7658730158730159,1.2821929619520436,1053,0.5232668566001899
martingale,"WTI (Dec, CRUDE_W)",2000-02-01,True,False,0.6904761904761905,0.6904761904761905,1.2294087335010102,1050,0.5219047619047619
martingale,"WTI (Dec, CRUDE_W)",2000-03-01,True,False,0.6111111111111112,0.6111111111111112,1.1977778135651445,1048,0.5209923664122137
martingale,"WTI (Dec, CRUDE_W)",2000-04-03,True,False,0.5198412698412699,0.5198412698412699,1.2513951626528217,1047,0.5224450811843362
martingale,"WTI (Dec, CRUDE_W)",2000-05-01,True,False,0.4444444444444444,0.4444444444444444,1.2092337737028336,1043,0.5215723873441994
martingale,"WTI (Dec, CRUDE_W)",2000-06-01,True,False,0.35714285714285715,0.35714285714285715,1.124032465989608,1038,0.5202312138728323
martingale,"WTI (Dec, CRUDE_W)",2000-07-05,True,False,0.2698412698412698,0.2698412698412698,1.1180852868064706,1034,0.5212765957446809
martingale,"WTI (Dec, CRUDE_W)",2000-08-01,True,False,0.19444444444444445,0.19444444444444445,1.1078708403544053,1032,0.5213178294573644
martingale,"WTI (Dec, CRUDE_W)",2000-09-01,True,False,0.10317460317460317,0.10317460317460317,1.0524498732111844,1028,0.5204280155642024
martingale,"WTI (Dec, CRUDE_W)",2000-10-02,True,False,1.1706349206349207,1.1706349206349207,1.028677315381064,1020,0.5215686274509804
martingale,"WTI (Dec, CRUDE_W)",2000-11-01,True,False,1.0992063492063493,1.0992063492063493,1.1325195536842296,1012,0.5247035573122529
martingale,"WTI (Dec, CRUDE_W)",2000-12-01,True,False,1.003968253968254,1.003968253968254,1.0610785447847422,1010,0.5237623762376238
martingale,"WTI (Dec, CRUDE_W)",2001-01-02,True,False,0.9246031746031746,0.9246031746031746,1.063588909649018,1008,0.5238095238095238
martingale,"WTI (Dec, CRUDE_W)",2001-02-01,True,False,0.8412698412698413,0.8412698412698413,1.0413090015603002,1003,0.5244267198404786
martingale,"WTI (Dec, CRUDE_W)",2001-03-01,True,False,0.7658730158730159,0.7658730158730159,1.0662607582681123,998,0.5250501002004008
martingale,"WTI (Dec, CRUDE_W)",2001-04-02,True,False,0.6785714285714286,0.6785714285714286,1.0444365216486313,997,0.5245737211634904
martingale,"WTI (Dec, CRUDE_W)",2001-05-01,True,False,0.5992063492063492,0.5992063492063492,1.042963099045078,991,0.5257315842583249
martingale,"WTI (Dec, CRUDE_W)",2001-06-01,True,False,0.5158730158730159,0.5158730158730159,1.0633504038902355,991,0.5267406659939455
martingale,"WTI (Dec, CRUDE_W)",2001-07-02,True,False,0.42857142857142855,0.42857142857142855,1.0352313880190087,991,0.5257315842583249
martingale,"WTI (Dec, CRUDE_W)",2001-08-01,True,False,0.34523809523809523,0.34523809523809523,1.0388433017443732,987,0.5258358662613982
martingale,"WTI (Dec, CRUDE_W)",2001-09-04,True,False,0.25396825396825395,0.25396825396825395,1.0294830078234511,983,0.5269582909460834
martingale,"WTI (Dec, CRUDE_W)",2001-10-01,True,False,0.20634920634920634,0.20634920634920634,1.0831956846850161,976,0.5286885245901639
martingale,"WTI (Dec, CRUDE_W)",2001-11-01,True,False,0.11507936507936507,0.11507936507936507,1.0294254495605544,971,0.5272914521112255
martingale,"WTI (Dec, CRUDE_W)",2001-12-03,True,False,5.238095238095238,5.238095238095238,2.2373096803111925,966,0.5279503105590062
martingale,"WTI (Dec, CRUDE_W)",2002-01-02,True,False,5.353174603174603,5.353174603174603,2.2295549276028677,959,0.529718456725756
martingale,"WTI (Dec, CRUDE_W)",2002-02-01,True,False,5.079365079365079,5.079365079365079,2.243492495216924,956,0.5303347280334728
martingale,"WTI (Dec, CRUDE_W)",2002-03-01,True,False,5.003968253968254,5.003968253968254,2.1385189577495596,952,0.5294117647058824
martingale,"WTI (Dec, CRUDE_W)",2002-04-01,True,False,4.904761904761905,4.904761904761905,1.9199215018394646,947,0.5269271383315733
martingale,"WTI (Dec, CRUDE_W)",2002-05-01,True,False,4.825396825396825,4.825396825396825,1.9372710696613356,943,0.528101802757158
martingale,"WTI (Dec, CRUDE_W)",2002-06-03,True,False,7.218253968253968,7.218253968253968,6.182165159725431,939,0.5292864749733759
martingale,"WTI (Dec, CRUDE_W)",2002-07-01,True,False,7.138888888888889,7.138888888888889,6.058360052446711,937,0.5304162219850587
martingale,"WTI (Dec, CRUDE_W)",2002-08-01,True,False,7.055555555555555,7.055555555555555,6.053270923216943,936,0.5299145299145299
martingale,"WTI (Dec, CRUDE_W)",2002-09-03,True,False,6.964285714285714,6.964285714285714,5.767587907380945,932,0.5300429184549357
martingale,"WTI (Dec, CRUDE_W)",2002-10-01,True,False,6.884920634920635,6.884920634920635,5.425131968445813,931,0.5284640171858217
martingale,"WTI (Dec, CRUDE_W)",2002-11-01,True,False,6.7936507936507935,6.7936507936507935,5.613105285198832,929,0.5296017222820237
martingale,"WTI (Dec, CRUDE_W)",2002-12-02,True,False,6.718253968253968,6.718253968253968,5.569780326228488,928,0.5301724137931034
martingale,"WTI (Dec, CRUDE_W)",2003-01-02,True,False,6.634920634920635,6.634920634920635,5.412310358477424,926,0.5291576673866091
martingale,"WTI (Dec, CRUDE_W)",2003-02-03,True,False,6.551587301587301,6.551587301587301,5.139822839394007,923,0.5287107258938245
martingale,"WTI (Dec, CRUDE_W)",2003-03-03,True,False,6.476190476190476,6.476190476190476,4.939754226353902,922,0.527114967462039
martingale,"WTI (Dec, CRUDE_W)",2003-04-01,True,False,6.392857142857143,6.392857142857143,5.106776612290419,918,0.528322440087146
martingale,"WTI (Dec, CRUDE_W)",2003-05-01,True,False,4.067460317460317,4.067460317460317,2.0163925755913246,914,0.5273522975929978
martingale,"WTI (Dec, CRUDE_W)",2003-06-02,True,False,6.226190476190476,6.226190476190476,4.8454342786226725,912,0.5274122807017544
martingale,"WTI (Dec, CRUDE_W)",2003-07-01,True,False,6.142857142857143,6.142857142857143,4.6893097913792605,909,0.5269526952695269
martingale,"WTI (Dec, CRUDE_W)",2003-08-01,True,False,6.055555555555555,6.055555555555555,4.457768521871378,905,0.5259668508287293
martingale,"WTI (Dec, CRUDE_W)",2003-09-02,True,False,3.7301587301587302,3.7301587301587302,1.8652937792233526,904,0.5265486725663717
martingale,"WTI (Dec, CRUDE_W)",2003-10-01,True,False,3.6468253968253967,3.6468253968253967,1.839898760453776,900,0.5277777777777778
martingale,"WTI (Dec, CRUDE_W)",2003-11-03,True,False,3.5555555555555554,3.5555555555555554,1.7650999861177936,896,0.5267857142857143
martingale,"WTI (Dec, CRUDE_W)",2003-12-01,True,False,3.484126984126984,3.484126984126984,1.7238641189176365,891,0.5274971941638609
martingale,"WTI (Dec, CRUDE_W)",2004-01-05,True,False,5.626984126984127,5.626984126984127,4.019560353878153,889,0.5264341957255343
martingale,"WTI (Dec, CRUDE_W)",2004-02-02,True,False,5.551587301587301,5.551587301587301,4.0083424156928045,890,0.5258426966292135
martingale,"WTI (Dec, CRUDE_W)",2004-03-01,True,False,5.476190476190476,5.476190476190476,3.8867195236427663,886,0.5259593679458239
martingale,"WTI (Dec, CRUDE_W)",2004-04-01,True,False,5.380952380952381,5.380952380952381,3.799599449525851,883,0.5254813137032842
martingale,"WTI (Dec, CRUDE_W)",2004-05-03,True,False,5.2976190476190474,5.2976190476190474,3.680146126960779,880,0.525
martingale,"WTI (Dec, CRUDE_W)",2004-06-01,True,False,5.218253968253968,5.218253968253968,3.4999912352968257,877,0.5233751425313569
martingale,"WTI (Dec, CRUDE_W)",2004-07-01,True,False,5.134920634920635,5.134920634920635,3.446337706955299,872,0.5240825688073395
martingale,"WTI (Dec, CRUDE_W)",2004-08-02,True,False,5.011904761904762,5.011904761904762,3.3358535231021684,869,0.523590333716916
martingale,"WTI (Dec, CRUDE_W)",2004-09-01,True,False,4.964285714285714,4.964285714285714,3.304405165314103,861,0.5249709639953543
martingale,"WTI (Dec, CRUDE_W)",2004-10-01,True,False,4.841269841269841,4.841269841269841,3.075622642688446,858,0.5244755244755245
martingale,"WTI (Dec, CRUDE_W)",2004-11-01,True,False,4.801587301587301,4.801587301587301,3.0087207625097667,854,0.5245901639344263
martingale,"WTI (Dec, CRUDE_W)",2004-12-01,True,False,4.722222222222222,4.722222222222222,3.068443353155853,851,0.5252643948296122
martingale,"WTI (Dec, CRUDE_W)",2005-01-03,True,False,4.595238095238095,4.595238095238095,3.1248535691032733,847,0.525383707201889
martingale,"WTI (Dec, CRUDE_W)",2005-02-01,True,False,4.515873015873016,4.515873015873016,2.878659732579675,843,0.5243179122182681
martingale,"WTI (Dec, CRUDE_W)",2005-03-01,True,False,4.440476190476191,4.440476190476191,2.7290345970680803,842,0.5237529691211401
martingale,"WTI (Dec, CRUDE_W)",2005-04-01,True,False,4.353174603174603,4.353174603174603,2.4588014856104174,836,0.5215311004784688
martingale,"WTI (Dec, CRUDE_W)",2005-05-02,True,False,4.26984126984127,4.26984126984127,2.528630299240733,832,0.5228365384615384
martingale,"WTI (Dec, CRUDE_W)",2005-06-01,True,False,4.186507936507937,4.186507936507937,2.473743311903173,829,0.5235223160434258
martingale,"WTI (Dec, CRUDE_W)",2005-07-01,True,False,4.087301587301587,4.087301587301587,2.3352766642371403,825,0.5224242424242425
martingale,"WTI (Dec, CRUDE_W)",2005-08-01,True,False,4.007936507936508,4.007936507936508,2.237240207242877,821,0.5213154689403167
martingale,"WTI (Dec, CRUDE_W)",2005-09-01,True,False,3.9166666666666665,3.9166666666666665,2.1072394581621934,817,0.5201958384332925
martingale,"WTI (Dec, CRUDE_W)",2005-10-03,True,False,3.888888888888889,3.888888888888889,2.506070926942456,810,0.5234567901234568
martingale,"WTI (Dec, CRUDE_W)",2005-11-01,True,False,3.8055555555555554,3.8055555555555554,2.591754714525723,808,0.5222772277227723
martingale,"WTI (Dec, CRUDE_W)",2005-12-01,True,False,3.7261904761904763,3.7261904761904763,2.5929781210991623,804,0.5236318407960199
martingale,"WTI (Dec, CRUDE_W)",2006-01-03,True,False,3.5992063492063493,3.5992063492063493,2.4512771184908675,800,0.52375
martingale,"WTI (Dec, CRUDE_W)",2006-02-01,True,False,3.5198412698412698,3.5198412698412698,2.324387741122428,799,0.5219023779724656
martingale,"WTI (Dec, CRUDE_W)",2006-03-01,True,False,3.4444444444444446,3.4444444444444446,2.398475364687483,795,0.5245283018867924
martingale,"WTI (Dec, CRUDE_W)",2006-04-03,True,False,3.3531746031746033,3.3531746031746033,2.343855566782098,791,0.5259165613147914
martingale,"WTI (Dec, CRUDE_W)",2006-05-01,True,False,3.2777777777777777,3.2777777777777777,2.1768561633470926,788,0.5241116751269036
martingale,"WTI (Dec, CRUDE_W)",2006-06-01,True,False,3.1904761904761907,3.1904761904761907,2.2407722192444366,788,0.5241116751269036
martingale,"WTI (Dec, CRUDE_W)",2006-07-05,True,False,3.1031746031746033,3.1031746031746033,2.161718153708979,784,0.5255102040816326
martingale,"WTI (Dec, CRUDE_W)",2006-08-01,True,False,3.0277777777777777,3.0277777777777777,2.1354118358592697,781,0.5249679897567221
martingale,"WTI (Dec, CRUDE_W)",2006-09-01,True,False,2.9365079365079363,2.9365079365079363,2.2088147140146934,777,0.525096525096525
martingale,"WTI (Dec, CRUDE_W)",2006-10-02,True,False,2.8412698412698414,2.8412698412698414,2.2951261217517214,774,0.5232558139534884
martingale,"WTI (Dec, CRUDE_W)",2006-11-01,True,False,2.753968253968254,2.753968253968254,2.339659560259398,769,0.5240572171651495
martingale,"WTI (Dec, CRUDE_W)",2006-12-01,True,False,2.6746031746031744,2.6746031746031744,2.2745615465379587,768,0.5234375
martingale,"WTI (Dec, CRUDE_W)",2007-01-03,True,False,2.5952380952380953,2.5952380952380953,2.3782842232777126,766,0.5248041775456919
martingale,"WTI (Dec, CRUDE_W)",2007-02-01,True,False,2.5277777777777777,2.5277777777777777,2.51086631681518,763,0.528178243774574
martingale,"WTI (Dec, CRUDE_W)",2007-03-01,True,False,2.4404761904761907,2.4404761904761907,2.3035917964398855,762,0.5249343832020997
martingale,"WTI (Dec, CRUDE_W)",2007-04-02,True,False,2.3531746031746033,2.3531746031746033,2.2412566023115783,761,0.5243101182654402
martingale,"WTI (Dec, CRUDE_W)",2007-05-01,True,False,2.2738095238095237,2.2738095238095237,2.2914522864579667,759,0.525691699604743
martingale,"WTI (Dec, CRUDE_W)",2007-06-01,True,False,2.1865079365079363,2.1865079365079363,2.3162745922570473,756,0.5277777777777778
martingale,"WTI (Dec, CRUDE_W)",2007-07-02,True,False,2.1031746031746033,2.1031746031746033,2.224833409188268,754,0.5265251989389921
martingale,"WTI (Dec, CRUDE_W)",2007-08-01,True,False,2.0198412698412698,2.0198412698412698,2.160837700737343,753,0.5258964143426295
martingale,"WTI (Dec, CRUDE_W)",2007-09-04,True,False,1.9285714285714286,1.9285714285714286,2.1797079618668995,749,0.527369826435247
martingale,"WTI (Dec, CRUDE_W)",2007-10-01,True,False,1.8531746031746033,1.8531746031746033,2.065406217356304,747,0.5261044176706827
martingale,"WTI (Dec, CRUDE_W)",2007-11-01,True,False,1.7619047619047619,1.7619047619047619,1.9014019318512656,746,0.5241286863270778
martingale,"WTI (Dec, CRUDE_W)",2007-12-03,True,False,1.6547619047619047,1.6547619047619047,1.8424172122155662,741,0.5236167341430499
martingale,"WTI (Dec, CRUDE_W)",2008-01-02,True,False,1.5753968253968254,1.5753968253968254,1.7464315259133172,739,0.5223274695534507
martingale,"WTI (Dec, CRUDE_W)",2008-02-01,True,False,1.492063492063492,1.492063492063492,1.7896893200643098,735,0.5238095238095238
martingale,"WTI (Dec, CRUDE_W)",2008-03-03,True,False,1.4126984126984128,1.4126984126984128,1.6681628069544265,732,0.523224043715847
martingale,"WTI (Dec, CRUDE_W)",2008-04-01,True,False,1.3293650793650793,1.3293650793650793,1.6306962885230076,724,0.5234806629834254
martingale,"WTI (Dec, CRUDE_W)",2008-05-02,True,False,1.242063492063492,1.242063492063492,1.5055682863291926,720,0.5222222222222223
martingale,"WTI (Dec, CRUDE_W)",2008-06-02,True,False,1.1626984126984128,1.1626984126984128,1.3825733748043345,714,0.5196078431372549
martingale,"WTI (Dec, CRUDE_W)",2008-07-01,True,False,1.0793650793650793,1.0793650793650793,1.2927678531045483,708,0.518361581920904
martingale,"WTI (Dec, CRUDE_W)",2008-08-01,True,False,0.9920634920634921,0.9920634920634921,1.3067866260975458,703,0.519203413940256
martingale,"WTI (Dec, CRUDE_W)",2008-09-02,True,False,0.9047619047619048,0.9047619047619048,1.2856916189352383,698,0.5171919770773639
martingale,"WTI (Dec, CRUDE_W)",2008-10-01,True,False,0.3055555555555556,0.3055555555555556,1.2244269788094795,688,0.5159883720930233
martingale,"WTI (Dec, CRUDE_W)",2008-11-03,True,False,0.21825396825396826,0.21825396825396826,1.1821917676719949,677,0.5125553914327917
martingale,"WTI (Dec, CRUDE_W)",2008-12-01,True,False,0.1111111111111111,0.1111111111111111,1.096358348620616,666,0.5105105105105106
martingale,"WTI (Dec, CRUDE_W)",2009-01-02,True,False,0.6031746031746031,0.6031746031746031,1.260467224259686,654,0.5107033639143731
martingale,"WTI (Dec, CRUDE_W)",2009-02-02,True,False,0.5238095238095238,0.5238095238095238,1.2927451932747709,647,0.5131375579598145
martingale,"WTI (Dec, CRUDE_W)",2009-03-02,True,False,0.4246031746031746,0.4246031746031746,1.2543167725217272,640,0.5125
martingale,"WTI (Dec, CRUDE_W)",2009-04-01,True,False,0.3373015873015873,0.3373015873015873,1.1652852943049166,631,0.5134706814580031
martingale,"WTI (Dec, CRUDE_W)",2009-05-01,True,False,0.25,0.25,1.1450882484210696,628,0.5143312101910829
martingale,"WTI (Dec, CRUDE_W)",2009-06-01,True,False,0.17063492063492064,0.17063492063492064,1.0576865027360867,621,0.5120772946859904
martingale,"WTI (Dec, CRUDE_W)",2009-07-01,True,False,0.08333333333333333,0.08333333333333333,1.0308113412181863,618,0.511326860841424
martingale,"WTI (Dec, CRUDE_W)",2009-08-03,True,False,0.9166666666666666,0.9166666666666666,1.1028449721416302,609,0.5155993431855501
martingale,"WTI (Dec, CRUDE_W)",2009-09-01,True,False,0.8293650793650794,0.8293650793650794,1.1058080039642997,605,0.5173553719008265
martingale,"WTI (Dec, CRUDE_W)",2009-10-01,True,False,0.746031746031746,0.746031746031746,1.0756609295440978,601,0.5174708818635607
martingale,"WTI (Dec, CRUDE_W)",2009-11-02,True,False,0.6626984126984127,0.6626984126984127,1.0293233169178249,597,0.5159128978224455
martingale,"WTI (Dec, CRUDE_W)",2009-12-01,True,False,0.5833333333333334,0.5833333333333334,1.0151615373978475,596,0.5151006711409396
martingale,"WTI (Dec, CRUDE_W)",2010-01-04,True,False,0.5396825396825397,0.5396825396825397,1.102451137061953,592,0.5168918918918919
martingale,"WTI (Dec, CRUDE_W)",2010-02-01,True,False,0.46825396825396826,0.46825396825396826,1.1175848874163867,590,0.5186440677966102
martingale,"WTI (Dec, CRUDE_W)",2010-03-01,True,False,0.3968253968253968,0.3968253968253968,1.1141953541904819,584,0.5222602739726028
martingale,"WTI (Dec, CRUDE_W)",2010-04-01,True,False,0.3055555555555556,0.3055555555555556,1.0754608376071884,583,0.5197255574614065
martingale,"WTI (Dec, CRUDE_W)",2010-05-03,True,False,0.2222222222222222,0.2222222222222222,1.0435875644723247,581,0.5180722891566265
martingale,"WTI (Dec, CRUDE_W)",2010-06-01,True,False,7.313492063492063,7.313492063492063,2.2476054418763454,576,0.5208333333333334
martingale,"WTI (Dec, CRUDE_W)",2010-07-01,True,False,7.222222222222222,7.222222222222222,2.2397082170227023,572,0.5209790209790209
martingale,"WTI (Dec, CRUDE_W)",2010-08-02,True,False,7.142857142857143,7.142857142857143,2.1319814915886828,569,0.5219683655536028
martingale,"WTI (Dec, CRUDE_W)",2010-09-01,True,False,7.051587301587301,7.051587301587301,2.189657310926939,565,0.5238938053097345
martingale,"WTI (Dec, CRUDE_W)",2010-10-01,True,False,6.98015873015873,6.98015873015873,2.1164053808748697,561,0.5258467023172906
martingale,"WTI (Dec, CRUDE_W)",2010-11-01,True,False,6.896825396825397,6.896825396825397,2.1138904688200104,561,0.5258467023172906
martingale,"WTI (Dec, CRUDE_W)",2010-12-01,True,False,6.809523809523809,6.809523809523809,2.061561944040196,558,0.525089605734767
martingale,"WTI (Dec, CRUDE_W)",2011-01-03,True,False,6.722222222222222,6.722222222222222,1.9800191187458402,556,0.5233812949640287
martingale,"WTI (Dec, CRUDE_W)",2011-02-01,True,False,6.646825396825397,6.646825396825397,1.931595487522797,555,0.5225225225225225
martingale,"WTI (Dec, CRUDE_W)",2011-03-01,True,False,6.571428571428571,6.571428571428571,1.8854150671755654,554,0.5216606498194946
martingale,"WTI (Dec, CRUDE_W)",2011-04-01,True,False,6.484126984126984,6.484126984126984,1.825217324220673,551,0.5208711433756806
martingale,"WTI (Dec, CRUDE_W)",2011-05-02,True,False,6.408730158730159,6.408730158730159,1.7648120717977605,549,0.5191256830601093
martingale,"WTI (Dec, CRUDE_W)",2011-06-01,True,False,6.301587301587301,6.301587301587301,1.8273316866097349,548,0.5200729927007299
martingale,"WTI (Dec, CRUDE_W)",2011-07-01,True,False,5.924603174603175,5.924603174603175,1.820583879311227,545,0.5192660550458715
martingale,"WTI (Dec, CRUDE_W)",2011-08-01,True,False,5.845238095238095,5.845238095238095,1.812354566949396,541,0.5212569316081331
martingale,"WTI (Dec, CRUDE_W)",2011-09-01,True,False,5.0,5.0,1.7493445336331628,534,0.5187265917602997
martingale,"WTI (Dec, CRUDE_W)",2011-10-03,True,False,4.912698412698413,4.912698412698413,1.7077237409152395,527,0.5199240986717267
martingale,"WTI (Dec, CRUDE_W)",2011-11-01,True,False,4.829365079365079,4.829365079365079,1.675367045608731,523,0.5219885277246654
martingale,"WTI (Dec, CRUDE_W)",2011-12-01,True,False,4.746031746031746,4.746031746031746,1.6063065667219152,519,0.5202312138728323
martingale,"WTI (Dec, CRUDE_W)",2012-01-03,True,False,4.662698412698413,4.662698412698413,1.5890244171920471,516,0.5213178294573644
martingale,"WTI (Dec, CRUDE_W)",2012-02-01,True,False,4.583333333333333,4.583333333333333,1.566015745607726,516,0.5193798449612403
martingale,"WTI (Dec, CRUDE_W)",2012-03-01,True,False,4.503968253968254,4.503968253968254,1.541549532104068,514,0.519455252918288
martingale,"WTI (Dec, CRUDE_W)",2012-04-02,True,False,4.420634920634921,4.420634920634921,1.5687082660729386,514,0.5214007782101168
martingale,"WTI (Dec, CRUDE_W)",2012-05-01,True,False,4.337301587301587,4.337301587301587,1.553225167516408,513,0.52046783625731
martingale,"WTI (Dec, CRUDE_W)",2012-06-01,True,False,4.222222222222222,4.222222222222222,1.4230062050450043,508,0.515748031496063
martingale,"WTI (Dec, CRUDE_W)",2012-07-02,True,False,4.138888888888889,4.138888888888889,1.40247666287608,508,0.5137795275590551
martingale,"WTI (Dec, CRUDE_W)",2012-08-01,True,False,4.055555555555555,4.055555555555555,1.3624908911072429,503,0.5149105367793241
martingale,"WTI (Dec, CRUDE_W)",2012-09-04,True,False,3.9642857142857144,3.9642857142857144,1.3338741621433823,501,0.5129740518962076
martingale,"WTI (Dec, CRUDE_W)",2012-10-01,True,False,0.7380952380952381,0.7380952380952381,1.0480845517863375,498,0.5120481927710844
martingale,"WTI (Dec, CRUDE_W)",2012-11-01,True,False,0.6468253968253969,0.6468253968253969,1.0222466826913743,495,0.5111111111111111
martingale,"WTI (Dec, CRUDE_W)",2012-12-03,True,False,0.5634920634920635,0.5634920634920635,1.0335958186064285,497,0.5110663983903421
martingale,"WTI (Dec, CRUDE_W)",2013-01-02,True,False,0.48412698412698413,0.48412698412698413,1.0236498279554171,494,0.5121457489878543
martingale,"WTI (Dec, CRUDE_W)",2013-02-01,True,False,0.4007936507936508,0.4007936507936508,1.0094542536091886,493,0.5111561866125761
martingale,"WTI (Dec, CRUDE_W)",2013-03-01,True,False,3.503968253968254,3.503968253968254,1.6069313416090374,492,0.5121951219512195
martingale,"WTI (Dec, CRUDE_W)",2013-04-01,True,False,3.4246031746031744,3.4246031746031744,1.6399595389374941,491,0.5132382892057027
martingale,"WTI (Dec, CRUDE_W)",2013-05-01,True,False,3.3373015873015874,3.3373015873015874,1.6551899335795273,487,0.5154004106776181
martingale,"WTI (Dec, CRUDE_W)",2013-06-03,True,False,3.25,3.25,1.688260571962165,486,0.5164609053497943
martingale,"WTI (Dec, CRUDE_W)",2013-07-01,True,False,3.1706349206349205,3.1706349206349205,1.6588269641584572,482,0.5186721991701245
martingale,"WTI (Dec, CRUDE_W)",2013-08-01,True,False,3.0833333333333335,3.0833333333333335,1.5931351523162371,482,0.516597510373444
martingale,"WTI (Dec, CRUDE_W)",2013-09-03,True,False,2.996031746031746,2.996031746031746,1.5324173599373325,479,0.5135699373695198
martingale,"WTI (Dec, CRUDE_W)",2013-10-01,True,False,2.9166666666666665,2.9166666666666665,1.5356955979718125,479,0.511482254697286
martingale,"WTI (Dec, CRUDE_W)",2013-11-01,True,False,2.8253968253968256,2.8253968253968256,1.5619711566436947,477,0.5136268343815513
martingale,"WTI (Dec, CRUDE_W)",2013-12-02,True,False,2.738095238095238,2.738095238095238,1.5356553030460933,477,0.5115303983228512
martingale,"WTI (Dec, CRUDE_W)",2014-01-02,True,False,2.6587301587301586,2.6587301587301586,1.5617928664915774,477,0.5136268343815513
martingale,"WTI (Dec, CRUDE_W)",2014-02-03,True,False,2.5753968253968256,2.5753968253968256,1.5662888603810896,474,0.5147679324894515
martingale,"WTI (Dec, CRUDE_W)",2014-03-03,True,False,2.5,2.5,1.5069850524269182,474,0.5126582278481012
martingale,"WTI (Dec, CRUDE_W)",2014-04-01,True,False,2.4206349206349205,2.4206349206349205,1.5269923565650867,473,0.5137420718816068
martingale,"WTI (Dec, CRUDE_W)",2014-05-01,True,False,2.3531746031746033,2.3531746031746033,1.509338993031285,473,0.5116279069767442
martingale,"WTI (Dec, CRUDE_W)",2014-06-02,True,False,2.2698412698412698,2.2698412698412698,1.4949319195171804,472,0.5127118644067796
martingale,"WTI (Dec, CRUDE_W)",2014-07-01,True,False,2.1904761904761907,2.1904761904761907,1.4617421157885495,470,0.5127659574468085
martingale,"WTI (Dec, CRUDE_W)",2014-08-06,True,False,2.0992063492063493,2.0992063492063493,1.481102978615851,468,0.5128205128205128
martingale,"WTI (Dec, CRUDE_W)",2014-09-01,True,False,2.0277777777777777,2.0277777777777777,1.4753024821333098,467,0.5117773019271948
martingale,"WTI (Dec, CRUDE_W)",2014-10-01,True,False,1.9404761904761905,1.9404761904761905,1.4770349819119137,466,0.5107296137339056
martingale,"WTI (Dec, CRUDE_W)",2014-11-03,True,False,1.8253968253968254,1.8253968253968254,1.46815901082602,461,0.5075921908893709
martingale,"WTI (Dec, CRUDE_W)",2014-12-01,True,False,1.746031746031746,1.746031746031746,1.5034131161542998,459,0.5054466230936819
martingale,"WTI (Dec, CRUDE_W)",2015-01-02,True,False,1.6468253968253967,1.6468253968253967,1.4897658126057447,454,0.5
martingale,"WTI (Dec, CRUDE_W)",2015-02-02,True,False,1.5634920634920635,1.5634920634920635,1.4958557778577788,450,0.5
martingale,"WTI (Dec, CRUDE_W)",2015-03-02,True,False,1.4841269841269842,1.4841269841269842,1.4744802813472357,447,0.5011185682326622
martingale,"WTI (Dec, CRUDE_W)",2015-04-01,True,False,1.3968253968253967,1.3968253968253967,1.4311112009797158,440,0.5022727272727273
martingale,"WTI (Dec, CRUDE_W)",2015-05-01,True,False,1.3134920634920635,1.3134920634920635,1.385437749332713,436,0.5022935779816514
martingale,"WTI (Dec, CRUDE_W)",2015-06-01,True,False,1.2261904761904763,1.2261904761904763,1.3370630746193541,429,0.5034965034965035
martingale,"WTI (Dec, CRUDE_W)",2015-07-01,True,False,1.0238095238095237,1.0238095238095237,1.3254635561393648,428,0.5023364485981309
martingale,"WTI (Dec, CRUDE_W)",2015-08-03,True,False,0.9325396825396826,0.9325396825396826,1.3220079423045699,422,0.4976303317535545
martingale,"WTI (Dec, CRUDE_W)",2015-09-02,True,False,0.8373015873015873,0.8373015873015873,1.2660288930121606,416,0.4951923076923077
martingale,"WTI (Dec, CRUDE_W)",2015-10-01,True,False,0.75,0.75,1.2495882495255553,413,0.4939467312348668
martingale,"WTI (Dec, CRUDE_W)",2015-11-02,True,False,0.6706349206349206,0.6706349206349206,1.216060074137935,408,0.4950980392156863
martingale,"WTI (Dec, CRUDE_W)",2015-12-01,True,False,0.5873015873015873,0.5873015873015873,1.1918770516872632,402,0.49502487562189057
martingale,"WTI (Dec, CRUDE_W)",2016-01-04,True,False,0.49603174603174605,0.49603174603174605,1.167272219145837,398,0.49246231155778897
martingale,"WTI (Dec, CRUDE_W)",2016-02-01,True,False,0.4166666666666667,0.4166666666666667,1.0767405514192738,387,0.4883720930232558
martingale,"WTI (Dec, CRUDE_W)",2016-03-01,True,False,0.3333333333333333,0.3333333333333333,1.048583520218619,384,0.4869791666666667
martingale,"WTI (Dec, CRUDE_W)",2016-04-01,True,False,0.25,0.25,1.0769515891071848,378,0.48677248677248675
martingale,"WTI (Dec, CRUDE_W)",2016-05-02,True,False,0.16666666666666666,0.16666666666666666,1.0442711774547018,370,0.4918918918918919
martingale,"WTI (Dec, CRUDE_W)",2016-06-01,True,False,0.07936507936507936,0.07936507936507936,1.0142979474588372,368,0.4891304347826087
martingale,"WTI (Dec, CRUDE_W)",2016-07-01,True,False,0.17063492063492064,0.17063492063492064,1.056198294376833,361,0.49584487534626037
martingale,"WTI (Dec, CRUDE_W)",2016-08-01,True,False,0.08333333333333333,0.08333333333333333,1.0058924495898494,356,0.49157303370786515
martingale,"WTI (Dec, CRUDE_W)",2016-09-01,True,False,0.753968253968254,0.753968253968254,1.1656586827380424,350,0.5
martingale,"WTI (Dec, CRUDE_W)",2016-10-03,True,False,0.6666666666666666,0.6666666666666666,1.0994308606558512,342,0.5
martingale,"WTI (Dec, CRUDE_W)",2016-11-01,True,False,0.5833333333333334,0.5833333333333334,1.08980977299798,340,0.5
martingale,"WTI (Dec, CRUDE_W)",2016-12-01,True,False,0.49603174603174605,0.49603174603174605,1.0469624730121265,330,0.503030303030303
martingale,"WTI (Dec, CRUDE_W)",2017-01-02,True,False,0.4087301587301587,0.4087301587301587,1.0145200158055596,331,0.4984894259818731
martingale,"WTI (Dec, CRUDE_W)",2017-02-01,True,False,0.32142857142857145,0.32142857142857145,1.0493105097194342,329,0.5045592705167173
martingale,"WTI (Dec, CRUDE_W)",2017-03-01,True,False,0.24206349206349206,0.24206349206349206,1.0363048649894626,328,0.5030487804878049
martingale,"WTI (Dec, CRUDE_W)",2017-04-03,True,False,0.4642857142857143,0.4642857142857143,1.024952999515957,324,0.5030864197530864
martingale,"WTI (Dec, CRUDE_W)",2017-05-01,True,False,0.3888888888888889,0.3888888888888889,1.0321196269381054,321,0.5077881619937694
martingale,"WTI (Dec, CRUDE_W)",2017-06-01,True,False,0.2976190476190476,0.2976190476190476,1.0530987693182048,316,0.509493670886076
martingale,"WTI (Dec, CRUDE_W)",2017-07-03,True,False,0.21031746031746032,0.21031746031746032,1.039505404732384,312,0.5128205128205128
martingale,"WTI (Dec, CRUDE_W)",2017-08-01,True,False,0.17857142857142858,0.17857142857142858,1.008509160332951,306,0.5130718954248366
martingale,"WTI (Dec, CRUDE_W)",2017-09-01,False,False,,6.654761904761905,2.4856733435399727,304,0.5197368421052632
martingale,"WTI (Dec, CRUDE_W)",2017-10-02,False,False,,6.571428571428571,2.4117971677328356,301,0.521594684385382
martingale,"WTI (Dec, CRUDE_W)",2017-11-01,False,False,,6.484126984126984,2.3534557124403377,300,0.52
martingale,"WTI (Dec, CRUDE_W)",2017-12-01,False,False,,6.396825396825397,2.2305160748286768,296,0.5168918918918919
martingale,"WTI (Dec, CRUDE_W)",2018-01-01,True,False,1.9841269841269842,1.9841269841269842,1.1268271789228865,295,0.511864406779661
martingale,"WTI (Dec, CRUDE_W)",2018-02-01,True,False,1.8928571428571428,1.8928571428571428,1.0969688659089922,293,0.5085324232081911
martingale,"WTI (Dec, CRUDE_W)",2018-03-01,False,False,,6.142857142857143,2.1500559985354384,291,0.5154639175257731
martingale,"WTI (Dec, CRUDE_W)",2018-04-02,False,False,,6.059523809523809,2.100658821656988,288,0.5173611111111112
martingale,"WTI (Dec, CRUDE_W)",2018-05-01,False,False,,5.976190476190476,1.9886408928900152,286,0.513986013986014
martingale,"WTI (Dec, CRUDE_W)",2018-06-01,False,False,,5.884920634920635,1.971466604034656,282,0.5141843971631206
martingale,"WTI (Dec, CRUDE_W)",2018-07-02,False,False,,5.801587301587301,1.9442118124918797,281,0.5195729537366548
martingale,"WTI (Dec, CRUDE_W)",2018-08-01,False,False,,5.714285714285714,1.9479391560246164,278,0.5179856115107914
martingale,"WTI (Dec, CRUDE_W)",2018-09-03,False,False,,5.623015873015873,1.8949135926446612,278,0.5179856115107914
martingale,"WTI (Dec, CRUDE_W)",2018-10-01,False,False,,5.5436507936507935,1.7827440125621448,274,0.5145985401459854
martingale,"WTI (Dec, CRUDE_W)",2018-11-01,False,False,,5.4523809523809526,1.8797149486498936,270,0.5148148148148148
martingale,"WTI (Dec, CRUDE_W)",2018-12-03,True,False,4.400793650793651,4.400793650793651,1.9275243650134484,265,0.5094339622641509
martingale,"WTI (Dec, CRUDE_W)",2019-01-01,True,False,0.9523809523809523,0.9523809523809523,1.2242472093797179,257,0.5058365758754864
martingale,"WTI (Dec, CRUDE_W)",2019-02-01,True,False,4.134920634920635,4.134920634920635,1.8061964887241,252,0.5079365079365079
martingale,"WTI (Dec, CRUDE_W)",2019-03-01,True,False,0.7817460317460317,0.7817460317460317,1.1535647763565653,251,0.5059760956175299
martingale,"WTI (Dec, CRUDE_W)",2019-04-01,True,False,3.9801587301587302,3.9801587301587302,1.749882629104424,251,0.5059760956175299
martingale,"WTI (Dec, CRUDE_W)",2019-05-01,True,False,3.8968253968253967,3.8968253968253967,1.7191705655455558,250,0.504
martingale,"WTI (Dec, CRUDE_W)",2019-06-03,True,False,0.5238095238095238,0.5238095238095238,1.084275027256105,241,0.5020746887966805
martingale,"WTI (Dec, CRUDE_W)",2019-07-01,True,False,0.4444444444444444,0.4444444444444444,1.0606668458594957,239,0.502092050209205
martingale,"WTI (Dec, CRUDE_W)",2019-08-01,True,False,0.3531746031746032,0.3531746031746032,1.0434159888890573,234,0.5042735042735043
martingale,"WTI (Dec, CRUDE_W)",2019-09-02,True,False,0.2619047619047619,0.2619047619047619,1.014428187234414,230,0.5043478260869565
martingale,"WTI (Dec, CRUDE_W)",2019-10-01,False,False,,4.511904761904762,2.3186468320479596,220,0.5181818181818182
martingale,"WTI (Dec, CRUDE_W)",2019-11-01,False,False,,4.420634920634921,2.3195350284647214,220,0.5227272727272727
martingale,"WTI (Dec, CRUDE_W)",2019-12-02,False,False,,4.337301587301587,2.294756017672517,216,0.5231481481481481
martingale,"WTI (Dec, CRUDE_W)",2020-01-01,False,False,,4.25,2.198073160439419,212,0.5283018867924528
martingale,"WTI (Dec, CRUDE_W)",2020-02-03,False,False,,4.158730158730159,2.318811882165051,211,0.5213270142180095
martingale,"WTI (Dec, CRUDE_W)",2020-03-02,False,False,,4.079365079365079,2.308088734413756,204,0.5245098039215687
martingale,"WTI (Dec, CRUDE_W)",2020-04-01,True,False,3.0277777777777777,3.0277777777777777,2.696802883912313,194,0.5154639175257731
martingale,"WTI (Dec, CRUDE_W)",2020-05-01,True,False,2.8531746031746033,2.8531746031746033,2.854002839540257,185,0.5243243243243243
martingale,"WTI (Dec, CRUDE_W)",2020-06-01,True,False,2.7777777777777777,2.7777777777777777,2.378350160823037,176,0.5284090909090909
martingale,"WTI (Dec, CRUDE_W)",2020-07-01,True,False,2.6825396825396823,2.6825396825396823,2.1907705499892343,168,0.5178571428571429
martingale,"WTI (Dec, CRUDE_W)",2020-08-03,True,False,2.5952380952380953,2.5952380952380953,2.1404850866210103,167,0.5149700598802395
martingale,"WTI (Dec, CRUDE_W)",2020-09-01,True,False,2.511904761904762,2.511904761904762,2.106985639732906,167,0.5149700598802395
martingale,"WTI (Dec, CRUDE_W)",2020-10-01,True,False,2.4246031746031744,2.4246031746031744,2.1987719681053073,162,0.5123456790123457
martingale,"WTI (Dec, CRUDE_W)",2020-11-02,True,False,2.3333333333333335,2.3333333333333335,2.195776706537627,157,0.5095541401273885
martingale,"WTI (Dec, CRUDE_W)",2020-12-01,True,False,2.253968253968254,2.253968253968254,2.062169317982003,153,0.5098039215686274
martingale,"WTI (Dec, CRUDE_W)",2021-01-04,True,False,2.1666666666666665,2.1666666666666665,1.9802954994414153,151,0.5033112582781457
martingale,"WTI (Dec, CRUDE_W)",2021-02-01,True,False,2.0912698412698414,2.0912698412698414,1.8784848304779205,149,0.4966442953020134
martingale,"WTI (Dec, CRUDE_W)",2021-03-01,True,False,2.015873015873016,2.015873015873016,1.7465500513227148,144,0.4861111111111111
martingale,"WTI (Dec, CRUDE_W)",2021-04-01,True,False,1.9246031746031746,1.9246031746031746,1.6715623054556288,140,0.4785714285714286
martingale,"WTI (Dec, CRUDE_W)",2021-05-03,True,False,1.8452380952380953,1.8452380952380953,1.6829790999800642,140,0.4857142857142857
martingale,"WTI (Dec, CRUDE_W)",2021-06-01,True,False,1.7619047619047619,1.7619047619047619,1.5762554219493017,132,0.4772727272727273
martingale,"WTI (Dec, CRUDE_W)",2021-07-01,True,False,1.6785714285714286,1.6785714285714286,1.5344415260172866,132,0.4696969696969697
martingale,"WTI (Dec, CRUDE_W)",2021-08-02,True,False,1.5912698412698412,1.5912698412698412,1.5297004485228758,127,0.48031496062992124
martingale,"WTI (Dec, CRUDE_W)",2021-09-01,True,False,1.503968253968254,1.503968253968254,1.5045271747098672,122,0.48360655737704916
martingale,"WTI (Dec, CRUDE_W)",2021-10-01,True,False,1.4206349206349207,1.4206349206349207,1.428924071807941,119,0.47058823529411764
martingale,"WTI (Dec, CRUDE_W)",2021-11-01,True,False,1.3373015873015872,1.3373015873015872,1.388773022977647,116,0.46551724137931033
martingale,"WTI (Dec, CRUDE_W)",2021-12-01,True,False,1.25,1.25,1.3778496865574608,112,0.4642857142857143
martingale,"WTI (Dec, CRUDE_W)",2022-01-03,True,False,1.1666666666666667,1.1666666666666667,1.3415520737840103,107,0.4766355140186916
martingale,"WTI (Dec, CRUDE_W)",2022-02-01,True,False,1.0873015873015872,1.0873015873015872,1.2652353584555656,102,0.46078431372549017
martingale,"WTI (Dec, CRUDE_W)",2022-03-01,True,False,1.0119047619047619,1.0119047619047619,1.2311124746253355,100,0.45
martingale,"WTI (Dec, CRUDE_W)",2022-04-01,True,False,0.9206349206349206,0.9206349206349206,1.175316121150948,94,0.43617021276595747
martingale,"WTI (Dec, CRUDE_W)",2022-05-02,True,False,0.8412698412698413,0.8412698412698413,1.1264699764481152,89,0.42696629213483145
martingale,"WTI (Dec, CRUDE_W)",2022-06-01,True,False,0.7579365079365079,0.7579365079365079,1.0895023474235759,83,0.42168674698795183
martingale,"WTI (Dec, CRUDE_W)",2022-07-01,True,False,0.6746031746031746,0.6746031746031746,1.0921027778879075,77,0.42857142857142855
martingale,"WTI (Dec, CRUDE_W)",2022-08-01,True,False,0.20634920634920634,0.20634920634920634,1.0256486065503088,74,0.40540540540540543
martingale,"WTI (Dec, CRUDE_W)",2022-09-01,True,False,0.49603174603174605,0.49603174603174605,1.0543030005912615,68,0.4264705882352941
martingale,"WTI (Dec, CRUDE_W)",2022-10-03,True,False,0.42063492063492064,0.42063492063492064,0.99985,63,0.4126984126984127
martingale,"WTI (Dec, CRUDE_W)",2022-11-01,True,False,0.34523809523809523,0.34523809523809523,1.0304829140351357,59,0.4406779661016949
martingale,"WTI (Dec, CRUDE_W)",2022-12-01,True,False,0.2619047619047619,0.2619047619047619,1.0390654699419823,57,0.45614035087719296
martingale,"WTI (Dec, CRUDE_W)",2023-01-03,True,False,0.17857142857142858,0.17857142857142858,1.0529982378269287,53,0.4716981132075472
martingale,"WTI (Dec, CRUDE_W)",2023-02-01,True,False,0.0992063492063492,0.0992063492063492,1.0261104693028564,49,0.46938775510204084
martingale,"WTI (Dec, CRUDE_W)",2023-03-01,False,False,,1.0793650793650793,1.292822766099675,45,0.4888888888888889
martingale,Brent (BRENT_W),1991-01-02,True,False,0.21031746031746032,0.21031746031746032,1.0940900207923971,1615,0.5331269349845201
martingale,Brent (BRENT_W),1991-02-01,True,False,0.11904761904761904,0.11904761904761904,1.0404209275938086,1605,0.5333333333333333
martingale,Brent (BRENT_W),1991-03-01,True,False,5.26984126984127,5.26984126984127,1.5689519841108077,1599,0.533458411507192
martingale,Brent (BRENT_W),1991-04-02,True,False,5.190476190476191,5.190476190476191,1.597542915855428,1596,0.5344611528822055
martingale,Brent (BRENT_W),1991-05-01,True,False,5.107142857142857,5.107142857142857,1.507536177921263,1592,0.5339195979899497
martingale,Brent (BRENT_W),1991-06-03,True,False,5.023809523809524,5.023809523809524,1.5165567954686165,1590,0.5345911949685535
martingale,Brent (BRENT_W),1991-07-01,True,False,4.944444444444445,4.944444444444445,1.4793551710089372,1590,0.5327044025157233
martingale,Brent (BRENT_W),1991-08-01,True,False,4.853174603174603,4.853174603174603,1.4663830045858213,1589,0.5330396475770925
martingale,Brent (BRENT_W),1991-09-02,True,False,4.76984126984127,4.76984126984127,1.4414027034032046,1586,0.5334174022698613
martingale,Brent (BRENT_W),1991-10-01,True,False,4.686507936507937,4.686507936507937,1.4383005202404089,1585,0.5337539432176656
martingale,Brent (BRENT_W),1991-11-01,True,False,4.595238095238095,4.595238095238095,1.3789844026924984,1583,0.5331648768161719
martingale,Brent (BRENT_W),1991-12-02,True,False,3.1626984126984126,3.1626984126984126,1.394762780663715,1580,0.5329113924050632
martingale,Brent (BRENT_W),1992-01-02,True,False,2.9365079365079363,2.9365079365079363,1.3664770328530162,1574,0.5324015247776366
martingale,Brent (BRENT_W),1992-02-03,True,False,2.8015873015873014,2.8015873015873014,1.3354209996213915,1570,0.532484076433121
martingale,Brent (BRENT_W),1992-03-02,True,False,2.7142857142857144,2.7142857142857144,1.3027525202570702,1568,0.5318877551020408
martingale,Brent (BRENT_W),1992-04-01,True,False,2.634920634920635,2.634920634920635,1.3232284718281206,1567,0.5328653477983408
martingale,Brent (BRENT_W),1992-05-01,True,False,2.5555555555555554,2.5555555555555554,1.2816449632609515,1565,0.5322683706070288
martingale,Brent (BRENT_W),1992-06-01,True,False,2.4801587301587302,2.4801587301587302,1.2514060323091096,1564,0.5319693094629157
martingale,Brent (BRENT_W),1992-07-01,True,False,2.384920634920635,2.384920634920635,1.2426136689450027,1562,0.532010243277849
martingale,Brent (BRENT_W),1992-08-03,True,False,2.2936507936507935,2.2936507936507935,1.2338367280323328,1561,0.5317104420243434
martingale,Brent (BRENT_W),1992-09-01,True,False,2.2142857142857144,2.2142857142857144,1.2353100834637705,1561,0.5317104420243434
martingale,Brent (BRENT_W),1992-10-01,True,False,2.126984126984127,2.126984126984127,1.2343481655132569,1560,0.532051282051282
martingale,Brent (BRENT_W),1992-11-02,True,False,2.0396825396825395,2.0396825396825395,1.247517490926132,1559,0.5323925593329057
martingale,Brent (BRENT_W),1992-12-01,True,False,1.9563492063492063,1.9563492063492063,1.212173421835216,1557,0.5317919075144508
martingale,Brent (BRENT_W),1993-01-04,True,False,1.8611111111111112,1.8611111111111112,1.176081483274301,1554,0.5315315315315315
martingale,Brent (BRENT_W),1993-02-01,True,False,1.7936507936507937,1.7936507936507937,1.239404624890628,1555,0.5318327974276528
martingale,Brent (BRENT_W),1993-03-01,True,False,1.7142857142857142,1.7142857142857142,1.2174803728558936,1551,0.5319148936170213
martingale,Brent (BRENT_W),1993-04-01,True,False,1.623015873015873,1.623015873015873,1.2248848464205726,1549,0.5326016785022595
martingale,Brent (BRENT_W),1993-05-04,True,False,1.5436507936507937,1.5436507936507937,1.2263416866052563,1549,0.5326016785022595
martingale,Brent (BRENT_W),1993-06-01,True,False,1.4682539682539681,1.4682539682539681,1.238709052374301,1553,0.531873792659369
martingale,Brent (BRENT_W),1993-07-01,True,False,1.369047619047619,1.369047619047619,1.2082902730788536,1546,0.5316946959896507
martingale,Brent (BRENT_W),1993-08-02,True,False,1.2817460317460319,1.2817460317460319,1.2017100947782402,1545,0.5313915857605178
martingale,Brent (BRENT_W),1993-09-01,True,False,1.1984126984126984,1.1984126984126984,1.2043836164050687,1545,0.5313915857605178
martingale,Brent (BRENT_W),1993-10-01,True,False,1.1111111111111112,1.1111111111111112,1.1950584081139837,1543,0.5314322747893714
martingale,Brent (BRENT_W),1993-11-01,True,False,1.0198412698412698,1.0198412698412698,1.2146609327404922,1541,0.5321219987021415
martingale,Brent (BRENT_W),1993-12-01,True,False,0.9166666666666666,0.9166666666666666,1.1978932502264679,1538,0.5312093628088427
martingale,Brent (BRENT_W),1994-01-04,True,False,0.8333333333333334,0.8333333333333334,1.1483780716645182,1535,0.5302931596091205
martingale,Brent (BRENT_W),1994-02-01,True,False,0.753968253968254,0.753968253968254,1.136187353611618,1533,0.5303326810176126
martingale,Brent (BRENT_W),1994-03-01,True,False,0.6746031746031746,0.6746031746031746,1.1764805238463398,1529,0.5317200784826684
martingale,Brent (BRENT_W),1994-04-05,True,False,0.5833333333333334,0.5833333333333334,1.1543846533082236,1525,0.5324590163934426
martingale,Brent (BRENT_W),1994-05-03,True,False,0.5,0.5,1.1165603213021187,1523,0.5318450426789232
martingale,Brent (BRENT_W),1994-06-01,True,False,0.4166666666666667,0.4166666666666667,1.0954058365857187,1524,0.5308398950131233
martingale,Brent (BRENT_W),1994-07-01,True,False,0.32936507936507936,0.32936507936507936,1.0510564110758809,1518,0.530961791831357
martingale,Brent (BRENT_W),1994-08-01,True,False,0.24603174603174602,0.24603174603174602,1.0202843085284126,1516,0.5303430079155673
martingale,Brent (BRENT_W),1994-09-01,True,False,0.15476190476190477,0.15476190476190477,1.015537931167318,1513,0.5307336417713153
martingale,Brent (BRENT_W),1994-10-03,True,False,0.23809523809523808,0.23809523809523808,1.0008985022911583,1510,0.5311258278145695
martingale,Brent (BRENT_W),1994-11-01,True,False,1.630952380952381,1.630952380952381,1.2998635344298253,1506,0.5325365205843293
martingale,Brent (BRENT_W),1994-12-01,True,False,1.5476190476190477,1.5476190476190477,1.324187646881847,1506,0.5332005312084993
martingale,Brent (BRENT_W),1995-01-03,True,False,1.4642857142857142,1.4642857142857142,1.3227785262794902,1505,0.532890365448505
martingale,Brent (BRENT_W),1995-02-01,True,False,1.380952380952381,1.380952380952381,1.3126291612841687,1504,0.5332446808510638
martingale,Brent (BRENT_W),1995-03-01,True,False,1.3015873015873016,1.3015873015873016,1.2989614247436658,1504,0.5325797872340425
martingale,Brent (BRENT_W),1995-04-03,True,False,1.2103174603174602,1.2103174603174602,1.2898472969611336,1503,0.5329341317365269
martingale,Brent (BRENT_W),1995-05-01,True,False,1.1388888888888888,1.1388888888888888,1.2102048069406028,1498,0.5320427236315087
martingale,Brent (BRENT_W),1995-06-01,True,False,1.0555555555555556,1.0555555555555556,1.243116401991932,1497,0.533066132264529
martingale,Brent (BRENT_W),1995-07-03,True,False,0.9682539682539683,0.9682539682539683,1.230507247219372,1495,0.5324414715719064
martingale,Brent (BRENT_W),1995-08-01,True,False,0.8849206349206349,0.8849206349206349,1.2487206024020536,1495,0.5331103678929766
martingale,Brent (BRENT_W),1995-09-01,True,False,0.7976190476190477,0.7976190476190477,1.2454743044156493,1495,0.5331103678929766
martingale,Brent (BRENT_W),1995-10-02,True,False,0.7142857142857143,0.7142857142857143,1.2362669892857345,1493,0.5331547220361688
martingale,Brent (BRENT_W),1995-11-01,True,False,0.626984126984127,0.626984126984127,1.2204293123494052,1490,0.5335570469798657
martingale,Brent (BRENT_W),1995-12-01,True,False,0.5357142857142857,0.5357142857142857,1.1803358416690055,1488,0.5329301075268817
martingale,Brent (BRENT_W),1996-01-02,True,False,0.4603174603174603,0.4603174603174603,1.1396409049725056,1486,0.5323014804845222
martingale,Brent (BRENT_W),1996-02-01,True,False,0.373015873015873,0.373015873015873,1.1459468221373794,1483,0.5327039784221174
martingale,Brent (BRENT_W),1996-03-01,True,False,0.2896825396825397,0.2896825396825397,1.1222138384737295,1480,0.5331081081081082
martingale,Brent (BRENT_W),1996-04-01,True,False,0.20634920634920634,0.20634920634920634,1.0692534688757402,1477,0.5321597833446174
martingale,Brent (BRENT_W),1996-05-01,True,False,0.9246031746031746,0.9246031746031746,1.1643401212812465,1468,0.5326975476839237
martingale,Brent (BRENT_W),1996-06-03,True,False,0.8452380952380952,0.8452380952380952,1.1992257526904242,1466,0.5327421555252387
martingale,Brent (BRENT_W),1996-07-01,True,False,0.7658730158730159,0.7658730158730159,1.173113752899774,1462,0.533515731874145
martingale,Brent (BRENT_W),1996-08-01,True,False,0.6746031746031746,0.6746031746031746,1.1516613754249714,1462,0.5328317373461012
martingale,Brent (BRENT_W),1996-09-02,True,False,0.5992063492063492,0.5992063492063492,1.096158482703011,1458,0.532235939643347
martingale,Brent (BRENT_W),1996-10-01,True,False,0.5158730158730159,0.5158730158730159,1.0485785242221723,1454,0.5316368638239339
martingale,Brent (BRENT_W),1996-11-01,True,False,0.43253968253968256,0.43253968253968256,1.01264029777587,1449,0.5314009661835749
martingale,Brent (BRENT_W),1996-12-02,True,False,0.35714285714285715,0.35714285714285715,1.0318468107596324,1446,0.5325034578146611
martingale,Brent (BRENT_W),1997-01-02,True,False,0.2777777777777778,0.2777777777777778,1.048186821361728,1438,0.5340751043115438
martingale,Brent (BRENT_W),1997-02-03,True,False,0.19047619047619047,0.19047619047619047,1.0535455745587052,1437,0.534446764091858
martingale,Brent (BRENT_W),1997-03-03,True,False,3.8968253968253967,3.8968253968253967,2.130922251121451,1434,0.5341701534170153
martingale,Brent (BRENT_W),1997-04-01,True,False,3.8214285714285716,3.8214285714285716,2.1779939937529242,1431,0.5352900069881202
martingale,Brent (BRENT_W),1997-05-01,True,False,3.734126984126984,3.734126984126984,2.2134279621533666,1428,0.5357142857142857
martingale,Brent (BRENT_W),1997-06-02,True,False,3.6547619047619047,3.6547619047619047,2.16418259195381,1425,0.536140350877193
martingale,Brent (BRENT_W),1997-07-01,True,False,3.5714285714285716,3.5714285714285716,2.2304509481832713,1422,0.5372714486638537
martingale,Brent (BRENT_W),1997-08-01,True,False,3.4801587301587302,3.4801587301587302,2.2186774765920694,1420,0.5373239436619718
martingale,Brent (BRENT_W),1997-09-01,True,False,3.4007936507936507,3.4007936507936507,2.2247425651803643,1418,0.5366713681241185
martingale,Brent (BRENT_W),1997-10-01,True,False,3.3134920634920637,3.3134920634920637,2.1570816128999226,1417,0.5370501058574453
martingale,Brent (BRENT_W),1997-11-03,True,False,3.2222222222222223,3.2222222222222223,2.1118295089658705,1411,0.5372076541459957
martingale,Brent (BRENT_W),1997-12-01,True,False,3.142857142857143,3.142857142857143,2.182114420980751,1409,0.5365507452093683
martingale,Brent (BRENT_W),1998-01-02,True,False,3.0595238095238093,3.0595238095238093,2.272188783769048,1407,0.5358919687277897
martingale,Brent (BRENT_W),1998-02-02,True,False,2.9722222222222223,2.9722222222222223,2.2860284062698546,1401,0.5353319057815846
martingale,Brent (BRENT_W),1998-03-02,True,False,2.892857142857143,2.892857142857143,2.3895560254640573,1398,0.5343347639484979
martingale,Brent (BRENT_W),1998-04-01,True,False,2.8055555555555554,2.8055555555555554,2.4113831836732253,1389,0.5349172066234701
martingale,Brent (BRENT_W),1998-05-01,True,False,2.7222222222222223,2.7222222222222223,2.33818136395912,1386,0.5353535353535354
martingale,Brent (BRENT_W),1998-06-01,True,False,2.6547619047619047,2.6547619047619047,2.4415568609224,1382,0.5369030390738061
martingale,Brent (BRENT_W),1998-07-01,True,False,2.5674603174603177,2.5674603174603177,2.528224510950144,1376,0.5363372093023255
martingale,Brent (BRENT_W),1998-08-03,True,False,2.4761904761904763,2.4761904761904763,2.648667775642822,1372,0.5357142857142857
martingale,Brent (BRENT_W),1998-09-01,True,False,2.3968253968253967,2.3968253968253967,2.6765273646659766,1370,0.5357664233576642
martingale,Brent (BRENT_W),1998-10-01,True,False,2.3055555555555554,2.3055555555555554,2.503858417984489,1364,0.5359237536656891
martingale,Brent (BRENT_W),1998-11-02,True,False,2.2222222222222223,2.2222222222222223,2.626677414704105,1359,0.5364238410596026
martingale,Brent (BRENT_W),1998-12-01,True,False,2.134920634920635,2.134920634920635,2.8698061849060528,1351,0.5344189489267209
martingale,Brent (BRENT_W),1999-01-04,True,False,2.0476190476190474,2.0476190476190474,2.8051513101877306,1343,0.5353685778108712
martingale,Brent (BRENT_W),1999-02-01,True,False,1.9682539682539681,1.9682539682539681,2.78972072225467,1334,0.5359820089955023
martingale,Brent (BRENT_W),1999-03-01,True,False,1.8888888888888888,1.8888888888888888,2.8269595948753503,1331,0.5364387678437266
martingale,Brent (BRENT_W),1999-04-01,True,False,1.7976190476190477,1.7976190476190477,2.3363761635428815,1323,0.5351473922902494
martingale,Brent (BRENT_W),1999-05-04,True,False,1.7182539682539681,1.7182539682539681,2.1340194968583743,1319,0.533737680060652
martingale,Brent (BRENT_W),1999-06-01,True,False,1.6428571428571428,1.6428571428571428,2.253057734851649,1316,0.53419452887538
martingale,Brent (BRENT_W),1999-07-01,True,False,1.5555555555555556,1.5555555555555556,2.0901223796342987,1310,0.5351145038167939
martingale,Brent (BRENT_W),1999-08-02,True,False,1.3492063492063493,1.3492063492063493,1.9505344929435755,1307,0.5340474368783473
martingale,Brent (BRENT_W),1999-09-01,True,False,1.123015873015873,1.123015873015873,1.8134430524413583,1302,0.533026113671275
martingale,Brent (BRENT_W),1999-10-01,True,False,1.0357142857142858,1.0357142857142858,1.6727265901408421,1299,0.5319476520400308
martingale,Brent (BRENT_W),1999-11-01,True,False,0.9523809523809523,0.9523809523809523,1.6778546587356071,1292,0.5332817337461301
martingale,Brent (BRENT_W),1999-12-01,True,False,0.8650793650793651,0.8650793650793651,1.6068448088786302,1287,0.5337995337995338
martingale,Brent (BRENT_W),2000-01-04,True,False,0.7857142857142857,0.7857142857142857,1.499354859962863,1282,0.53198127925117
martingale,Brent (BRENT_W),2000-02-01,True,False,0.7063492063492064,0.7063492063492064,1.4259679749313636,1278,0.5320813771517997
martingale,Brent (BRENT_W),2000-03-01,True,False,0.623015873015873,0.623015873015873,1.310335135899056,1272,0.5306603773584906
martingale,Brent (BRENT_W),2000-04-03,True,False,0.5317460317460317,0.5317460317460317,1.3417683832292753,1268,0.5315457413249212
martingale,Brent (BRENT_W),2000-05-02,True,False,0.45634920634920634,0.45634920634920634,1.2857281180326232,1261,0.5313243457573354
martingale,Brent (BRENT_W),2000-06-01,True,False,0.373015873015873,0.373015873015873,1.1928269277344303,1255,0.5306772908366534
martingale,Brent (BRENT_W),2000-07-03,True,False,0.2857142857142857,0.2857142857142857,1.107535091516476,1248,0.5296474358974359
martingale,Brent (BRENT_W),2000-08-01,True,False,0.20238095238095238,0.20238095238095238,1.1245030535134253,1246,0.5304975922953451
martingale,Brent (BRENT_W),2000-09-01,True,False,0.11507936507936507,0.11507936507936507,1.0648049796110481,1242,0.5297906602254429
martingale,Brent (BRENT_W),2000-10-02,True,False,10.916666666666666,10.916666666666666,4.035333714125942,1232,0.5308441558441559
martingale,Brent (BRENT_W),2000-11-01,True,False,10.829365079365079,10.829365079365079,4.054112620261691,1228,0.5317589576547231
martingale,Brent (BRENT_W),2000-12-01,True,False,10.742063492063492,10.742063492063492,4.037204131690505,1225,0.5322448979591837
martingale,Brent (BRENT_W),2001-01-02,True,False,5.238095238095238,5.238095238095238,2.632494573516412,1218,0.5320197044334976
martingale,Brent (BRENT_W),2001-02-01,True,False,10.579365079365079,10.579365079365079,4.240391720974163,1212,0.5338283828382838
martingale,Brent (BRENT_W),2001-03-01,True,False,5.083333333333333,5.083333333333333,2.796669854090862,1210,0.5330578512396694
martingale,Brent (BRENT_W),2001-04-02,True,False,4.984126984126984,4.984126984126984,2.5280359856177723,1205,0.5327800829875519
martingale,Brent (BRENT_W),2001-05-01,True,False,4.920634920634921,4.920634920634921,2.637544522850517,1202,0.5332778702163061
martingale,Brent (BRENT_W),2001-06-01,True,False,4.837301587301587,4.837301587301587,2.562908982318281,1196,0.5334448160535117
martingale,Brent (BRENT_W),2001-07-02,True,False,4.746031746031746,4.746031746031746,2.539641030601303,1195,0.5338912133891214
martingale,Brent (BRENT_W),2001-08-01,True,False,4.658730158730159,4.658730158730159,2.5245917758649936,1191,0.5340050377833753
martingale,Brent (BRENT_W),2001-09-03,True,False,4.575396825396825,4.575396825396825,2.5837992100462235,1188,0.5353535353535354
martingale,Brent (BRENT_W),2001-10-01,True,False,4.484126984126984,4.484126984126984,2.4735107290866956,1182,0.5363790186125211
martingale,Brent (BRENT_W),2001-11-01,True,False,3.888888888888889,3.888888888888889,1.8353306056497998,1176,0.5348639455782312
martingale,Brent (BRENT_W),2001-12-03,True,False,3.4007936507936507,3.4007936507936507,1.5821354725237542,1165,0.5356223175965665
martingale,Brent (BRENT_W),2002-01-02,True,False,3.3253968253968256,3.3253968253968256,1.5619999469549062,1160,0.5362068965517242
martingale,Brent (BRENT_W),2002-02-01,True,False,3.2301587301587302,3.2301587301587302,1.4022233496955354,1154,0.5363951473136915
martingale,Brent (BRENT_W),2002-03-01,True,False,3.1547619047619047,3.1547619047619047,1.4463828513904171,1148,0.5365853658536586
martingale,Brent (BRENT_W),2002-04-02,True,False,3.492063492063492,3.492063492063492,1.7583504052341852,1143,0.5345581802274716
martingale,Brent (BRENT_W),2002-05-01,True,False,3.9047619047619047,3.9047619047619047,2.476763421208098,1135,0.5356828193832599
martingale,Brent (BRENT_W),2002-06-05,True,False,3.8174603174603177,3.8174603174603177,2.556995050939011,1129,0.537643932683791
martingale,Brent (BRENT_W),2002-07-01,True,False,3.746031746031746,3.746031746031746,2.5474876798870336,1128,0.5381205673758865
martingale,Brent (BRENT_W),2002-08-01,True,False,3.6547619047619047,3.6547619047619047,2.5326543628274676,1127,0.5377107364685004
martingale,Brent (BRENT_W),2002-09-02,True,False,3.5714285714285716,3.5714285714285716,2.406780118470274,1124,0.5373665480427047
martingale,Brent (BRENT_W),2002-10-01,True,False,3.488095238095238,3.488095238095238,2.3221003693741307,1121,0.5370205173951829
martingale,Brent (BRENT_W),2002-11-01,True,False,3.392857142857143,3.392857142857143,2.321667362462717,1118,0.5366726296958855
martingale,Brent (BRENT_W),2002-12-02,True,False,3.3095238095238093,3.3095238095238093,2.2959831052228252,1114,0.5377019748653501
martingale,Brent (BRENT_W),2003-01-02,True,False,3.2301587301587302,3.2301587301587302,2.1927303017714377,1110,0.5369369369369369
martingale,Brent (BRENT_W),2003-02-03,True,False,3.142857142857143,3.142857142857143,2.08089516315753,1107,0.5356820234869015
martingale,Brent (BRENT_W),2003-03-03,True,False,3.0634920634920637,3.0634920634920637,1.990181111310137,1105,0.534841628959276
martingale,Brent (BRENT_W),2003-04-01,True,False,2.492063492063492,2.492063492063492,1.846372313132374,1096,0.5346715328467153
martingale,Brent (BRENT_W),2003-05-01,True,False,2.4087301587301586,2.4087301587301586,1.7303241023855291,1091,0.535288725939505
martingale,Brent (BRENT_W),2003-06-02,True,False,2.3333333333333335,2.3333333333333335,1.7606830931500728,1088,0.5349264705882353
martingale,Brent (BRENT_W),2003-07-01,True,False,2.246031746031746,2.246031746031746,1.6374061079036448,1081,0.5337650323774283
martingale,Brent (BRENT_W),2003-08-01,True,False,2.1587301587301586,2.1587301587301586,1.6660714150302531,1080,0.5333333333333333
martingale,Brent (BRENT_W),2003-09-01,True,False,2.0793650793650795,2.0793650793650795,1.6590454683414413,1078,0.5343228200371057
martingale,Brent (BRENT_W),2003-10-01,True,False,1.5793650793650793,1.5793650793650793,1.5154284455694844,1073,0.5340167753960857
martingale,Brent (BRENT_W),2003-11-03,True,False,1.4880952380952381,1.4880952380952381,1.4531706982351074,1069,0.5341440598690365
martingale,Brent (BRENT_W),2003-12-01,True,False,1.8174603174603174,1.8174603174603174,1.5994214430946023,1064,0.5366541353383458
martingale,Brent (BRENT_W),2004-01-02,True,False,1.7341269841269842,1.7341269841269842,1.5059894471514481,1059,0.5354107648725213
martingale,Brent (BRENT_W),2004-02-02,True,False,1.6547619047619047,1.6547619047619047,1.5629362978442851,1054,0.5370018975332068
martingale,Brent (BRENT_W),2004-03-01,True,False,1.5753968253968254,1.5753968253968254,1.5943479670420313,1053,0.5375118708452041
martingale,Brent (BRENT_W),2004-04-01,True,False,1.4841269841269842,1.4841269841269842,1.5749842921251453,1048,0.5381679389312977
martingale,Brent (BRENT_W),2004-05-04,True,False,1.4047619047619047,1.4047619047619047,1.4729900974104897,1041,0.5379442843419788
martingale,Brent (BRENT_W),2004-06-01,True,False,1.3293650793650793,1.3293650793650793,1.389709297631469,1035,0.5371980676328503
martingale,Brent (BRENT_W),2004-07-01,True,False,0.8293650793650794,0.8293650793650794,1.3540010240712639,1029,0.5374149659863946
martingale,Brent (BRENT_W),2004-08-02,True,False,0.7420634920634921,0.7420634920634921,1.3109974920542187,1026,0.5370370370370371
martingale,Brent (BRENT_W),2004-09-01,True,False,0.6547619047619048,0.6547619047619048,1.2447540459929354,1020,0.5362745098039216
martingale,Brent (BRENT_W),2004-10-01,True,False,0.5714285714285714,0.5714285714285714,1.2504450137484004,1015,0.5379310344827586
martingale,Brent (BRENT_W),2004-11-01,True,False,0.48412698412698413,0.48412698412698413,1.2110746398469152,1010,0.5376237623762377
martingale,Brent (BRENT_W),2004-12-01,True,False,0.3968253968253968,0.3968253968253968,1.2068876049504544,1006,0.5377733598409543
martingale,Brent (BRENT_W),2005-01-04,True,False,0.3134920634920635,0.3134920634920635,1.158676312156079,996,0.5391566265060241
martingale,Brent (BRENT_W),2005-02-01,True,False,0.23412698412698413,0.23412698412698413,1.1076501721056167,992,0.5383064516129032
martingale,Brent (BRENT_W),2005-03-01,True,False,0.15476190476190477,0.15476190476190477,1.0743071670199802,988,0.5384615384615384
martingale,Brent (BRENT_W),2005-04-01,True,False,0.06746031746031746,0.06746031746031746,0.999825,982,0.5366598778004074
martingale,Brent (BRENT_W),2005-05-03,True,False,0.9047619047619048,0.9047619047619048,1.1948297166203814,975,0.5394871794871795
martingale,Brent (BRENT_W),2005-06-01,True,False,0.8253968253968254,0.8253968253968254,1.1809387709366965,973,0.539568345323741
martingale,Brent (BRENT_W),2005-07-01,True,False,0.7380952380952381,0.7380952380952381,1.1360213759009972,969,0.5386996904024768
martingale,Brent (BRENT_W),2005-08-01,True,False,0.6547619047619048,0.6547619047619048,1.1121529060874953,964,0.5394190871369294
martingale,Brent (BRENT_W),2005-09-01,True,False,0.5674603174603174,0.5674603174603174,1.0595455541475571,959,0.5380604796663191
martingale,Brent (BRENT_W),2005-10-03,True,False,0.4801587301587302,0.4801587301587302,1.1050029882663754,955,0.5403141361256545
martingale,Brent (BRENT_W),2005-11-01,True,False,0.3968253968253968,0.3968253968253968,1.069258632904005,951,0.5394321766561514
martingale,Brent (BRENT_W),2005-12-01,True,False,0.30952380952380953,0.30952380952380953,1.054071882866762,946,0.540169133192389
martingale,Brent (BRENT_W),2006-01-03,True,False,0.2261904761904762,0.2261904761904762,1.0429215068222106,943,0.5408271474019088
martingale,Brent (BRENT_W),2006-02-01,True,False,0.14285714285714285,0.14285714285714285,1.0105015180959107,942,0.5392781316348195
martingale,Brent (BRENT_W),2006-03-01,True,False,4.503968253968254,4.503968253968254,2.2805892707919098,935,0.5433155080213904
martingale,Brent (BRENT_W),2006-04-03,True,False,4.412698412698413,4.412698412698413,2.1958637047382195,932,0.5429184549356223
martingale,Brent (BRENT_W),2006-05-01,True,False,4.337301587301587,4.337301587301587,2.042175646326918,927,0.5415318230852212
martingale,Brent (BRENT_W),2006-06-01,True,False,4.25,4.25,2.083015197054741,924,0.5422077922077922
martingale,Brent (BRENT_W),2006-07-03,True,False,4.162698412698413,4.162698412698413,2.0335698560640423,921,0.5428881650380022
martingale,Brent (BRENT_W),2006-08-01,True,False,4.079365079365079,4.079365079365079,2.008241542911181,919,0.5429815016322089
martingale,Brent (BRENT_W),2006-09-01,True,False,3.9801587301587302,3.9801587301587302,2.0029757876202487,913,0.5421686746987951
martingale,Brent (BRENT_W),2006-10-02,True,False,3.892857142857143,3.892857142857143,2.104041908206536,910,0.5406593406593406
martingale,Brent (BRENT_W),2006-11-01,True,False,3.8055555555555554,3.8055555555555554,2.1150600627831464,905,0.5403314917127072
martingale,Brent (BRENT_W),2006-12-01,True,False,3.7182539682539684,3.7182539682539684,2.045456091995259,900,0.5422222222222223
martingale,Brent (BRENT_W),2007-01-02,True,False,3.638888888888889,3.638888888888889,2.1188699812631238,898,0.5423162583518931
martingale,Brent (BRENT_W),2007-02-01,True,False,3.5515873015873014,3.5515873015873014,2.2294088245001054,896,0.5435267857142857
martingale,Brent (BRENT_W),2007-03-01,True,False,3.4722222222222223,3.4722222222222223,2.114779464407625,894,0.5425055928411633
martingale,Brent (BRENT_W),2007-04-02,True,False,3.357142857142857,3.357142857142857,1.9935018865664806,890,0.5415730337078651
martingale,Brent (BRENT_W),2007-05-01,True,False,3.2777777777777777,3.2777777777777777,1.9747908473120972,885,0.5412429378531074
martingale,Brent (BRENT_W),2007-06-01,True,False,3.1865079365079363,3.1865079365079363,1.961358445846849,882,0.5430839002267573
martingale,Brent (BRENT_W),2007-07-02,True,False,3.1031746031746033,3.1031746031746033,1.8678903585003215,879,0.5415244596131968
martingale,Brent (BRENT_W),2007-08-01,True,False,3.015873015873016,3.015873015873016,1.8278511678795284,878,0.541002277904328
martingale,Brent (BRENT_W),2007-09-03,True,False,2.9246031746031744,2.9246031746031744,1.841408545309029,872,0.5424311926605505
martingale,Brent (BRENT_W),2007-10-01,True,False,2.8452380952380953,2.8452380952380953,1.7742248963298537,871,0.5419058553386912
martingale,Brent (BRENT_W),2007-11-01,True,False,2.746031746031746,2.746031746031746,1.6211054478584546,868,0.5403225806451613
martingale,Brent (BRENT_W),2007-12-03,True,False,2.6984126984126986,2.6984126984126986,1.9014746784834848,862,0.5406032482598608
martingale,Brent (BRENT_W),2008-01-02,True,False,2.619047619047619,2.619047619047619,1.8149909023761897,858,0.541958041958042
martingale,Brent (BRENT_W),2008-02-01,True,False,2.5277777777777777,2.5277777777777777,1.8525014364509533,852,0.5422535211267606
martingale,Brent (BRENT_W),2008-03-03,True,False,2.4444444444444446,2.4444444444444446,1.7167025748058284,847,0.5419126328217237
martingale,Brent (BRENT_W),2008-04-01,True,False,2.365079365079365,2.365079365079365,1.6898878770311305,843,0.5421115065243179
martingale,Brent (BRENT_W),2008-05-01,True,False,2.25,2.25,1.5688569464199558,838,0.5405727923627685
martingale,Brent (BRENT_W),2008-06-02,True,False,2.1626984126984126,2.1626984126984126,1.4412031883915473,833,0.539015606242497
martingale,Brent (BRENT_W),2008-07-01,True,False,2.0793650793650795,2.0793650793650795,1.339913179930506,825,0.5381818181818182
martingale,Brent (BRENT_W),2008-08-01,True,False,1.5357142857142858,1.5357142857142858,1.3124037966392226,818,0.5366748166259169
martingale,Brent (BRENT_W),2008-09-01,True,False,1.4523809523809523,1.4523809523809523,1.2942882084842953,813,0.5350553505535055
martingale,Brent (BRENT_W),2008-10-01,True,False,1.3611111111111112,1.3611111111111112,1.2444323543836644,803,0.5342465753424658
martingale,Brent (BRENT_W),2008-11-03,True,False,0.19444444444444445,0.19444444444444445,1.2032646003844238,790,0.5303797468354431
martingale,Brent (BRENT_W),2008-12-01,True,False,0.10714285714285714,0.10714285714285714,1.1225589922793953,778,0.5282776349614395
martingale,Brent (BRENT_W),2009-01-02,True,False,1.5515873015873016,1.5515873015873016,1.4529350773947798,764,0.5261780104712042
martingale,Brent (BRENT_W),2009-02-02,True,False,1.0912698412698412,1.0912698412698412,1.5159653869922058,755,0.528476821192053
martingale,Brent (BRENT_W),2009-03-02,True,False,1.0119047619047619,1.0119047619047619,1.4837311434929505,746,0.5281501340482574
martingale,Brent (BRENT_W),2009-04-01,True,False,0.9166666666666666,0.9166666666666666,1.3616506360810123,735,0.5292517006802722
martingale,Brent (BRENT_W),2009-05-01,True,False,0.8333333333333334,0.8333333333333334,1.3013443150116861,730,0.5287671232876713
martingale,Brent (BRENT_W),2009-06-01,True,False,0.6904761904761905,0.6904761904761905,1.1899756212897197,724,0.5276243093922652
martingale,Brent (BRENT_W),2009-07-01,True,False,0.6031746031746031,0.6031746031746031,1.1668130518426267,720,0.5277777777777778
martingale,Brent (BRENT_W),2009-08-03,True,False,0.5119047619047619,0.5119047619047619,1.1060176008756972,711,0.5288326300984529
martingale,Brent (BRENT_W),2009-09-01,True,False,0.42857142857142855,0.42857142857142855,1.1082134548655438,708,0.5296610169491526
martingale,Brent (BRENT_W),2009-10-01,True,False,0.3412698412698413,0.3412698412698413,1.0644538646567012,702,0.5299145299145299
martingale,Brent (BRENT_W),2009-11-02,True,False,0.25396825396825395,0.25396825396825395,1.035196341266672,700,0.5285714285714286
martingale,Brent (BRENT_W),2009-12-01,True,False,0.17063492063492064,0.17063492063492064,1.01585358947895,695,0.5294964028776978
martingale,Brent (BRENT_W),2010-01-04,True,False,0.5674603174603174,0.5674603174603174,1.1478534181699331,691,0.5311143270622286
martingale,Brent (BRENT_W),2010-02-01,True,False,0.4880952380952381,0.4880952380952381,1.1870786496435421,688,0.5334302325581395
martingale,Brent (BRENT_W),2010-03-01,True,False,0.4087301587301587,0.4087301587301587,1.1600809248179589,681,0.5359765051395007
martingale,Brent (BRENT_W),2010-04-01,True,False,0.3134920634920635,0.3134920634920635,1.1039366410168798,679,0.5331369661266568
martingale,Brent (BRENT_W),2010-05-03,True,False,0.23015873015873015,0.23015873015873015,1.0873200440427817,677,0.5332348596750369
martingale,Brent (BRENT_W),2010-06-01,True,False,0.11904761904761904,0.11904761904761904,1.0146940799004498,670,0.5298507462686567
martingale,Brent (BRENT_W),2010-07-01,True,False,1.0476190476190477,1.0476190476190477,1.3351592435941344,664,0.5331325301204819
martingale,Brent (BRENT_W),2010-08-02,True,False,0.9603174603174603,0.9603174603174603,1.2900756266483935,661,0.5340393343419062
martingale,Brent (BRENT_W),2010-09-01,True,False,0.873015873015873,0.873015873015873,1.317521662221122,656,0.538109756097561
martingale,Brent (BRENT_W),2010-10-01,True,False,0.7857142857142857,0.7857142857142857,1.264644720629939,654,0.536697247706422
martingale,Brent (BRENT_W),2010-11-01,True,False,0.7023809523809523,0.7023809523809523,1.2518699402675137,651,0.5376344086021505
martingale,Brent (BRENT_W),2010-12-01,True,False,0.6150793650793651,0.6150793650793651,1.215699262024249,648,0.5370370370370371
martingale,Brent (BRENT_W),2011-01-03,True,False,0.5238095238095238,0.5238095238095238,1.1754541521137238,646,0.5356037151702786
martingale,Brent (BRENT_W),2011-02-01,True,False,0.44047619047619047,0.44047619047619047,1.138704528017966,643,0.5349922239502333
martingale,Brent (BRENT_W),2011-03-01,True,False,0.3611111111111111,0.3611111111111111,1.0833664314170004,640,0.5328125
martingale,Brent (BRENT_W),2011-04-01,True,False,0.2698412698412698,0.2698412698412698,1.0560722541990155,637,0.5321821036106751
martingale,Brent (BRENT_W),2011-05-02,True,False,0.19047619047619047,0.19047619047619047,1.0289833085280418,634,0.5315457413249212
martingale,Brent (BRENT_W),2011-06-01,True,False,0.2857142857142857,0.2857142857142857,1.0001339869443742,629,0.5325914149443561
martingale,Brent (BRENT_W),2011-07-01,True,False,0.24603174603174602,0.24603174603174602,1.047678359693287,625,0.536
martingale,Brent (BRENT_W),2011-08-01,True,False,0.1626984126984127,0.1626984126984127,1.0164715113942673,623,0.5345104333868379
martingale,Brent (BRENT_W),2011-09-01,True,False,0.2777777777777778,0.2777777777777778,1.0284803849084758,620,0.5370967741935484
martingale,Brent (BRENT_W),2011-10-03,True,False,0.17063492063492064,0.17063492063492064,1.010685634744604,615,0.5382113821138211
martingale,Brent (BRENT_W),2011-11-01,True,False,2.369047619047619,2.369047619047619,1.3620874809986414,612,0.5424836601307189
martingale,Brent (BRENT_W),2011-12-01,True,False,2.2817460317460316,2.2817460317460316,1.3687700066488349,610,0.5442622950819672
martingale,Brent (BRENT_W),2012-01-03,True,False,2.1984126984126986,2.1984126984126986,1.3315947703883653,607,0.5436573311367381
martingale,Brent (BRENT_W),2012-02-01,True,False,2.107142857142857,2.107142857142857,1.3179098157481859,607,0.5420098846787479
martingale,Brent (BRENT_W),2012-03-01,True,False,2.0238095238095237,2.0238095238095237,1.2424007830930148,602,0.5415282392026578
martingale,Brent (BRENT_W),2012-04-02,True,False,1.9365079365079365,1.9365079365079365,1.2430993168163142,602,0.5415282392026578
martingale,Brent (BRENT_W),2012-05-01,True,False,1.8571428571428572,1.8571428571428572,1.2565170526489469,601,0.5424292845257903
martingale,Brent (BRENT_W),2012-06-01,True,False,1.746031746031746,1.746031746031746,1.233328970308448,597,0.5393634840871022
martingale,Brent (BRENT_W),2012-07-02,True,False,1.6428571428571428,1.6428571428571428,1.215702275779298,595,0.5394957983193277
martingale,Brent (BRENT_W),2012-08-01,True,False,1.5555555555555556,1.5555555555555556,1.1877817722755806,591,0.5397631133671743
martingale,Brent (BRENT_W),2012-09-03,True,False,1.4642857142857142,1.4642857142857142,1.1329189862138351,588,0.5374149659863946
martingale,Brent (BRENT_W),2012-10-01,True,False,1.3849206349206349,1.3849206349206349,1.1403852132724706,586,0.5392491467576792
martingale,Brent (BRENT_W),2012-11-01,True,False,1.2936507936507937,1.2936507936507937,1.1057236617774437,583,0.5385934819897084
martingale,Brent (BRENT_W),2012-12-03,True,False,1.2063492063492063,1.2063492063492063,1.1160748524534467,582,0.5395189003436426
martingale,Brent (BRENT_W),2013-01-02,True,False,1.126984126984127,1.126984126984127,1.0846589281692727,578,0.5397923875432526
martingale,Brent (BRENT_W),2013-02-01,True,False,1.0396825396825398,1.0396825396825398,1.0726820230447651,578,0.5380622837370242
martingale,Brent (BRENT_W),2013-03-01,True,False,0.9603174603174603,0.9603174603174603,1.0599797850138408,574,0.5400696864111498
martingale,Brent (BRENT_W),2013-04-01,True,False,0.8809523809523809,0.8809523809523809,1.061537912576203,575,0.5391304347826087
martingale,Brent (BRENT_W),2013-05-01,True,False,0.6944444444444444,0.6944444444444444,1.0129314712421724,570,0.5385964912280702
martingale,Brent (BRENT_W),2013-06-03,True,False,0.6547619047619048,0.6547619047619048,1.02818744112502,567,0.5396825396825397
martingale,Brent (BRENT_W),2013-07-01,True,False,0.5753968253968254,0.5753968253968254,1.050524362486604,565,0.5433628318584071
martingale,Brent (BRENT_W),2013-08-01,True,False,0.48412698412698413,0.48412698412698413,1.0202210471173674,563,0.5417406749555951
martingale,Brent (BRENT_W),2013-09-02,True,False,0.39285714285714285,0.39285714285714285,1.0071576992051774,562,0.5409252669039146
martingale,Brent (BRENT_W),2013-10-01,True,False,0.36507936507936506,0.36507936507936506,1.0063206193831045,561,0.5418894830659536
martingale,Brent (BRENT_W),2013-11-01,True,False,0.5079365079365079,0.5079365079365079,1.0105336675580765,559,0.5438282647584973
martingale,Brent (BRENT_W),2013-12-02,False,False,,10.567460317460318,1.2737605350608854,558,0.5448028673835126
martingale,Brent (BRENT_W),2014-01-02,False,False,,10.484126984126984,1.3395459302654027,557,0.5457809694793537
martingale,Brent (BRENT_W),2014-02-03,False,False,,10.396825396825397,1.346265336370646,557,0.5457809694793537
martingale,Brent (BRENT_W),2014-03-03,False,False,,10.317460317460318,1.3749412784299953,558,0.5483870967741935
martingale,Brent (BRENT_W),2014-04-01,False,False,,10.234126984126984,1.366244201627569,555,0.5477477477477477
martingale,Brent (BRENT_W),2014-05-01,False,False,,10.15079365079365,1.3770186606860226,555,0.5495495495495496
martingale,Brent (BRENT_W),2014-06-02,False,False,,10.063492063492063,1.357381832059796,554,0.5487364620938628
martingale,Brent (BRENT_W),2014-07-01,False,False,,9.98015873015873,1.3293381288332056,553,0.5479204339963833
martingale,Brent (BRENT_W),2014-08-01,False,False,,9.88888888888889,1.3396140352313726,551,0.5480943738656987
martingale,Brent (BRENT_W),2014-09-01,False,False,,9.805555555555555,1.335094779441354,550,0.5472727272727272
martingale,Brent (BRENT_W),2014-10-01,False,False,,9.718253968253968,1.3225720807396464,547,0.5447897623400365
martingale,Brent (BRENT_W),2014-11-03,True,False,5.2063492063492065,5.2063492063492065,1.317314933275567,544,0.5422794117647058
martingale,Brent (BRENT_W),2014-12-01,True,False,0.8849206349206349,0.8849206349206349,1.2917480743071652,537,0.5400372439478585
martingale,Brent (BRENT_W),2015-01-02,True,False,0.6984126984126984,0.6984126984126984,1.2604928706322722,529,0.5349716446124764
martingale,Brent (BRENT_W),2015-02-02,True,False,0.6150793650793651,0.6150793650793651,1.2297697692913971,524,0.5343511450381679
martingale,Brent (BRENT_W),2015-03-02,True,False,0.5357142857142857,0.5357142857142857,1.1673852408926473,517,0.5338491295938105
martingale,Brent (BRENT_W),2015-04-01,True,False,0.44841269841269843,0.44841269841269843,1.1659233130096445,513,0.5360623781676414
martingale,Brent (BRENT_W),2015-05-01,True,False,0.36507936507936506,0.36507936507936506,1.122188141219235,510,0.5352941176470588
martingale,Brent (BRENT_W),2015-06-01,True,False,0.28174603174603174,0.28174603174603174,1.1450923491870058,510,0.5372549019607843
martingale,Brent (BRENT_W),2015-07-01,True,False,0.19444444444444445,0.19444444444444445,1.1095732483719685,506,0.5355731225296443
martingale,Brent (BRENT_W),2015-08-03,True,False,0.09523809523809523,0.09523809523809523,1.054843682939431,500,0.532
martingale,Brent (BRENT_W),2015-09-01,False,False,,8.781746031746032,2.264851856849245,492,0.532520325203252
martingale,Brent (BRENT_W),2015-10-01,False,False,,8.694444444444445,2.297667635852318,488,0.5348360655737705
martingale,Brent (BRENT_W),2015-11-02,False,False,,8.607142857142858,2.3029798602475204,484,0.5392561983471075
martingale,Brent (BRENT_W),2015-12-01,False,False,,8.523809523809524,2.4592187442456415,477,0.5366876310272537
martingale,Brent (BRENT_W),2016-01-04,False,False,,8.436507936507937,2.7564874093881353,472,0.5317796610169492
martingale,Brent (BRENT_W),2016-02-01,False,False,,8.357142857142858,2.940502077982643,460,0.5304347826086957
martingale,Brent (BRENT_W),2016-03-01,False,False,,8.273809523809524,2.6972971094531797,446,0.5291479820627802
martingale,Brent (BRENT_W),2016-04-01,False,False,,8.186507936507937,2.58218581064371,437,0.528604118993135
martingale,Brent (BRENT_W),2016-05-02,False,False,,8.103174603174603,2.2739348986744234,432,0.5254629629629629
martingale,Brent (BRENT_W),2016-06-01,False,False,,8.015873015873016,2.146724098546416,428,0.5233644859813084
martingale,Brent (BRENT_W),2016-07-01,False,False,,7.928571428571429,2.1158861509751845,421,0.5249406175771971
martingale,Brent (BRENT_W),2016-08-01,True,False,3.5595238095238093,3.5595238095238093,1.936311207461947,412,0.5218446601941747
martingale,Brent (BRENT_W),2016-09-01,False,False,,7.753968253968254,2.122911925291008,408,0.5269607843137255
martingale,Brent (BRENT_W),2016-10-03,True,False,3.380952380952381,3.380952380952381,1.7620809137475169,400,0.5275
martingale,Brent (BRENT_W),2016-11-01,True,False,3.2976190476190474,3.2976190476190474,1.8086675103121859,397,0.5289672544080605
martingale,Brent (BRENT_W),2016-12-01,True,False,3.0753968253968256,3.0753968253968256,1.690580150627576,390,0.5282051282051282
martingale,Brent (BRENT_W),2017-01-03,True,False,2.9126984126984126,2.9126984126984126,1.6335296480852404,388,0.5231958762886598
martingale,Brent (BRENT_W),2017-02-01,True,False,2.8253968253968256,2.8253968253968256,1.612618715566824,385,0.5246753246753246
martingale,Brent (BRENT_W),2017-03-01,True,False,2.746031746031746,2.746031746031746,1.620824831404147,384,0.5260416666666666
martingale,Brent (BRENT_W),2017-04-03,True,False,2.6547619047619047,2.6547619047619047,1.6283130888440926,381,0.5249343832020997
martingale,Brent (BRENT_W),2017-05-01,True,False,2.5793650793650795,2.5793650793650795,1.6599967172663999,378,0.5291005291005291
martingale,Brent (BRENT_W),2017-06-01,True,False,2.488095238095238,2.488095238095238,1.7013958507712983,372,0.532258064516129
martingale,Brent (BRENT_W),2017-07-03,True,False,2.4007936507936507,2.4007936507936507,1.702833907188775,368,0.5353260869565217
martingale,Brent (BRENT_W),2017-08-01,True,False,2.3174603174603177,2.3174603174603177,1.6390399289835436,360,0.5388888888888889
martingale,Brent (BRENT_W),2017-09-01,True,False,2.2261904761904763,2.2261904761904763,1.6086559471330335,359,0.5376044568245125
martingale,Brent (BRENT_W),2017-10-02,True,False,2.142857142857143,2.142857142857143,1.529372734779114,355,0.5352112676056338
martingale,Brent (BRENT_W),2017-11-01,True,False,2.0515873015873014,2.0515873015873014,1.446668759128497,352,0.53125
martingale,Brent (BRENT_W),2017-12-01,True,False,1.9642857142857142,1.9642857142857142,1.3761209174638032,350,0.5257142857142857
martingale,Brent (BRENT_W),2018-01-02,True,False,1.8849206349206349,1.8849206349206349,1.3475334068807214,347,0.5273775216138329
martingale,Brent (BRENT_W),2018-02-01,True,False,1.7976190476190477,1.7976190476190477,1.3021374663835799,345,0.5246376811594203
martingale,Brent (BRENT_W),2018-03-01,True,False,1.6944444444444444,1.6944444444444444,1.3009706565167334,341,0.5249266862170088
martingale,Brent (BRENT_W),2018-04-02,True,False,1.6111111111111112,1.6111111111111112,1.2693065838489324,339,0.5250737463126843
martingale,Brent (BRENT_W),2018-05-01,True,False,1.5277777777777777,1.5277777777777777,1.2195534855209942,337,0.5222551928783383
martingale,Brent (BRENT_W),2018-06-01,True,False,1.4365079365079365,1.4365079365079365,1.187354695607121,334,0.5209580838323353
martingale,Brent (BRENT_W),2018-07-02,True,False,1.3531746031746033,1.3531746031746033,1.183638852003087,329,0.5258358662613982
martingale,Brent (BRENT_W),2018-08-01,True,False,1.2619047619047619,1.2619047619047619,1.170695785442382,325,0.5261538461538462
martingale,Brent (BRENT_W),2018-09-03,True,False,1.1706349206349207,1.1706349206349207,1.1466830581998524,323,0.5263157894736842
martingale,Brent (BRENT_W),2018-10-01,True,False,1.0952380952380953,1.0952380952380953,1.1075856340243548,321,0.5233644859813084
martingale,Brent (BRENT_W),2018-11-01,True,False,0.996031746031746,0.996031746031746,1.1270674946388204,317,0.526813880126183
martingale,Brent (BRENT_W),2018-12-03,True,False,0.8571428571428571,0.8571428571428571,1.0876867096259621,312,0.5224358974358975
martingale,Brent (BRENT_W),2019-01-02,True,False,0.7976190476190477,0.7976190476190477,1.048454941203207,303,0.5181518151815182
martingale,Brent (BRENT_W),2019-02-01,True,False,0.7420634920634921,0.7420634920634921,1.1136577856298422,298,0.5234899328859061
martingale,Brent (BRENT_W),2019-03-01,True,False,0.6626984126984127,0.6626984126984127,1.1198326105137955,298,0.5234899328859061
martingale,Brent (BRENT_W),2019-04-01,True,False,0.5793650793650794,0.5793650793650794,1.0960752444880744,296,0.5202702702702703
martingale,Brent (BRENT_W),2019-05-01,True,False,0.4642857142857143,0.4642857142857143,1.0330299769227769,295,0.5152542372881356
martingale,Brent (BRENT_W),2019-06-03,True,False,0.3531746031746032,0.3531746031746032,1.0165163087683622,292,0.5171232876712328
martingale,Brent (BRENT_W),2019-07-01,True,False,0.3253968253968254,0.3253968253968254,1.0985264534249484,290,0.5241379310344828
martingale,Brent (BRENT_W),2019-08-01,True,False,0.20238095238095238,0.20238095238095238,1.0834684953389244,285,0.5263157894736842
martingale,Brent (BRENT_W),2019-09-02,True,False,0.11507936507936507,0.11507936507936507,1.027617508460266,280,0.5214285714285715
martingale,Brent (BRENT_W),2019-10-01,False,False,,4.603174603174603,2.3137524803283243,271,0.5350553505535055
martingale,Brent (BRENT_W),2019-11-01,False,False,,4.511904761904762,2.243655264970724,268,0.5373134328358209
martingale,Brent (BRENT_W),2019-12-02,False,False,,4.428571428571429,2.2331240857842647,266,0.5375939849624061
martingale,Brent (BRENT_W),2020-01-02,False,False,,4.345238095238095,2.085160519680572,263,0.5361216730038023
martingale,Brent (BRENT_W),2020-02-03,False,False,,4.257936507936508,2.265734811272785,257,0.5369649805447471
martingale,Brent (BRENT_W),2020-03-02,False,False,,4.178571428571429,2.249110832273382,251,0.5378486055776892
martingale,Brent (BRENT_W),2020-04-01,False,False,,4.091269841269841,2.2422526286448656,236,0.5211864406779662
martingale,Brent (BRENT_W),2020-05-01,False,False,,4.007936507936508,3.235320320729922,222,0.5225225225225225
martingale,Brent (BRENT_W),2020-06-01,False,False,,3.9246031746031744,2.534530716808572,211,0.5213270142180095
martingale,Brent (BRENT_W),2020-07-01,False,False,,3.8373015873015874,2.3372827711355675,203,0.5123152709359606
martingale,Brent (BRENT_W),2020-08-03,False,False,,3.746031746031746,2.2886193535459802,202,0.5099009900990099
martingale,Brent (BRENT_W),2020-09-01,False,False,,3.6626984126984126,2.2460977423549844,201,0.5074626865671642
martingale,Brent (BRENT_W),2020-10-01,False,False,,3.5753968253968256,2.3278659411652227,196,0.5051020408163265
martingale,Brent (BRENT_W),2020-11-02,False,False,,3.488095238095238,2.340588739677697,189,0.5079365079365079
martingale,Brent (BRENT_W),2020-12-01,False,False,,3.4047619047619047,2.0851476736989474,181,0.5082872928176796
martingale,Brent (BRENT_W),2021-01-04,False,False,,3.3174603174603177,1.9911186275549702,179,0.5027932960893855
martingale,Brent (BRENT_W),2021-02-01,False,False,,3.238095238095238,1.8736133448856829,176,0.4943181818181818
martingale,Brent (BRENT_W),2021-03-01,False,False,,3.1587301587301586,1.7528734307524867,172,0.48255813953488375
martingale,Brent (BRENT_W),2021-04-01,False,False,,3.0674603174603177,1.664621194813268,163,0.48466257668711654
martingale,Brent (BRENT_W),2021-05-03,False,False,,2.984126984126984,1.6908825959624922,160,0.4875
martingale,Brent (BRENT_W),2021-06-01,False,False,,2.9007936507936507,1.6556544597431881,157,0.49044585987261147
martingale,Brent (BRENT_W),2021-07-01,True,False,0.0992063492063492,0.0992063492063492,1.009742822718919,156,0.4807692307692308
martingale,Brent (BRENT_W),2021-08-02,False,False,,2.7261904761904763,1.6649711525041253,152,0.5
martingale,Brent (BRENT_W),2021-09-01,False,False,,2.638888888888889,1.6475685750353481,147,0.5034013605442177
martingale,Brent (BRENT_W),2021-10-01,False,False,,2.5515873015873014,1.5777015572870823,146,0.5
martingale,Brent (BRENT_W),2021-11-01,False,False,,2.4682539682539684,1.5113030648905876,144,0.4930555555555556
martingale,Brent (BRENT_W),2021-12-01,False,False,,2.380952380952381,1.563874599555171,137,0.48905109489051096
martingale,Brent (BRENT_W),2022-01-03,False,False,,2.2896825396825395,1.477671449924091,132,0.5
martingale,Brent (BRENT_W),2022-02-01,False,False,,2.2063492063492065,1.3609465890626988,128,0.484375
martingale,Brent (BRENT_W),2022-03-01,False,False,,2.126984126984127,1.23314964585771,122,0.4672131147540984
martingale,Brent (BRENT_W),2022-04-01,True,False,0.4007936507936508,0.4007936507936508,1.1498268649148882,110,0.45454545454545453
martingale,Brent (BRENT_W),2022-05-02,True,False,0.32142857142857145,0.32142857142857145,1.11344890326999,102,0.46078431372549017
martingale,Brent (BRENT_W),2022-06-01,True,False,0.23412698412698413,0.23412698412698413,1.06368394544569,97,0.4536082474226804
martingale,Brent (BRENT_W),2022-07-01,True,False,0.14682539682539683,0.14682539682539683,1.0552448494045354,93,0.46236559139784944
martingale,Brent (BRENT_W),2022-08-01,True,False,0.06349206349206349,0.06349206349206349,1.0144173280448654,87,0.45977011494252873
martingale,Brent (BRENT_W),2022-09-01,False,False,,1.6071428571428572,1.448897940006235,78,0.48717948717948717
martingale,Brent (BRENT_W),2022-10-03,False,False,,1.5198412698412698,1.4185773454925628,72,0.4861111111111111
martingale,Brent (BRENT_W),2022-11-01,False,False,,1.4365079365079365,1.3332916237757755,65,0.47692307692307695
martingale,Brent (BRENT_W),2022-12-01,False,False,,1.3492063492063493,1.332238037342648,58,0.4827586206896552
martingale,Brent (BRENT_W),2023-01-03,False,False,,1.2658730158730158,1.3096425212173661,53,0.4716981132075472
martingale,Brent (BRENT_W),2023-02-01,False,False,,1.1825396825396826,1.2801203443297517,49,0.46938775510204084
martingale,Brent (BRENT_W),2023-03-01,False,False,,1.1031746031746033,1.2424800742809932,43,0.46511627906976744
martingale,Brent (BRENT_W),2023-04-03,False,False,,1.0119047619047619,1.2152001529668124,37,0.4864864864864865
martingale,NatGas (GAS_US),1991-01-02,True,False,2.611111111111111,2.611111111111111,1.798647334017249,1277,0.5544244322631167
martingale,NatGas (GAS_US),1991-02-01,True,False,2.5238095238095237,2.5238095238095237,1.817181677276093,1273,0.5538098978790259
martingale,NatGas (GAS_US),1991-03-01,True,False,2.4444444444444446,2.4444444444444446,1.826267009150787,1273,0.5538098978790259
martingale,NatGas (GAS_US),1991-04-01,True,False,2.365079365079365,2.365079365079365,1.8278807074614025,1273,0.5538098978790259
martingale,NatGas (GAS_US),1991-05-01,True,False,2.2777777777777777,2.2777777777777777,1.8435036554254502,1272,0.5534591194968553
martingale,NatGas (GAS_US),1991-06-03,True,False,2.1865079365079363,2.1865079365079363,1.8555191993029447,1271,0.5531077891424075
martingale,NatGas (GAS_US),1991-07-01,True,False,2.0753968253968256,2.0753968253968256,1.9423497200708109,1270,0.5535433070866141
martingale,NatGas (GAS_US),1991-08-01,True,False,1.992063492063492,1.992063492063492,1.9311982664625307,1268,0.554416403785489
martingale,NatGas (GAS_US),1991-09-03,True,False,1.9047619047619047,1.9047619047619047,1.7982907193059867,1266,0.5537124802527646
martingale,NatGas (GAS_US),1991-10-01,True,False,1.8214285714285714,1.8214285714285714,1.7391802913343253,1262,0.5538827258320127
martingale,NatGas (GAS_US),1991-11-01,True,False,1.7301587301587302,1.7301587301587302,1.7191247256253215,1260,0.553968253968254
martingale,NatGas (GAS_US),1991-12-02,True,False,1.6507936507936507,1.6507936507936507,1.7430643857095354,1259,0.5536139793486894
martingale,NatGas (GAS_US),1992-01-02,True,False,1.5555555555555556,1.5555555555555556,1.8726383035675889,1261,0.5527359238699445
martingale,NatGas (GAS_US),1992-02-03,True,False,1.4404761904761905,1.4404761904761905,1.8397894948269,1255,0.552191235059761
martingale,NatGas (GAS_US),1992-03-02,True,False,1.3650793650793651,1.3650793650793651,1.855208666380195,1254,0.5518341307814992
martingale,NatGas (GAS_US),1992-04-01,True,False,1.2817460317460319,1.2817460317460319,1.7262326750367567,1252,0.5519169329073482
martingale,NatGas (GAS_US),1992-05-01,True,False,1.1984126984126984,1.1984126984126984,1.656794276875997,1245,0.5534136546184739
martingale,NatGas (GAS_US),1992-06-01,True,False,1.1428571428571428,1.1428571428571428,1.5252128627783048,1245,0.5526104417670683
martingale,NatGas (GAS_US),1992-07-01,True,False,1.0555555555555556,1.0555555555555556,1.537868813397329,1244,0.5522508038585209
martingale,NatGas (GAS_US),1992-08-03,True,False,0.9682539682539683,0.9682539682539683,1.4431866739546033,1242,0.5523349436392915
martingale,NatGas (GAS_US),1992-09-01,True,False,0.8849206349206349,0.8849206349206349,1.375795614815286,1238,0.5525040387722132
martingale,NatGas (GAS_US),1992-10-01,True,False,0.8015873015873016,0.8015873015873016,1.302254424105989,1235,0.5522267206477732
martingale,NatGas (GAS_US),1992-11-02,True,False,0.7142857142857143,0.7142857142857143,1.2624831403965349,1232,0.551948051948052
martingale,NatGas (GAS_US),1992-12-01,True,False,0.44841269841269843,0.44841269841269843,1.2834610309318253,1230,0.5520325203252032
martingale,NatGas (GAS_US),1993-01-04,True,False,0.36507936507936506,0.36507936507936506,1.2696712663192098,1228,0.5521172638436482
martingale,NatGas (GAS_US),1993-02-01,True,False,0.2857142857142857,0.2857142857142857,1.2507873286122744,1227,0.5525672371638142
martingale,NatGas (GAS_US),1993-03-02,True,False,0.21031746031746032,0.21031746031746032,1.178396449283846,1225,0.5518367346938775
martingale,NatGas (GAS_US),1993-04-01,True,False,0.12301587301587301,0.12301587301587301,1.116628071369723,1223,0.5511038430089943
martingale,NatGas (GAS_US),1993-05-03,True,False,0.1388888888888889,0.1388888888888889,1.0183861423842082,1216,0.5501644736842105
martingale,NatGas (GAS_US),1993-06-01,True,False,0.2976190476190476,0.2976190476190476,1.0363489791023157,1211,0.5532617671345995
martingale,NatGas (GAS_US),1993-07-01,True,False,0.1984126984126984,0.1984126984126984,1.002653484080816,1211,0.5524360033030553
martingale,NatGas (GAS_US),1993-08-02,False,False,,30.555555555555557,6.862744835832987,1209,0.554177005789909
martingale,NatGas (GAS_US),1993-09-02,False,False,,30.46825396825397,6.492449438226481,1208,0.5538079470198676
martingale,NatGas (GAS_US),1993-10-01,False,False,,30.38888888888889,6.811994570988995,1205,0.5551867219917013
martingale,NatGas (GAS_US),1993-11-01,False,False,,30.305555555555557,6.8317476373582915,1205,0.5543568464730291
martingale,NatGas (GAS_US),1993-12-01,False,False,,30.226190476190474,7.174800971748848,1203,0.5544472152950956
martingale,NatGas (GAS_US),1994-01-03,False,False,,30.142857142857142,7.444610013686463,1200,0.5541666666666667
martingale,NatGas (GAS_US),1994-02-01,False,False,,30.05952380952381,5.849035105381848,1193,0.5532271584241408
martingale,NatGas (GAS_US),1994-03-01,False,False,,29.984126984126984,6.16999065289766,1191,0.5541561712846348
martingale,NatGas (GAS_US),1994-04-04,False,False,,29.892857142857142,6.1153302482134055,1191,0.5533165407220823
martingale,NatGas (GAS_US),1994-05-02,False,False,,29.817460317460316,6.382484946015665,1191,0.5541561712846348
martingale,NatGas (GAS_US),1994-06-01,False,False,,29.734126984126984,6.613771581960882,1189,0.5534062237174096
martingale,NatGas (GAS_US),1994-07-01,False,False,,29.646825396825395,6.235611608974236,1188,0.553030303030303
martingale,NatGas (GAS_US),1994-08-01,False,False,,29.567460317460316,6.77227482928574,1186,0.5531197301854974
martingale,NatGas (GAS_US),1994-09-01,True,False,1.4523809523809523,1.4523809523809523,1.3630755067125044,1183,0.5519864750633982
martingale,NatGas (GAS_US),1994-10-03,True,False,1.369047619047619,1.369047619047619,1.318663345209741,1182,0.550761421319797
martingale,NatGas (GAS_US),1994-11-01,True,False,1.2857142857142858,1.2857142857142858,1.3327340089141124,1180,0.5516949152542373
martingale,NatGas (GAS_US),1994-12-01,True,False,1.2023809523809523,1.2023809523809523,1.3676376640813235,1180,0.5508474576271186
martingale,NatGas (GAS_US),1995-01-03,True,False,1.119047619047619,1.119047619047619,1.3246854845375635,1176,0.5510204081632653
martingale,NatGas (GAS_US),1995-02-01,True,False,1.0317460317460319,1.0317460317460319,1.1943998789769537,1170,0.5495726495726496
martingale,NatGas (GAS_US),1995-03-01,True,False,0.9603174603174603,0.9603174603174603,1.2122058951706438,1167,0.5509854327335048
martingale,NatGas (GAS_US),1995-04-03,True,False,0.8690476190476191,0.8690476190476191,1.1880840398423134,1164,0.5506872852233677
martingale,NatGas (GAS_US),1995-05-01,True,False,0.7936507936507936,0.7936507936507936,1.2175513330729906,1164,0.5506872852233677
martingale,NatGas (GAS_US),1995-06-01,True,False,0.7063492063492064,0.7063492063492064,1.190143039786929,1164,0.5506872852233677
martingale,NatGas (GAS_US),1995-07-05,True,False,0.6111111111111112,0.6111111111111112,1.0772415263565172,1161,0.5503875968992248
martingale,NatGas (GAS_US),1995-08-01,True,False,0.5396825396825397,0.5396825396825397,1.2083430157251887,1157,0.5514261019878998
martingale,NatGas (GAS_US),1995-09-01,True,False,0.44841269841269843,0.44841269841269843,1.166283173128096,1155,0.5515151515151515
martingale,NatGas (GAS_US),1995-10-02,True,False,0.36904761904761907,0.36904761904761907,1.1622987146916257,1155,0.5515151515151515
martingale,NatGas (GAS_US),1995-11-01,True,False,0.2857142857142857,0.2857142857142857,1.23106991657004,1156,0.5519031141868512
martingale,NatGas (GAS_US),1995-12-01,True,False,0.20634920634920634,0.20634920634920634,1.1839886436868667,1154,0.5519930675909879
martingale,NatGas (GAS_US),1996-01-02,True,False,0.12698412698412698,0.12698412698412698,1.0502671548268847,1147,0.5510026155187445
martingale,NatGas (GAS_US),1996-02-01,True,False,0.047619047619047616,0.047619047619047616,1.023413223395073,1142,0.5516637478108581
martingale,NatGas (GAS_US),1996-03-01,True,False,0.2222222222222222,0.2222222222222222,1.0753027168491085,1136,0.5528169014084507
martingale,NatGas (GAS_US),1996-04-01,False,False,,27.908730158730158,7.368851542047001,1133,0.5525154457193292
martingale,NatGas (GAS_US),1996-05-01,False,False,,27.825396825396826,7.374065114869137,1131,0.5526083112290009
martingale,NatGas (GAS_US),1996-06-03,False,False,,27.738095238095237,6.926729236756618,1129,0.5535872453498671
martingale,NatGas (GAS_US),1996-07-01,False,False,,27.658730158730158,6.257061216733635,1125,0.5528888888888889
martingale,NatGas (GAS_US),1996-08-01,False,False,,27.575396825396826,6.727425954592336,1118,0.5536672629695886
martingale,NatGas (GAS_US),1996-09-03,False,False,,27.488095238095237,7.613666511016033,1113,0.5543575920934412
martingale,NatGas (GAS_US),1996-10-01,False,False,,27.408730158730158,7.106474440586701,1109,0.5554553651938684
martingale,NatGas (GAS_US),1996-11-01,False,False,,27.317460317460316,6.546592533892497,1103,0.5557570262919311
martingale,NatGas (GAS_US),1996-12-02,False,False,,27.24206349206349,5.5007899950911385,1100,0.5545454545454546
martingale,NatGas (GAS_US),1997-01-02,False,False,,27.158730158730158,5.273508700233542,1093,0.5544373284537969
martingale,NatGas (GAS_US),1997-02-03,False,False,,27.071428571428573,5.855614809485381,1085,0.5557603686635945
martingale,NatGas (GAS_US),1997-03-03,False,False,,26.996031746031747,6.392421662593149,1081,0.5550416281221091
martingale,NatGas (GAS_US),1997-04-01,False,False,,26.916666666666668,6.156923531332616,1076,0.5557620817843866
martingale,NatGas (GAS_US),1997-05-01,False,False,,26.82936507936508,5.6100355265540625,1076,0.5548327137546468
martingale,NatGas (GAS_US),1997-06-02,False,False,,26.746031746031747,5.664359379843199,1072,0.5550373134328358
martingale,NatGas (GAS_US),1997-07-01,False,False,,26.66269841269841,5.618468333616187,1070,0.5551401869158878
martingale,NatGas (GAS_US),1997-08-01,False,False,,26.575396825396826,5.477214183731311,1069,0.5556594948550047
martingale,NatGas (GAS_US),1997-09-02,False,False,,26.49206349206349,4.706084222752967,1066,0.5544090056285178
martingale,NatGas (GAS_US),1997-10-01,False,False,,26.408730158730158,4.474229273921204,1065,0.5539906103286385
martingale,NatGas (GAS_US),1997-11-03,False,False,,26.317460317460316,4.200739626880228,1060,0.5537735849056604
martingale,NatGas (GAS_US),1997-12-01,False,False,,26.246031746031747,4.5833659250572785,1057,0.5534531693472091
martingale,NatGas (GAS_US),1998-01-02,False,False,,26.158730158730158,4.902225049073084,1055,0.5526066350710901
martingale,NatGas (GAS_US),1998-02-02,False,False,,26.07936507936508,4.767918815777676,1052,0.5541825095057035
martingale,NatGas (GAS_US),1998-03-02,False,False,,26.003968253968253,4.843167017811253,1052,0.5532319391634981
martingale,NatGas (GAS_US),1998-04-01,False,False,,25.916666666666668,4.539631218252664,1049,0.553860819828408
martingale,NatGas (GAS_US),1998-05-01,False,False,,25.833333333333332,4.978352622991479,1045,0.554066985645933
martingale,NatGas (GAS_US),1998-06-01,False,False,,25.753968253968253,5.088267838046557,1041,0.5542747358309318
martingale,NatGas (GAS_US),1998-07-01,False,False,,25.666666666666668,4.710696102986945,1038,0.5539499036608864
martingale,NatGas (GAS_US),1998-08-03,False,False,,25.57936507936508,5.520766490668554,1034,0.5541586073500967
martingale,NatGas (GAS_US),1998-09-01,False,False,,25.496031746031747,5.481030392191092,1029,0.5539358600583091
martingale,NatGas (GAS_US),1998-10-01,False,False,,25.41269841269841,5.006891379518904,1027,0.5530671859785784
martingale,NatGas (GAS_US),1998-11-02,False,False,,25.325396825396826,5.088875750456135,1022,0.5547945205479452
martingale,NatGas (GAS_US),1998-12-01,True,False,4.912698412698413,4.912698412698413,2.811259543639925,1019,0.5534838076545633
martingale,NatGas (GAS_US),1999-01-04,True,False,4.825396825396825,4.825396825396825,2.725214542754139,1014,0.5542406311637081
martingale,NatGas (GAS_US),1999-02-01,True,False,4.190476190476191,4.190476190476191,2.429161820957667,1010,0.5544554455445545
martingale,NatGas (GAS_US),1999-03-01,True,False,4.115079365079365,4.115079365079365,2.4282906695590616,1009,0.554013875123885
martingale,NatGas (GAS_US),1999-04-01,True,False,4.023809523809524,4.023809523809524,2.208678178334132,1004,0.5537848605577689
martingale,NatGas (GAS_US),1999-05-03,True,False,0.5317460317460317,0.5317460317460317,1.012382625867328,998,0.5531062124248497
martingale,NatGas (GAS_US),1999-06-01,True,False,3.861111111111111,3.861111111111111,2.122334371145628,998,0.5541082164328658
martingale,NatGas (GAS_US),1999-07-01,True,False,3.7738095238095237,3.7738095238095237,2.127236574783637,996,0.5552208835341366
martingale,NatGas (GAS_US),1999-08-02,True,False,3.6904761904761907,3.6904761904761907,2.1257399899962626,993,0.5548841893252769
martingale,NatGas (GAS_US),1999-09-01,True,False,0.16666666666666666,0.16666666666666666,1.0185816654362505,985,0.5543147208121827
martingale,NatGas (GAS_US),1999-10-01,True,False,0.08333333333333333,0.08333333333333333,0.9995,985,0.5543147208121827
martingale,NatGas (GAS_US),1999-11-01,True,False,3.4365079365079363,3.4365079365079363,2.380870248290153,981,0.5565749235474006
martingale,NatGas (GAS_US),1999-12-01,True,False,3.357142857142857,3.357142857142857,2.149991040304764,978,0.556237218813906
martingale,NatGas (GAS_US),2000-01-04,True,False,3.2738095238095237,3.2738095238095237,2.1894917084295717,976,0.5563524590163934
martingale,NatGas (GAS_US),2000-02-01,True,False,3.1984126984126986,3.1984126984126986,2.137067769389734,976,0.5573770491803278
martingale,NatGas (GAS_US),2000-03-01,True,False,3.119047619047619,3.119047619047619,2.0961283800550463,973,0.5570400822199383
martingale,NatGas (GAS_US),2000-04-03,True,False,3.0277777777777777,3.0277777777777777,2.0550436453534338,972,0.5565843621399177
martingale,NatGas (GAS_US),2000-05-01,True,False,2.9523809523809526,2.9523809523809526,2.1029539272456566,972,0.5555555555555556
martingale,NatGas (GAS_US),2000-06-01,False,False,,23.761904761904763,3.353441523173092,966,0.5548654244306418
martingale,NatGas (GAS_US),2000-07-05,True,False,0.376984126984127,0.376984126984127,1.223167161445972,958,0.5542797494780793
martingale,NatGas (GAS_US),2000-08-01,True,False,0.30158730158730157,0.30158730158730157,1.182744111310085,955,0.5539267015706806
martingale,NatGas (GAS_US),2000-09-01,True,False,0.21031746031746032,0.21031746031746032,1.1096142074191002,952,0.5535714285714286
martingale,NatGas (GAS_US),2000-10-02,True,False,0.13095238095238096,0.13095238095238096,1.0566275128969558,950,0.5526315789473685
martingale,NatGas (GAS_US),2000-11-01,True,False,2.4444444444444446,2.4444444444444446,1.807974186150083,945,0.5534391534391534
martingale,NatGas (GAS_US),2000-12-01,False,False,,23.261904761904763,2.5139614279187565,939,0.5537806176783813
martingale,NatGas (GAS_US),2001-01-02,False,False,,23.182539682539684,2.0814756326125203,930,0.5526881720430108
martingale,NatGas (GAS_US),2001-02-01,False,False,,23.099206349206348,2.311140944399291,920,0.5543478260869565
martingale,NatGas (GAS_US),2001-03-01,False,False,,23.023809523809526,2.4058174474887055,918,0.5544662309368191
martingale,NatGas (GAS_US),2001-04-02,True,False,2.0396825396825395,2.0396825396825395,1.5551985724747983,914,0.5547045951859956
martingale,NatGas (GAS_US),2001-05-01,True,False,1.9603174603174602,1.9603174603174602,1.5125699309321157,910,0.554945054945055
martingale,NatGas (GAS_US),2001-06-01,True,False,0.2261904761904762,0.2261904761904762,1.1496842596950134,903,0.5537098560354374
martingale,NatGas (GAS_US),2001-07-02,True,False,0.14285714285714285,0.14285714285714285,1.0482902679877635,897,0.5518394648829431
martingale,NatGas (GAS_US),2001-08-01,True,False,1.7063492063492063,1.7063492063492063,1.837960479025161,893,0.5531914893617021
martingale,NatGas (GAS_US),2001-09-04,True,False,1.6150793650793651,1.6150793650793651,2.068231855287897,890,0.553932584269663
martingale,NatGas (GAS_US),2001-10-01,True,False,1.5515873015873016,1.5515873015873016,2.0483706926200425,886,0.5530474040632054
martingale,NatGas (GAS_US),2001-11-01,True,False,1.4603174603174602,1.4603174603174602,1.803099232492877,878,0.5535307517084282
martingale,NatGas (GAS_US),2001-12-03,True,False,1.380952380952381,1.380952380952381,1.998634400755448,872,0.5538990825688074
martingale,NatGas (GAS_US),2002-01-02,True,False,1.3055555555555556,1.3055555555555556,2.089118255054761,867,0.5547866205305652
martingale,NatGas (GAS_US),2002-02-01,True,False,1.2222222222222223,1.2222222222222223,2.176079879993748,863,0.5538818076477404
martingale,NatGas (GAS_US),2002-03-01,True,False,1.1468253968253967,1.1468253968253967,2.093686109810104,862,0.5545243619489559
martingale,NatGas (GAS_US),2002-04-01,True,False,1.0595238095238095,1.0595238095238095,1.6524222728532652,854,0.5526932084309133
martingale,NatGas (GAS_US),2002-05-01,True,False,0.9722222222222222,0.9722222222222222,1.5914982388715875,850,0.5529411764705883
martingale,NatGas (GAS_US),2002-06-03,True,False,0.8571428571428571,0.8571428571428571,1.6444155154022955,847,0.5525383707201889
martingale,NatGas (GAS_US),2002-07-01,True,False,0.7777777777777778,0.7777777777777778,1.6389468798706839,845,0.5526627218934911
martingale,NatGas (GAS_US),2002-08-01,True,False,0.6865079365079365,0.6865079365079365,1.6494367926248061,841,0.5517241379310345
martingale,NatGas (GAS_US),2002-09-03,True,False,0.5992063492063492,0.5992063492063492,1.475800733656148,835,0.5508982035928144
martingale,NatGas (GAS_US),2002-10-01,True,False,0.5198412698412699,0.5198412698412699,1.361420551125636,831,0.5499398315282792
martingale,NatGas (GAS_US),2002-11-01,True,False,0.42857142857142855,0.42857142857142855,1.3133693417241115,827,0.5489721886336155
martingale,NatGas (GAS_US),2002-12-02,True,False,0.3531746031746032,0.3531746031746032,1.3246996403530344,825,0.5515151515151515
martingale,NatGas (GAS_US),2003-01-02,True,False,0.2698412698412698,0.2698412698412698,1.182748853099961,820,0.55
martingale,NatGas (GAS_US),2003-02-03,True,False,0.1865079365079365,0.1865079365079365,1.0992364324607642,816,0.5490196078431373
martingale,NatGas (GAS_US),2003-03-03,True,False,0.1111111111111111,0.1111111111111111,1.023301115619153,812,0.5480295566502463
martingale,NatGas (GAS_US),2003-04-01,False,False,,20.96825396825397,3.248083762024046,808,0.5507425742574258
martingale,NatGas (GAS_US),2003-05-01,False,False,,20.884920634920636,3.18548521939121,805,0.5515527950310559
martingale,NatGas (GAS_US),2003-06-02,False,False,,20.8015873015873,2.7410236393010967,800,0.55
martingale,NatGas (GAS_US),2003-07-01,False,False,,20.71825396825397,3.0752302261355218,798,0.550125313283208
martingale,NatGas (GAS_US),2003-08-01,True,False,0.10714285714285714,0.10714285714285714,1.0237403036636648,798,0.5463659147869674
martingale,NatGas (GAS_US),2003-09-02,False,False,,20.547619047619047,3.1457813664717746,795,0.5471698113207547
martingale,NatGas (GAS_US),2003-10-01,False,False,,20.464285714285715,3.2387557901785082,793,0.5485498108448928
martingale,NatGas (GAS_US),2003-11-03,False,False,,20.373015873015873,3.4655747439106226,788,0.550761421319797
martingale,NatGas (GAS_US),2003-12-01,False,False,,20.3015873015873,3.3538803249981863,786,0.5521628498727735
martingale,NatGas (GAS_US),2004-01-05,False,False,,20.21825396825397,2.7275956240562587,780,0.55
martingale,NatGas (GAS_US),2004-02-02,False,False,,20.142857142857142,2.9124362757276585,775,0.5509677419354839
martingale,NatGas (GAS_US),2004-03-01,False,False,,20.067460317460316,2.8042631835680143,774,0.5516795865633075
martingale,NatGas (GAS_US),2004-04-01,False,False,,19.976190476190474,2.7279687578563956,771,0.5525291828793775
martingale,NatGas (GAS_US),2004-05-03,False,False,,19.892857142857142,2.589424494775855,770,0.551948051948052
martingale,NatGas (GAS_US),2004-06-01,False,False,,19.813492063492063,2.527266746143637,771,0.5525291828793775
martingale,NatGas (GAS_US),2004-07-01,False,False,,19.73015873015873,2.623816135558731,768,0.5533854166666666
martingale,NatGas (GAS_US),2004-08-02,False,False,,19.646825396825395,2.7067825570973394,767,0.5528031290743155
martingale,NatGas (GAS_US),2004-09-01,False,False,,19.55952380952381,2.920630922712325,763,0.5517693315858454
martingale,NatGas (GAS_US),2004-10-01,False,False,,19.476190476190474,2.5527881257317095,761,0.5519053876478318
martingale,NatGas (GAS_US),2004-11-01,False,False,,19.392857142857142,2.2584137299719047,758,0.5501319261213721
martingale,NatGas (GAS_US),2004-12-01,False,False,,19.313492063492063,2.5069479250515525,753,0.5511288180610889
martingale,NatGas (GAS_US),2005-01-03,False,False,,19.23015873015873,2.7929197795153966,748,0.5494652406417112
martingale,NatGas (GAS_US),2005-02-01,False,False,,19.150793650793652,2.64260982362539,748,0.5508021390374331
martingale,NatGas (GAS_US),2005-03-01,False,False,,19.075396825396826,2.5179133525803477,745,0.5503355704697986
martingale,NatGas (GAS_US),2005-04-01,False,False,,18.988095238095237,2.2788444303738404,743,0.5491251682368775
martingale,NatGas (GAS_US),2005-05-02,False,False,,18.904761904761905,2.5154767069376778,741,0.5506072874493927
martingale,NatGas (GAS_US),2005-06-01,False,False,,18.821428571428573,2.496911757563768,739,0.550744248985115
martingale,NatGas (GAS_US),2005-07-01,False,False,,18.734126984126984,2.3878479777703503,736,0.5502717391304348
martingale,NatGas (GAS_US),2005-08-01,False,False,,18.654761904761905,2.1940779652665845,731,0.5512995896032832
martingale,NatGas (GAS_US),2005-09-01,False,False,,18.563492063492063,1.7612723632889915,726,0.5482093663911846
martingale,NatGas (GAS_US),2005-10-03,False,False,,18.48015873015873,1.5976289338728116,724,0.5469613259668509
martingale,NatGas (GAS_US),2005-11-01,False,False,,18.396825396825395,1.6484059106046396,719,0.5465924895688457
martingale,NatGas (GAS_US),2005-12-01,False,False,,18.317460317460316,1.593565926234178,716,0.547486033519553
martingale,NatGas (GAS_US),2006-01-03,False,False,,18.234126984126984,1.6877926394892862,710,0.547887323943662
martingale,NatGas (GAS_US),2006-02-01,False,False,,18.154761904761905,1.7365430417605578,705,0.5460992907801419
martingale,NatGas (GAS_US),2006-03-01,False,False,,18.07936507936508,1.8171840519788396,699,0.5436337625178826
martingale,NatGas (GAS_US),2006-04-03,False,False,,17.988095238095237,1.7557998796230583,698,0.5429799426934098
martingale,NatGas (GAS_US),2006-05-01,False,False,,17.91269841269841,1.801145219378242,691,0.5455861070911722
martingale,NatGas (GAS_US),2006-06-01,False,False,,17.825396825396826,1.7034761715405133,686,0.543731778425656
martingale,NatGas (GAS_US),2006-07-05,False,False,,17.738095238095237,1.6915797346702963,682,0.5439882697947214
martingale,NatGas (GAS_US),2006-08-01,False,False,,17.66269841269841,1.5941760013506576,676,0.5458579881656804
martingale,NatGas (GAS_US),2006-09-01,False,False,,17.571428571428573,1.7720533850758897,670,0.5492537313432836
martingale,NatGas (GAS_US),2006-10-02,False,False,,17.488095238095237,1.942892962733398,667,0.5472263868065967
martingale,NatGas (GAS_US),2006-11-01,False,False,,17.400793650793652,1.8670001465222335,662,0.5483383685800605
martingale,NatGas (GAS_US),2006-12-01,False,False,,17.317460317460316,1.8153301263571655,662,0.5483383685800605
martingale,NatGas (GAS_US),2007-01-02,False,False,,17.238095238095237,1.9944697686419879,658,0.547112462006079
martingale,NatGas (GAS_US),2007-02-01,False,False,,17.150793650793652,1.6410241938828487,657,0.5464231354642314
martingale,NatGas (GAS_US),2007-03-01,False,False,,17.071428571428573,1.8301514454065138,657,0.547945205479452
martingale,NatGas (GAS_US),2007-04-02,False,False,,16.984126984126984,1.7948138884987266,651,0.5499231950844854
martingale,NatGas (GAS_US),2007-05-01,False,False,,16.904761904761905,1.774235365844368,653,0.5482388973966309
martingale,NatGas (GAS_US),2007-06-01,False,False,,16.813492063492063,1.829827889774791,651,0.5514592933947773
martingale,NatGas (GAS_US),2007-07-02,False,False,,16.73015873015873,1.896402268260051,648,0.5493827160493827
martingale,NatGas (GAS_US),2007-08-01,False,False,,16.642857142857142,1.9106582576644142,644,0.5496894409937888
martingale,NatGas (GAS_US),2007-09-03,False,False,,16.5515873015873,2.060218427018246,638,0.5501567398119123
martingale,NatGas (GAS_US),2007-10-01,False,False,,16.47222222222222,1.9876677354071346,634,0.5520504731861199
martingale,NatGas (GAS_US),2007-11-01,False,False,,16.38095238095238,1.867616528229296,634,0.5504731861198738
martingale,NatGas (GAS_US),2007-12-03,False,False,,16.297619047619047,2.0542923358575655,631,0.5515055467511886
martingale,NatGas (GAS_US),2008-01-02,False,False,,16.21825396825397,1.9724120729685242,630,0.5523809523809524
martingale,NatGas (GAS_US),2008-02-01,False,False,,16.134920634920636,1.967572496857506,628,0.552547770700637
martingale,NatGas (GAS_US),2008-03-03,False,False,,16.055555555555557,1.7138935604711876,624,0.5496794871794872
martingale,NatGas (GAS_US),2008-04-01,False,False,,15.98015873015873,1.6522915397898634,621,0.5491143317230274
martingale,NatGas (GAS_US),2008-05-02,False,False,,15.892857142857142,1.5464925365700144,619,0.5476575121163166
martingale,NatGas (GAS_US),2008-06-02,False,False,,15.813492063492063,1.4797616027018716,618,0.5469255663430421
martingale,NatGas (GAS_US),2008-07-01,False,False,,15.734126984126984,1.383741684906904,616,0.5454545454545454
martingale,NatGas (GAS_US),2008-08-01,False,False,,15.65079365079365,1.449655853418583,611,0.5433715220949263
martingale,NatGas (GAS_US),2008-09-02,False,False,,15.567460317460318,1.487153726125253,608,0.5411184210526315
martingale,NatGas (GAS_US),2008-10-01,False,False,,15.484126984126984,1.4740096132142446,606,0.5412541254125413
martingale,NatGas (GAS_US),2008-11-03,False,False,,15.396825396825397,1.4585417292909417,604,0.5397350993377483
martingale,NatGas (GAS_US),2008-12-01,False,False,,15.321428571428571,1.5321705352841983,593,0.5446880269814502
martingale,NatGas (GAS_US),2009-01-02,False,False,,15.234126984126984,1.5221288512297815,590,0.5440677966101695
martingale,NatGas (GAS_US),2009-02-02,False,False,,15.154761904761905,1.3912133360231438,586,0.5409556313993175
martingale,NatGas (GAS_US),2009-03-02,True,False,6.892857142857143,6.892857142857143,1.3105491995244314,583,0.5403087478559176
martingale,NatGas (GAS_US),2009-04-01,True,False,0.373015873015873,0.373015873015873,1.1291974858799216,579,0.538860103626943
martingale,NatGas (GAS_US),2009-05-01,True,False,0.2857142857142857,0.2857142857142857,1.0873545653098948,576,0.5381944444444444
martingale,NatGas (GAS_US),2009-06-01,True,False,0.20634920634920634,0.20634920634920634,1.0248633105227045,570,0.5385964912280702
martingale,NatGas (GAS_US),2009-07-01,True,False,0.12301587301587301,0.12301587301587301,1.0683119812353683,565,0.5433628318584071
martingale,NatGas (GAS_US),2009-08-03,False,False,,14.658730158730158,1.6482492388828358,559,0.5438282647584973
martingale,NatGas (GAS_US),2009-09-01,True,False,6.384920634920635,6.384920634920635,1.8749198538044587,553,0.5443037974683544
martingale,NatGas (GAS_US),2009-10-01,True,False,6.313492063492063,6.313492063492063,1.8075976571112897,551,0.5480943738656987
martingale,NatGas (GAS_US),2009-11-02,True,False,6.218253968253968,6.218253968253968,1.8192092737300316,546,0.5476190476190477
martingale,NatGas (GAS_US),2009-12-01,True,False,6.138888888888889,6.138888888888889,1.8367681691822393,543,0.5469613259668509
martingale,NatGas (GAS_US),2010-01-04,True,False,6.0476190476190474,6.0476190476190474,1.6378415267792454,539,0.5454545454545454
martingale,NatGas (GAS_US),2010-02-01,True,False,5.976190476190476,5.976190476190476,1.6622539697133487,536,0.5466417910447762
martingale,NatGas (GAS_US),2010-03-01,True,False,5.904761904761905,5.904761904761905,1.710869478670569,534,0.5449438202247191
martingale,NatGas (GAS_US),2010-04-01,True,False,4.234126984126984,4.234126984126984,1.7269901225180115,528,0.5435606060606061
martingale,NatGas (GAS_US),2010-05-03,True,False,4.115079365079365,4.115079365079365,1.7358667323937202,527,0.5426944971537002
martingale,NatGas (GAS_US),2010-06-01,True,False,4.035714285714286,4.035714285714286,1.6939569709387026,524,0.5438931297709924
martingale,NatGas (GAS_US),2010-07-01,True,False,3.9484126984126986,3.9484126984126986,1.5441509111358447,518,0.5424710424710425
martingale,NatGas (GAS_US),2010-08-02,True,False,3.865079365079365,3.865079365079365,1.5679335449183045,513,0.5458089668615984
martingale,NatGas (GAS_US),2010-09-01,True,False,3.7777777777777777,3.7777777777777777,1.6189401799861074,511,0.5440313111545988
martingale,NatGas (GAS_US),2010-10-01,True,False,0.1626984126984127,0.1626984126984127,1.0455827319812787,508,0.5413385826771654
martingale,NatGas (GAS_US),2010-11-01,True,False,3.611111111111111,3.611111111111111,1.5819419544126752,505,0.5405940594059406
martingale,NatGas (GAS_US),2010-12-01,True,False,3.5277777777777777,3.5277777777777777,1.57055938970403,502,0.5438247011952191
martingale,NatGas (GAS_US),2011-01-03,True,False,3.4404761904761907,3.4404761904761907,1.4856836941545846,499,0.5430861723446894
martingale,NatGas (GAS_US),2011-02-01,True,False,3.361111111111111,3.361111111111111,1.5521969717803639,498,0.5461847389558233
martingale,NatGas (GAS_US),2011-03-01,True,False,3.2817460317460316,3.2817460317460316,1.5694192154927094,496,0.5443548387096774
martingale,NatGas (GAS_US),2011-04-01,True,False,3.1944444444444446,3.1944444444444446,1.5155854099401125,495,0.5454545454545454
martingale,NatGas (GAS_US),2011-05-02,True,False,3.119047619047619,3.119047619047619,1.4493468929377507,492,0.5447154471544715
martingale,NatGas (GAS_US),2011-06-01,True,False,3.0357142857142856,3.0357142857142856,1.4715000874958957,490,0.5469387755102041
martingale,NatGas (GAS_US),2011-07-01,True,False,2.9325396825396823,2.9325396825396823,1.4688932870630593,485,0.5484536082474227
martingale,NatGas (GAS_US),2011-08-01,True,False,2.857142857142857,2.857142857142857,1.4832974664349756,485,0.5484536082474227
martingale,NatGas (GAS_US),2011-09-01,True,False,2.75,2.75,1.4500377569058776,484,0.5454545454545454
martingale,NatGas (GAS_US),2011-10-03,True,False,2.6666666666666665,2.6666666666666665,1.48184181560674,482,0.5456431535269709
martingale,NatGas (GAS_US),2011-11-01,True,False,2.5833333333333335,2.5833333333333335,1.4995530972131126,483,0.5445134575569358
martingale,NatGas (GAS_US),2011-12-01,True,False,2.5,2.5,1.4808319457842618,480,0.54375
martingale,NatGas (GAS_US),2012-01-03,True,False,2.388888888888889,2.388888888888889,1.5040268667465233,477,0.5408805031446541
martingale,NatGas (GAS_US),2012-02-01,True,False,2.257936507936508,2.257936507936508,1.5609990372435802,471,0.5414012738853503
martingale,NatGas (GAS_US),2012-03-01,True,False,2.1785714285714284,2.1785714285714284,1.5073114584216094,468,0.5405982905982906
martingale,NatGas (GAS_US),2012-04-02,True,False,1.5634920634920635,1.5634920634920635,1.3237328897395406,466,0.5386266094420601
martingale,NatGas (GAS_US),2012-05-01,True,False,1.4761904761904763,1.4761904761904763,1.251894795389637,462,0.538961038961039
martingale,NatGas (GAS_US),2012-06-01,True,False,1.3888888888888888,1.3888888888888888,1.1767849015777214,458,0.5393013100436681
martingale,NatGas (GAS_US),2012-07-02,True,False,1.3055555555555556,1.3055555555555556,1.1913357235311801,453,0.5408388520971302
martingale,NatGas (GAS_US),2012-08-01,True,False,1.2261904761904763,1.2261904761904763,1.191563747514985,451,0.5388026607538803
martingale,NatGas (GAS_US),2012-09-04,True,False,1.130952380952381,1.130952380952381,1.1959936540410392,447,0.5391498881431768
martingale,NatGas (GAS_US),2012-10-01,True,False,1.0634920634920635,1.0634920634920635,1.2049614436209186,443,0.5417607223476298
martingale,NatGas (GAS_US),2012-11-01,True,False,0.9722222222222222,0.9722222222222222,1.2085431017008896,441,0.54421768707483
martingale,NatGas (GAS_US),2012-12-03,True,False,0.8849206349206349,0.8849206349206349,1.1294406056429702,438,0.54337899543379
martingale,NatGas (GAS_US),2013-01-02,True,False,0.8055555555555556,0.8055555555555556,1.0350783697591885,436,0.5412844036697247
martingale,NatGas (GAS_US),2013-02-01,True,False,0.7222222222222222,0.7222222222222222,1.2401908772093448,433,0.5473441108545035
martingale,NatGas (GAS_US),2013-03-01,True,False,0.6468253968253969,0.6468253968253969,1.2366358982089558,433,0.5473441108545035
martingale,NatGas (GAS_US),2013-04-01,True,False,0.5674603174603174,0.5674603174603174,1.1412113408320963,430,0.5441860465116279
martingale,NatGas (GAS_US),2013-05-01,True,False,1.0158730158730158,1.0158730158730158,1.1960754838076844,425,0.548235294117647
martingale,NatGas (GAS_US),2013-06-03,True,False,0.39285714285714285,0.39285714285714285,1.1111984965751047,425,0.5458823529411765
martingale,NatGas (GAS_US),2013-07-01,True,False,0.8492063492063492,0.8492063492063492,1.172905814979392,420,0.5476190476190477
martingale,NatGas (GAS_US),2013-08-01,True,False,0.7103174603174603,0.7103174603174603,1.0223642572053193,417,0.5443645083932853
martingale,NatGas (GAS_US),2013-09-03,True,False,0.6746031746031746,0.6746031746031746,1.0916318998523789,416,0.5456730769230769
martingale,NatGas (GAS_US),2013-10-01,True,False,0.1626984126984127,0.1626984126984127,1.012845094507814,415,0.5445783132530121
martingale,NatGas (GAS_US),2013-11-01,True,False,0.5,0.5,1.103171913793989,412,0.5485436893203883
martingale,NatGas (GAS_US),2013-12-02,True,False,0.4246031746031746,0.4246031746031746,1.096473753786464,410,0.551219512195122
martingale,NatGas (GAS_US),2014-01-02,True,False,0.3373015873015873,0.3373015873015873,1.0451867305447788,408,0.5490196078431373
martingale,NatGas (GAS_US),2014-02-03,True,False,0.25793650793650796,0.25793650793650796,1.0480567629212159,405,0.5530864197530864
martingale,NatGas (GAS_US),2014-03-03,True,False,1.9246031746031746,1.9246031746031746,1.2154341027409707,400,0.5575
martingale,NatGas (GAS_US),2014-04-01,True,False,0.21031746031746032,0.21031746031746032,0.9995,401,0.5536159600997507
martingale,NatGas (GAS_US),2014-05-01,True,False,1.7619047619047619,1.7619047619047619,1.1971790057073153,399,0.556390977443609
martingale,NatGas (GAS_US),2014-06-02,True,False,1.6904761904761905,1.6904761904761905,1.3630052377905422,392,0.5663265306122449
martingale,NatGas (GAS_US),2014-07-01,True,False,1.6071428571428572,1.6071428571428572,1.3741182295359242,392,0.5663265306122449
martingale,NatGas (GAS_US),2014-08-06,True,False,1.5238095238095237,1.5238095238095237,1.3677082295849259,390,0.5641025641025641
martingale,NatGas (GAS_US),2014-09-01,True,False,1.4404761904761905,1.4404761904761905,1.313370347644175,392,0.5586734693877551
martingale,NatGas (GAS_US),2014-10-01,True,False,1.3650793650793651,1.3650793650793651,1.3383084031388097,390,0.5615384615384615
martingale,NatGas (GAS_US),2014-11-03,True,False,1.2619047619047619,1.2619047619047619,1.3439389643258541,387,0.5633074935400517
martingale,NatGas (GAS_US),2014-12-01,True,False,1.1825396825396826,1.1825396825396826,1.3519264413086902,382,0.5680628272251309
martingale,NatGas (GAS_US),2015-01-02,True,False,1.0952380952380953,1.0952380952380953,1.3698936314029033,379,0.5646437994722955
martingale,NatGas (GAS_US),2015-02-02,True,False,1.0119047619047619,1.0119047619047619,1.318453966005806,373,0.5630026809651475
martingale,NatGas (GAS_US),2015-03-02,True,False,0.9325396825396826,0.9325396825396826,1.2863311539691213,371,0.5633423180592992
martingale,NatGas (GAS_US),2015-04-01,True,False,0.8452380952380952,0.8452380952380952,1.255244689420686,368,0.5625
martingale,NatGas (GAS_US),2015-05-01,True,False,0.7619047619047619,0.7619047619047619,1.2061075461798343,365,0.5616438356164384
martingale,NatGas (GAS_US),2015-06-01,True,False,0.6825396825396826,0.6825396825396826,1.21124596492318,362,0.56353591160221
martingale,NatGas (GAS_US),2015-07-01,True,False,0.5595238095238095,0.5595238095238095,1.1338681209709864,358,0.5614525139664804
martingale,NatGas (GAS_US),2015-08-03,True,False,0.503968253968254,0.503968253968254,1.1520063647824619,360,0.5611111111111111
martingale,NatGas (GAS_US),2015-09-02,True,False,0.3888888888888889,0.3888888888888889,1.1470999654601826,357,0.5630252100840336
martingale,NatGas (GAS_US),2015-10-01,True,False,0.29365079365079366,0.29365079365079366,1.1358698135940184,356,0.5617977528089888
martingale,NatGas (GAS_US),2015-11-02,True,False,0.20238095238095238,0.20238095238095238,1.1025079067399162,354,0.559322033898305
martingale,NatGas (GAS_US),2015-12-01,True,False,0.11904761904761904,0.11904761904761904,1.0638476479016943,352,0.5568181818181818
martingale,NatGas (GAS_US),2016-01-04,True,False,2.634920634920635,2.634920634920635,1.4866439556244582,346,0.5606936416184971
martingale,NatGas (GAS_US),2016-02-01,True,False,2.5674603174603177,2.5674603174603177,1.5610513444861729,345,0.5652173913043478
martingale,NatGas (GAS_US),2016-03-01,True,False,2.4642857142857144,2.4642857142857144,1.4371301291250238,341,0.5601173020527859
martingale,NatGas (GAS_US),2016-04-01,True,False,2.384920634920635,2.384920634920635,1.6255029835519128,340,0.5647058823529412
martingale,NatGas (GAS_US),2016-05-02,True,False,2.3015873015873014,2.3015873015873014,1.5879807633842256,337,0.5667655786350149
martingale,NatGas (GAS_US),2016-06-01,True,False,2.2103174603174605,2.2103174603174605,1.5364681332863734,336,0.5654761904761905
martingale,NatGas (GAS_US),2016-07-01,True,False,2.123015873015873,2.123015873015873,1.3319772022885399,331,0.5589123867069486
martingale,NatGas (GAS_US),2016-08-01,True,False,2.0396825396825395,2.0396825396825395,1.4098211245836152,332,0.5632530120481928
martingale,NatGas (GAS_US),2016-09-01,True,False,1.9484126984126984,1.9484126984126984,1.351552545868723,328,0.5609756097560976
martingale,NatGas (GAS_US),2016-10-03,True,False,1.8611111111111112,1.8611111111111112,1.3569681577043764,326,0.5644171779141104
martingale,NatGas (GAS_US),2016-11-01,True,False,1.7738095238095237,1.7738095238095237,1.3373097588036622,323,0.5634674922600619
martingale,NatGas (GAS_US),2016-12-01,True,False,1.6865079365079365,1.6865079365079365,1.2564384410394962,319,0.5642633228840125
martingale,NatGas (GAS_US),2017-01-03,True,False,1.6031746031746033,1.6031746031746033,1.2261004298406668,315,0.5650793650793651
martingale,NatGas (GAS_US),2017-02-01,True,False,1.4325396825396826,1.4325396825396826,1.1874686645764985,312,0.5641025641025641
martingale,NatGas (GAS_US),2017-03-01,True,False,0.21031746031746032,0.21031746031746032,0.9997760138284191,311,0.5594855305466238
martingale,NatGas (GAS_US),2017-04-03,True,False,1.2619047619047619,1.2619047619047619,1.2189633835421905,310,0.567741935483871
martingale,NatGas (GAS_US),2017-05-01,True,False,1.1746031746031746,1.1746031746031746,1.1702300439009365,308,0.564935064935065
martingale,NatGas (GAS_US),2017-06-01,True,False,1.0833333333333333,1.0833333333333333,1.1932947173120394,308,0.564935064935065
martingale,NatGas (GAS_US),2017-07-03,True,False,0.9325396825396826,0.9325396825396826,1.1523410551921704,304,0.5657894736842105
martingale,NatGas (GAS_US),2017-08-01,True,False,0.8492063492063492,0.8492063492063492,1.1359234985673792,303,0.5643564356435643
martingale,NatGas (GAS_US),2017-09-01,True,False,0.7420634920634921,0.7420634920634921,1.0772033463633308,304,0.5592105263157895
martingale,NatGas (GAS_US),2017-10-02,True,False,0.6746031746031746,0.6746031746031746,1.11456987353931,301,0.5647840531561462
martingale,NatGas (GAS_US),2017-11-01,True,False,0.5674603174603174,0.5674603174603174,1.0978512003404721,300,0.5633333333333334
martingale,NatGas (GAS_US),2017-12-01,True,False,0.48412698412698413,0.48412698412698413,1.108131598115645,298,0.5671140939597316
martingale,NatGas (GAS_US),2018-01-02,True,False,0.4007936507936508,0.4007936507936508,1.065130588950149,295,0.5661016949152542
martingale,NatGas (GAS_US),2018-02-01,True,False,0.6150793650793651,0.6150793650793651,1.0191393399649318,292,0.565068493150685
martingale,NatGas (GAS_US),2018-03-01,False,False,,6.087301587301587,2.9477294129304963,289,0.5709342560553633
martingale,NatGas (GAS_US),2018-04-02,True,False,0.4523809523809524,0.4523809523809524,1.0029088688975216,291,0.563573883161512
martingale,NatGas (GAS_US),2018-05-01,False,False,,5.924603174603175,2.998033429946897,289,0.5743944636678201
martingale,NatGas (GAS_US),2018-06-01,True,False,0.2857142857142857,0.2857142857142857,1.0087147869037867,290,0.5655172413793104
martingale,NatGas (GAS_US),2018-07-02,False,False,,5.753968253968254,2.668411471740724,290,0.5689655172413793
martingale,NatGas (GAS_US),2018-08-01,True,False,0.21428571428571427,0.21428571428571427,0.9995,289,0.5674740484429066
martingale,NatGas (GAS_US),2018-09-05,False,False,,5.575396825396825,2.9700688362327616,287,0.5714285714285714
martingale,NatGas (GAS_US),2018-10-01,False,False,,5.531746031746032,2.8666382671175876,287,0.5749128919860628
martingale,NatGas (GAS_US),2018-11-01,False,False,,5.440476190476191,2.7928645823339364,285,0.5719298245614035
martingale,NatGas (GAS_US),2018-12-03,False,False,,5.353174603174603,2.335711289537609,277,0.5703971119133574
martingale,NatGas (GAS_US),2019-01-01,True,False,0.6865079365079365,0.6865079365079365,1.1547514811452577,270,0.5666666666666667
martingale,NatGas (GAS_US),2019-02-01,False,False,,5.178571428571429,2.8487576724411023,269,0.5613382899628253
martingale,NatGas (GAS_US),2019-03-01,True,False,0.5079365079365079,0.5079365079365079,1.0811380723109458,266,0.5639097744360902
martingale,NatGas (GAS_US),2019-04-01,True,False,0.4246031746031746,0.4246031746031746,1.0914895764876482,265,0.5660377358490566
martingale,NatGas (GAS_US),2019-05-01,True,False,0.3412698412698413,0.3412698412698413,1.0728463631697216,264,0.5643939393939394
martingale,NatGas (GAS_US),2019-06-03,False,False,,4.841269841269841,3.0369721561578547,262,0.5610687022900763
martingale,NatGas (GAS_US),2019-07-01,False,False,,4.761904761904762,3.1050407861427125,261,0.5593869731800766
martingale,NatGas (GAS_US),2019-08-01,False,False,,4.670634920634921,3.317286969086257,257,0.5680933852140078
martingale,NatGas (GAS_US),2019-09-03,False,False,,4.583333333333333,3.0780220649422003,256,0.5703125
martingale,NatGas (GAS_US),2019-10-01,False,False,,4.511904761904762,3.272752046274889,251,0.5737051792828686
martingale,NatGas (GAS_US),2019-11-01,False,False,,4.420634920634921,3.129888137714427,250,0.576
martingale,NatGas (GAS_US),2019-12-02,False,False,,4.337301587301587,3.5345454645248364,246,0.5813008130081301
martingale,NatGas (GAS_US),2020-01-01,False,False,,4.25,3.6547599272310625,245,0.5795918367346938
martingale,NatGas (GAS_US),2020-02-03,False,False,,4.158730158730159,3.9156024819007134,241,0.5726141078838174
martingale,NatGas (GAS_US),2020-03-02,False,False,,4.079365079365079,4.045540377584704,238,0.5756302521008403
martingale,NatGas (GAS_US),2020-04-01,False,False,,3.992063492063492,4.149954986167932,232,0.5775862068965517
martingale,NatGas (GAS_US),2020-05-01,False,False,,3.9087301587301586,3.7770261131676484,225,0.5822222222222222
martingale,NatGas (GAS_US),2020-06-01,False,False,,3.8253968253968256,4.006930294254738,218,0.5825688073394495
martingale,NatGas (GAS_US),2020-07-01,False,False,,3.738095238095238,4.254600288212517,214,0.5794392523364486
martingale,NatGas (GAS_US),2020-08-03,False,False,,3.6507936507936507,3.7053721984779364,209,0.5789473684210527
martingale,NatGas (GAS_US),2020-09-01,True,False,0.07142857142857142,0.07142857142857142,1.0158097007507267,207,0.5652173913043478
martingale,NatGas (GAS_US),2020-10-01,False,False,,3.484126984126984,3.500497050544449,203,0.5714285714285714
martingale,NatGas (GAS_US),2020-11-02,False,False,,3.3968253968253967,3.413041502038269,201,0.5771144278606966
martingale,NatGas (GAS_US),2020-12-01,False,False,,3.3174603174603177,3.6418815752074094,198,0.5757575757575758
martingale,NatGas (GAS_US),2021-01-04,False,False,,3.2301587301587302,3.9151586682369373,194,0.5773195876288659
martingale,NatGas (GAS_US),2021-02-01,False,False,,3.1547619047619047,3.6695830944502057,191,0.5759162303664922
martingale,NatGas (GAS_US),2021-03-01,False,False,,3.0793650793650795,3.64601171894153,189,0.5767195767195767
martingale,NatGas (GAS_US),2021-04-01,False,False,,2.988095238095238,3.776687210868071,188,0.5797872340425532
martingale,NatGas (GAS_US),2021-05-03,False,False,,2.9047619047619047,3.576941769008354,185,0.5783783783783784
martingale,NatGas (GAS_US),2021-06-01,False,False,,2.8253968253968256,3.5301334286814767,183,0.5846994535519126
martingale,NatGas (GAS_US),2021-07-01,False,False,,2.738095238095238,3.1125167836340544,180,0.5722222222222222
martingale,NatGas (GAS_US),2021-08-02,False,False,,2.6547619047619047,2.970419987457753,179,0.5754189944134078
martingale,NatGas (GAS_US),2021-09-01,False,False,,2.5674603174603177,2.6779533488189444,175,0.5714285714285714
martingale,NatGas (GAS_US),2021-10-01,False,False,,2.484126984126984,2.335432307230427,167,0.5688622754491018
martingale,NatGas (GAS_US),2021-11-01,False,False,,2.4007936507936507,2.274037749748241,159,0.5660377358490566
martingale,NatGas (GAS_US),2021-12-01,False,False,,2.3174603174603177,2.2773592784699463,152,0.5723684210526315
martingale,NatGas (GAS_US),2022-01-03,True,False,1.1825396825396826,1.1825396825396826,2.1538214071974333,146,0.5753424657534246
martingale,NatGas (GAS_US),2022-02-01,False,False,,2.1507936507936507,2.0166747750355585,141,0.574468085106383
martingale,NatGas (GAS_US),2022-03-01,False,False,,2.0753968253968256,2.038006073185383,135,0.5777777777777777
martingale,NatGas (GAS_US),2022-04-01,False,False,,1.9841269841269842,1.8415815187465132,130,0.5769230769230769
martingale,NatGas (GAS_US),2022-05-02,False,False,,1.9047619047619047,1.5886633313661234,122,0.5655737704918032
martingale,NatGas (GAS_US),2022-06-01,False,False,,1.8214285714285714,1.4300082423266187,115,0.5565217391304348
martingale,NatGas (GAS_US),2022-07-01,True,False,0.4444444444444444,0.4444444444444444,1.2973896474297735,108,0.5555555555555556
martingale,NatGas (GAS_US),2022-08-01,False,False,,1.6587301587301588,1.3413331671297772,102,0.5686274509803921
martingale,NatGas (GAS_US),2022-09-01,False,False,,1.5674603174603174,1.2311822293477959,96,0.5625
martingale,NatGas (GAS_US),2022-10-03,True,False,0.19047619047619047,0.19047619047619047,1.2041089609858824,92,0.5434782608695652
martingale,NatGas (GAS_US),2022-11-01,True,False,0.10714285714285714,0.10714285714285714,1.0772736027162562,83,0.5301204819277109
martingale,NatGas (GAS_US),2022-12-01,True,False,0.2698412698412698,0.2698412698412698,1.1362155715911941,75,0.5466666666666666
martingale,NatGas (GAS_US),2023-01-03,True,False,0.1865079365079365,0.1865079365079365,1.1747002445067396,64,0.546875
martingale,NatGas (GAS_US),2023-02-01,True,False,0.0992063492063492,0.0992063492063492,1.0692616127104446,57,0.5087719298245614
martingale,NatGas (GAS_US),2023-03-01,False,False,,1.0793650793650793,1.3561803776704249,51,0.5294117647058824
dca,"WTI (Dec, CRUDE_W)",1991-01-02,True,True,0.12698412698412698,0.12698412698412698,1.0044898470419203,62,1.0
dca,"WTI (Dec, CRUDE_W)",1991-02-01,True,True,7.404761904761905,7.404761904761905,1.5591274185725905,66,1.0
dca,"WTI (Dec, CRUDE_W)",1991-03-01,True,True,7.329365079365079,7.329365079365079,1.5426045629630147,64,1.0
dca,"WTI (Dec, CRUDE_W)",1991-04-01,True,True,7.25,7.25,1.5324003129845005,62,1.0
dca,"WTI (Dec, CRUDE_W)",1991-05-01,True,True,7.150793650793651,7.150793650793651,1.5233085662858148,59,1.0
dca,"WTI (Dec, CRUDE_W)",1991-06-03,True,True,7.063492063492063,7.063492063492063,1.5208917188030853,58,1.0
dca,"WTI (Dec, CRUDE_W)",1991-07-01,True,True,6.984126984126984,6.984126984126984,1.5109788903553536,58,1.0
dca,"WTI (Dec, CRUDE_W)",1991-08-01,True,True,6.896825396825397,6.896825396825397,1.5052737287315567,56,1.0
dca,"WTI (Dec, CRUDE_W)",1991-09-03,True,True,6.809523809523809,6.809523809523809,1.5029610965049809,55,1.0
dca,"WTI (Dec, CRUDE_W)",1991-10-01,True,True,6.73015873015873,6.73015873015873,1.4959624451799982,54,1.0
dca,"WTI (Dec, CRUDE_W)",1991-11-01,True,True,6.638888888888889,6.638888888888889,1.489957266336162,52,1.0
dca,"WTI (Dec, CRUDE_W)",1991-12-02,True,True,6.555555555555555,6.555555555555555,1.4746142987995539,52,1.0
dca,"WTI (Dec, CRUDE_W)",1992-01-02,True,True,6.476190476190476,6.476190476190476,1.4786863494722624,53,1.0
dca,"WTI (Dec, CRUDE_W)",1992-02-03,True,True,6.384920634920635,6.384920634920635,1.4750918418718015,53,1.0
dca,"WTI (Dec, CRUDE_W)",1992-03-02,True,True,6.309523809523809,6.309523809523809,1.4715760713133093,53,1.0
dca,"WTI (Dec, CRUDE_W)",1992-04-01,True,True,6.222222222222222,6.222222222222222,1.4688836662423834,52,1.0
dca,"WTI (Dec, CRUDE_W)",1992-05-01,True,True,6.138888888888889,6.138888888888889,1.4631740645787534,50,1.0
dca,"WTI (Dec, CRUDE_W)",1992-06-01,True,True,6.059523809523809,6.059523809523809,1.4604908221375879,49,1.0
dca,"WTI (Dec, CRUDE_W)",1992-07-01,True,True,5.972222222222222,5.972222222222222,1.4636473038218236,49,1.0
dca,"WTI (Dec, CRUDE_W)",1992-08-03,True,True,5.884920634920635,5.884920634920635,1.448869262989938,48,1.0
dca,"WTI (Dec, CRUDE_W)",1992-09-01,True,True,5.801587301587301,5.801587301587301,1.449174709571027,48,1.0
dca,"WTI (Dec, CRUDE_W)",1992-10-01,True,True,5.718253968253968,5.718253968253968,1.4575519203182976,48,1.0
dca,"WTI (Dec, CRUDE_W)",1992-11-02,True,True,5.630952380952381,5.630952380952381,1.441754093608846,47,1.0
dca,"WTI (Dec, CRUDE_W)",1992-12-01,True,True,5.555555555555555,5.555555555555555,1.4384405898764718,47,1.0
dca,"WTI (Dec, CRUDE_W)",1993-01-04,True,True,5.472222222222222,5.472222222222222,1.441815374503513,48,1.0
dca,"WTI (Dec, CRUDE_W)",1993-02-01,True,True,5.392857142857143,5.392857142857143,1.4361319057775614,46,1.0
dca,"WTI (Dec, CRUDE_W)",1993-03-02,True,True,1.0674603174603174,1.0674603174603174,1.0778317773717292,45,1.0
dca,"WTI (Dec, CRUDE_W)",1993-04-01,True,True,0.9801587301587301,0.9801587301587301,1.0468689528439974,44,1.0
dca,"WTI (Dec, CRUDE_W)",1993-05-03,True,True,0.5912698412698413,0.5912698412698413,1.0252580132330742,0,
dca,"WTI (Dec, CRUDE_W)",1993-06-01,True,True,0.8174603174603174,0.8174603174603174,1.0499754204710756,44,1.0
dca,"WTI (Dec, CRUDE_W)",1993-07-01,True,True,0.7301587301587301,0.7301587301587301,1.0355137024033507,45,1.0
dca,"WTI (Dec, CRUDE_W)",1993-08-02,True,True,0.6468253968253969,0.6468253968253969,1.0263449850727435,45,1.0
dca,"WTI (Dec, CRUDE_W)",1993-09-02,True,True,0.5595238095238095,0.5595238095238095,1.0079760374809166,44,1.0
dca,"WTI (Dec, CRUDE_W)",1993-10-01,True,True,0.4801587301587302,0.4801587301587302,1.00150500154129,43,1.0
dca,"WTI (Dec, CRUDE_W)",1993-11-01,True,True,4.591269841269841,4.591269841269841,1.367792180619768,44,1.0
dca,"WTI (Dec, CRUDE_W)",1993-12-01,True,True,4.511904761904762,4.511904761904762,1.3710368668448407,46,1.0
dca,"WTI (Dec, CRUDE_W)",1994-01-03,True,True,4.178571428571429,4.178571428571429,1.3296894020566319,45,1.0
dca,"WTI (Dec, CRUDE_W)",1994-02-01,True,True,4.095238095238095,4.095238095238095,1.3316207960326638,45,1.0
dca,"WTI (Dec, CRUDE_W)",1994-03-01,True,True,4.01984126984127,4.01984126984127,1.3227848139544847,45,1.0
dca,"WTI (Dec, CRUDE_W)",1994-04-04,True,True,3.9285714285714284,3.9285714285714284,1.3094351449482649,44,1.0
dca,"WTI (Dec, CRUDE_W)",1994-05-02,True,True,3.8531746031746033,3.8531746031746033,1.309734530998095,44,1.0
dca,"WTI (Dec, CRUDE_W)",1994-06-01,True,True,3.7698412698412698,3.7698412698412698,1.3040245846363872,42,1.0
dca,"WTI (Dec, CRUDE_W)",1994-07-01,True,True,3.6825396825396823,3.6825396825396823,1.293984453610631,40,1.0
dca,"WTI (Dec, CRUDE_W)",1994-08-01,True,True,3.6031746031746033,3.6031746031746033,1.2882858086267792,38,1.0
dca,"WTI (Dec, CRUDE_W)",1994-09-01,True,True,3.511904761904762,3.511904761904762,1.2677911368712744,40,1.0
dca,"WTI (Dec, CRUDE_W)",1994-10-03,True,True,3.4285714285714284,3.4285714285714284,1.2711950849267015,38,1.0
dca,"WTI (Dec, CRUDE_W)",1994-11-01,True,True,3.3452380952380953,3.3452380952380953,1.2727784929955834,39,1.0
dca,"WTI (Dec, CRUDE_W)",1994-12-01,True,True,3.265873015873016,3.265873015873016,1.27034013901516,39,1.0
dca,"WTI (Dec, CRUDE_W)",1995-01-03,True,True,3.1825396825396823,3.1825396825396823,1.270683571626024,39,1.0
dca,"WTI (Dec, CRUDE_W)",1995-02-01,True,True,3.0992063492063493,3.0992063492063493,1.27099239442408,39,1.0
dca,"WTI (Dec, CRUDE_W)",1995-03-01,True,True,3.0238095238095237,3.0238095238095237,1.2492268207105313,38,1.0
dca,"WTI (Dec, CRUDE_W)",1995-04-03,True,True,2.9325396825396823,2.9325396825396823,1.2465661977810392,37,1.0
dca,"WTI (Dec, CRUDE_W)",1995-05-01,True,True,2.857142857142857,2.857142857142857,1.2408171379503563,35,1.0
dca,"WTI (Dec, CRUDE_W)",1995-06-01,True,True,2.7698412698412698,2.7698412698412698,1.2518365612767892,36,1.0
dca,"WTI (Dec, CRUDE_W)",1995-07-05,True,True,2.6825396825396823,2.6825396825396823,1.23841702009443,37,1.0
dca,"WTI (Dec, CRUDE_W)",1995-08-01,True,True,2.607142857142857,2.607142857142857,1.2356902107696275,36,1.0
dca,"WTI (Dec, CRUDE_W)",1995-09-01,True,True,2.515873015873016,2.515873015873016,1.236021471061835,36,1.0
dca,"WTI (Dec, CRUDE_W)",1995-10-02,True,True,2.4365079365079363,2.4365079365079363,1.2318722984201738,36,1.0
dca,"WTI (Dec, CRUDE_W)",1995-11-01,True,True,2.3492063492063493,2.3492063492063493,1.225107237382501,35,1.0
dca,"WTI (Dec, CRUDE_W)",1995-12-01,True,True,2.2698412698412698,2.2698412698412698,1.2164622705019683,34,1.0
dca,"WTI (Dec, CRUDE_W)",1996-01-02,True,True,2.1904761904761907,2.1904761904761907,1.2137982496084698,33,1.0
dca,"WTI (Dec, CRUDE_W)",1996-02-01,True,True,2.107142857142857,2.107142857142857,1.2132249269709343,34,1.0
dca,"WTI (Dec, CRUDE_W)",1996-03-01,True,True,2.0277777777777777,2.0277777777777777,1.206436783924471,33,1.0
dca,"WTI (Dec, CRUDE_W)",1996-04-01,True,True,1.9444444444444444,1.9444444444444444,1.1977255530858137,30,1.0
dca,"WTI (Dec, CRUDE_W)",1996-05-01,True,True,1.8611111111111112,1.8611111111111112,1.1905664139896828,29,1.0
dca,"WTI (Dec, CRUDE_W)",1996-06-03,True,True,1.7738095238095237,1.7738095238095237,1.1836594817318644,28,1.0
dca,"WTI (Dec, CRUDE_W)",1996-07-01,True,True,1.6904761904761905,1.6904761904761905,1.1735997717272544,26,1.0
dca,"WTI (Dec, CRUDE_W)",1996-08-01,True,True,1.6071428571428572,1.6071428571428572,1.1667699890875183,25,1.0
dca,"WTI (Dec, CRUDE_W)",1996-09-03,True,True,1.5198412698412698,1.5198412698412698,1.1550643698470877,21,1.0
dca,"WTI (Dec, CRUDE_W)",1996-10-01,True,True,1.4404761904761905,1.4404761904761905,1.1419249884098692,18,1.0
dca,"WTI (Dec, CRUDE_W)",1996-11-01,True,True,1.3412698412698412,1.3412698412698412,1.124343912862548,15,1.0
dca,"WTI (Dec, CRUDE_W)",1996-12-02,True,True,1.2619047619047619,1.2619047619047619,1.1047982313403713,12,1.0
dca,"WTI (Dec, CRUDE_W)",1997-01-02,True,True,1.1785714285714286,1.1785714285714286,1.0910218740602264,11,1.0
dca,"WTI (Dec, CRUDE_W)",1997-02-03,True,True,1.0873015873015872,1.0873015873015872,1.062500021419366,8,1.0
dca,"WTI (Dec, CRUDE_W)",1997-03-03,True,True,1.0119047619047619,1.0119047619047619,1.06422888443284,10,1.0
dca,"WTI (Dec, CRUDE_W)",1997-04-01,True,True,0.9325396825396826,0.9325396825396826,1.0497722672686758,7,1.0
dca,"WTI (Dec, CRUDE_W)",1997-05-01,True,True,0.8452380952380952,0.8452380952380952,1.0461721978095069,7,1.0
dca,"WTI (Dec, CRUDE_W)",1997-06-02,True,True,0.7619047619047619,0.7619047619047619,1.0325206726936305,5,1.0
dca,"WTI (Dec, CRUDE_W)",1997-07-01,True,True,0.6785714285714286,0.6785714285714286,1.031127134711246,6,1.0
dca,"WTI (Dec, CRUDE_W)",1997-08-01,True,True,0.5912698412698413,0.5912698412698413,1.024177660164771,5,1.0
dca,"WTI (Dec, CRUDE_W)",1997-09-02,True,True,0.5079365079365079,0.5079365079365079,1.0116814719299279,4,1.0
dca,"WTI (Dec, CRUDE_W)",1997-10-01,True,True,0.4246031746031746,0.4246031746031746,1.0059603323863826,2,1.0
dca,"WTI (Dec, CRUDE_W)",1997-11-03,True,True,0.3531746031746032,0.3531746031746032,1.019098961969048,0,
dca,"WTI (Dec, CRUDE_W)",1997-12-01,True,True,1.0238095238095237,1.0238095238095237,1.1606998327377798,5,1.0
dca,"WTI (Dec, CRUDE_W)",1998-01-02,True,True,0.9365079365079365,0.9365079365079365,1.1450714259094503,5,1.0
dca,"WTI (Dec, CRUDE_W)",1998-02-02,True,True,0.5714285714285714,0.5714285714285714,1.0477852366336007,4,1.0
dca,"WTI (Dec, CRUDE_W)",1998-03-02,True,True,0.44841269841269843,0.44841269841269843,1.033826415207685,4,1.0
dca,"WTI (Dec, CRUDE_W)",1998-04-01,True,True,0.3611111111111111,0.3611111111111111,1.0062516190338628,3,1.0
dca,"WTI (Dec, CRUDE_W)",1998-05-01,True,True,0.2777777777777778,0.2777777777777778,1.0035569919173228,2,1.0
dca,"WTI (Dec, CRUDE_W)",1998-06-01,True,True,0.5238095238095238,0.5238095238095238,1.094360709386965,3,1.0
dca,"WTI (Dec, CRUDE_W)",1998-07-01,True,True,0.4246031746031746,0.4246031746031746,1.0454660922390828,3,1.0
dca,"WTI (Dec, CRUDE_W)",1998-08-03,True,True,0.3373015873015873,0.3373015873015873,1.0238101381170726,3,1.0
dca,"WTI (Dec, CRUDE_W)",1998-09-01,True,True,0.25396825396825395,0.25396825396825395,1.013353928722758,3,1.0
dca,"WTI (Dec, CRUDE_W)",1998-10-01,True,True,0.19047619047619047,0.19047619047619047,1.0019480886109011,0,
dca,"WTI (Dec, CRUDE_W)",1998-11-02,True,True,0.2777777777777778,0.2777777777777778,1.0027462994673475,212,1.0
dca,"WTI (Dec, CRUDE_W)",1998-12-01,True,True,2.9325396825396823,2.9325396825396823,1.5943992026130558,216,1.0
dca,"WTI (Dec, CRUDE_W)",1999-01-04,True,True,2.8452380952380953,2.8452380952380953,1.5771005943428598,215,1.0
dca,"WTI (Dec, CRUDE_W)",1999-02-01,True,True,2.7698412698412698,2.7698412698412698,1.554015013033,215,1.0
dca,"WTI (Dec, CRUDE_W)",1999-03-01,True,True,2.6944444444444446,2.6944444444444446,1.5403946168795883,214,1.0
dca,"WTI (Dec, CRUDE_W)",1999-04-01,True,True,2.6031746031746033,2.6031746031746033,1.5078062043780385,206,1.0
dca,"WTI (Dec, CRUDE_W)",1999-05-03,True,True,2.5198412698412698,2.5198412698412698,1.5118933999622983,205,1.0
dca,"WTI (Dec, CRUDE_W)",1999-06-01,True,True,2.4404761904761907,2.4404761904761907,1.5012199903841368,205,1.0
dca,"WTI (Dec, CRUDE_W)",1999-07-01,True,True,2.3492063492063493,2.3492063492063493,1.4789823050804731,199,1.0
dca,"WTI (Dec, CRUDE_W)",1999-08-02,True,True,2.265873015873016,2.265873015873016,1.4732959698075336,197,1.0
dca,"WTI (Dec, CRUDE_W)",1999-09-01,True,True,2.1547619047619047,2.1547619047619047,1.4571169356762024,193,1.0
dca,"WTI (Dec, CRUDE_W)",1999-10-01,True,True,2.0674603174603177,2.0674603174603177,1.4196829211286877,188,1.0
dca,"WTI (Dec, CRUDE_W)",1999-11-01,True,True,1.9761904761904763,1.9761904761904763,1.3781192607787063,42,1.0
dca,"WTI (Dec, CRUDE_W)",1999-12-01,True,True,1.8968253968253967,1.8968253968253967,1.3674232677002882,42,1.0
dca,"WTI (Dec, CRUDE_W)",2000-01-04,True,True,1.8134920634920635,1.8134920634920635,1.3543000773611586,39,1.0
dca,"WTI (Dec, CRUDE_W)",2000-02-01,True,True,1.7380952380952381,1.7380952380952381,1.342541171241816,35,1.0
dca,"WTI (Dec, CRUDE_W)",2000-03-01,True,True,1.6587301587301588,1.6587301587301588,1.3338051851912653,32,1.0
dca,"WTI (Dec, CRUDE_W)",2000-04-03,True,True,1.5634920634920635,1.5634920634920635,1.2859466655157084,31,1.0
dca,"WTI (Dec, CRUDE_W)",2000-05-01,True,True,1.4880952380952381,1.4880952380952381,1.272048485927998,30,1.0
dca,"WTI (Dec, CRUDE_W)",2000-06-01,True,True,1.4007936507936507,1.4007936507936507,1.2574079073216013,25,1.0
dca,"WTI (Dec, CRUDE_W)",2000-07-05,True,True,1.3095238095238095,1.3095238095238095,1.2429027299186028,23,1.0
dca,"WTI (Dec, CRUDE_W)",2000-08-01,True,True,1.2023809523809523,1.2023809523809523,1.2291822087617879,22,1.0
dca,"WTI (Dec, CRUDE_W)",2000-09-01,True,True,1.1111111111111112,1.1111111111111112,1.2144426893258944,17,1.0
dca,"WTI (Dec, CRUDE_W)",2000-10-02,True,True,0.9603174603174603,0.9603174603174603,1.1633151614437145,13,1.0
dca,"WTI (Dec, CRUDE_W)",2000-11-01,True,True,0.873015873015873,0.873015873015873,1.148710857378819,14,1.0
dca,"WTI (Dec, CRUDE_W)",2000-12-01,True,True,0.7936507936507936,0.7936507936507936,1.1115404239867508,13,1.0
dca,"WTI (Dec, CRUDE_W)",2001-01-02,True,True,0.7142857142857143,0.7142857142857143,1.096855135486063,13,1.0
dca,"WTI (Dec, CRUDE_W)",2001-02-01,True,True,0.6309523809523809,0.6309523809523809,1.0823103390144517,11,1.0
dca,"WTI (Dec, CRUDE_W)",2001-03-01,True,True,0.5555555555555556,0.5555555555555556,1.0723651552412439,9,1.0
dca,"WTI (Dec, CRUDE_W)",2001-04-02,True,True,0.46825396825396826,0.46825396825396826,1.0623171356760375,9,1.0
dca,"WTI (Dec, CRUDE_W)",2001-05-01,True,True,0.3888888888888889,0.3888888888888889,1.0535843581855333,6,1.0
dca,"WTI (Dec, CRUDE_W)",2001-06-01,True,True,0.30158730158730157,0.30158730158730157,1.054280880907611,6,1.0
dca,"WTI (Dec, CRUDE_W)",2001-07-02,True,True,0.21825396825396826,0.21825396825396826,1.0322651637074005,6,1.0
dca,"WTI (Dec, CRUDE_W)",2001-08-01,True,True,0.1349206349206349,0.1349206349206349,1.0189669390145284,5,1.0
dca,"WTI (Dec, CRUDE_W)",2001-09-04,True,True,0.04365079365079365,0.04365079365079365,1.0088897380433248,3,1.0
dca,"WTI (Dec, CRUDE_W)",2001-10-01,True,True,6.9563492063492065,6.9563492063492065,2.0600313799686525,154,1.0
dca,"WTI (Dec, CRUDE_W)",2001-11-01,True,True,6.865079365079365,6.865079365079365,2.060805572217519,157,1.0
dca,"WTI (Dec, CRUDE_W)",2001-12-03,True,True,5.063492063492063,5.063492063492063,1.8935219501508511,154,1.0
dca,"WTI (Dec, CRUDE_W)",2002-01-02,True,True,4.988095238095238,4.988095238095238,1.8640370904990653,151,1.0
dca,"WTI (Dec, CRUDE_W)",2002-02-01,True,True,4.904761904761905,4.904761904761905,1.854229446626213,151,1.0
dca,"WTI (Dec, CRUDE_W)",2002-03-01,True,True,4.829365079365079,4.829365079365079,1.8441163855338307,149,1.0
dca,"WTI (Dec, CRUDE_W)",2002-04-01,True,True,4.75,4.75,1.8293764260835608,144,1.0
dca,"WTI (Dec, CRUDE_W)",2002-05-01,True,True,4.654761904761905,4.654761904761905,1.7772840663987517,140,1.0
dca,"WTI (Dec, CRUDE_W)",2002-06-03,True,True,4.567460317460317,4.567460317460317,1.749209722813064,137,1.0
dca,"WTI (Dec, CRUDE_W)",2002-07-01,True,True,4.488095238095238,4.488095238095238,1.7434807475815663,135,1.0
dca,"WTI (Dec, CRUDE_W)",2002-08-01,True,True,4.404761904761905,4.404761904761905,1.7396629501179248,135,1.0
dca,"WTI (Dec, CRUDE_W)",2002-09-03,True,True,4.317460317460317,4.317460317460317,1.7309738503043688,132,1.0
dca,"WTI (Dec, CRUDE_W)",2002-10-01,True,True,4.238095238095238,4.238095238095238,1.7350438225288403,130,1.0
dca,"WTI (Dec, CRUDE_W)",2002-11-01,True,True,4.146825396825397,4.146825396825397,1.7196420412704003,131,1.0
dca,"WTI (Dec, CRUDE_W)",2002-12-02,True,True,4.071428571428571,4.071428571428571,1.7169579542231537,130,1.0
dca,"WTI (Dec, CRUDE_W)",2003-01-02,True,True,3.988095238095238,3.988095238095238,1.7069616530090799,128,1.0
dca,"WTI (Dec, CRUDE_W)",2003-02-03,True,True,3.9047619047619047,3.9047619047619047,1.6952480672092447,124,1.0
dca,"WTI (Dec, CRUDE_W)",2003-03-03,True,True,3.8293650793650795,3.8293650793650795,1.7007170512771852,122,1.0
dca,"WTI (Dec, CRUDE_W)",2003-04-01,True,True,3.746031746031746,3.746031746031746,1.6383343460709923,123,1.0
dca,"WTI (Dec, CRUDE_W)",2003-05-01,True,True,3.6626984126984126,3.6626984126984126,1.620461356679018,122,1.0
dca,"WTI (Dec, CRUDE_W)",2003-06-02,True,True,3.5793650793650795,3.5793650793650795,1.6117578720720354,119,1.0
dca,"WTI (Dec, CRUDE_W)",2003-07-01,True,True,3.492063492063492,3.492063492063492,1.5985989478706242,116,1.0
dca,"WTI (Dec, CRUDE_W)",2003-08-01,True,True,3.4047619047619047,3.4047619047619047,1.5854944832518842,113,1.0
dca,"WTI (Dec, CRUDE_W)",2003-09-02,True,True,3.3214285714285716,3.3214285714285716,1.562088847187288,83,1.0
dca,"WTI (Dec, CRUDE_W)",2003-10-01,True,True,3.238095238095238,3.238095238095238,1.5456028737084622,81,1.0
dca,"WTI (Dec, CRUDE_W)",2003-11-03,True,True,3.1468253968253967,3.1468253968253967,1.5326266605712036,78,1.0
dca,"WTI (Dec, CRUDE_W)",2003-12-01,True,True,3.0595238095238093,3.0595238095238093,1.5192271835094822,77,1.0
dca,"WTI (Dec, CRUDE_W)",2004-01-05,True,True,2.9761904761904763,2.9761904761904763,1.5032477731656242,73,1.0
dca,"WTI (Dec, CRUDE_W)",2004-02-02,True,True,2.9007936507936507,2.9007936507936507,1.4931220595067638,71,1.0
dca,"WTI (Dec, CRUDE_W)",2004-03-01,True,True,2.8253968253968256,2.8253968253968256,1.4799813391172714,68,1.0
dca,"WTI (Dec, CRUDE_W)",2004-04-01,True,True,2.734126984126984,2.734126984126984,1.4663371829692018,67,1.0
dca,"WTI (Dec, CRUDE_W)",2004-05-03,True,True,2.6507936507936507,2.6507936507936507,1.4427424259531063,62,1.0
dca,"WTI (Dec, CRUDE_W)",2004-06-01,True,True,2.5714285714285716,2.5714285714285716,1.4309935024405012,58,1.0
dca,"WTI (Dec, CRUDE_W)",2004-07-01,True,True,2.488095238095238,2.488095238095238,1.3935680696605743,57,1.0
dca,"WTI (Dec, CRUDE_W)",2004-08-02,True,True,2.4047619047619047,2.4047619047619047,1.3774127599277497,53,1.0
dca,"WTI (Dec, CRUDE_W)",2004-09-01,True,True,2.3134920634920637,2.3134920634920637,1.3489150683005764,50,1.0
dca,"WTI (Dec, CRUDE_W)",2004-10-01,True,True,2.2301587301587302,2.2301587301587302,1.3514923859403678,46,1.0
dca,"WTI (Dec, CRUDE_W)",2004-11-01,True,True,2.1507936507936507,2.1507936507936507,1.3240831718845334,42,1.0
dca,"WTI (Dec, CRUDE_W)",2004-12-01,True,True,2.0714285714285716,2.0714285714285716,1.2959846164294824,42,1.0
dca,"WTI (Dec, CRUDE_W)",2005-01-03,True,True,1.9880952380952381,1.9880952380952381,1.2585976795474476,40,1.0
dca,"WTI (Dec, CRUDE_W)",2005-02-01,True,True,1.6904761904761905,1.6904761904761905,1.239644028280982,35,1.0
dca,"WTI (Dec, CRUDE_W)",2005-03-01,True,True,1.6150793650793651,1.6150793650793651,1.230899341832975,32,1.0
dca,"WTI (Dec, CRUDE_W)",2005-04-01,True,True,1.5277777777777777,1.5277777777777777,1.208764248202273,26,1.0
dca,"WTI (Dec, CRUDE_W)",2005-05-02,True,True,1.4206349206349207,1.4206349206349207,1.179621605540573,26,1.0
dca,"WTI (Dec, CRUDE_W)",2005-06-01,True,True,1.3373015873015872,1.3373015873015872,1.1632170140326765,24,1.0
dca,"WTI (Dec, CRUDE_W)",2005-07-01,True,True,1.25,1.25,1.1470531828325896,20,1.0
dca,"WTI (Dec, CRUDE_W)",2005-08-01,True,True,1.1706349206349207,1.1706349206349207,1.1340538627377477,17,1.0
dca,"WTI (Dec, CRUDE_W)",2005-09-01,True,True,1.0793650793650793,1.0793650793650793,1.1365537458106902,15,1.0
dca,"WTI (Dec, CRUDE_W)",2005-10-03,True,True,0.996031746031746,0.996031746031746,1.101484659896284,14,1.0
dca,"WTI (Dec, CRUDE_W)",2005-11-01,True,True,0.9126984126984127,0.9126984126984127,1.1009092703342025,16,1.0
dca,"WTI (Dec, CRUDE_W)",2005-12-01,True,True,0.8333333333333334,0.8333333333333334,1.087842029133765,15,1.0
dca,"WTI (Dec, CRUDE_W)",2006-01-03,True,True,0.7222222222222222,0.7222222222222222,1.0749100546623669,12,1.0
dca,"WTI (Dec, CRUDE_W)",2006-02-01,True,True,0.6349206349206349,0.6349206349206349,1.0562069908245582,9,1.0
dca,"WTI (Dec, CRUDE_W)",2006-03-01,True,True,0.5595238095238095,0.5595238095238095,1.0459210680184368,9,1.0
dca,"WTI (Dec, CRUDE_W)",2006-04-03,True,True,0.46825396825396826,0.46825396825396826,1.033050996757103,6,1.0
dca,"WTI (Dec, CRUDE_W)",2006-05-01,True,True,0.39285714285714285,0.39285714285714285,1.0321364689171433,4,1.0
dca,"WTI (Dec, CRUDE_W)",2006-06-01,True,True,0.3055555555555556,0.3055555555555556,1.0227454882074656,4,1.0
dca,"WTI (Dec, CRUDE_W)",2006-07-05,True,True,0.21825396825396826,0.21825396825396826,1.0097945184273414,1,1.0
dca,"WTI (Dec, CRUDE_W)",2006-08-01,True,True,0.14285714285714285,0.14285714285714285,1.0029034564621264,1,1.0
dca,"WTI (Dec, CRUDE_W)",2006-09-01,True,True,0.3333333333333333,0.3333333333333333,0.9999533754249637,0,
dca,"WTI (Dec, CRUDE_W)",2006-10-02,True,True,1.9206349206349207,1.9206349206349207,1.3224506247440102,45,1.0
dca,"WTI (Dec, CRUDE_W)",2006-11-01,True,True,1.8333333333333333,1.8333333333333333,1.3232141051090323,46,1.0
dca,"WTI (Dec, CRUDE_W)",2006-12-01,True,True,1.75,1.75,1.3161595023945092,44,1.0
dca,"WTI (Dec, CRUDE_W)",2007-01-03,True,True,1.6706349206349207,1.6706349206349207,1.2640894208990034,45,1.0
dca,"WTI (Dec, CRUDE_W)",2007-02-01,True,True,1.5873015873015872,1.5873015873015872,1.2231264061138623,43,1.0
dca,"WTI (Dec, CRUDE_W)",2007-03-01,True,True,1.5119047619047619,1.5119047619047619,1.2143656958266558,40,1.0
dca,"WTI (Dec, CRUDE_W)",2007-04-02,True,True,1.4246031746031746,1.4246031746031746,1.2040655800088433,38,1.0
dca,"WTI (Dec, CRUDE_W)",2007-05-01,True,True,1.3452380952380953,1.3452380952380953,1.2046824738184316,38,1.0
dca,"WTI (Dec, CRUDE_W)",2007-06-01,True,True,1.257936507936508,1.257936507936508,1.200870723348815,38,1.0
dca,"WTI (Dec, CRUDE_W)",2007-07-02,True,True,1.1706349206349207,1.1706349206349207,1.18773409831692,35,1.0
dca,"WTI (Dec, CRUDE_W)",2007-08-01,True,True,1.0873015873015872,1.0873015873015872,1.1723697877347388,33,1.0
dca,"WTI (Dec, CRUDE_W)",2007-09-04,True,True,0.9920634920634921,0.9920634920634921,1.1595264922803723,32,1.0
dca,"WTI (Dec, CRUDE_W)",2007-10-01,True,True,0.9166666666666666,0.9166666666666666,1.147756048934598,28,1.0
dca,"WTI (Dec, CRUDE_W)",2007-11-01,True,True,0.8253968253968254,0.8253968253968254,1.131622154688123,24,1.0
dca,"WTI (Dec, CRUDE_W)",2007-12-03,True,True,0.7420634920634921,0.7420634920634921,1.121628303175033,22,1.0
dca,"WTI (Dec, CRUDE_W)",2008-01-02,True,True,0.6626984126984127,0.6626984126984127,1.1159176106944093,20,1.0
dca,"WTI (Dec, CRUDE_W)",2008-02-01,True,True,0.5793650793650794,0.5793650793650794,1.0963406862750678,20,1.0
dca,"WTI (Dec, CRUDE_W)",2008-03-03,True,True,0.5,0.5,1.084613620713119,16,1.0
dca,"WTI (Dec, CRUDE_W)",2008-04-01,True,True,0.42063492063492064,0.42063492063492064,1.065655694482921,14,1.0
dca,"WTI (Dec, CRUDE_W)",2008-05-02,True,True,0.2777777777777778,0.2777777777777778,1.0464745274710563,9,1.0
dca,"WTI (Dec, CRUDE_W)",2008-06-02,True,True,0.1984126984126984,0.1984126984126984,1.0281711959250033,5,1.0
dca,"WTI (Dec, CRUDE_W)",2008-07-01,True,True,0.11507936507936507,0.11507936507936507,1.0103604906087265,1,1.0
dca,"WTI (Dec, CRUDE_W)",2008-08-01,True,True,0.12301587301587301,0.12301587301587301,1.0233127099180537,2,1.0
dca,"WTI (Dec, CRUDE_W)",2008-09-02,True,True,0.1111111111111111,0.1111111111111111,1.102199877505433,2,1.0
dca,"WTI (Dec, CRUDE_W)",2008-10-01,True,True,0.03968253968253968,0.03968253968253968,0.9999533754249637,0,
dca,"WTI (Dec, CRUDE_W)",2008-11-03,True,True,0.051587301587301584,0.051587301587301584,1.002956853905673,1,1.0
dca,"WTI (Dec, CRUDE_W)",2008-12-01,True,True,0.21031746031746032,0.21031746031746032,1.1278582289165824,81,1.0
dca,"WTI (Dec, CRUDE_W)",2009-01-02,True,True,0.11904761904761904,0.11904761904761904,1.003699995319575,77,1.0
dca,"WTI (Dec, CRUDE_W)",2009-02-02,True,True,2.642857142857143,2.642857142857143,1.6605980670693237,81,1.0
dca,"WTI (Dec, CRUDE_W)",2009-03-02,True,True,2.5634920634920637,2.5634920634920637,1.5755044687830315,79,1.0
dca,"WTI (Dec, CRUDE_W)",2009-04-01,True,True,2.4563492063492065,2.4563492063492065,1.528970814093002,72,1.0
dca,"WTI (Dec, CRUDE_W)",2009-05-01,True,True,2.246031746031746,2.246031746031746,1.515516971399764,71,1.0
dca,"WTI (Dec, CRUDE_W)",2009-06-01,True,True,2.1666666666666665,2.1666666666666665,1.4933200238843263,65,1.0
dca,"WTI (Dec, CRUDE_W)",2009-07-01,True,True,2.0793650793650795,2.0793650793650795,1.4321111740663186,42,1.0
dca,"WTI (Dec, CRUDE_W)",2009-08-03,True,True,1.9880952380952381,1.9880952380952381,1.3774333551312932,37,1.0
dca,"WTI (Dec, CRUDE_W)",2009-09-01,True,True,1.9047619047619047,1.9047619047619047,1.3493516358058981,37,1.0
dca,"WTI (Dec, CRUDE_W)",2009-10-01,True,True,1.8214285714285714,1.8214285714285714,1.3325831082485706,35,1.0
dca,"WTI (Dec, CRUDE_W)",2009-11-02,True,True,1.7380952380952381,1.7380952380952381,1.3316544924673561,33,1.0
dca,"WTI (Dec, CRUDE_W)",2009-12-01,True,True,1.6587301587301588,1.6587301587301588,1.3141788134595354,30,1.0
dca,"WTI (Dec, CRUDE_W)",2010-01-04,True,True,1.5714285714285714,1.5714285714285714,1.3012522198681067,29,1.0
dca,"WTI (Dec, CRUDE_W)",2010-02-01,True,True,1.5,1.5,1.2566257055488705,29,1.0
dca,"WTI (Dec, CRUDE_W)",2010-03-01,True,True,1.4285714285714286,1.4285714285714286,1.2370198310823923,26,1.0
dca,"WTI (Dec, CRUDE_W)",2010-04-01,True,True,1.3373015873015872,1.3373015873015872,1.2313232120393067,24,1.0
dca,"WTI (Dec, CRUDE_W)",2010-05-03,True,True,0.06349206349206349,0.06349206349206349,0.9999533754249637,20,1.0
dca,"WTI (Dec, CRUDE_W)",2010-06-01,True,True,1.1746031746031746,1.1746031746031746,1.1645261399325415,22,1.0
dca,"WTI (Dec, CRUDE_W)",2010-07-01,True,True,1.0793650793650793,1.0793650793650793,1.1466801481972793,21,1.0
dca,"WTI (Dec, CRUDE_W)",2010-08-02,True,True,0.996031746031746,0.996031746031746,1.1379780750475863,18,1.0
dca,"WTI (Dec, CRUDE_W)",2010-09-01,True,True,0.9087301587301587,0.9087301587301587,1.1118194621738642,19,1.0
dca,"WTI (Dec, CRUDE_W)",2010-10-01,True,True,0.8333333333333334,0.8333333333333334,1.0913895046440958,15,1.0
dca,"WTI (Dec, CRUDE_W)",2010-11-01,True,True,0.75,0.75,1.0961858704200687,15,1.0
dca,"WTI (Dec, CRUDE_W)",2010-12-01,True,True,0.6666666666666666,0.6666666666666666,1.0722572558152654,12,1.0
dca,"WTI (Dec, CRUDE_W)",2011-01-03,True,True,0.5793650793650794,0.5793650793650794,1.0709756334150322,10,1.0
dca,"WTI (Dec, CRUDE_W)",2011-02-01,True,True,0.5,0.5,1.0608622704517074,8,1.0
dca,"WTI (Dec, CRUDE_W)",2011-03-01,True,True,0.4246031746031746,0.4246031746031746,1.0552695955873839,6,1.0
dca,"WTI (Dec, CRUDE_W)",2011-04-01,True,True,0.3373015873015873,0.3373015873015873,1.0354957824438058,3,1.0
dca,"WTI (Dec, CRUDE_W)",2011-05-02,True,True,0.2619047619047619,0.2619047619047619,1.0401091903946558,0,
dca,"WTI (Dec, CRUDE_W)",2011-06-01,True,True,1.0595238095238095,1.0595238095238095,1.2214480141560715,33,1.0
dca,"WTI (Dec, CRUDE_W)",2011-07-01,True,True,0.9722222222222222,0.9722222222222222,1.205797383760752,33,1.0
dca,"WTI (Dec, CRUDE_W)",2011-08-01,True,True,0.8888888888888888,0.8888888888888888,1.187118425058294,33,1.0
dca,"WTI (Dec, CRUDE_W)",2011-09-01,True,True,0.7698412698412699,0.7698412698412699,1.116968902681843,31,1.0
dca,"WTI (Dec, CRUDE_W)",2011-10-03,True,True,0.6626984126984127,0.6626984126984127,1.0547055376673724,13,1.0
dca,"WTI (Dec, CRUDE_W)",2011-11-01,True,True,0.5793650793650794,0.5793650793650794,1.0429560724381068,9,1.0
dca,"WTI (Dec, CRUDE_W)",2011-12-01,True,True,0.49603174603174605,0.49603174603174605,1.0293449753163653,5,1.0
dca,"WTI (Dec, CRUDE_W)",2012-01-03,True,True,0.4126984126984127,0.4126984126984127,1.0149402730219566,3,1.0
dca,"WTI (Dec, CRUDE_W)",2012-02-01,True,True,0.3333333333333333,0.3333333333333333,1.018260123305404,4,1.0
dca,"WTI (Dec, CRUDE_W)",2012-03-01,True,True,0.25396825396825395,0.25396825396825395,1.000617301444855,0,
dca,"WTI (Dec, CRUDE_W)",2012-04-02,True,True,0.19047619047619047,0.19047619047619047,1.0045521937783843,19,1.0
dca,"WTI (Dec, CRUDE_W)",2012-05-01,True,True,0.11904761904761904,0.11904761904761904,0.9999533754249637,20,1.0
dca,"WTI (Dec, CRUDE_W)",2012-06-01,True,True,2.4603174603174605,2.4603174603174605,1.1928268217468831,26,1.0
dca,"WTI (Dec, CRUDE_W)",2012-07-02,True,True,2.376984126984127,2.376984126984127,1.1761469994951261,24,1.0
dca,"WTI (Dec, CRUDE_W)",2012-08-01,True,True,2.265873015873016,2.265873015873016,1.151951777588136,21,1.0
dca,"WTI (Dec, CRUDE_W)",2012-09-04,True,True,2.1706349206349205,2.1706349206349205,1.1432700022764861,18,1.0
dca,"WTI (Dec, CRUDE_W)",2012-10-01,True,True,2.0952380952380953,2.0952380952380953,1.1280489914453595,18,1.0
dca,"WTI (Dec, CRUDE_W)",2012-11-01,True,True,2.003968253968254,2.003968253968254,1.1275110512728679,19,1.0
dca,"WTI (Dec, CRUDE_W)",2012-12-03,True,True,1.9206349206349207,1.9206349206349207,1.1248378080414752,18,1.0
dca,"WTI (Dec, CRUDE_W)",2013-01-02,True,True,1.8412698412698412,1.8412698412698412,1.1176686333207468,16,1.0
dca,"WTI (Dec, CRUDE_W)",2013-02-01,True,True,1.757936507936508,1.757936507936508,1.111905572766774,15,1.0
dca,"WTI (Dec, CRUDE_W)",2013-03-01,True,True,1.6825396825396826,1.6825396825396826,1.1052437827996777,16,1.0
dca,"WTI (Dec, CRUDE_W)",2013-04-01,True,True,1.6031746031746033,1.6031746031746033,1.09955067539469,14,1.0
dca,"WTI (Dec, CRUDE_W)",2013-05-01,True,True,1.5158730158730158,1.5158730158730158,1.0821646418046957,15,1.0
dca,"WTI (Dec, CRUDE_W)",2013-06-03,True,True,1.4285714285714286,1.4285714285714286,1.0720754821769385,13,1.0
dca,"WTI (Dec, CRUDE_W)",2013-07-01,True,True,1.3492063492063493,1.3492063492063493,1.062026492645393,11,1.0
dca,"WTI (Dec, CRUDE_W)",2013-08-01,True,True,1.2619047619047619,1.2619047619047619,1.0368841128045794,6,1.0
dca,"WTI (Dec, CRUDE_W)",2013-09-03,True,True,1.1746031746031746,1.1746031746031746,1.026876963824633,4,1.0
dca,"WTI (Dec, CRUDE_W)",2013-10-01,True,True,1.0952380952380953,1.0952380952380953,1.0244124587428178,5,1.0
dca,"WTI (Dec, CRUDE_W)",2013-11-01,True,True,1.003968253968254,1.003968253968254,1.028692405296947,6,1.0
dca,"WTI (Dec, CRUDE_W)",2013-12-02,True,True,0.9206349206349206,0.9206349206349206,1.0290246273811496,6,1.0
dca,"WTI (Dec, CRUDE_W)",2014-01-02,True,True,0.8373015873015873,0.8373015873015873,1.0273381154851302,6,1.0
dca,"WTI (Dec, CRUDE_W)",2014-02-03,True,True,0.753968253968254,0.753968253968254,1.0236023681209914,6,1.0
dca,"WTI (Dec, CRUDE_W)",2014-03-03,True,True,0.6785714285714286,0.6785714285714286,1.0148612349794002,3,1.0
dca,"WTI (Dec, CRUDE_W)",2014-04-01,True,True,0.5992063492063492,0.5992063492063492,1.0111056590472958,3,1.0
dca,"WTI (Dec, CRUDE_W)",2014-05-01,True,True,0.5317460317460317,0.5317460317460317,1.0107220823170775,3,1.0
dca,"WTI (Dec, CRUDE_W)",2014-06-02,True,True,0.36904761904761907,0.36904761904761907,1.0075209507322316,2,1.0
dca,"WTI (Dec, CRUDE_W)",2014-07-01,True,True,0.2896825396825397,0.2896825396825397,0.9999533754249637,0,
dca,"WTI (Dec, CRUDE_W)",2014-08-06,True,True,0.32142857142857145,0.32142857142857145,1.001120899233916,0,
dca,"WTI (Dec, CRUDE_W)",2014-09-01,True,True,0.25,0.25,1.0024418448515116,0,
dca,"WTI (Dec, CRUDE_W)",2014-10-01,True,True,0.16666666666666666,0.16666666666666666,0.9999533754249637,0,
dca,"WTI (Dec, CRUDE_W)",2014-11-03,True,True,0.11507936507936507,0.11507936507936507,0.9999533754249637,0,
dca,"WTI (Dec, CRUDE_W)",2014-12-01,True,True,0.09126984126984126,0.09126984126984126,0.9999533754249637,2,1.0
dca,"WTI (Dec, CRUDE_W)",2015-01-02,True,True,0.5912698412698413,0.5912698412698413,1.1117295042615702,11,1.0
dca,"WTI (Dec, CRUDE_W)",2015-02-02,True,True,0.49206349206349204,0.49206349206349204,1.0893024905520576,10,1.0
dca,"WTI (Dec, CRUDE_W)",2015-03-02,True,True,0.4087301587301587,0.4087301587301587,1.0573084748414736,7,1.0
dca,"WTI (Dec, CRUDE_W)",2015-04-01,True,True,0.31746031746031744,0.31746031746031744,1.0296818068010283,6,1.0
dca,"WTI (Dec, CRUDE_W)",2015-05-01,True,True,0.23412698412698413,0.23412698412698413,1.010505541174346,1,1.0
dca,"WTI (Dec, CRUDE_W)",2015-06-01,True,True,0.17857142857142858,0.17857142857142858,1.0100825777787046,2,1.0
dca,"WTI (Dec, CRUDE_W)",2015-07-01,True,True,0.10714285714285714,0.10714285714285714,1.0000090566160547,0,
dca,"WTI (Dec, CRUDE_W)",2015-08-03,True,True,0.42857142857142855,0.42857142857142855,1.104857513449562,6,1.0
dca,"WTI (Dec, CRUDE_W)",2015-09-02,True,True,0.34523809523809523,0.34523809523809523,1.0503405012195999,5,1.0
dca,"WTI (Dec, CRUDE_W)",2015-10-01,True,True,0.2619047619047619,0.2619047619047619,1.032212451941438,4,1.0
dca,"WTI (Dec, CRUDE_W)",2015-11-02,True,True,0.17857142857142858,0.17857142857142858,1.002956853905673,1,1.0
dca,"WTI (Dec, CRUDE_W)",2015-12-01,True,True,0.1111111111111111,0.1111111111111111,1.0006249773121405,0,
dca,"WTI (Dec, CRUDE_W)",2016-01-04,True,True,3.0595238095238093,3.0595238095238093,1.6993360000713273,63,1.0
dca,"WTI (Dec, CRUDE_W)",2016-02-01,True,True,2.9682539682539684,2.9682539682539684,1.5993027866147658,61,1.0
dca,"WTI (Dec, CRUDE_W)",2016-03-01,True,True,2.884920634920635,2.884920634920635,1.5695418158406824,58,1.0
dca,"WTI (Dec, CRUDE_W)",2016-04-01,True,True,2.7976190476190474,2.7976190476190474,1.5428341550209799,56,1.0
dca,"WTI (Dec, CRUDE_W)",2016-05-02,True,True,2.7142857142857144,2.7142857142857144,1.5117340199215301,50,1.0
dca,"WTI (Dec, CRUDE_W)",2016-06-01,True,True,2.626984126984127,2.626984126984127,1.507529774678834,48,1.0
dca,"WTI (Dec, CRUDE_W)",2016-07-01,True,True,2.5396825396825395,2.5396825396825395,1.4805594115618372,46,1.0
dca,"WTI (Dec, CRUDE_W)",2016-08-01,True,True,2.388888888888889,2.388888888888889,1.3954934662578857,47,1.0
dca,"WTI (Dec, CRUDE_W)",2016-09-01,True,True,2.2976190476190474,2.2976190476190474,1.365965336140678,44,1.0
dca,"WTI (Dec, CRUDE_W)",2016-10-03,True,True,2.2103174603174605,2.2103174603174605,1.322851212833728,38,1.0
dca,"WTI (Dec, CRUDE_W)",2016-11-01,True,True,2.126984126984127,2.126984126984127,1.3170811775763092,38,1.0
dca,"WTI (Dec, CRUDE_W)",2016-12-01,True,True,2.0396825396825395,2.0396825396825395,1.2920939803631424,34,1.0
dca,"WTI (Dec, CRUDE_W)",2017-01-02,True,True,1.9404761904761905,1.9404761904761905,1.2753409223640322,30,1.0
dca,"WTI (Dec, CRUDE_W)",2017-02-01,True,True,1.8650793650793651,1.8650793650793651,1.280955706543273,31,1.0
dca,"WTI (Dec, CRUDE_W)",2017-03-01,True,True,1.7738095238095237,1.7738095238095237,1.266988453365381,31,1.0
dca,"WTI (Dec, CRUDE_W)",2017-04-03,True,True,1.6825396825396826,1.6825396825396826,1.2475188544337736,31,1.0
dca,"WTI (Dec, CRUDE_W)",2017-05-01,True,True,1.6071428571428572,1.6071428571428572,1.214887038936959,30,1.0
dca,"WTI (Dec, CRUDE_W)",2017-06-01,True,True,1.5158730158730158,1.5158730158730158,1.1692494741093966,28,1.0
dca,"WTI (Dec, CRUDE_W)",2017-07-03,True,True,1.4285714285714286,1.4285714285714286,1.1429650347292277,26,1.0
dca,"WTI (Dec, CRUDE_W)",2017-08-01,True,True,1.3452380952380953,1.3452380952380953,1.1264072659026882,24,1.0
dca,"WTI (Dec, CRUDE_W)",2017-09-01,True,True,1.253968253968254,1.253968253968254,1.1225347266331924,24,1.0
dca,"WTI (Dec, CRUDE_W)",2017-10-02,True,True,1.1706349206349207,1.1706349206349207,1.112695253439131,22,1.0
dca,"WTI (Dec, CRUDE_W)",2017-11-01,True,True,1.0833333333333333,1.0833333333333333,1.1069850280225666,20,1.0
dca,"WTI (Dec, CRUDE_W)",2017-12-01,True,True,0.996031746031746,0.996031746031746,1.0915600766387727,18,1.0
dca,"WTI (Dec, CRUDE_W)",2018-01-01,True,True,0.9126984126984127,0.9126984126984127,1.0984984448333246,17,1.0
dca,"WTI (Dec, CRUDE_W)",2018-02-01,True,True,0.8214285714285714,0.8214285714285714,1.08978622397984,14,1.0
dca,"WTI (Dec, CRUDE_W)",2018-03-01,True,True,0.7420634920634921,0.7420634920634921,1.0625385198287327,13,1.0
dca,"WTI (Dec, CRUDE_W)",2018-04-02,True,True,0.6587301587301587,0.6587301587301587,1.0524574773067261,11,1.0
dca,"WTI (Dec, CRUDE_W)",2018-05-01,True,True,0.5753968253968254,0.5753968253968254,1.0437238485395741,8,1.0
dca,"WTI (Dec, CRUDE_W)",2018-06-01,True,True,0.48412698412698413,0.48412698412698413,1.0308536524186795,7,1.0
dca,"WTI (Dec, CRUDE_W)",2018-07-02,True,True,0.38095238095238093,0.38095238095238093,1.0251492796635662,5,1.0
dca,"WTI (Dec, CRUDE_W)",2018-08-01,True,True,0.29365079365079366,0.29365079365079366,1.0231875189682413,6,1.0
dca,"WTI (Dec, CRUDE_W)",2018-09-03,True,True,0.20238095238095238,0.20238095238095238,1.0147158854073854,3,1.0
dca,"WTI (Dec, CRUDE_W)",2018-10-01,True,True,0.12301587301587301,0.12301587301587301,1.0014807156128158,0,
dca,"WTI (Dec, CRUDE_W)",2018-11-01,True,True,0.13095238095238096,0.13095238095238096,0.9999533754249637,0,
dca,"WTI (Dec, CRUDE_W)",2018-12-03,True,True,1.3055555555555556,1.3055555555555556,1.361079109649268,24,1.0
dca,"WTI (Dec, CRUDE_W)",2019-01-01,True,True,1.2222222222222223,1.2222222222222223,1.253719993563613,22,1.0
dca,"WTI (Dec, CRUDE_W)",2019-02-01,True,True,1.130952380952381,1.130952380952381,1.2315071574002276,16,1.0
dca,"WTI (Dec, CRUDE_W)",2019-03-01,True,True,1.0515873015873016,1.0515873015873016,1.2287885135306622,15,1.0
dca,"WTI (Dec, CRUDE_W)",2019-04-01,True,True,0.9682539682539683,0.9682539682539683,1.2230916785871102,13,1.0
dca,"WTI (Dec, CRUDE_W)",2019-05-01,True,True,0.8849206349206349,0.8849206349206349,1.2185901692855214,11,1.0
dca,"WTI (Dec, CRUDE_W)",2019-06-03,True,True,0.7896825396825397,0.7896825396825397,1.1388789077641404,12,1.0
dca,"WTI (Dec, CRUDE_W)",2019-07-01,True,True,0.7103174603174603,0.7103174603174603,1.1257420399095022,9,1.0
dca,"WTI (Dec, CRUDE_W)",2019-08-01,True,True,0.6190476190476191,0.6190476190476191,1.0983812283391616,9,1.0
dca,"WTI (Dec, CRUDE_W)",2019-09-02,True,True,0.5317460317460317,0.5317460317460317,1.0871210418713102,8,1.0
dca,"WTI (Dec, CRUDE_W)",2019-10-01,True,True,0.44841269841269843,0.44841269841269843,1.038689050842318,7,1.0
dca,"WTI (Dec, CRUDE_W)",2019-11-01,True,True,0.35714285714285715,0.35714285714285715,1.0168553497542945,4,1.0
dca,"WTI (Dec, CRUDE_W)",2019-12-02,True,True,0.27380952380952384,0.27380952380952384,1.0097303999550609,3,1.0
dca,"WTI (Dec, CRUDE_W)",2020-01-01,True,True,0.1865079365079365,0.1865079365079365,1.0362736113805182,0,
dca,"WTI (Dec, CRUDE_W)",2020-02-03,True,True,0.0992063492063492,0.0992063492063492,1.0075117422251705,2,1.0
dca,"WTI (Dec, CRUDE_W)",2020-03-02,True,True,0.01984126984126984,0.01984126984126984,0.9999533754249637,0,
dca,"WTI (Dec, CRUDE_W)",2020-04-01,True,False,0.051587301587301584,0.051587301587301584,1.0088680278106834,109,1.0
dca,"WTI (Dec, CRUDE_W)",2020-05-01,False,False,,3.9087301587301586,2.0827320570890078,109,1.0
dca,"WTI (Dec, CRUDE_W)",2020-06-01,False,False,,3.8253968253968256,2.0530948242416014,102,1.0
dca,"WTI (Dec, CRUDE_W)",2020-07-01,False,False,,3.738095238095238,2.0260271413565167,98,1.0
dca,"WTI (Dec, CRUDE_W)",2020-08-03,False,False,,3.6507936507936507,2.020348423091148,96,1.0
dca,"WTI (Dec, CRUDE_W)",2020-09-01,False,False,,3.5674603174603177,2.014599696443967,94,1.0
dca,"WTI (Dec, CRUDE_W)",2020-10-01,False,False,,3.484126984126984,1.975544443568382,98,1.0
dca,"WTI (Dec, CRUDE_W)",2020-11-02,False,False,,3.3968253968253967,1.9444578571412567,96,1.0
dca,"WTI (Dec, CRUDE_W)",2020-12-01,False,False,,3.3174603174603177,1.93124858011094,93,1.0
dca,"WTI (Dec, CRUDE_W)",2021-01-04,False,False,,3.2301587301587302,1.933040856756462,92,1.0
dca,"WTI (Dec, CRUDE_W)",2021-02-01,False,False,,3.1547619047619047,1.9168368657414538,88,1.0
dca,"WTI (Dec, CRUDE_W)",2021-03-01,False,False,,3.0793650793650795,1.9006038299427706,84,1.0
dca,"WTI (Dec, CRUDE_W)",2021-04-01,False,False,,2.988095238095238,1.8682812381119709,80,1.0
dca,"WTI (Dec, CRUDE_W)",2021-05-03,False,False,,2.9047619047619047,1.8582607619462406,78,1.0
dca,"WTI (Dec, CRUDE_W)",2021-06-01,False,False,,2.8253968253968256,1.8450687482570658,75,1.0
dca,"WTI (Dec, CRUDE_W)",2021-07-01,False,False,,2.738095238095238,1.840634971496095,72,1.0
dca,"WTI (Dec, CRUDE_W)",2021-08-02,False,False,,2.6547619047619047,1.7916987990157438,69,1.0
dca,"WTI (Dec, CRUDE_W)",2021-09-01,False,False,,2.5674603174603177,1.7651340461325489,67,1.0
dca,"WTI (Dec, CRUDE_W)",2021-10-01,False,False,,2.484126984126984,1.7533956163865214,63,1.0
dca,"WTI (Dec, CRUDE_W)",2021-11-01,False,False,,2.4007936507936507,1.7226594685679533,60,1.0
dca,"WTI (Dec, CRUDE_W)",2021-12-01,False,False,,2.3174603174603177,1.6859545474998547,61,1.0
dca,"WTI (Dec, CRUDE_W)",2022-01-03,False,False,,2.2301587301587302,1.6637483288372967,55,1.0
dca,"WTI (Dec, CRUDE_W)",2022-02-01,False,False,,2.1507936507936507,1.6475940282481492,51,1.0
dca,"WTI (Dec, CRUDE_W)",2022-03-01,False,False,,2.0753968253968256,1.6388491977826527,48,1.0
dca,"WTI (Dec, CRUDE_W)",2022-04-01,False,False,,1.9841269841269842,1.577360850472622,43,1.0
dca,"WTI (Dec, CRUDE_W)",2022-05-02,False,False,,1.9047619047619047,1.5599018600629118,40,1.0
dca,"WTI (Dec, CRUDE_W)",2022-06-01,False,False,,1.8214285714285714,1.5295796374303248,35,1.0
dca,"WTI (Dec, CRUDE_W)",2022-07-01,False,False,,1.7380952380952381,1.4002811929083985,29,1.0
dca,"WTI (Dec, CRUDE_W)",2022-08-01,False,False,,1.6587301587301588,1.385828836541677,29,1.0
dca,"WTI (Dec, CRUDE_W)",2022-09-01,False,False,,1.5674603174603174,1.3080382378658955,26,1.0
dca,"WTI (Dec, CRUDE_W)",2022-10-03,False,False,,1.4841269841269842,1.2655594726218922,25,1.0
dca,"WTI (Dec, CRUDE_W)",2022-11-01,False,False,,1.4007936507936507,1.2429693361895275,21,1.0
dca,"WTI (Dec, CRUDE_W)",2022-12-01,False,False,,1.3174603174603174,1.21706966173223,20,1.0
dca,"WTI (Dec, CRUDE_W)",2023-01-03,False,False,,1.2341269841269842,1.2037811406380488,19,1.0
dca,"WTI (Dec, CRUDE_W)",2023-02-01,False,False,,1.1547619047619047,1.1901255119174896,18,1.0
dca,"WTI (Dec, CRUDE_W)",2023-03-01,False,False,,1.0793650793650793,1.1756313196668764,16,1.0
dca,Brent (BRENT_W),1991-01-02,True,True,0.04365079365079365,0.04365079365079365,1.0343774504528527,3,1.0
dca,Brent (BRENT_W),1991-02-01,True,True,2.7817460317460316,2.7817460317460316,1.2571415752316697,23,1.0
dca,Brent (BRENT_W),1991-03-01,True,True,0.8571428571428571,0.8571428571428571,1.0936348343317561,22,1.0
dca,Brent (BRENT_W),1991-04-02,True,True,0.7738095238095238,0.7738095238095238,1.069469923311021,19,1.0
dca,Brent (BRENT_W),1991-05-01,True,True,0.6904761904761905,0.6904761904761905,1.0541380083570815,15,1.0
dca,Brent (BRENT_W),1991-06-03,True,True,0.6071428571428571,0.6071428571428571,1.0428520357567486,14,1.0
dca,Brent (BRENT_W),1991-07-01,True,True,0.5277777777777778,0.5277777777777778,1.0330697595521816,14,1.0
dca,Brent (BRENT_W),1991-08-01,True,True,0.4365079365079365,0.4365079365079365,1.0273965051579619,12,1.0
dca,Brent (BRENT_W),1991-09-02,True,True,0.3531746031746032,0.3531746031746032,1.0174338231804392,10,1.0
dca,Brent (BRENT_W),1991-10-01,True,True,0.2698412698412698,0.2698412698412698,1.010486054850996,9,1.0
dca,Brent (BRENT_W),1991-11-01,True,True,0.17857142857142858,0.17857142857142858,0.9999456046624575,5,1.0
dca,Brent (BRENT_W),1991-12-02,True,True,1.9166666666666667,1.9166666666666667,1.1659950075550691,11,1.0
dca,Brent (BRENT_W),1992-01-02,True,True,1.8373015873015872,1.8373015873015872,1.1212924511168145,11,1.0
dca,Brent (BRENT_W),1992-02-03,True,True,1.75,1.75,1.104678500472422,9,1.0
dca,Brent (BRENT_W),1992-03-02,True,True,1.6706349206349207,1.6706349206349207,1.091110574935377,9,1.0
dca,Brent (BRENT_W),1992-04-01,True,True,1.4603174603174602,1.4603174603174602,1.0854352531836842,7,1.0
dca,Brent (BRENT_W),1992-05-01,True,True,1.380952380952381,1.380952380952381,1.0767579818820137,4,1.0
dca,Brent (BRENT_W),1992-06-01,True,True,1.4285714285714286,1.4285714285714286,1.1176798815313722,5,1.0
dca,Brent (BRENT_W),1992-07-01,True,True,1.3412698412698412,1.3412698412698412,1.109643225173369,4,1.0
dca,Brent (BRENT_W),1992-08-03,True,True,1.25,1.25,1.1061300689748919,4,1.0
dca,Brent (BRENT_W),1992-09-01,True,True,1.1706349206349207,1.1706349206349207,1.1064338174274093,4,1.0
dca,Brent (BRENT_W),1992-10-01,True,True,0.9603174603174603,0.9603174603174603,1.0877904358931874,3,1.0
dca,Brent (BRENT_W),1992-11-02,True,True,0.8571428571428571,0.8571428571428571,1.054044463889602,3,1.0
dca,Brent (BRENT_W),1992-12-01,True,True,0.7738095238095238,0.7738095238095238,1.0408194711739802,4,1.0
dca,Brent (BRENT_W),1993-01-04,True,True,0.6904761904761905,0.6904761904761905,1.0306143068571139,4,1.0
dca,Brent (BRENT_W),1993-02-01,True,True,0.6111111111111112,0.6111111111111112,1.0206326214140717,2,1.0
dca,Brent (BRENT_W),1993-03-01,True,True,0.5317460317460317,0.5317460317460317,1.0135454572605638,1,1.0
dca,Brent (BRENT_W),1993-04-01,True,True,0.5793650793650794,0.5793650793650794,1.000750359835415,0,
dca,Brent (BRENT_W),1993-05-04,True,True,0.5,0.5,1.0007516452795346,0,
dca,Brent (BRENT_W),1993-06-01,True,True,0.44841269841269843,0.44841269841269843,1.0461667348691241,0,
dca,Brent (BRENT_W),1993-07-01,True,True,0.44047619047619047,0.44047619047619047,1.0266341876422664,2,1.0
dca,Brent (BRENT_W),1993-08-02,True,True,0.3531746031746032,0.3531746031746032,1.0258686432322028,2,1.0
dca,Brent (BRENT_W),1993-09-01,True,True,0.2698412698412698,0.2698412698412698,1.0140267818033735,1,1.0
dca,Brent (BRENT_W),1993-10-01,True,True,0.18253968253968253,0.18253968253968253,1.0008188140574696,0,
dca,Brent (BRENT_W),1993-11-01,True,True,0.16666666666666666,0.16666666666666666,0.9999456046624575,60,1.0
dca,Brent (BRENT_W),1993-12-01,True,True,4.154761904761905,4.154761904761905,1.5366803053365619,66,1.0
dca,Brent (BRENT_W),1994-01-04,True,True,4.071428571428571,4.071428571428571,1.5169277209702923,66,1.0
dca,Brent (BRENT_W),1994-02-01,True,True,3.988095238095238,3.988095238095238,1.4975724090476223,63,1.0
dca,Brent (BRENT_W),1994-03-01,True,True,3.9087301587301586,3.9087301587301586,1.4773427275418243,64,1.0
dca,Brent (BRENT_W),1994-04-05,True,True,3.8174603174603177,3.8174603174603177,1.4629736061531364,62,1.0
dca,Brent (BRENT_W),1994-05-03,True,True,3.742063492063492,3.742063492063492,1.454275858246012,59,1.0
dca,Brent (BRENT_W),1994-06-01,True,True,3.6626984126984126,3.6626984126984126,1.4516003435899636,58,1.0
dca,Brent (BRENT_W),1994-07-01,True,True,3.5555555555555554,3.5555555555555554,1.4385398501340303,55,1.0
dca,Brent (BRENT_W),1994-08-01,True,True,3.492063492063492,3.492063492063492,1.4395866659422545,51,1.0
dca,Brent (BRENT_W),1994-09-01,True,True,3.376984126984127,3.376984126984127,1.3851184078525893,53,1.0
dca,Brent (BRENT_W),1994-10-03,True,True,3.2896825396825395,3.2896825396825395,1.3856015210150456,53,1.0
dca,Brent (BRENT_W),1994-11-01,True,True,3.2023809523809526,3.2023809523809526,1.3619674814509297,50,1.0
dca,Brent (BRENT_W),1994-12-01,True,True,3.115079365079365,3.115079365079365,1.3563370241801724,50,1.0
dca,Brent (BRENT_W),1995-01-03,True,True,3.0357142857142856,3.0357142857142856,1.3529009282989302,50,1.0
dca,Brent (BRENT_W),1995-02-01,True,True,2.9523809523809526,2.9523809523809526,1.3502119840509872,49,1.0
dca,Brent (BRENT_W),1995-03-01,True,True,2.873015873015873,2.873015873015873,1.3432003440305724,48,1.0
dca,Brent (BRENT_W),1995-04-03,True,True,2.7777777777777777,2.7777777777777777,1.3405545871482065,47,1.0
dca,Brent (BRENT_W),1995-05-01,True,True,2.7063492063492065,2.7063492063492065,1.3121972420398311,41,1.0
dca,Brent (BRENT_W),1995-06-01,True,True,2.615079365079365,2.615079365079365,1.3065139938752655,42,1.0
dca,Brent (BRENT_W),1995-07-03,True,True,2.5277777777777777,2.5277777777777777,1.2931300205563767,43,1.0
dca,Brent (BRENT_W),1995-08-01,True,True,2.4444444444444446,2.4444444444444446,1.290371506184056,42,1.0
dca,Brent (BRENT_W),1995-09-01,True,True,2.357142857142857,2.357142857142857,1.290767958056036,42,1.0
dca,Brent (BRENT_W),1995-10-02,True,True,2.2738095238095237,2.2738095238095237,1.2824368764438399,41,1.0
dca,Brent (BRENT_W),1995-11-01,True,True,2.1865079365079363,2.1865079365079363,1.2754343287511407,40,1.0
dca,Brent (BRENT_W),1995-12-01,True,True,2.0952380952380953,2.0952380952380953,1.2669108466835048,37,1.0
dca,Brent (BRENT_W),1996-01-02,True,True,2.0198412698412698,2.0198412698412698,1.258257734868149,34,1.0
dca,Brent (BRENT_W),1996-02-01,True,True,1.9285714285714286,1.9285714285714286,1.2220308801281625,33,1.0
dca,Brent (BRENT_W),1996-03-01,True,True,1.2738095238095237,1.2738095238095237,1.2151291297328086,32,1.0
dca,Brent (BRENT_W),1996-04-01,True,True,1.1904761904761905,1.1904761904761905,1.1960467654307614,27,1.0
dca,Brent (BRENT_W),1996-05-01,True,True,1.1031746031746033,1.1031746031746033,1.1601687635113436,24,1.0
dca,Brent (BRENT_W),1996-06-03,True,True,1.0198412698412698,1.0198412698412698,1.1488565903735566,23,1.0
dca,Brent (BRENT_W),1996-07-01,True,True,0.8015873015873016,0.8015873015873016,1.1327862737399048,19,1.0
dca,Brent (BRENT_W),1996-08-01,True,True,0.7103174603174603,0.7103174603174603,1.122935286714866,17,1.0
dca,Brent (BRENT_W),1996-09-02,True,True,0.623015873015873,0.623015873015873,1.1069775138583529,13,1.0
dca,Brent (BRENT_W),1996-10-01,True,True,0.5396825396825397,0.5396825396825397,1.0939214983487746,10,1.0
dca,Brent (BRENT_W),1996-11-01,True,True,0.4166666666666667,0.4166666666666667,1.0774886539120896,8,1.0
dca,Brent (BRENT_W),1996-12-02,True,True,0.3333333333333333,0.3333333333333333,1.064513570241818,5,1.0
dca,Brent (BRENT_W),1997-01-02,True,True,0.25396825396825395,0.25396825396825395,1.0346464010861505,2,1.0
dca,Brent (BRENT_W),1997-02-03,True,True,0.9206349206349206,0.9206349206349206,1.1222058160157362,7,1.0
dca,Brent (BRENT_W),1997-03-03,True,True,0.8412698412698413,0.8412698412698413,1.095701361772313,9,1.0
dca,Brent (BRENT_W),1997-04-01,True,True,0.7658730158730159,0.7658730158730159,1.064520976580369,6,1.0
dca,Brent (BRENT_W),1997-05-01,True,True,0.6746031746031746,0.6746031746031746,1.055087600828912,6,1.0
dca,Brent (BRENT_W),1997-06-02,True,True,0.5952380952380952,0.5952380952380952,1.0469084523858196,5,1.0
dca,Brent (BRENT_W),1997-07-01,True,True,0.5119047619047619,0.5119047619047619,1.0277769701814146,5,1.0
dca,Brent (BRENT_W),1997-08-01,True,True,0.4166666666666667,0.4166666666666667,1.0210183878728487,4,1.0
dca,Brent (BRENT_W),1997-09-01,True,True,0.3373015873015873,0.3373015873015873,1.011599595126395,4,1.0
dca,Brent (BRENT_W),1997-10-01,True,True,0.25,0.25,1.0059211677433517,2,1.0
dca,Brent (BRENT_W),1997-11-03,True,True,0.1746031746031746,0.1746031746031746,1.0005314254085083,0,
dca,Brent (BRENT_W),1997-12-01,True,True,0.28174603174603174,0.28174603174603174,1.088827360894883,2,1.0
dca,Brent (BRENT_W),1998-01-02,True,True,0.19047619047619047,0.19047619047619047,1.0260222903921496,2,1.0
dca,Brent (BRENT_W),1998-02-02,True,True,0.11904761904761904,0.11904761904761904,1.0093411310110243,4,1.0
dca,Brent (BRENT_W),1998-03-02,True,True,0.44047619047619047,0.44047619047619047,1.16085527741404,5,1.0
dca,Brent (BRENT_W),1998-04-01,True,True,0.3531746031746032,0.3531746031746032,1.0768522092277788,3,1.0
dca,Brent (BRENT_W),1998-05-01,True,True,0.27380952380952384,0.27380952380952384,1.0670655483951172,1,1.0
dca,Brent (BRENT_W),1998-06-01,True,True,0.1388888888888889,0.1388888888888889,1.047463437748867,1,1.0
dca,Brent (BRENT_W),1998-07-01,True,True,0.3888888888888889,0.3888888888888889,1.1081381486205748,3,1.0
dca,Brent (BRENT_W),1998-08-03,True,True,0.2976190476190476,0.2976190476190476,1.0351767539377938,3,1.0
dca,Brent (BRENT_W),1998-09-01,True,True,0.21825396825396826,0.21825396825396826,1.0251722092621005,3,1.0
dca,Brent (BRENT_W),1998-10-01,True,True,0.13095238095238096,0.13095238095238096,1.0053507784351075,0,
dca,Brent (BRENT_W),1998-11-02,True,True,0.07936507936507936,0.07936507936507936,0.9999456046624575,0,
dca,Brent (BRENT_W),1998-12-01,True,True,2.9682539682539684,2.9682539682539684,1.8979801744415667,226,1.0
dca,Brent (BRENT_W),1999-01-04,True,True,2.884920634920635,2.884920634920635,1.8180917237856566,222,1.0
dca,Brent (BRENT_W),1999-02-01,True,True,1.1944444444444444,1.1944444444444444,1.2984043535588399,219,1.0
dca,Brent (BRENT_W),1999-03-01,True,True,1.1150793650793651,1.1150793650793651,1.275222278243105,80,1.0
dca,Brent (BRENT_W),1999-04-01,True,True,1.0238095238095237,1.0238095238095237,1.2480325563838188,73,1.0
dca,Brent (BRENT_W),1999-05-04,True,True,0.9444444444444444,0.9444444444444444,1.225990614327953,67,1.0
dca,Brent (BRENT_W),1999-06-01,True,True,0.8690476190476191,0.8690476190476191,1.197785794149371,69,1.0
dca,Brent (BRENT_W),1999-07-01,True,True,0.7817460317460317,0.7817460317460317,1.1757304663706778,63,1.0
dca,Brent (BRENT_W),1999-08-02,True,True,0.6944444444444444,0.6944444444444444,1.1670763749305,60,1.0
dca,Brent (BRENT_W),1999-09-01,True,True,0.6111111111111112,0.6111111111111112,1.1479384064173708,55,1.0
dca,Brent (BRENT_W),1999-10-01,True,True,0.5238095238095238,0.5238095238095238,1.1362671462280358,51,1.0
dca,Brent (BRENT_W),1999-11-01,True,True,0.44047619047619047,0.44047619047619047,1.0836452244499173,49,1.0
dca,Brent (BRENT_W),1999-12-01,True,True,0.3492063492063492,0.3492063492063492,1.0608055635120928,45,1.0
dca,Brent (BRENT_W),2000-01-04,True,True,0.2698412698412698,0.2698412698412698,1.038130080811589,41,1.0
dca,Brent (BRENT_W),2000-02-01,True,True,0.19047619047619047,0.19047619047619047,1.0219974879322808,37,1.0
dca,Brent (BRENT_W),2000-03-01,True,True,0.10714285714285714,0.10714285714285714,1.0028800234072035,1,1.0
dca,Brent (BRENT_W),2000-04-03,True,True,0.7222222222222222,0.7222222222222222,1.212985117228375,35,1.0
dca,Brent (BRENT_W),2000-05-02,True,True,0.6507936507936508,0.6507936507936508,1.1637455307959341,32,1.0
dca,Brent (BRENT_W),2000-06-01,True,True,0.5674603174603174,0.5674603174603174,1.1373202740475803,26,1.0
dca,Brent (BRENT_W),2000-07-03,True,True,0.4801587301587302,0.4801587301587302,1.1415885444555263,25,1.0
dca,Brent (BRENT_W),2000-08-01,True,True,0.3968253968253968,0.3968253968253968,1.1202908154211333,25,1.0
dca,Brent (BRENT_W),2000-09-01,True,True,0.30952380952380953,0.30952380952380953,1.1026297512008585,19,1.0
dca,Brent (BRENT_W),2000-10-02,True,True,0.2261904761904762,0.2261904761904762,1.0473938376853724,4,1.0
dca,Brent (BRENT_W),2000-11-01,True,True,0.1388888888888889,0.1388888888888889,1.0080713145466562,2,1.0
dca,Brent (BRENT_W),2000-12-01,True,True,0.051587301587301584,0.051587301587301584,0.9999456046624575,13,1.0
dca,Brent (BRENT_W),2001-01-02,True,True,0.7976190476190477,0.7976190476190477,1.1688975658520235,16,1.0
dca,Brent (BRENT_W),2001-02-01,True,True,0.7103174603174603,0.7103174603174603,1.1452911590948562,11,1.0
dca,Brent (BRENT_W),2001-03-01,True,True,0.626984126984127,0.626984126984127,1.1222949627320031,10,1.0
dca,Brent (BRENT_W),2001-04-02,True,True,0.5079365079365079,0.5079365079365079,1.0885592028634936,10,1.0
dca,Brent (BRENT_W),2001-05-01,True,True,0.43253968253968256,0.43253968253968256,1.0738751713211578,5,1.0
dca,Brent (BRENT_W),2001-06-01,True,True,0.3492063492063492,0.3492063492063492,1.0618184823576577,6,1.0
dca,Brent (BRENT_W),2001-07-02,True,True,0.26587301587301587,0.26587301587301587,1.0406616609433077,5,1.0
dca,Brent (BRENT_W),2001-08-01,True,True,0.1746031746031746,0.1746031746031746,1.0178417117766123,4,1.0
dca,Brent (BRENT_W),2001-09-03,True,True,0.05952380952380952,0.05952380952380952,1.0078716000980166,2,1.0
dca,Brent (BRENT_W),2001-10-01,True,True,7.107142857142857,7.107142857142857,2.527729078047438,152,1.0
dca,Brent (BRENT_W),2001-11-01,True,True,7.015873015873016,7.015873015873016,2.4409419879591625,153,1.0
dca,Brent (BRENT_W),2001-12-03,True,True,1.3968253968253967,1.3968253968253967,1.3387087192813276,149,1.0
dca,Brent (BRENT_W),2002-01-02,True,True,1.3174603174603174,1.3174603174603174,1.3226190340177946,147,1.0
dca,Brent (BRENT_W),2002-02-01,True,True,1.2301587301587302,1.2301587301587302,1.2913576343734943,146,1.0
dca,Brent (BRENT_W),2002-03-01,True,True,1.1507936507936507,1.1507936507936507,1.267422466739705,143,1.0
dca,Brent (BRENT_W),2002-04-02,True,True,1.0714285714285714,1.0714285714285714,1.249773875401575,137,1.0
dca,Brent (BRENT_W),2002-05-01,True,True,0.8928571428571429,0.8928571428571429,1.1787121942783,134,1.0
dca,Brent (BRENT_W),2002-06-05,True,True,0.8055555555555556,0.8055555555555556,1.1491906995534915,133,1.0
dca,Brent (BRENT_W),2002-07-01,True,True,0.7341269841269841,0.7341269841269841,1.1390050299017176,131,1.0
dca,Brent (BRENT_W),2002-08-01,True,True,0.6428571428571429,0.6428571428571429,1.1381960406714688,132,1.0
dca,Brent (BRENT_W),2002-09-02,True,True,0.5595238095238095,0.5595238095238095,1.1340085972741216,129,1.0
dca,Brent (BRENT_W),2002-10-01,True,True,0.47619047619047616,0.47619047619047616,1.1234336625945414,126,1.0
dca,Brent (BRENT_W),2002-11-01,True,True,0.38492063492063494,0.38492063492063494,1.0672425782321926,13,1.0
dca,Brent (BRENT_W),2002-12-02,True,True,0.30158730158730157,0.30158730158730157,1.0410145913881368,11,1.0
dca,Brent (BRENT_W),2003-01-02,True,True,0.21825396825396826,0.21825396825396826,1.02490094354287,7,1.0
dca,Brent (BRENT_W),2003-02-03,True,True,0.13095238095238096,0.13095238095238096,1.0118745588750024,4,1.0
dca,Brent (BRENT_W),2003-03-03,True,True,0.051587301587301584,0.051587301587301584,1.005864186874024,2,1.0
dca,Brent (BRENT_W),2003-04-01,True,True,3.8055555555555554,3.8055555555555554,1.8274951229678167,121,1.0
dca,Brent (BRENT_W),2003-05-01,True,True,3.7261904761904763,3.7261904761904763,1.8031545032905567,121,1.0
dca,Brent (BRENT_W),2003-06-02,True,True,3.6468253968253967,3.6468253968253967,1.791499712627704,117,1.0
dca,Brent (BRENT_W),2003-07-01,True,True,3.5634920634920637,3.5634920634920637,1.778503881459594,114,1.0
dca,Brent (BRENT_W),2003-08-01,True,True,3.4722222222222223,3.4722222222222223,1.768498286836825,112,1.0
dca,Brent (BRENT_W),2003-09-01,True,True,1.2936507936507937,1.2936507936507937,1.2987316219245664,112,1.0
dca,Brent (BRENT_W),2003-10-01,True,True,1.2063492063492063,1.2063492063492063,1.2587527655918822,79,1.0
dca,Brent (BRENT_W),2003-11-03,True,True,1.1031746031746033,1.1031746031746033,1.2327230803067324,77,1.0
dca,Brent (BRENT_W),2003-12-01,True,True,1.0238095238095237,1.0238095238095237,1.21336944074481,74,1.0
dca,Brent (BRENT_W),2004-01-02,True,True,0.9404761904761905,0.9404761904761905,1.2004313969629148,71,1.0
dca,Brent (BRENT_W),2004-02-02,True,True,0.8571428571428571,0.8571428571428571,1.1744348860531995,68,1.0
dca,Brent (BRENT_W),2004-03-01,True,True,0.7777777777777778,0.7777777777777778,1.158381900356788,64,1.0
dca,Brent (BRENT_W),2004-04-01,True,True,0.6865079365079365,0.6865079365079365,1.131952656011853,62,1.0
dca,Brent (BRENT_W),2004-05-04,True,True,0.6071428571428571,0.6071428571428571,1.11589142167403,58,1.0
dca,Brent (BRENT_W),2004-06-01,True,True,0.5238095238095238,0.5238095238095238,1.0997744040277766,54,1.0
dca,Brent (BRENT_W),2004-07-01,True,True,0.4365079365079365,0.4365079365079365,1.0631252382460998,53,1.0
dca,Brent (BRENT_W),2004-08-02,True,True,0.3492063492063492,0.3492063492063492,1.0544697939421477,50,1.0
dca,Brent (BRENT_W),2004-09-01,True,True,0.26587301587301587,0.26587301587301587,1.0307324996862575,47,1.0
dca,Brent (BRENT_W),2004-10-01,True,True,0.17857142857142858,0.17857142857142858,1.0323141257075372,43,1.0
dca,Brent (BRENT_W),2004-11-01,True,True,2.1944444444444446,2.1944444444444446,1.5265381065009578,44,1.0
dca,Brent (BRENT_W),2004-12-01,True,True,2.107142857142857,2.107142857142857,1.4485794662992184,43,1.0
dca,Brent (BRENT_W),2005-01-04,True,True,1.8968253968253967,1.8968253968253967,1.3868778852116348,41,1.0
dca,Brent (BRENT_W),2005-02-01,True,True,1.8174603174603174,1.8174603174603174,1.37207574582515,38,1.0
dca,Brent (BRENT_W),2005-03-01,True,True,1.6984126984126984,1.6984126984126984,1.3559451326553202,34,1.0
dca,Brent (BRENT_W),2005-04-01,True,True,1.6150793650793651,1.6150793650793651,1.33981647902975,30,1.0
dca,Brent (BRENT_W),2005-05-03,True,True,1.5198412698412698,1.5198412698412698,1.287121745592197,29,1.0
dca,Brent (BRENT_W),2005-06-01,True,True,1.4206349206349207,1.4206349206349207,1.2802467411829008,28,1.0
dca,Brent (BRENT_W),2005-07-01,True,True,1.3015873015873016,1.3015873015873016,1.2575198940552734,24,1.0
dca,Brent (BRENT_W),2005-08-01,True,True,1.1944444444444444,1.1944444444444444,1.2413618435474074,22,1.0
dca,Brent (BRENT_W),2005-09-01,True,True,1.1071428571428572,1.1071428571428572,1.2253120582353285,18,1.0
dca,Brent (BRENT_W),2005-10-03,True,True,1.0198412698412698,1.0198412698412698,1.1882947322248543,18,1.0
dca,Brent (BRENT_W),2005-11-01,True,True,0.9365079365079365,0.9365079365079365,1.1590064774517943,19,1.0
dca,Brent (BRENT_W),2005-12-01,True,True,0.8492063492063492,0.8492063492063492,1.146274579797812,19,1.0
dca,Brent (BRENT_W),2006-01-03,True,True,0.746031746031746,0.746031746031746,1.1270235367903036,16,1.0
dca,Brent (BRENT_W),2006-02-01,True,True,0.6468253968253969,0.6468253968253969,1.0967454737264573,12,1.0
dca,Brent (BRENT_W),2006-03-01,True,True,0.5674603174603174,0.5674603174603174,1.077145359204784,12,1.0
dca,Brent (BRENT_W),2006-04-03,True,True,0.47619047619047616,0.47619047619047616,1.050137618261236,8,1.0
dca,Brent (BRENT_W),2006-05-01,True,True,0.4007936507936508,0.4007936507936508,1.034009125505661,4,1.0
dca,Brent (BRENT_W),2006-06-01,True,True,0.3134920634920635,0.3134920634920635,1.0226649114986615,5,1.0
dca,Brent (BRENT_W),2006-07-03,True,True,0.2261904761904762,0.2261904761904762,1.0097581460047167,2,1.0
dca,Brent (BRENT_W),2006-08-01,True,True,0.1388888888888889,0.1388888888888889,1.0028798231780869,1,1.0
dca,Brent (BRENT_W),2006-09-01,True,True,0.3412698412698413,0.3412698412698413,1.001119537405609,0,
dca,Brent (BRENT_W),2006-10-02,True,True,1.9761904761904763,1.9761904761904763,1.3790825804101723,50,1.0
dca,Brent (BRENT_W),2006-11-01,True,True,0.20634920634920634,0.20634920634920634,1.0193105921345733,49,1.0
dca,Brent (BRENT_W),2006-12-01,True,True,0.11904761904761904,0.11904761904761904,0.9999456046624575,46,1.0
dca,Brent (BRENT_W),2007-01-02,True,True,1.7182539682539681,1.7182539682539681,1.3329569488632447,49,1.0
dca,Brent (BRENT_W),2007-02-01,True,True,1.626984126984127,1.626984126984127,1.2721540513048253,47,1.0
dca,Brent (BRENT_W),2007-03-01,True,True,1.5436507936507937,1.5436507936507937,1.2591197728145547,44,1.0
dca,Brent (BRENT_W),2007-04-02,True,True,1.4563492063492063,1.4563492063492063,1.2384823952960322,40,1.0
dca,Brent (BRENT_W),2007-05-01,True,True,1.376984126984127,1.376984126984127,1.2421335097141704,41,1.0
dca,Brent (BRENT_W),2007-06-01,True,True,1.2857142857142858,1.2857142857142858,1.2277103887956304,39,1.0
dca,Brent (BRENT_W),2007-07-02,True,True,1.1984126984126984,1.1984126984126984,1.2146424913476652,36,1.0
dca,Brent (BRENT_W),2007-08-01,True,True,1.1111111111111112,1.1111111111111112,1.2124110728230908,35,1.0
dca,Brent (BRENT_W),2007-09-03,True,True,1.0198412698412698,1.0198412698412698,1.1898853254647437,34,1.0
dca,Brent (BRENT_W),2007-10-01,True,True,0.9404761904761905,0.9404761904761905,1.176817888639638,31,1.0
dca,Brent (BRENT_W),2007-11-01,True,True,0.8492063492063492,0.8492063492063492,1.1576882271389863,26,1.0
dca,Brent (BRENT_W),2007-12-03,True,True,0.7619047619047619,0.7619047619047619,1.133944134016411,23,1.0
dca,Brent (BRENT_W),2008-01-02,True,True,0.6428571428571429,0.6428571428571429,1.1208967018858278,20,1.0
dca,Brent (BRENT_W),2008-02-01,True,True,0.5396825396825397,0.5396825396825397,1.1052215354667356,21,1.0
dca,Brent (BRENT_W),2008-03-03,True,True,0.45634920634920634,0.45634920634920634,1.0860759593302152,16,1.0
dca,Brent (BRENT_W),2008-04-01,True,True,0.376984126984127,0.376984126984127,1.0649830297062746,14,1.0
dca,Brent (BRENT_W),2008-05-01,True,True,0.2857142857142857,0.2857142857142857,1.0488914038272839,10,1.0
dca,Brent (BRENT_W),2008-06-02,True,True,0.19444444444444445,0.19444444444444445,1.024686363648704,4,1.0
dca,Brent (BRENT_W),2008-07-01,True,True,0.1111111111111111,0.1111111111111111,1.010287358624379,2,1.0
dca,Brent (BRENT_W),2008-08-01,True,True,0.11507936507936507,0.11507936507936507,1.0227142887307537,0,
dca,Brent (BRENT_W),2008-09-01,True,True,0.11507936507936507,0.11507936507936507,1.099402033543651,2,1.0
dca,Brent (BRENT_W),2008-10-01,True,True,0.027777777777777776,0.027777777777777776,0.9999456046624575,0,
dca,Brent (BRENT_W),2008-11-03,True,True,0.03968253968253968,0.03968253968253968,1.0029333862029046,1,1.0
dca,Brent (BRENT_W),2008-12-01,True,True,0.06746031746031746,0.06746031746031746,1.0689216129975847,100,1.0
dca,Brent (BRENT_W),2009-01-02,True,True,6.075396825396825,6.075396825396825,2.1676037606501906,96,1.0
dca,Brent (BRENT_W),2009-02-02,True,True,5.972222222222222,5.972222222222222,2.049929158379827,94,1.0
dca,Brent (BRENT_W),2009-03-02,True,True,5.888888888888889,5.888888888888889,1.9322659168040484,92,1.0
dca,Brent (BRENT_W),2009-04-01,True,True,5.801587301587301,5.801587301587301,1.872330937331514,86,1.0
dca,Brent (BRENT_W),2009-05-01,True,True,5.718253968253968,5.718253968253968,1.858954122602479,85,1.0
dca,Brent (BRENT_W),2009-06-01,True,True,5.634920634920635,5.634920634920635,1.8338752069202542,78,1.0
dca,Brent (BRENT_W),2009-07-01,True,True,5.5476190476190474,5.5476190476190474,1.7738783637205318,76,1.0
dca,Brent (BRENT_W),2009-08-03,True,True,5.4523809523809526,5.4523809523809526,1.7164737393619407,70,1.0
dca,Brent (BRENT_W),2009-09-01,True,True,5.333333333333333,5.333333333333333,1.6971561643298876,71,1.0
dca,Brent (BRENT_W),2009-10-01,True,True,5.246031746031746,5.246031746031746,1.6676000529618467,68,1.0
dca,Brent (BRENT_W),2009-11-02,True,True,5.158730158730159,5.158730158730159,1.6703216102283385,67,1.0
dca,Brent (BRENT_W),2009-12-01,True,True,5.075396825396825,5.075396825396825,1.6604539042206672,65,1.0
dca,Brent (BRENT_W),2010-01-04,True,True,0.3968253968253968,0.3968253968253968,1.0744423385716437,63,1.0
dca,Brent (BRENT_W),2010-02-01,True,True,0.31746031746031744,0.31746031746031744,1.0381864490284847,64,1.0
dca,Brent (BRENT_W),2010-03-01,True,True,0.23809523809523808,0.23809523809523808,1.0186852968727733,61,1.0
dca,Brent (BRENT_W),2010-04-01,True,True,0.14682539682539683,0.14682539682539683,1.0056019117944548,58,1.0
dca,Brent (BRENT_W),2010-05-03,True,True,0.06349206349206349,0.06349206349206349,0.9999456046624575,56,1.0
dca,Brent (BRENT_W),2010-06-01,True,True,2.115079365079365,2.115079365079365,1.3340323258666154,61,1.0
dca,Brent (BRENT_W),2010-07-01,True,True,2.0277777777777777,2.0277777777777777,1.30365377378307,59,1.0
dca,Brent (BRENT_W),2010-08-02,True,True,1.9404761904761905,1.9404761904761905,1.2949990296168552,56,1.0
dca,Brent (BRENT_W),2010-09-01,True,True,1.8531746031746033,1.8531746031746033,1.258584419624187,55,1.0
dca,Brent (BRENT_W),2010-10-01,True,True,1.7658730158730158,1.7658730158730158,1.249910063763349,52,1.0
dca,Brent (BRENT_W),2010-11-01,True,True,1.6825396825396826,1.6825396825396826,1.2429532909954217,51,1.0
dca,Brent (BRENT_W),2010-12-01,True,True,1.5952380952380953,1.5952380952380953,1.2300107603495956,48,1.0
dca,Brent (BRENT_W),2011-01-03,True,True,1.503968253968254,1.503968253968254,1.2213681205597282,45,1.0
dca,Brent (BRENT_W),2011-02-01,True,True,1.4206349206349207,1.4206349206349207,1.212681702346228,42,1.0
dca,Brent (BRENT_W),2011-03-01,True,True,1.3412698412698412,1.3412698412698412,1.2039842785418522,39,1.0
dca,Brent (BRENT_W),2011-04-01,True,True,1.246031746031746,1.246031746031746,1.1939305492917318,37,1.0
dca,Brent (BRENT_W),2011-05-02,True,True,1.1706349206349207,1.1706349206349207,1.2091987272347666,37,1.0
dca,Brent (BRENT_W),2011-06-01,True,True,1.0793650793650793,1.0793650793650793,1.1567265915387435,35,1.0
dca,Brent (BRENT_W),2011-07-01,True,True,0.9920634920634921,0.9920634920634921,1.1302104207847352,33,1.0
dca,Brent (BRENT_W),2011-08-01,True,True,0.9087301587301587,0.9087301587301587,1.1291716926655344,32,1.0
dca,Brent (BRENT_W),2011-09-01,True,True,0.8174603174603174,0.8174603174603174,1.0879614930303807,30,1.0
dca,Brent (BRENT_W),2011-10-03,True,True,0.7222222222222222,0.7222222222222222,1.0491406468872193,12,1.0
dca,Brent (BRENT_W),2011-11-01,True,True,0.6388888888888888,0.6388888888888888,1.0404514334983723,9,1.0
dca,Brent (BRENT_W),2011-12-01,True,True,0.5515873015873016,0.5515873015873016,1.0324811953169621,8,1.0
dca,Brent (BRENT_W),2012-01-03,True,True,0.45634920634920634,0.45634920634920634,1.0225413249541146,6,1.0
dca,Brent (BRENT_W),2012-02-01,True,True,0.373015873015873,0.373015873015873,1.0228492647396084,6,1.0
dca,Brent (BRENT_W),2012-03-01,True,True,0.2857142857142857,0.2857142857142857,1.0007020198276737,0,
dca,Brent (BRENT_W),2012-04-02,True,True,0.1984126984126984,0.1984126984126984,0.9999456046624575,0,
dca,Brent (BRENT_W),2012-05-01,True,True,0.14285714285714285,0.14285714285714285,0.9999456046624575,20,1.0
dca,Brent (BRENT_W),2012-06-01,True,True,2.4246031746031744,2.4246031746031744,1.1742731027059292,24,1.0
dca,Brent (BRENT_W),2012-07-02,True,True,2.3373015873015874,2.3373015873015874,1.1479926763568995,22,1.0
dca,Brent (BRENT_W),2012-08-01,True,True,2.25,2.25,1.1349912837871405,19,1.0
dca,Brent (BRENT_W),2012-09-03,True,True,2.1507936507936507,2.1507936507936507,1.1233602236212687,15,1.0
dca,Brent (BRENT_W),2012-10-01,True,True,2.0714285714285716,2.0714285714285716,1.111814657265565,15,1.0
dca,Brent (BRENT_W),2012-11-01,True,True,1.9801587301587302,1.9801587301587302,1.1074887225605106,15,1.0
dca,Brent (BRENT_W),2012-12-03,True,True,1.8928571428571428,1.8928571428571428,1.0976311634259692,13,1.0
dca,Brent (BRENT_W),2013-01-02,True,True,1.8134920634920635,1.8134920634920635,1.0906796768124547,12,1.0
dca,Brent (BRENT_W),2013-02-01,True,True,1.7261904761904763,1.7261904761904763,1.0850027132951667,10,1.0
dca,Brent (BRENT_W),2013-03-01,True,True,1.6468253968253967,1.6468253968253967,1.0656323476568677,10,1.0
dca,Brent (BRENT_W),2013-04-01,True,True,1.5674603174603174,1.5674603174603174,1.0804952376826045,10,1.0
dca,Brent (BRENT_W),2013-05-01,True,True,1.4801587301587302,1.4801587301587302,1.0496362899872564,11,1.0
dca,Brent (BRENT_W),2013-06-03,True,True,1.3888888888888888,1.3888888888888888,1.0396955682928488,9,1.0
dca,Brent (BRENT_W),2013-07-01,True,True,1.3095238095238095,1.3095238095238095,1.032686923975613,8,1.0
dca,Brent (BRENT_W),2013-08-01,True,True,1.2182539682539681,1.2182539682539681,1.0270223112584582,6,1.0
dca,Brent (BRENT_W),2013-09-02,True,True,1.130952380952381,1.130952380952381,1.0213671343073072,4,1.0
dca,Brent (BRENT_W),2013-10-01,True,True,1.0476190476190477,1.0476190476190477,1.0190387941434955,5,1.0
dca,Brent (BRENT_W),2013-11-01,True,True,0.9563492063492064,0.9563492063492064,1.0304178352045013,7,1.0
dca,Brent (BRENT_W),2013-12-02,True,True,0.873015873015873,0.873015873015873,1.0246614999097121,5,1.0
dca,Brent (BRENT_W),2014-01-02,True,True,0.7896825396825397,0.7896825396825397,1.0213091705450303,5,1.0
dca,Brent (BRENT_W),2014-02-03,True,True,0.7023809523809523,0.7023809523809523,1.0147951306717515,4,1.0
dca,Brent (BRENT_W),2014-03-03,True,True,0.623015873015873,0.623015873015873,1.0110681458561077,3,1.0
dca,Brent (BRENT_W),2014-04-01,True,True,0.5396825396825397,0.5396825396825397,1.0110993138485238,4,1.0
dca,Brent (BRENT_W),2014-05-01,True,True,0.45634920634920634,0.45634920634920634,1.0084173599839064,3,1.0
dca,Brent (BRENT_W),2014-06-02,True,True,0.36904761904761907,0.36904761904761907,1.0057609842841653,2,1.0
dca,Brent (BRENT_W),2014-07-01,True,True,0.2857142857142857,0.2857142857142857,0.9999456046624575,0,
dca,Brent (BRENT_W),2014-08-01,True,True,0.21031746031746032,0.21031746031746032,1.001416174692625,0,
dca,Brent (BRENT_W),2014-09-01,True,True,0.20238095238095238,0.20238095238095238,0.9999456046624575,0,
dca,Brent (BRENT_W),2014-10-01,True,True,0.1626984126984127,0.1626984126984127,0.9999456046624575,0,
dca,Brent (BRENT_W),2014-11-03,True,True,0.0992063492063492,0.0992063492063492,0.9999456046624575,0,
dca,Brent (BRENT_W),2014-12-01,True,True,0.0873015873015873,0.0873015873015873,0.9999456046624575,0,
dca,Brent (BRENT_W),2015-01-02,True,True,0.5952380952380952,0.5952380952380952,1.177685857681132,12,1.0
dca,Brent (BRENT_W),2015-02-02,True,True,0.5079365079365079,0.5079365079365079,1.1204097288488652,11,1.0
dca,Brent (BRENT_W),2015-03-02,True,True,0.4126984126984127,0.4126984126984127,1.0734694501637791,7,1.0
dca,Brent (BRENT_W),2015-04-01,True,True,0.3253968253968254,0.3253968253968254,1.0219019222794172,5,1.0
dca,Brent (BRENT_W),2015-05-01,True,True,0.24206349206349206,0.24206349206349206,1.0101102779190634,0,
dca,Brent (BRENT_W),2015-06-01,True,True,0.1746031746031746,0.1746031746031746,1.0085453647830072,1,1.0
dca,Brent (BRENT_W),2015-07-01,True,True,0.10714285714285714,0.10714285714285714,0.9999456046624575,0,
dca,Brent (BRENT_W),2015-08-03,True,True,0.35714285714285715,0.35714285714285715,1.1246791376192933,4,1.0
dca,Brent (BRENT_W),2015-09-01,True,True,0.27380952380952384,0.27380952380952384,1.0378692851445548,2,1.0
dca,Brent (BRENT_W),2015-10-01,True,True,0.1865079365079365,0.1865079365079365,1.0279048711622867,2,1.0
dca,Brent (BRENT_W),2015-11-02,True,True,0.10317460317460317,0.10317460317460317,1.0089493903913924,1,1.0
dca,Brent (BRENT_W),2015-12-01,True,True,0.09523809523809523,0.09523809523809523,1.002636103892303,0,
dca,Brent (BRENT_W),2016-01-04,True,True,0.03571428571428571,0.03571428571428571,0.9999456046624575,74,1.0
dca,Brent (BRENT_W),2016-02-01,True,True,2.9603174603174605,2.9603174603174605,1.80440927498239,73,1.0
dca,Brent (BRENT_W),2016-03-01,True,True,2.869047619047619,2.869047619047619,1.733153442891377,67,1.0
dca,Brent (BRENT_W),2016-04-01,True,True,2.7817460317460316,2.7817460317460316,1.6946419236538273,64,1.0
dca,Brent (BRENT_W),2016-05-02,True,True,2.6984126984126986,2.6984126984126986,1.6703741627476973,58,1.0
dca,Brent (BRENT_W),2016-06-01,True,True,2.611111111111111,2.611111111111111,1.6602300419441611,56,1.0
dca,Brent (BRENT_W),2016-07-01,True,True,2.5238095238095237,2.5238095238095237,1.6165558665215554,52,1.0
dca,Brent (BRENT_W),2016-08-01,True,True,2.384920634920635,2.384920634920635,1.5351284729553576,54,1.0
dca,Brent (BRENT_W),2016-09-01,True,True,2.2817460317460316,2.2817460317460316,1.4997953763833427,49,1.0
dca,Brent (BRENT_W),2016-10-03,True,True,2.1944444444444446,2.1944444444444446,1.4745147591344347,44,1.0
dca,Brent (BRENT_W),2016-11-01,True,True,2.111111111111111,2.111111111111111,1.3942039543804992,43,1.0
dca,Brent (BRENT_W),2016-12-01,True,True,2.0238095238095237,2.0238095238095237,1.3703819765133654,40,1.0
dca,Brent (BRENT_W),2017-01-03,True,True,1.9404761904761905,1.9404761904761905,1.3753295117881674,40,1.0
dca,Brent (BRENT_W),2017-02-01,True,True,1.8571428571428572,1.8571428571428572,1.3354302801264153,37,1.0
dca,Brent (BRENT_W),2017-03-01,True,True,1.7777777777777777,1.7777777777777777,1.3611053093547039,38,1.0
dca,Brent (BRENT_W),2017-04-03,True,True,1.6865079365079365,1.6865079365079365,1.3421450118623182,38,1.0
dca,Brent (BRENT_W),2017-05-01,True,True,1.5992063492063493,1.5992063492063493,1.2843666554305257,36,1.0
dca,Brent (BRENT_W),2017-06-01,True,True,1.507936507936508,1.507936507936508,1.2062624318683852,34,1.0
dca,Brent (BRENT_W),2017-07-03,True,True,1.4206349206349207,1.4206349206349207,1.1757716526565887,32,1.0
dca,Brent (BRENT_W),2017-08-01,True,True,1.3373015873015872,1.3373015873015872,1.161158576219434,30,1.0
dca,Brent (BRENT_W),2017-09-01,True,True,1.246031746031746,1.246031746031746,1.1543467775071095,29,1.0
dca,Brent (BRENT_W),2017-10-02,True,True,1.1626984126984128,1.1626984126984128,1.1416049937433501,26,1.0
dca,Brent (BRENT_W),2017-11-01,True,True,1.0753968253968254,1.0753968253968254,1.132930341570869,23,1.0
dca,Brent (BRENT_W),2017-12-01,True,True,0.9682539682539683,0.9682539682539683,1.1200263676864477,20,1.0
dca,Brent (BRENT_W),2018-01-02,True,True,0.8888888888888888,0.8888888888888888,1.1026000795885493,17,1.0
dca,Brent (BRENT_W),2018-02-01,True,True,0.8015873015873016,0.8015873015873016,1.096892109661523,15,1.0
dca,Brent (BRENT_W),2018-03-01,True,True,0.7222222222222222,0.7222222222222222,1.072783084427889,15,1.0
dca,Brent (BRENT_W),2018-04-02,True,True,0.6388888888888888,0.6388888888888888,1.0641268090553777,12,1.0
dca,Brent (BRENT_W),2018-05-01,True,True,0.5555555555555556,0.5555555555555556,1.0553655807946893,9,1.0
dca,Brent (BRENT_W),2018-06-01,True,True,0.4642857142857143,0.4642857142857143,1.0436301582547716,7,1.0
dca,Brent (BRENT_W),2018-07-02,True,True,0.38095238095238093,0.38095238095238093,1.0366406449231504,6,1.0
dca,Brent (BRENT_W),2018-08-01,True,True,0.29365079365079366,0.29365079365079366,1.026335461692443,7,1.0
dca,Brent (BRENT_W),2018-09-03,True,True,0.20238095238095238,0.20238095238095238,1.0134144207319147,4,1.0
dca,Brent (BRENT_W),2018-10-01,True,True,0.12301587301587301,0.12301587301587301,1.001716407215209,0,
dca,Brent (BRENT_W),2018-11-01,True,True,0.13095238095238096,0.13095238095238096,0.9999456046624575,0,
dca,Brent (BRENT_W),2018-12-03,True,True,1.2857142857142858,1.2857142857142858,1.406777876219091,25,1.0
dca,Brent (BRENT_W),2019-01-02,True,True,1.2063492063492063,1.2063492063492063,1.3076365281500317,24,1.0
dca,Brent (BRENT_W),2019-02-01,True,True,1.119047619047619,1.119047619047619,1.2840945625518039,19,1.0
dca,Brent (BRENT_W),2019-03-01,True,True,1.0396825396825398,1.0396825396825398,1.2813905736954503,18,1.0
dca,Brent (BRENT_W),2019-04-01,True,True,0.9563492063492064,0.9563492063492064,1.2727262128404755,15,1.0
dca,Brent (BRENT_W),2019-05-01,True,True,0.8531746031746031,0.8531746031746031,1.2343165714342064,13,1.0
dca,Brent (BRENT_W),2019-06-03,True,True,0.7619047619047619,0.7619047619047619,1.1870973613285738,14,1.0
dca,Brent (BRENT_W),2019-07-01,True,True,0.6825396825396826,0.6825396825396826,1.1740319521314246,11,1.0
dca,Brent (BRENT_W),2019-08-01,True,True,0.5912698412698413,0.5912698412698413,1.1566988613788567,12,1.0
dca,Brent (BRENT_W),2019-09-02,True,True,0.503968253968254,0.503968253968254,1.1388823361032632,11,1.0
dca,Brent (BRENT_W),2019-10-01,True,True,0.4166666666666667,0.4166666666666667,1.0747505844893412,9,1.0
dca,Brent (BRENT_W),2019-11-01,True,True,0.3253968253968254,0.3253968253968254,1.0691794529241623,7,1.0
dca,Brent (BRENT_W),2019-12-02,True,True,0.24206349206349206,0.24206349206349206,1.054642301368741,5,1.0
dca,Brent (BRENT_W),2020-01-02,True,True,0.15873015873015872,0.15873015873015872,1.0429801787475306,1,1.0
dca,Brent (BRENT_W),2020-02-03,True,True,0.09523809523809523,0.09523809523809523,1.0239862795831316,4,1.0
dca,Brent (BRENT_W),2020-03-02,True,True,0.01984126984126984,0.01984126984126984,0.9999456046624575,0,
dca,Brent (BRENT_W),2020-04-01,True,True,0.047619047619047616,0.047619047619047616,1.0073152117480033,2,1.0
dca,Brent (BRENT_W),2020-05-01,False,False,,4.007936507936508,2.2252058309303018,107,1.0
dca,Brent (BRENT_W),2020-06-01,False,False,,3.9246031746031744,2.1891272498466035,100,1.0
dca,Brent (BRENT_W),2020-07-01,False,False,,3.8373015873015874,2.155553616158769,96,1.0
dca,Brent (BRENT_W),2020-08-03,False,False,,3.746031746031746,2.1499072277398596,94,1.0
dca,Brent (BRENT_W),2020-09-01,False,False,,3.6626984126984126,2.1472027201532775,93,1.0
dca,Brent (BRENT_W),2020-10-01,False,False,,3.5753968253968256,2.095997647631319,93,1.0
dca,Brent (BRENT_W),2020-11-02,False,False,,3.488095238095238,2.028094800383367,91,1.0
dca,Brent (BRENT_W),2020-12-01,False,False,,3.4047619047619047,2.008960475240269,86,1.0
dca,Brent (BRENT_W),2021-01-04,False,False,,3.3174603174603177,2.0003267739232964,83,1.0
dca,Brent (BRENT_W),2021-02-01,False,False,,3.238095238095238,1.9946261600890949,81,1.0
dca,Brent (BRENT_W),2021-03-01,False,False,,3.1587301587301586,1.9694827601120106,74,1.0
dca,Brent (BRENT_W),2021-04-01,False,False,,3.0674603174603177,1.9273557081150179,71,1.0
dca,Brent (BRENT_W),2021-05-03,False,False,,2.984126984126984,1.9173435742003073,69,1.0
dca,Brent (BRENT_W),2021-06-01,False,False,,2.9007936507936507,1.890153536716446,65,1.0
dca,Brent (BRENT_W),2021-07-01,False,False,,2.8134920634920637,1.8768778407410067,62,1.0
dca,Brent (BRENT_W),2021-08-02,False,False,,2.7261904761904763,1.8327397779171086,59,1.0
dca,Brent (BRENT_W),2021-09-01,False,False,,2.638888888888889,1.8063163600893333,57,1.0
dca,Brent (BRENT_W),2021-10-01,False,False,,2.5515873015873014,1.7946415461816148,53,1.0
dca,Brent (BRENT_W),2021-11-01,False,False,,2.4682539682539684,1.7935012222289384,51,1.0
dca,Brent (BRENT_W),2021-12-01,True,False,0.29365079365079366,0.29365079365079366,1.0676574079360388,52,1.0
dca,Brent (BRENT_W),2022-01-03,True,False,0.20238095238095238,0.20238095238095238,1.0486586416676342,47,1.0
dca,Brent (BRENT_W),2022-02-01,True,False,0.11904761904761904,0.11904761904761904,1.0339772250160797,42,1.0
dca,Brent (BRENT_W),2022-03-01,True,False,0.03968253968253968,0.03968253968253968,1.0118651055684034,36,1.0
dca,Brent (BRENT_W),2022-04-01,True,False,0.9801587301587301,0.9801587301587301,1.3287971035537405,31,1.0
dca,Brent (BRENT_W),2022-05-02,True,False,0.9007936507936508,0.9007936507936508,1.298338665818469,28,1.0
dca,Brent (BRENT_W),2022-06-01,True,False,0.8134920634920635,0.8134920634920635,1.2551831623999945,22,1.0
dca,Brent (BRENT_W),2022-07-01,True,False,0.7182539682539683,0.7182539682539683,1.221849821031129,22,1.0
dca,Brent (BRENT_W),2022-08-01,True,False,0.6349206349206349,0.6349206349206349,1.153083105199256,18,1.0
dca,Brent (BRENT_W),2022-09-01,True,True,0.2777777777777778,0.2777777777777778,1.070044669730914,7,1.0
dca,Brent (BRENT_W),2022-10-03,True,True,0.1865079365079365,0.1865079365079365,1.0328099874627652,5,1.0
dca,Brent (BRENT_W),2022-11-01,True,True,0.10317460317460317,0.10317460317460317,1.0104801566695825,1,1.0
dca,Brent (BRENT_W),2022-12-01,False,False,,1.3492063492063493,1.4278824867162172,29,1.0
dca,Brent (BRENT_W),2023-01-03,False,False,,1.2658730158730158,1.3846090521013754,28,1.0
dca,Brent (BRENT_W),2023-02-01,False,False,,1.1825396825396826,1.3680545460897557,26,1.0
dca,Brent (BRENT_W),2023-03-01,False,False,,1.1031746031746033,1.344071808950367,23,1.0
dca,Brent (BRENT_W),2023-04-03,False,False,,1.0119047619047619,1.2792189907212392,20,1.0
dca,NatGas (GAS_US),1991-01-02,True,True,0.4722222222222222,0.4722222222222222,1.0066148281352538,1,1.0
dca,NatGas (GAS_US),1991-02-01,True,True,0.9642857142857143,0.9642857142857143,1.0698808379799878,7,1.0
dca,NatGas (GAS_US),1991-03-01,True,True,0.8888888888888888,0.8888888888888888,1.0705016938996266,7,1.0
dca,NatGas (GAS_US),1991-04-01,True,True,0.8095238095238095,0.8095238095238095,1.0708236044531834,7,1.0
dca,NatGas (GAS_US),1991-05-01,True,True,0.6984126984126984,0.6984126984126984,1.0526933835695884,7,1.0
dca,NatGas (GAS_US),1991-06-03,True,True,0.6111111111111112,0.6111111111111112,1.0402923768879935,7,1.0
dca,NatGas (GAS_US),1991-07-01,True,True,0.5317460317460317,0.5317460317460317,1.0224644318171006,7,1.0
dca,NatGas (GAS_US),1991-08-01,True,True,0.4444444444444444,0.4444444444444444,1.0162900009259317,6,1.0
dca,NatGas (GAS_US),1991-09-03,True,True,0.35714285714285715,0.35714285714285715,1.008258487940775,3,1.0
dca,NatGas (GAS_US),1991-10-01,True,True,0.2777777777777778,0.2777777777777778,1.0057611314238997,2,1.0
dca,NatGas (GAS_US),1991-11-01,True,True,0.2222222222222222,0.2222222222222222,1.001203390602699,0,
dca,NatGas (GAS_US),1991-12-02,True,True,0.21031746031746032,0.21031746031746032,0.9998445847498787,50,1.0
dca,NatGas (GAS_US),1992-01-02,True,True,2.7698412698412698,2.7698412698412698,1.3382295578925627,54,1.0
dca,NatGas (GAS_US),1992-02-03,True,True,2.6666666666666665,2.6666666666666665,1.321378737467779,53,1.0
dca,NatGas (GAS_US),1992-03-02,True,True,2.5873015873015874,2.5873015873015874,1.3086183343865005,52,1.0
dca,NatGas (GAS_US),1992-04-01,True,True,2.5,2.5,1.300554385484997,49,1.0
dca,NatGas (GAS_US),1992-05-01,True,True,2.4007936507936507,2.4007936507936507,1.291292881739852,47,1.0
dca,NatGas (GAS_US),1992-06-01,True,True,2.3214285714285716,2.3214285714285716,1.2776481024013444,42,1.0
dca,NatGas (GAS_US),1992-07-01,True,True,2.234126984126984,2.234126984126984,1.2771034337856828,43,1.0
dca,NatGas (GAS_US),1992-08-03,True,True,2.1468253968253967,2.1468253968253967,1.2662757695769011,39,1.0
dca,NatGas (GAS_US),1992-09-01,True,True,2.0634920634920637,2.0634920634920637,1.2541306723061596,36,1.0
dca,NatGas (GAS_US),1992-10-01,True,True,1.9761904761904763,1.9761904761904763,1.2346067022241594,31,1.0
dca,NatGas (GAS_US),1992-11-02,True,True,1.8888888888888888,1.8888888888888888,1.2176338138279268,30,1.0
dca,NatGas (GAS_US),1992-12-01,True,True,1.8095238095238095,1.8095238095238095,1.2140932931008355,33,1.0
dca,NatGas (GAS_US),1993-01-04,True,True,1.7261904761904763,1.7261904761904763,1.2079514294426268,32,1.0
dca,NatGas (GAS_US),1993-02-01,True,True,1.6428571428571428,1.6428571428571428,1.199865789623097,29,1.0
dca,NatGas (GAS_US),1993-03-02,True,True,1.5634920634920635,1.5634920634920635,1.1889927011646069,25,1.0
dca,NatGas (GAS_US),1993-04-01,True,True,1.4722222222222223,1.4722222222222223,1.1781342326541366,21,1.0
dca,NatGas (GAS_US),1993-05-03,True,True,1.380952380952381,1.380952380952381,1.152699433829235,17,1.0
dca,NatGas (GAS_US),1993-06-01,True,True,1.253968253968254,1.253968253968254,1.1332869788903979,15,1.0
dca,NatGas (GAS_US),1993-07-01,True,True,1.1666666666666667,1.1666666666666667,1.1181484054723607,13,1.0
dca,NatGas (GAS_US),1993-08-02,True,True,1.0833333333333333,1.0833333333333333,1.1117475187816706,12,1.0
dca,NatGas (GAS_US),1993-09-02,True,True,0.9920634920634921,0.9920634920634921,1.07133393853552,7,1.0
dca,NatGas (GAS_US),1993-10-01,True,True,0.9087301587301587,0.9087301587301587,1.0654093727920793,8,1.0
dca,NatGas (GAS_US),1993-11-01,True,True,0.8293650793650794,0.8293650793650794,1.069315608874728,9,1.0
dca,NatGas (GAS_US),1993-12-01,True,True,0.746031746031746,0.746031746031746,1.0630534909725737,10,1.0
dca,NatGas (GAS_US),1994-01-03,True,True,0.6626984126984127,0.6626984126984127,1.0525390378700374,9,1.0
dca,NatGas (GAS_US),1994-02-01,True,True,0.5793650793650794,0.5793650793650794,1.0304925711442063,1,1.0
dca,NatGas (GAS_US),1994-03-01,True,True,0.5079365079365079,0.5079365079365079,1.031358449900125,3,1.0
dca,NatGas (GAS_US),1994-04-04,True,True,0.4126984126984127,0.4126984126984127,1.0227201894683235,2,1.0
dca,NatGas (GAS_US),1994-05-02,True,True,0.3373015873015873,0.3373015873015873,1.017156040908757,2,1.0
dca,NatGas (GAS_US),1994-06-01,True,True,0.25396825396825395,0.25396825396825395,1.0073312931567278,2,1.0
dca,NatGas (GAS_US),1994-07-01,True,True,0.1626984126984127,0.1626984126984127,0.9998445847498787,0,
dca,NatGas (GAS_US),1994-08-01,True,True,0.2261904761904762,0.2261904761904762,0.9998445847498787,0,
dca,NatGas (GAS_US),1994-09-01,True,True,0.35714285714285715,0.35714285714285715,1.047714187575286,2,1.0
dca,NatGas (GAS_US),1994-10-03,True,True,0.2698412698412698,0.2698412698412698,1.0304573859853141,1,1.0
dca,NatGas (GAS_US),1994-11-01,True,True,3.5436507936507935,3.5436507936507935,1.7381649299315125,80,1.0
dca,NatGas (GAS_US),1994-12-01,True,True,3.4642857142857144,3.4642857142857144,1.7146588341924307,83,1.0
dca,NatGas (GAS_US),1995-01-03,True,True,1.6626984126984128,1.6626984126984128,1.3321359419327745,76,1.0
dca,NatGas (GAS_US),1995-02-01,True,True,1.5793650793650793,1.5793650793650793,1.3288784762291037,81,1.0
dca,NatGas (GAS_US),1995-03-01,True,True,1.5,1.5,1.3087125200752467,77,1.0
dca,NatGas (GAS_US),1995-04-03,True,True,1.4087301587301588,1.4087301587301588,1.2967722276208224,74,1.0
dca,NatGas (GAS_US),1995-05-01,True,True,1.3333333333333333,1.3333333333333333,1.297060083951684,74,1.0
dca,NatGas (GAS_US),1995-06-01,True,True,1.2341269841269842,1.2341269841269842,1.262695832200074,72,1.0
dca,NatGas (GAS_US),1995-07-05,True,True,1.1468253968253967,1.1468253968253967,1.2244237632331618,73,1.0
dca,NatGas (GAS_US),1995-08-01,True,True,1.0674603174603174,1.0674603174603174,1.1988936071952914,71,1.0
dca,NatGas (GAS_US),1995-09-01,True,True,0.9761904761904762,0.9761904761904762,1.1880420892970633,67,1.0
dca,NatGas (GAS_US),1995-10-02,True,True,0.8968253968253969,0.8968253968253969,1.1855718401939805,66,1.0
dca,NatGas (GAS_US),1995-11-01,True,True,0.8095238095238095,0.8095238095238095,1.1877678376208642,68,1.0
dca,NatGas (GAS_US),1995-12-01,True,True,0.7301587301587301,0.7301587301587301,1.1769091655740382,64,1.0
dca,NatGas (GAS_US),1996-01-02,True,True,0.6507936507936508,0.6507936507936508,1.1466663745295236,56,1.0
dca,NatGas (GAS_US),1996-02-01,True,True,0.5634920634920635,0.5634920634920635,1.0862150874342067,16,1.0
dca,NatGas (GAS_US),1996-03-01,True,True,0.48412698412698413,0.48412698412698413,1.0674177487677925,12,1.0
dca,NatGas (GAS_US),1996-04-01,True,True,0.4007936507936508,0.4007936507936508,1.0621590220983084,10,1.0
dca,NatGas (GAS_US),1996-05-01,True,True,0.31746031746031744,0.31746031746031744,1.0557987470689838,9,1.0
dca,NatGas (GAS_US),1996-06-03,True,True,0.23015873015873015,0.23015873015873015,1.0477649635736723,6,1.0
dca,NatGas (GAS_US),1996-07-01,True,True,0.15079365079365079,0.15079365079365079,1.0562891381324837,1,1.0
dca,NatGas (GAS_US),1996-08-01,True,True,0.5595238095238095,0.5595238095238095,1.1800226503183606,40,1.0
dca,NatGas (GAS_US),1996-09-03,True,True,0.4722222222222222,0.4722222222222222,1.1575146247307762,43,1.0
dca,NatGas (GAS_US),1996-10-01,True,True,0.38492063492063494,0.38492063492063494,1.1398035206977464,38,1.0
dca,NatGas (GAS_US),1996-11-01,True,True,0.29365079365079366,0.29365079365079366,1.120806006912885,34,1.0
dca,NatGas (GAS_US),1996-12-02,True,True,0.21825396825396826,0.21825396825396826,1.1030035097573516,11,1.0
dca,NatGas (GAS_US),1997-01-02,True,True,0.12301587301587301,0.12301587301587301,1.0253474934367226,4,1.0
dca,NatGas (GAS_US),1997-02-03,True,True,0.8373015873015873,0.8373015873015873,1.1156130189080078,22,1.0
dca,NatGas (GAS_US),1997-03-03,True,True,0.7619047619047619,0.7619047619047619,1.098446902193107,24,1.0
dca,NatGas (GAS_US),1997-04-01,True,True,0.6825396825396826,0.6825396825396826,1.091988660988381,23,1.0
dca,NatGas (GAS_US),1997-05-01,True,True,0.5952380952380952,0.5952380952380952,1.0783361971278604,18,1.0
dca,NatGas (GAS_US),1997-06-02,True,True,0.5119047619047619,0.5119047619047619,1.0694657123204658,18,1.0
dca,NatGas (GAS_US),1997-07-01,True,True,0.42857142857142855,0.42857142857142855,1.0633453139122393,17,1.0
dca,NatGas (GAS_US),1997-08-01,True,True,0.3412698412698413,0.3412698412698413,1.058083323024825,15,1.0
dca,NatGas (GAS_US),1997-09-02,True,True,0.24206349206349206,0.24206349206349206,1.0348263729237193,8,1.0
dca,NatGas (GAS_US),1997-10-01,True,True,0.15873015873015872,0.15873015873015872,1.0206551409474267,5,1.0
dca,NatGas (GAS_US),1997-11-03,True,True,0.1349206349206349,0.1349206349206349,1.005379344879801,1,1.0
dca,NatGas (GAS_US),1997-12-01,True,True,0.5158730158730159,0.5158730158730159,1.0377997777173529,13,1.0
dca,NatGas (GAS_US),1998-01-02,True,True,0.42857142857142855,0.42857142857142855,1.0273359325347873,14,1.0
dca,NatGas (GAS_US),1998-02-02,True,True,0.3492063492063492,0.3492063492063492,1.0154341622446548,11,1.0
dca,NatGas (GAS_US),1998-03-02,True,True,0.27380952380952384,0.27380952380952384,1.015988263930146,11,1.0
dca,NatGas (GAS_US),1998-04-01,True,True,0.1865079365079365,0.1865079365079365,1.0067435216618226,9,1.0
dca,NatGas (GAS_US),1998-05-01,True,True,0.32142857142857145,0.32142857142857145,1.1037325059528555,4,1.0
dca,NatGas (GAS_US),1998-06-01,True,True,0.24206349206349206,0.24206349206349206,1.1026478547533767,5,1.0
dca,NatGas (GAS_US),1998-07-01,True,True,0.5595238095238095,0.5595238095238095,1.1569793952012395,5,1.0
dca,NatGas (GAS_US),1998-08-03,True,True,0.40476190476190477,0.40476190476190477,1.045745229120176,5,1.0
dca,NatGas (GAS_US),1998-09-01,True,True,0.31746031746031744,0.31746031746031744,1.0272822938699426,5,1.0
dca,NatGas (GAS_US),1998-10-01,True,True,0.23412698412698413,0.23412698412698413,1.0192172018928625,2,1.0
dca,NatGas (GAS_US),1998-11-02,True,True,0.14682539682539683,0.14682539682539683,1.0027712019630082,1,1.0
dca,NatGas (GAS_US),1998-12-01,True,True,2.265873015873016,2.265873015873016,1.510463809177817,77,1.0
dca,NatGas (GAS_US),1999-01-04,True,True,2.1746031746031744,2.1746031746031744,1.486229268361417,75,1.0
dca,NatGas (GAS_US),1999-02-01,True,True,2.0992063492063493,2.0992063492063493,1.4726356174786437,77,1.0
dca,NatGas (GAS_US),1999-03-01,True,True,2.0238095238095237,2.0238095238095237,1.4628011973590227,77,1.0
dca,NatGas (GAS_US),1999-04-01,True,True,1.9325396825396826,1.9325396825396826,1.4362453666330353,71,1.0
dca,NatGas (GAS_US),1999-05-03,True,True,1.8492063492063493,1.8492063492063493,1.4253622037175613,67,1.0
dca,NatGas (GAS_US),1999-06-01,True,True,0.5158730158730159,0.5158730158730159,1.057661640047684,65,1.0
dca,NatGas (GAS_US),1999-07-01,True,True,0.42857142857142855,0.42857142857142855,1.0467612527481982,63,1.0
dca,NatGas (GAS_US),1999-08-02,True,True,0.34523809523809523,0.34523809523809523,1.0375509665919538,61,1.0
dca,NatGas (GAS_US),1999-09-01,True,True,0.25793650793650796,0.25793650793650796,1.0195251119329478,58,1.0
dca,NatGas (GAS_US),1999-10-01,True,True,0.1746031746031746,0.1746031746031746,1.013005603776793,57,1.0
dca,NatGas (GAS_US),1999-11-01,True,True,1.2857142857142858,1.2857142857142858,1.3226983853559862,55,1.0
dca,NatGas (GAS_US),1999-12-01,True,True,1.2063492063492063,1.2063492063492063,1.2711900136633547,55,1.0
dca,NatGas (GAS_US),2000-01-04,True,True,1.119047619047619,1.119047619047619,1.2618161375837673,55,1.0
dca,NatGas (GAS_US),2000-02-01,True,True,1.0436507936507937,1.0436507936507937,1.2481383298298832,50,1.0
dca,NatGas (GAS_US),2000-03-01,True,True,0.9126984126984127,0.9126984126984127,1.2290958737168574,46,1.0
dca,NatGas (GAS_US),2000-04-03,True,True,0.8214285714285714,0.8214285714285714,1.2266493860287762,45,1.0
dca,NatGas (GAS_US),2000-05-01,True,True,0.746031746031746,0.746031746031746,1.2226901673190376,42,1.0
dca,NatGas (GAS_US),2000-06-01,True,True,0.6587301587301587,0.6587301587301587,1.1924041803112044,34,1.0
dca,NatGas (GAS_US),2000-07-05,True,True,0.5714285714285714,0.5714285714285714,1.167646038378389,31,1.0
dca,NatGas (GAS_US),2000-08-01,True,True,0.49603174603174605,0.49603174603174605,1.1551824011017056,30,1.0
dca,NatGas (GAS_US),2000-09-01,True,True,0.40476190476190477,0.40476190476190477,1.1415383943972384,25,1.0
dca,NatGas (GAS_US),2000-10-02,True,True,0.3253968253968254,0.3253968253968254,1.1308096360218387,21,1.0
dca,NatGas (GAS_US),2000-11-01,True,True,0.23809523809523808,0.23809523809523808,1.091898090663522,20,1.0
dca,NatGas (GAS_US),2000-12-01,True,True,0.15873015873015872,0.15873015873015872,1.0573511664882744,9,1.0
dca,NatGas (GAS_US),2001-01-02,True,True,0.07142857142857142,0.07142857142857142,1.0107729319745384,3,1.0
dca,NatGas (GAS_US),2001-02-01,True,True,0.31746031746031744,0.31746031746031744,1.0455240584791123,5,1.0
dca,NatGas (GAS_US),2001-03-01,True,True,0.23809523809523808,0.23809523809523808,1.0277158150333316,5,1.0
dca,NatGas (GAS_US),2001-04-02,True,True,0.15079365079365079,0.15079365079365079,1.0053479899222693,2,1.0
dca,NatGas (GAS_US),2001-05-01,True,True,0.20634920634920634,0.20634920634920634,1.0437929312753893,3,1.0
dca,NatGas (GAS_US),2001-06-01,True,True,0.07936507936507936,0.07936507936507936,1.0122244160264875,3,1.0
dca,NatGas (GAS_US),2001-07-02,True,True,0.15873015873015872,0.15873015873015872,1.0428436071195117,5,1.0
dca,NatGas (GAS_US),2001-08-01,True,True,0.07539682539682539,0.07539682539682539,1.0092927050269562,2,1.0
dca,NatGas (GAS_US),2001-09-04,True,True,0.30952380952380953,0.30952380952380953,1.0746460241469737,6,1.0
dca,NatGas (GAS_US),2001-10-01,True,True,0.24603174603174602,0.24603174603174602,1.0650799127302397,9,1.0
dca,NatGas (GAS_US),2001-11-01,True,True,0.2222222222222222,0.2222222222222222,1.0504193926380623,109,1.0
dca,NatGas (GAS_US),2001-12-03,True,True,0.14285714285714285,0.14285714285714285,1.0152447753877865,110,1.0
dca,NatGas (GAS_US),2002-01-02,True,True,0.5833333333333334,0.5833333333333334,1.1235742086086553,111,1.0
dca,NatGas (GAS_US),2002-02-01,True,True,0.44047619047619047,0.44047619047619047,1.0921499156337005,110,1.0
dca,NatGas (GAS_US),2002-03-01,True,True,0.3611111111111111,0.3611111111111111,1.0840590786539033,107,1.0
dca,NatGas (GAS_US),2002-04-01,True,True,0.28174603174603174,0.28174603174603174,1.0565358506316702,6,1.0
dca,NatGas (GAS_US),2002-05-01,True,True,0.19047619047619047,0.19047619047619047,1.0193684478113512,1,1.0
dca,NatGas (GAS_US),2002-06-03,True,True,3.615079365079365,3.615079365079365,1.8533303323233878,98,1.0
dca,NatGas (GAS_US),2002-07-01,True,True,3.5277777777777777,3.5277777777777777,1.812315365033587,96,1.0
dca,NatGas (GAS_US),2002-08-01,True,True,3.4444444444444446,3.4444444444444446,1.798398740367938,96,1.0
dca,NatGas (GAS_US),2002-09-03,True,True,3.3452380952380953,3.3452380952380953,1.7823848790248127,93,1.0
dca,NatGas (GAS_US),2002-10-01,True,True,3.265873015873016,3.265873015873016,1.7618146201348572,87,1.0
dca,NatGas (GAS_US),2002-11-01,True,True,3.1666666666666665,3.1666666666666665,1.7375854649920968,85,1.0
dca,NatGas (GAS_US),2002-12-02,True,True,3.0912698412698414,3.0912698412698414,1.731035693038122,84,1.0
dca,NatGas (GAS_US),2003-01-02,True,True,3.007936507936508,3.007936507936508,1.7104519387948083,78,1.0
dca,NatGas (GAS_US),2003-02-03,True,True,2.9206349206349205,2.9206349206349205,1.6898628598641514,72,1.0
dca,NatGas (GAS_US),2003-03-03,True,True,2.8452380952380953,2.8452380952380953,1.6716866595743867,69,1.0
dca,NatGas (GAS_US),2003-04-01,True,True,2.761904761904762,2.761904761904762,1.651336690380558,68,1.0
dca,NatGas (GAS_US),2003-05-01,True,True,2.6785714285714284,2.6785714285714284,1.6330623704481046,65,1.0
dca,NatGas (GAS_US),2003-06-02,True,True,2.5952380952380953,2.5952380952380953,1.6153300619634383,60,1.0
dca,NatGas (GAS_US),2003-07-01,True,True,2.507936507936508,2.507936507936508,1.562523633138831,62,1.0
dca,NatGas (GAS_US),2003-08-01,True,True,2.4206349206349205,2.4206349206349205,1.5417992192384327,61,1.0
dca,NatGas (GAS_US),2003-09-02,True,True,2.3373015873015874,2.3373015873015874,1.5298900113124845,61,1.0
dca,NatGas (GAS_US),2003-10-01,True,True,2.246031746031746,2.246031746031746,1.5146512015773028,59,1.0
dca,NatGas (GAS_US),2003-11-03,True,True,2.1547619047619047,2.1547619047619047,1.4871713098671855,58,1.0
dca,NatGas (GAS_US),2003-12-01,True,True,2.0833333333333335,2.0833333333333335,1.4779120440900562,56,1.0
dca,NatGas (GAS_US),2004-01-05,True,True,1.992063492063492,1.992063492063492,1.4543593537287476,51,1.0
dca,NatGas (GAS_US),2004-02-02,True,True,1.9166666666666667,1.9166666666666667,1.433724720952121,52,1.0
dca,NatGas (GAS_US),2004-03-01,True,True,1.8412698412698412,1.8412698412698412,1.4214940727286982,49,1.0
dca,NatGas (GAS_US),2004-04-01,True,True,1.75,1.75,1.4188843574219243,48,1.0
dca,NatGas (GAS_US),2004-05-03,True,True,1.6666666666666667,1.6666666666666667,1.4069109790078893,45,1.0
dca,NatGas (GAS_US),2004-06-01,True,True,1.5873015873015872,1.5873015873015872,1.3759013244852127,43,1.0
dca,NatGas (GAS_US),2004-07-01,True,True,1.503968253968254,1.503968253968254,1.3774734887746174,44,1.0
dca,NatGas (GAS_US),2004-08-02,True,True,1.4206349206349207,1.4206349206349207,1.3468271681736756,44,1.0
dca,NatGas (GAS_US),2004-09-01,True,True,1.3333333333333333,1.3333333333333333,1.331912983495725,45,1.0
dca,NatGas (GAS_US),2004-10-01,True,True,1.25,1.25,1.3182593684175803,40,1.0
dca,NatGas (GAS_US),2004-11-01,True,True,1.1666666666666667,1.1666666666666667,1.2819319415155837,34,1.0
dca,NatGas (GAS_US),2004-12-01,True,True,1.0873015873015872,1.0873015873015872,1.2180872590124376,33,1.0
dca,NatGas (GAS_US),2005-01-03,True,True,1.003968253968254,1.003968253968254,1.1916734968500928,34,1.0
dca,NatGas (GAS_US),2005-02-01,True,True,0.9206349206349206,0.9206349206349206,1.1794984507054787,31,1.0
dca,NatGas (GAS_US),2005-03-01,True,True,0.8452380952380952,0.8452380952380952,1.1702682687071448,29,1.0
dca,NatGas (GAS_US),2005-04-01,True,True,0.7579365079365079,0.7579365079365079,1.158818720017243,25,1.0
dca,NatGas (GAS_US),2005-05-02,True,True,0.6746031746031746,0.6746031746031746,1.1361968074541322,26,1.0
dca,NatGas (GAS_US),2005-06-01,True,True,0.5912698412698413,0.5912698412698413,1.1297396169331597,25,1.0
dca,NatGas (GAS_US),2005-07-01,True,True,0.503968253968254,0.503968253968254,1.1204119629399267,23,1.0
dca,NatGas (GAS_US),2005-08-01,True,True,0.4246031746031746,0.4246031746031746,1.1026973723197906,18,1.0
dca,NatGas (GAS_US),2005-09-01,True,True,0.3333333333333333,0.3333333333333333,1.0709535270555846,8,1.0
dca,NatGas (GAS_US),2005-10-03,True,True,0.25,0.25,1.0657031553280705,6,1.0
dca,NatGas (GAS_US),2005-11-01,True,True,0.16666666666666666,0.16666666666666666,1.026731246070652,5,1.0
dca,NatGas (GAS_US),2005-12-01,True,True,0.0873015873015873,0.0873015873015873,1.0084079511249977,2,1.0
dca,NatGas (GAS_US),2006-01-03,True,True,0.10317460317460317,0.10317460317460317,1.0094175727932946,0,
dca,NatGas (GAS_US),2006-02-01,True,True,0.3134920634920635,0.3134920634920635,1.0486417233371716,9,1.0
dca,NatGas (GAS_US),2006-03-01,True,True,0.23412698412698413,0.23412698412698413,1.0242635154833524,13,1.0
dca,NatGas (GAS_US),2006-04-03,True,True,0.14285714285714285,0.14285714285714285,1.0120935732448448,10,1.0
dca,NatGas (GAS_US),2006-05-01,True,True,0.40476190476190477,0.40476190476190477,1.1510154246638462,8,1.0
dca,NatGas (GAS_US),2006-06-01,True,True,0.31746031746031744,0.31746031746031744,1.148946233548106,9,1.0
dca,NatGas (GAS_US),2006-07-05,True,True,0.2222222222222222,0.2222222222222222,1.0737433937646035,9,1.0
dca,NatGas (GAS_US),2006-08-01,True,True,0.14682539682539683,0.14682539682539683,1.037668906151491,3,1.0
dca,NatGas (GAS_US),2006-09-01,True,True,0.07539682539682539,0.07539682539682539,1.0021889203532155,38,1.0
dca,NatGas (GAS_US),2006-10-02,True,True,1.8412698412698412,1.8412698412698412,1.3759030154260892,40,1.0
dca,NatGas (GAS_US),2006-11-01,True,True,1.753968253968254,1.753968253968254,1.3627830796805986,38,1.0
dca,NatGas (GAS_US),2006-12-01,True,True,0.6507936507936508,0.6507936507936508,1.097011633681522,35,1.0
dca,NatGas (GAS_US),2007-01-02,True,True,0.5714285714285714,0.5714285714285714,1.0677388007642694,39,1.0
dca,NatGas (GAS_US),2007-02-01,True,True,0.48412698412698413,0.48412698412698413,1.0360472892911892,32,1.0
dca,NatGas (GAS_US),2007-03-01,True,True,0.40476190476190477,0.40476190476190477,1.0235990949487244,31,1.0
dca,NatGas (GAS_US),2007-04-02,True,True,0.31746031746031744,0.31746031746031744,1.0143876677162056,29,1.0
dca,NatGas (GAS_US),2007-05-01,True,True,0.23809523809523808,0.23809523809523808,1.0109958756528026,29,1.0
dca,NatGas (GAS_US),2007-06-01,True,True,0.14682539682539683,0.14682539682539683,1.0030356664286257,29,1.0
dca,NatGas (GAS_US),2007-07-02,True,True,1.0595238095238095,1.0595238095238095,1.1899883904138002,31,1.0
dca,NatGas (GAS_US),2007-08-01,True,True,0.9682539682539683,0.9682539682539683,1.1703666203122691,29,1.0
dca,NatGas (GAS_US),2007-09-03,True,True,0.876984126984127,0.876984126984127,1.1289664978930527,29,1.0
dca,NatGas (GAS_US),2007-10-01,True,True,0.7976190476190477,0.7976190476190477,1.1333263138030223,29,1.0
dca,NatGas (GAS_US),2007-11-01,True,True,0.7063492063492064,0.7063492063492064,1.1115335320853423,24,1.0
dca,NatGas (GAS_US),2007-12-03,True,True,0.623015873015873,0.623015873015873,1.085414319659456,25,1.0
dca,NatGas (GAS_US),2008-01-02,True,True,0.5436507936507936,0.5436507936507936,1.0801392058712431,23,1.0
dca,NatGas (GAS_US),2008-02-01,True,True,0.4603174603174603,0.4603174603174603,1.0765287588943313,23,1.0
dca,NatGas (GAS_US),2008-03-03,True,True,0.38095238095238093,0.38095238095238093,1.0545027729134417,15,1.0
dca,NatGas (GAS_US),2008-04-01,True,True,0.3055555555555556,0.3055555555555556,1.0295987057882126,11,1.0
dca,NatGas (GAS_US),2008-05-02,True,True,0.21825396825396826,0.21825396825396826,1.0215432141261094,8,1.0
dca,NatGas (GAS_US),2008-06-02,True,True,0.1388888888888889,0.1388888888888889,1.0134872562635833,5,1.0
dca,NatGas (GAS_US),2008-07-01,True,True,0.05952380952380952,0.05952380952380952,1.0006938045772877,0,
dca,NatGas (GAS_US),2008-08-01,True,True,0.17857142857142858,0.17857142857142858,0.9998445847498787,0,
dca,NatGas (GAS_US),2008-09-02,True,True,0.25396825396825395,0.25396825396825395,1.0513937443650097,1,1.0
dca,NatGas (GAS_US),2008-10-01,True,True,0.36904761904761907,0.36904761904761907,1.1307598953979534,4,1.0
dca,NatGas (GAS_US),2008-11-03,True,True,0.28174603174603174,0.28174603174603174,1.0990821274246945,4,1.0
dca,NatGas (GAS_US),2008-12-01,True,True,0.20634920634920634,0.20634920634920634,1.0274498219934671,2,1.0
dca,NatGas (GAS_US),2009-01-02,True,True,0.11904761904761904,0.11904761904761904,1.002223997834049,0,
dca,NatGas (GAS_US),2009-02-02,True,True,0.5912698412698413,0.5912698412698413,1.2291734888486079,31,1.0
dca,NatGas (GAS_US),2009-03-02,True,True,0.5158730158730159,0.5158730158730159,1.1869738177546207,31,1.0
dca,NatGas (GAS_US),2009-04-01,True,True,0.42857142857142855,0.42857142857142855,1.13044659872195,29,1.0
dca,NatGas (GAS_US),2009-05-01,True,True,0.34523809523809523,0.34523809523809523,1.1210235078917028,29,1.0
dca,NatGas (GAS_US),2009-06-01,True,True,0.26587301587301587,0.26587301587301587,1.071946711091827,23,1.0
dca,NatGas (GAS_US),2009-07-01,True,True,0.17063492063492064,0.17063492063492064,1.0235687252289922,22,1.0
dca,NatGas (GAS_US),2009-08-03,True,True,0.08333333333333333,0.08333333333333333,1.0013829127734906,19,1.0
dca,NatGas (GAS_US),2009-09-01,True,True,0.25396825396825395,0.25396825396825395,1.0230509869907025,12,1.0
dca,NatGas (GAS_US),2009-10-01,True,True,0.17063492063492064,0.17063492063492064,1.0149822845622367,9,1.0
dca,NatGas (GAS_US),2009-11-02,True,True,0.3611111111111111,0.3611111111111111,1.037047209955796,7,1.0
dca,NatGas (GAS_US),2009-12-01,True,True,0.28174603174603174,0.28174603174603174,1.0244592028362145,6,1.0
dca,NatGas (GAS_US),2010-01-04,True,True,0.19444444444444445,0.19444444444444445,1.008227186650315,0,
dca,NatGas (GAS_US),2010-02-01,True,True,0.15873015873015872,0.15873015873015872,1.0020448351938251,11,1.0
dca,NatGas (GAS_US),2010-03-01,True,True,0.6309523809523809,0.6309523809523809,1.0446301071343158,12,1.0
dca,NatGas (GAS_US),2010-04-01,True,True,0.5396825396825397,0.5396825396825397,1.0535214248273819,16,1.0
dca,NatGas (GAS_US),2010-05-03,True,True,0.45634920634920634,0.45634920634920634,1.0431082037868913,15,1.0
dca,NatGas (GAS_US),2010-06-01,True,True,0.376984126984127,0.376984126984127,1.0338642164480845,13,1.0
dca,NatGas (GAS_US),2010-07-01,True,True,0.30158730158730157,0.30158730158730157,1.0176279188534203,11,1.0
dca,NatGas (GAS_US),2010-08-02,True,True,0.21825396825396826,0.21825396825396826,1.0009093184328264,10,1.0
dca,NatGas (GAS_US),2010-09-01,True,True,1.1746031746031746,1.1746031746031746,1.1176559732099463,14,1.0
dca,NatGas (GAS_US),2010-10-01,True,True,1.0992063492063493,1.0992063492063493,1.1152160445488801,16,1.0
dca,NatGas (GAS_US),2010-11-01,True,True,1.0158730158730158,1.0158730158730158,1.105850155822038,16,1.0
dca,NatGas (GAS_US),2010-12-01,True,True,0.9246031746031746,0.9246031746031746,1.084027930925425,11,1.0
dca,NatGas (GAS_US),2011-01-03,True,True,0.8373015873015873,0.8373015873015873,1.0633316668857153,7,1.0
dca,NatGas (GAS_US),2011-02-01,True,True,0.7579365079365079,0.7579365079365079,1.0431212428451027,7,1.0
dca,NatGas (GAS_US),2011-03-01,True,True,0.6825396825396826,0.6825396825396826,1.0341803316356253,7,1.0
dca,NatGas (GAS_US),2011-04-01,True,True,0.5952380952380952,0.5952380952380952,1.0289332737834307,5,1.0
dca,NatGas (GAS_US),2011-05-02,True,True,0.5198412698412699,0.5198412698412699,1.0168311144767548,2,1.0
dca,NatGas (GAS_US),2011-06-01,True,True,0.4365079365079365,0.4365079365079365,1.0048530838097192,1,1.0
dca,NatGas (GAS_US),2011-07-01,True,True,0.36904761904761907,0.36904761904761907,1.0025970551885401,1,1.0
dca,NatGas (GAS_US),2011-08-01,True,True,0.36507936507936506,0.36507936507936506,1.0056406111410416,0,
dca,NatGas (GAS_US),2011-09-01,True,True,0.2857142857142857,0.2857142857142857,0.9998445847498787,0,
dca,NatGas (GAS_US),2011-10-03,True,True,0.27380952380952384,0.27380952380952384,1.0009957060455912,0,
dca,NatGas (GAS_US),2011-11-01,True,True,0.19047619047619047,0.19047619047619047,0.9998445847498787,0,
dca,NatGas (GAS_US),2011-12-01,True,True,0.11904761904761904,0.11904761904761904,0.9998445847498787,0,
dca,NatGas (GAS_US),2012-01-03,True,True,0.2698412698412698,0.2698412698412698,1.071197414663427,3,1.0
dca,NatGas (GAS_US),2012-02-01,True,True,0.1865079365079365,0.1865079365079365,1.0052659866857394,2,1.0
dca,NatGas (GAS_US),2012-03-01,True,True,2.8293650793650795,2.8293650793650795,1.42904425209768,52,1.0
dca,NatGas (GAS_US),2012-04-02,True,True,2.742063492063492,2.742063492063492,1.3885743303038007,52,1.0
dca,NatGas (GAS_US),2012-05-01,True,True,2.6507936507936507,2.6507936507936507,1.3734172478253581,50,1.0
dca,NatGas (GAS_US),2012-06-01,True,True,2.5634920634920637,2.5634920634920637,1.3394072934529488,48,1.0
dca,NatGas (GAS_US),2012-07-02,True,True,2.4801587301587302,2.4801587301587302,1.324472331503208,44,1.0
dca,NatGas (GAS_US),2012-08-01,True,True,2.3968253968253967,2.3968253968253967,1.3096352614535327,40,1.0
dca,NatGas (GAS_US),2012-09-04,True,True,2.3055555555555554,2.3055555555555554,1.3054875009135094,43,1.0
dca,NatGas (GAS_US),2012-10-01,True,True,2.2301587301587302,2.2301587301587302,1.2849095532465777,37,1.0
dca,NatGas (GAS_US),2012-11-01,True,True,2.142857142857143,2.142857142857143,1.2694935983770887,35,1.0
dca,NatGas (GAS_US),2012-12-03,True,True,2.0595238095238093,2.0595238095238093,1.2585869131119516,35,1.0
dca,NatGas (GAS_US),2013-01-02,True,True,1.9801587301587302,1.9801587301587302,1.2400410563758457,35,1.0
dca,NatGas (GAS_US),2013-02-01,True,True,1.8968253968253967,1.8968253968253967,1.2289962538893366,33,1.0
dca,NatGas (GAS_US),2013-03-01,True,True,1.8214285714285714,1.8214285714285714,1.219681465723034,31,1.0
dca,NatGas (GAS_US),2013-04-01,True,True,1.7301587301587302,1.7301587301587302,1.2088360636482696,27,1.0
dca,NatGas (GAS_US),2013-05-01,True,True,1.6428571428571428,1.6428571428571428,1.171118348607685,19,1.0
dca,NatGas (GAS_US),2013-06-03,True,True,1.5555555555555556,1.5555555555555556,1.1796599634018086,25,1.0
dca,NatGas (GAS_US),2013-07-01,True,True,1.4761904761904763,1.4761904761904763,1.1572036199351639,25,1.0
dca,NatGas (GAS_US),2013-08-01,True,True,1.3888888888888888,1.3888888888888888,1.145354519702303,24,1.0
dca,NatGas (GAS_US),2013-09-03,True,True,1.3015873015873016,1.3015873015873016,1.1374320713178632,21,1.0
dca,NatGas (GAS_US),2013-10-01,True,True,1.2222222222222223,1.2222222222222223,1.133627003767168,21,1.0
dca,NatGas (GAS_US),2013-11-01,True,True,1.130952380952381,1.130952380952381,1.1246233687789147,21,1.0
dca,NatGas (GAS_US),2013-12-02,True,True,1.0515873015873016,1.0515873015873016,1.1165704834448158,18,1.0
dca,NatGas (GAS_US),2014-01-02,True,True,0.9682539682539683,0.9682539682539683,1.0969472373447058,13,1.0
dca,NatGas (GAS_US),2014-02-03,True,True,0.8849206349206349,0.8849206349206349,1.0791841645023235,8,1.0
dca,NatGas (GAS_US),2014-03-03,True,True,0.8095238095238095,0.8095238095238095,1.0740641991321898,8,1.0
dca,NatGas (GAS_US),2014-04-01,True,True,0.7261904761904762,0.7261904761904762,1.0676660939037785,7,1.0
dca,NatGas (GAS_US),2014-05-01,True,True,0.6468253968253969,0.6468253968253969,1.059599243445707,4,1.0
dca,NatGas (GAS_US),2014-06-02,True,True,0.5634920634920635,0.5634920634920635,1.056174648075935,4,1.0
dca,NatGas (GAS_US),2014-07-01,True,True,0.4801587301587302,0.4801587301587302,1.041761912497823,4,1.0
dca,NatGas (GAS_US),2014-08-06,True,True,0.39285714285714285,0.39285714285714285,1.0294372486273649,5,1.0
dca,NatGas (GAS_US),2014-09-01,True,True,0.3253968253968254,0.3253968253968254,1.0364101094717229,6,1.0
dca,NatGas (GAS_US),2014-10-01,True,True,0.23412698412698413,0.23412698412698413,1.0299064113527192,5,1.0
dca,NatGas (GAS_US),2014-11-03,True,True,0.14285714285714285,0.14285714285714285,1.0176353082527283,4,1.0
dca,NatGas (GAS_US),2014-12-01,True,True,0.10714285714285714,0.10714285714285714,0.9998445847498787,0,
dca,NatGas (GAS_US),2015-01-02,True,True,0.8968253968253969,0.8968253968253969,1.0818540920187434,7,1.0
dca,NatGas (GAS_US),2015-02-02,True,True,0.8134920634920635,0.8134920634920635,1.0698509232581996,9,1.0
dca,NatGas (GAS_US),2015-03-02,True,True,0.7341269841269841,0.7341269841269841,1.052872263768837,7,1.0
dca,NatGas (GAS_US),2015-04-01,True,True,0.6468253968253969,0.6468253968253969,1.0547711553124277,8,1.0
dca,NatGas (GAS_US),2015-05-01,True,True,0.5634920634920635,0.5634920634920635,1.0384741960092294,5,1.0
dca,NatGas (GAS_US),2015-06-01,True,True,0.48412698412698413,0.48412698412698413,1.0111203884107338,2,1.0
dca,NatGas (GAS_US),2015-07-01,True,True,0.3968253968253968,0.3968253968253968,1.0114484341237768,2,1.0
dca,NatGas (GAS_US),2015-08-03,True,True,0.24206349206349206,0.24206349206349206,1.005336856668829,2,1.0
dca,NatGas (GAS_US),2015-09-02,True,True,0.24603174603174602,0.24603174603174602,1.004291048526416,1,1.0
dca,NatGas (GAS_US),2015-10-01,True,True,0.1984126984126984,0.1984126984126984,1.0030935460235388,1,1.0
dca,NatGas (GAS_US),2015-11-02,True,True,0.3253968253968254,0.3253968253968254,1.0990259571572143,42,1.0
dca,NatGas (GAS_US),2015-12-01,True,True,0.23809523809523808,0.23809523809523808,1.033525501289426,41,1.0
dca,NatGas (GAS_US),2016-01-04,True,True,0.15079365079365079,0.15079365079365079,1.0028481175590194,38,1.0
dca,NatGas (GAS_US),2016-02-01,True,True,1.9007936507936507,1.9007936507936507,1.2607358330324465,39,1.0
dca,NatGas (GAS_US),2016-03-01,True,True,1.8174603174603174,1.8174603174603174,1.2469354436969526,42,1.0
dca,NatGas (GAS_US),2016-04-01,True,True,1.7301587301587302,1.7301587301587302,1.244528223509318,41,1.0
dca,NatGas (GAS_US),2016-05-02,True,True,1.6468253968253967,1.6468253968253967,1.2352528149293915,39,1.0
dca,NatGas (GAS_US),2016-06-01,True,True,1.5595238095238095,1.5595238095238095,1.223196754652446,36,1.0
dca,NatGas (GAS_US),2016-07-01,True,True,1.4722222222222223,1.4722222222222223,1.2095436644459396,31,1.0
dca,NatGas (GAS_US),2016-08-01,True,True,1.3888888888888888,1.3888888888888888,1.1910584735134075,30,1.0
dca,NatGas (GAS_US),2016-09-01,True,True,1.2976190476190477,1.2976190476190477,1.180515210250097,29,1.0
dca,NatGas (GAS_US),2016-10-03,True,True,1.2103174603174602,1.2103174603174602,1.1739758611653315,28,1.0
dca,NatGas (GAS_US),2016-11-01,True,True,1.1150793650793651,1.1150793650793651,1.1278317347976192,13,1.0
dca,NatGas (GAS_US),2016-12-01,True,True,0.23412698412698413,0.23412698412698413,1.033748696623114,8,1.0
dca,NatGas (GAS_US),2017-01-03,True,True,0.9444444444444444,0.9444444444444444,1.0554636550652932,6,1.0
dca,NatGas (GAS_US),2017-02-01,True,True,1.9007936507936507,1.9007936507936507,1.2137860947373154,25,1.0
dca,NatGas (GAS_US),2017-03-01,True,True,0.7857142857142857,0.7857142857142857,1.0229750006006444,6,1.0
dca,NatGas (GAS_US),2017-04-03,True,True,0.6944444444444444,0.6944444444444444,1.0149430157664967,3,1.0
dca,NatGas (GAS_US),2017-05-01,True,True,0.6190476190476191,0.6190476190476191,1.0085062933765396,2,1.0
dca,NatGas (GAS_US),2017-06-01,True,True,1.5634920634920635,1.5634920634920635,1.164645544112134,21,1.0
dca,NatGas (GAS_US),2017-07-03,True,True,1.4761904761904763,1.4761904761904763,1.154093598729847,20,1.0
dca,NatGas (GAS_US),2017-08-01,True,True,1.4007936507936507,1.4007936507936507,1.1538723998340272,21,1.0
dca,NatGas (GAS_US),2017-09-01,True,True,1.3095238095238095,1.3095238095238095,1.1555177779994938,20,1.0
dca,NatGas (GAS_US),2017-10-02,True,True,1.2261904761904763,1.2261904761904763,1.1397662163521378,20,1.0
dca,NatGas (GAS_US),2017-11-01,True,True,1.1388888888888888,1.1388888888888888,1.138778472706433,21,1.0
dca,NatGas (GAS_US),2017-12-01,True,True,1.0515873015873016,1.0515873015873016,1.1209966542593957,19,1.0
dca,NatGas (GAS_US),2018-01-02,True,True,0.9722222222222222,0.9722222222222222,1.0967815389799396,17,1.0
dca,NatGas (GAS_US),2018-02-01,True,True,0.8888888888888888,0.8888888888888888,1.0779508789686385,13,1.0
dca,NatGas (GAS_US),2018-03-01,True,True,0.8134920634920635,0.8134920634920635,1.092095455825532,16,1.0
dca,NatGas (GAS_US),2018-04-02,True,True,0.7341269841269841,0.7341269841269841,1.0891396615826534,16,1.0
dca,NatGas (GAS_US),2018-05-01,True,True,0.6507936507936508,0.6507936507936508,1.0762920536557103,13,1.0
dca,NatGas (GAS_US),2018-06-01,True,True,0.5595238095238095,0.5595238095238095,1.0814003823411218,13,1.0
dca,NatGas (GAS_US),2018-07-02,True,True,0.4801587301587302,0.4801587301587302,1.084803439172033,14,1.0
dca,NatGas (GAS_US),2018-08-01,True,True,0.39285714285714285,0.39285714285714285,1.081102456897094,14,1.0
dca,NatGas (GAS_US),2018-09-05,True,True,0.30158730158730157,0.30158730158730157,1.0747153997437708,13,1.0
dca,NatGas (GAS_US),2018-10-01,True,True,0.25793650793650796,0.25793650793650796,1.063812247597305,9,1.0
dca,NatGas (GAS_US),2018-11-01,True,True,0.16666666666666666,0.16666666666666666,1.0613415148617216,8,1.0
dca,NatGas (GAS_US),2018-12-03,True,True,0.07936507936507936,0.07936507936507936,1.0047496898459725,1,1.0
dca,NatGas (GAS_US),2019-01-01,True,True,0.47619047619047616,0.47619047619047616,1.0144399527394783,2,1.0
dca,NatGas (GAS_US),2019-02-01,True,True,0.9801587301587301,0.9801587301587301,1.1496218389085522,10,1.0
dca,NatGas (GAS_US),2019-03-01,True,True,0.9007936507936508,0.9007936507936508,1.150133266756503,9,1.0
dca,NatGas (GAS_US),2019-04-01,True,True,0.8174603174603174,0.8174603174603174,1.1236696017753525,9,1.0
dca,NatGas (GAS_US),2019-05-01,True,True,0.7341269841269841,0.7341269841269841,1.1051700491452807,9,1.0
dca,NatGas (GAS_US),2019-06-03,True,True,0.6428571428571429,0.6428571428571429,1.077964370711034,9,1.0
dca,NatGas (GAS_US),2019-07-01,True,True,0.5634920634920635,0.5634920634920635,1.0743095440937218,9,1.0
dca,NatGas (GAS_US),2019-08-01,True,True,0.4722222222222222,0.4722222222222222,1.0586249718582887,8,1.0
dca,NatGas (GAS_US),2019-09-03,True,True,0.38492063492063494,0.38492063492063494,1.049350634519647,6,1.0
dca,NatGas (GAS_US),2019-10-01,True,True,0.30952380952380953,0.30952380952380953,1.0106468005932718,3,1.0
dca,NatGas (GAS_US),2019-11-01,True,True,0.21825396825396826,0.21825396825396826,1.0053850508627515,1,1.0
dca,NatGas (GAS_US),2019-12-02,True,True,0.25396825396825395,0.25396825396825395,1.0026283060669163,1,1.0
dca,NatGas (GAS_US),2020-01-01,True,True,0.46825396825396826,0.46825396825396826,1.1044634533544944,5,1.0
dca,NatGas (GAS_US),2020-02-03,True,True,0.376984126984127,0.376984126984127,1.0969212895013678,8,1.0
dca,NatGas (GAS_US),2020-03-02,True,True,0.2976190476190476,0.2976190476190476,1.077562250596273,6,1.0
dca,NatGas (GAS_US),2020-04-01,True,True,0.21031746031746032,0.21031746031746032,1.045677850629036,6,1.0
dca,NatGas (GAS_US),2020-05-01,True,True,0.12698412698412698,0.12698412698412698,1.005591824476781,1,1.0
dca,NatGas (GAS_US),2020-06-01,True,True,0.5238095238095238,0.5238095238095238,1.1152580335940872,91,1.0
dca,NatGas (GAS_US),2020-07-01,True,True,0.4365079365079365,0.4365079365079365,1.076892841281724,89,1.0
dca,NatGas (GAS_US),2020-08-03,True,True,0.3412698412698413,0.3412698412698413,1.0531075901232558,9,1.0
dca,NatGas (GAS_US),2020-09-01,True,True,0.25793650793650796,0.25793650793650796,1.0394383126298858,4,1.0
dca,NatGas (GAS_US),2020-10-01,True,True,0.18253968253968253,0.18253968253968253,1.0101069687471398,3,1.0
dca,NatGas (GAS_US),2020-11-02,True,True,0.09523809523809523,0.09523809523809523,1.0001699530874095,63,1.0
dca,NatGas (GAS_US),2020-12-01,True,True,1.0119047619047619,1.0119047619047619,1.2305957300174055,68,1.0
dca,NatGas (GAS_US),2021-01-04,True,True,0.9246031746031746,0.9246031746031746,1.196133631870109,66,1.0
dca,NatGas (GAS_US),2021-02-01,True,True,0.8492063492063492,0.8492063492063492,1.1811808535525075,62,1.0
dca,NatGas (GAS_US),2021-03-01,True,True,0.7738095238095238,0.7738095238095238,1.1664658678803417,61,1.0
dca,NatGas (GAS_US),2021-04-01,True,True,0.6825396825396826,0.6825396825396826,1.1526619345082032,61,1.0
dca,NatGas (GAS_US),2021-05-03,True,True,0.5992063492063492,0.5992063492063492,1.1377754718930715,57,1.0
dca,NatGas (GAS_US),2021-06-01,True,True,0.5198412698412699,0.5198412698412699,1.128616813322568,55,1.0
dca,NatGas (GAS_US),2021-07-01,True,True,0.43253968253968256,0.43253968253968256,1.1149626650750737,50,1.0
dca,NatGas (GAS_US),2021-08-02,True,True,0.3492063492063492,0.3492063492063492,1.1041236958973522,46,1.0
dca,NatGas (GAS_US),2021-09-01,True,True,0.2619047619047619,0.2619047619047619,1.0892827044819002,42,1.0
dca,NatGas (GAS_US),2021-10-01,True,True,0.17857142857142858,0.17857142857142858,1.0612672960635687,5,1.0
dca,NatGas (GAS_US),2021-11-01,True,True,0.09523809523809523,0.09523809523809523,1.0266545405933998,3,1.0
dca,NatGas (GAS_US),2021-12-01,True,True,0.5555555555555556,0.5555555555555556,1.2268161472583967,35,1.0
dca,NatGas (GAS_US),2022-01-03,True,True,0.46825396825396826,0.46825396825396826,1.2089822965874846,35,1.0
dca,NatGas (GAS_US),2022-02-01,True,True,0.3888888888888889,0.3888888888888889,1.1822883725153173,29,1.0
dca,NatGas (GAS_US),2022-03-01,True,True,0.3134920634920635,0.3134920634920635,1.134271591152509,25,1.0
dca,NatGas (GAS_US),2022-04-01,True,True,0.2222222222222222,0.2222222222222222,1.1108949941376078,18,1.0
dca,NatGas (GAS_US),2022-05-02,True,True,0.14285714285714285,0.14285714285714285,1.0624366495405964,9,1.0
dca,NatGas (GAS_US),2022-06-01,True,True,0.05952380952380952,0.05952380952380952,1.0025869462974952,1,1.0
dca,NatGas (GAS_US),2022-07-01,True,True,0.29365079365079366,0.29365079365079366,1.0856875618693165,14,1.0
dca,NatGas (GAS_US),2022-08-01,True,True,0.21428571428571427,0.21428571428571427,1.0573937052358604,6,1.0
dca,NatGas (GAS_US),2022-09-01,True,True,0.12301587301587301,0.12301587301587301,1.0218574484829768,1,1.0
dca,NatGas (GAS_US),2022-10-03,True,True,0.24206349206349206,0.24206349206349206,1.1622138226200196,11,1.0
dca,NatGas (GAS_US),2022-11-01,True,True,0.09523809523809523,0.09523809523809523,1.026382451645696,9,1.0
dca,NatGas (GAS_US),2022-12-01,True,True,0.07142857142857142,0.07142857142857142,1.0416696197557207,3,1.0
dca,NatGas (GAS_US),2023-01-03,True,True,0.07936507936507936,0.07936507936507936,1.005498143111568,1,1.0
dca,NatGas (GAS_US),2023-02-01,True,True,0.17063492063492064,0.17063492063492064,1.0428517782741726,7,1.0
dca,NatGas (GAS_US),2023-03-01,True,True,0.08333333333333333,0.08333333333333333,1.0026177910023826,1,1.0
grid_hedged,"WTI (Dec, CRUDE_W)",1991-01-02,True,True,0.7658730158730159,0.7658730158730159,1.0164896716348444,24,1.0
grid_hedged,"WTI (Dec, CRUDE_W)",1991-02-01,True,True,0.6706349206349206,0.6706349206349206,1.025497813644766,16,1.0
grid_hedged,"WTI (Dec, CRUDE_W)",1991-03-01,True,True,0.623015873015873,0.623015873015873,1.0143255809588316,20,1.0
grid_hedged,"WTI (Dec, CRUDE_W)",1991-04-01,True,True,2.876984126984127,2.876984126984127,1.0019338608650337,76,1.0
grid_hedged,"WTI (Dec, CRUDE_W)",1991-05-01,True,True,2.8968253968253967,2.8968253968253967,1.1694502130616218,79,1.0
grid_hedged,"WTI (Dec, CRUDE_W)",1991-06-03,True,True,5.23015873015873,5.23015873015873,1.1695975880301015,82,1.0
grid_hedged,"WTI (Dec, CRUDE_W)",1991-07-01,True,True,2.7301587301587302,2.7301587301587302,1.1878073816728885,78,1.0
grid_hedged,"WTI (Dec, CRUDE_W)",1991-08-01,True,True,2.642857142857143,2.642857142857143,1.180035801448215,77,1.0
grid_hedged,"WTI (Dec, CRUDE_W)",1991-09-03,True,True,2.5555555555555554,2.5555555555555554,1.1351487623159664,75,1.0
grid_hedged,"WTI (Dec, CRUDE_W)",1991-10-01,True,True,2.4761904761904763,2.4761904761904763,1.1119151960099356,73,1.0
grid_hedged,"WTI (Dec, CRUDE_W)",1991-11-01,True,True,2.3373015873015874,2.3373015873015874,1.0731283211481741,69,1.0
grid_hedged,"WTI (Dec, CRUDE_W)",1991-12-02,True,True,2.3055555555555554,2.3055555555555554,1.1086324992544847,70,1.0
grid_hedged,"WTI (Dec, CRUDE_W)",1992-01-02,True,True,2.1746031746031744,2.1746031746031744,1.129148962553101,67,1.0
grid_hedged,"WTI (Dec, CRUDE_W)",1992-02-03,True,True,2.134920634920635,2.134920634920635,1.1570601578130892,71,1.0
grid_hedged,"WTI (Dec, CRUDE_W)",1992-03-02,True,True,2.0,2.0,1.0995482059959145,59,1.0
grid_hedged,"WTI (Dec, CRUDE_W)",1992-04-01,True,True,1.9722222222222223,1.9722222222222223,1.1397559424673271,65,1.0
grid_hedged,"WTI (Dec, CRUDE_W)",1992-05-01,True,True,1.8888888888888888,1.8888888888888888,1.0969643472566792,63,1.0
grid_hedged,"WTI (Dec, CRUDE_W)",1992-06-01,True,True,1.757936507936508,1.757936507936508,1.1070203273312487,62,1.0
grid_hedged,"WTI (Dec, CRUDE_W)",1992-07-01,True,True,1.6706349206349207,1.6706349206349207,1.110591240189304,59,1.0
grid_hedged,"WTI (Dec, CRUDE_W)",1992-08-03,True,True,1.5753968253968254,1.5753968253968254,1.055553814889741,57,1.0
grid_hedged,"WTI (Dec, CRUDE_W)",1992-09-01,True,True,1.492063492063492,1.492063492063492,1.0672571431540714,54,1.0
grid_hedged,"WTI (Dec, CRUDE_W)",1992-10-01,True,True,1.4682539682539681,1.4682539682539681,1.0782584088224034,59,1.0
grid_hedged,"WTI (Dec, CRUDE_W)",1992-11-02,True,True,1.2817460317460319,1.2817460317460319,1.0413806680145201,49,1.0
grid_hedged,"WTI (Dec, CRUDE_W)",1992-12-01,True,True,1.253968253968254,1.253968253968254,1.0582851995771037,57,1.0
grid_hedged,"WTI (Dec, CRUDE_W)",1993-01-04,True,True,1.1666666666666667,1.1666666666666667,1.0345456472501218,56,1.0
grid_hedged,"WTI (Dec, CRUDE_W)",1993-02-01,True,True,1.0357142857142858,1.0357142857142858,1.0207594822506498,45,1.0
grid_hedged,"WTI (Dec, CRUDE_W)",1993-03-02,True,True,1.0158730158730158,1.0158730158730158,1.0152148825471816,55,1.0
grid_hedged,"WTI (Dec, CRUDE_W)",1993-04-01,True,True,0.8809523809523809,0.8809523809523809,0.9997,52,1.0
grid_hedged,"WTI (Dec, CRUDE_W)",1993-05-03,True,True,0.7896825396825397,0.7896825396825397,1.0034794980603998,45,1.0
grid_hedged,"WTI (Dec, CRUDE_W)",1993-06-01,True,True,0.7579365079365079,0.7579365079365079,0.9997,50,1.0
grid_hedged,"WTI (Dec, CRUDE_W)",1993-07-01,True,True,3.1507936507936507,3.1507936507936507,1.0438685990794276,56,1.0
grid_hedged,"WTI (Dec, CRUDE_W)",1993-08-02,True,True,3.0277777777777777,3.0277777777777777,1.03740922664851,54,1.0
grid_hedged,"WTI (Dec, CRUDE_W)",1993-09-02,True,True,2.9801587301587302,2.9801587301587302,1.0565325191617725,53,1.0
grid_hedged,"WTI (Dec, CRUDE_W)",1993-10-01,True,True,2.857142857142857,2.857142857142857,0.9999717282121968,46,1.0
grid_hedged,"WTI (Dec, CRUDE_W)",1993-11-01,True,True,2.7777777777777777,2.7777777777777777,1.0084196960286278,53,1.0
grid_hedged,"WTI (Dec, CRUDE_W)",1993-12-01,True,True,2.6944444444444446,2.6944444444444446,1.0332801119915034,49,1.0
grid_hedged,"WTI (Dec, CRUDE_W)",1994-01-03,True,True,0.5753968253968254,0.5753968253968254,1.0131228212622425,43,1.0
grid_hedged,"WTI (Dec, CRUDE_W)",1994-02-01,True,True,0.49206349206349204,0.49206349206349204,0.9997,42,1.0
grid_hedged,"WTI (Dec, CRUDE_W)",1994-03-01,True,True,0.4126984126984127,0.4126984126984127,1.0106386378776624,42,1.0
grid_hedged,"WTI (Dec, CRUDE_W)",1994-04-04,True,True,2.4166666666666665,2.4166666666666665,1.177176018633978,43,1.0
grid_hedged,"WTI (Dec, CRUDE_W)",1994-05-02,True,True,2.3293650793650795,2.3293650793650795,1.093328133235425,40,1.0
grid_hedged,"WTI (Dec, CRUDE_W)",1994-06-01,True,True,2.257936507936508,2.257936507936508,1.1185265740499752,41,1.0
grid_hedged,"WTI (Dec, CRUDE_W)",1994-07-01,True,True,2.1785714285714284,2.1785714285714284,1.2037785449994463,41,1.0
grid_hedged,"WTI (Dec, CRUDE_W)",1994-08-01,True,True,2.0912698412698414,2.0912698412698414,1.0883926922776117,38,1.0
grid_hedged,"WTI (Dec, CRUDE_W)",1994-09-01,True,True,2.0,2.0,1.1825223737116632,34,1.0
grid_hedged,"WTI (Dec, CRUDE_W)",1994-10-03,True,True,1.9047619047619047,1.9047619047619047,1.0276251827311924,23,1.0
grid_hedged,"WTI (Dec, CRUDE_W)",1994-11-01,True,True,1.8214285714285714,1.8214285714285714,1.1007279050728405,28,1.0
grid_hedged,"WTI (Dec, CRUDE_W)",1994-12-01,True,True,1.742063492063492,1.742063492063492,1.0645771723901905,26,1.0
grid_hedged,"WTI (Dec, CRUDE_W)",1995-01-03,True,True,1.6666666666666667,1.6666666666666667,1.1403914788499974,27,1.0
grid_hedged,"WTI (Dec, CRUDE_W)",1995-02-01,True,True,1.5833333333333333,1.5833333333333333,1.1423301991788781,27,1.0
grid_hedged,"WTI (Dec, CRUDE_W)",1995-03-01,True,True,1.5,1.5,1.1261413464528625,25,1.0
grid_hedged,"WTI (Dec, CRUDE_W)",1995-04-03,True,True,1.4087301587301588,1.4087301587301588,1.0741924429860807,25,1.0
grid_hedged,"WTI (Dec, CRUDE_W)",1995-05-01,True,True,1.3333333333333333,1.3333333333333333,1.0838228483353227,21,1.0
grid_hedged,"WTI (Dec, CRUDE_W)",1995-06-01,True,True,1.253968253968254,1.253968253968254,1.1131793990385237,24,1.0
grid_hedged,"WTI (Dec, CRUDE_W)",1995-07-05,True,True,1.1587301587301588,1.1587301587301588,1.0726704544209351,21,1.0
grid_hedged,"WTI (Dec, CRUDE_W)",1995-08-01,True,True,1.0436507936507937,1.0436507936507937,1.0342016906485352,18,1.0
grid_hedged,"WTI (Dec, CRUDE_W)",1995-09-01,True,True,0.9920634920634921,0.9920634920634921,1.0739711492419743,19,1.0
grid_hedged,"WTI (Dec, CRUDE_W)",1995-10-02,True,True,0.873015873015873,0.873015873015873,1.0214367486771732,18,1.0
grid_hedged,"WTI (Dec, CRUDE_W)",1995-11-01,True,True,0.8253968253968254,0.8253968253968254,1.0648715773629236,17,1.0
grid_hedged,"WTI (Dec, CRUDE_W)",1995-12-01,True,True,0.746031746031746,0.746031746031746,1.0483015644418008,18,1.0
grid_hedged,"WTI (Dec, CRUDE_W)",1996-01-02,True,True,0.6746031746031746,0.6746031746031746,1.0572040496300636,16,1.0
grid_hedged,"WTI (Dec, CRUDE_W)",1996-02-01,True,True,0.5833333333333334,0.5833333333333334,1.0036998914784903,13,1.0
grid_hedged,"WTI (Dec, CRUDE_W)",1996-03-01,True,True,0.503968253968254,0.503968253968254,1.0243356700395436,12,1.0
grid_hedged,"WTI (Dec, CRUDE_W)",1996-04-01,True,True,0.44047619047619047,0.44047619047619047,1.0233498864195536,12,1.0
grid_hedged,"WTI (Dec, CRUDE_W)",1996-05-01,True,True,0.36507936507936506,0.36507936507936506,1.0380585361606418,12,1.0
grid_hedged,"WTI (Dec, CRUDE_W)",1996-06-03,True,True,0.27380952380952384,0.27380952380952384,1.004038794767531,10,1.0
grid_hedged,"WTI (Dec, CRUDE_W)",1996-07-01,True,True,0.25793650793650796,0.25793650793650796,1.0081129142213408,10,1.0
grid_hedged,"WTI (Dec, CRUDE_W)",1996-08-01,True,True,0.1865079365079365,0.1865079365079365,0.9997,10,1.0
grid_hedged,"WTI (Dec, CRUDE_W)",1996-09-03,True,True,1.9285714285714286,1.9285714285714286,1.2657224938110156,67,1.0
grid_hedged,"WTI (Dec, CRUDE_W)",1996-10-01,True,True,1.8492063492063493,1.8492063492063493,1.307152218987938,60,1.0
grid_hedged,"WTI (Dec, CRUDE_W)",1996-11-01,True,True,1.6984126984126984,1.6984126984126984,1.2644384443706578,53,1.0
grid_hedged,"WTI (Dec, CRUDE_W)",1996-12-02,True,True,1.623015873015873,1.623015873015873,1.1513430590168872,50,1.0
grid_hedged,"WTI (Dec, CRUDE_W)",1997-01-02,True,True,1.5396825396825398,1.5396825396825398,1.1975054958672462,47,1.0
grid_hedged,"WTI (Dec, CRUDE_W)",1997-02-03,True,True,1.4523809523809523,1.4523809523809523,1.1456356815998263,47,1.0
grid_hedged,"WTI (Dec, CRUDE_W)",1997-03-03,True,True,1.3531746031746033,1.3531746031746033,1.1490826029075136,48,1.0
grid_hedged,"WTI (Dec, CRUDE_W)",1997-04-01,True,True,1.2619047619047619,1.2619047619047619,1.0965952769041736,43,1.0
grid_hedged,"WTI (Dec, CRUDE_W)",1997-05-01,True,True,0.8690476190476191,0.8690476190476191,1.0866112471354095,32,1.0
grid_hedged,"WTI (Dec, CRUDE_W)",1997-06-02,True,True,1.0873015873015872,1.0873015873015872,1.047815860005419,36,1.0
grid_hedged,"WTI (Dec, CRUDE_W)",1997-07-01,True,True,0.6984126984126984,0.6984126984126984,1.0196344307798257,30,1.0
grid_hedged,"WTI (Dec, CRUDE_W)",1997-08-01,True,True,0.6111111111111112,0.6111111111111112,0.9997,24,1.0
grid_hedged,"WTI (Dec, CRUDE_W)",1997-09-02,True,True,0.5277777777777778,0.5277777777777778,0.9997,22,1.0
grid_hedged,"WTI (Dec, CRUDE_W)",1997-10-01,True,True,0.4444444444444444,0.4444444444444444,1.017587004066176,21,1.0
grid_hedged,"WTI (Dec, CRUDE_W)",1997-11-03,True,True,0.7579365079365079,0.7579365079365079,1.0042619847338652,27,1.0
grid_hedged,"WTI (Dec, CRUDE_W)",1997-12-01,True,True,0.6904761904761905,0.6904761904761905,1.0034291078749167,30,1.0
grid_hedged,"WTI (Dec, CRUDE_W)",1998-01-02,True,True,0.9047619047619048,0.9047619047619048,1.0289004095727845,33,1.0
grid_hedged,"WTI (Dec, CRUDE_W)",1998-02-02,True,True,0.8293650793650794,0.8293650793650794,1.0218379266752513,39,1.0
grid_hedged,"WTI (Dec, CRUDE_W)",1998-03-02,True,True,0.7817460317460317,0.7817460317460317,1.0725752916815645,38,1.0
grid_hedged,"WTI (Dec, CRUDE_W)",1998-04-01,True,True,0.6666666666666666,0.6666666666666666,1.0061641741097493,36,1.0
grid_hedged,"WTI (Dec, CRUDE_W)",1998-05-01,True,True,0.5912698412698413,0.5912698412698413,0.9997,32,1.0
grid_hedged,"WTI (Dec, CRUDE_W)",1998-06-01,True,True,0.5515873015873016,0.5515873015873016,0.9997,31,1.0
grid_hedged,"WTI (Dec, CRUDE_W)",1998-07-01,True,True,0.5992063492063492,0.5992063492063492,1.0470821996901434,29,1.0
grid_hedged,"WTI (Dec, CRUDE_W)",1998-08-03,True,True,0.4603174603174603,0.4603174603174603,1.0254010617118225,26,1.0
grid_hedged,"WTI (Dec, CRUDE_W)",1998-09-01,True,True,0.376984126984127,0.376984126984127,1.0112668561862057,27,1.0
grid_hedged,"WTI (Dec, CRUDE_W)",1998-10-01,True,True,0.29365079365079366,0.29365079365079366,0.9997,20,1.0
grid_hedged,"WTI (Dec, CRUDE_W)",1998-11-02,True,True,0.48412698412698413,0.48412698412698413,1.0063576813787452,23,1.0
grid_hedged,"WTI (Dec, CRUDE_W)",1998-12-01,True,True,0.36904761904761907,0.36904761904761907,1.0377034951390864,17,1.0
grid_hedged,"WTI (Dec, CRUDE_W)",1999-01-04,True,True,0.28174603174603174,0.28174603174603174,1.0073905780861394,14,1.0
grid_hedged,"WTI (Dec, CRUDE_W)",1999-02-01,True,True,0.15873015873015872,0.15873015873015872,1.0212190605860922,10,1.0
grid_hedged,"WTI (Dec, CRUDE_W)",1999-03-01,True,True,0.1626984126984127,0.1626984126984127,0.9997,10,1.0
grid_hedged,"WTI (Dec, CRUDE_W)",1999-04-01,True,True,0.2896825396825397,0.2896825396825397,1.0063062737836412,10,1.0
grid_hedged,"WTI (Dec, CRUDE_W)",1999-05-03,True,True,0.2777777777777778,0.2777777777777778,1.0165699648818556,10,1.0
grid_hedged,"WTI (Dec, CRUDE_W)",1999-06-01,True,True,0.1626984126984127,0.1626984126984127,0.9997,8,1.0
grid_hedged,"WTI (Dec, CRUDE_W)",1999-07-01,True,True,0.23015873015873015,0.23015873015873015,1.0030786921464172,24,1.0
grid_hedged,"WTI (Dec, CRUDE_W)",1999-08-02,True,True,0.5,0.5,1.0201210755189043,22,1.0
grid_hedged,"WTI (Dec, CRUDE_W)",1999-09-01,True,True,0.44047619047619047,0.44047619047619047,1.0665205343403252,21,1.0
grid_hedged,"WTI (Dec, CRUDE_W)",1999-10-01,True,True,0.35714285714285715,0.35714285714285715,1.0183200968894928,18,1.0
grid_hedged,"WTI (Dec, CRUDE_W)",1999-11-01,True,True,0.31746031746031744,0.31746031746031744,1.0356503601009612,10,1.0
grid_hedged,"WTI (Dec, CRUDE_W)",1999-12-01,True,True,0.23809523809523808,0.23809523809523808,0.9997,7,1.0
grid_hedged,"WTI (Dec, CRUDE_W)",2000-01-04,True,True,0.17063492063492064,0.17063492063492064,0.9997,13,1.0
grid_hedged,"WTI (Dec, CRUDE_W)",2000-02-01,True,True,0.5476190476190477,0.5476190476190477,1.0232321177594588,23,1.0
grid_hedged,"WTI (Dec, CRUDE_W)",2000-03-01,True,True,0.3333333333333333,0.3333333333333333,0.9997,15,1.0
grid_hedged,"WTI (Dec, CRUDE_W)",2000-04-03,True,True,0.23412698412698413,0.23412698412698413,1.0045382608504614,14,1.0
grid_hedged,"WTI (Dec, CRUDE_W)",2000-05-01,True,True,0.3253968253968254,0.3253968253968254,0.9997,16,1.0
grid_hedged,"WTI (Dec, CRUDE_W)",2000-06-01,True,True,2.5833333333333335,2.5833333333333335,1.4270136927072874,95,1.0
grid_hedged,"WTI (Dec, CRUDE_W)",2000-07-05,True,True,2.1904761904761907,2.1904761904761907,1.2925436625269775,85,1.0
grid_hedged,"WTI (Dec, CRUDE_W)",2000-08-01,True,True,0.13095238095238096,0.13095238095238096,0.9997,86,1.0
grid_hedged,"WTI (Dec, CRUDE_W)",2000-09-01,True,True,2.3253968253968256,2.3253968253968256,1.3249784149185508,83,1.0
grid_hedged,"WTI (Dec, CRUDE_W)",2000-10-02,True,True,1.9444444444444444,1.9444444444444444,1.197708824289484,74,1.0
grid_hedged,"WTI (Dec, CRUDE_W)",2000-11-01,True,True,1.0238095238095237,1.0238095238095237,1.0939432631914232,65,1.0
grid_hedged,"WTI (Dec, CRUDE_W)",2000-12-01,True,True,0.9444444444444444,0.9444444444444444,1.0887495085249763,57,1.0
grid_hedged,"WTI (Dec, CRUDE_W)",2001-01-02,True,True,0.8373015873015873,0.8373015873015873,1.0877997416509029,61,1.0
grid_hedged,"WTI (Dec, CRUDE_W)",2001-02-01,True,True,0.75,0.75,1.1178796771961517,55,1.0
grid_hedged,"WTI (Dec, CRUDE_W)",2001-03-01,True,True,0.6785714285714286,0.6785714285714286,1.1186612267226572,55,1.0
grid_hedged,"WTI (Dec, CRUDE_W)",2001-04-02,True,True,0.5793650793650794,0.5793650793650794,1.0803068572319237,49,1.0
grid_hedged,"WTI (Dec, CRUDE_W)",2001-05-01,True,True,0.49603174603174605,0.49603174603174605,0.9997,44,1.0
grid_hedged,"WTI (Dec, CRUDE_W)",2001-06-01,True,True,0.4126984126984127,0.4126984126984127,1.019664253172838,45,1.0
grid_hedged,"WTI (Dec, CRUDE_W)",2001-07-02,True,True,0.3253968253968254,0.3253968253968254,1.0378077611935226,43,1.0
grid_hedged,"WTI (Dec, CRUDE_W)",2001-08-01,True,True,0.1349206349206349,0.1349206349206349,1.024152713403875,15,1.0
grid_hedged,"WTI (Dec, CRUDE_W)",2001-09-04,True,True,0.04365079365079365,0.04365079365079365,0.9997,9,1.0
grid_hedged,"WTI (Dec, CRUDE_W)",2001-10-01,True,True,0.6071428571428571,0.6071428571428571,1.0978394174791763,37,1.0
grid_hedged,"WTI (Dec, CRUDE_W)",2001-11-01,True,True,0.3968253968253968,0.3968253968253968,1.1082812580420973,30,1.0
grid_hedged,"WTI (Dec, CRUDE_W)",2001-12-03,True,True,0.4365079365079365,0.4365079365079365,1.0788810742338368,25,1.0
grid_hedged,"WTI (Dec, CRUDE_W)",2002-01-02,True,True,0.24206349206349206,0.24206349206349206,1.0316552910353216,20,1.0
grid_hedged,"WTI (Dec, CRUDE_W)",2002-02-01,True,True,0.5396825396825397,0.5396825396825397,1.0212587893659333,23,1.0
grid_hedged,"WTI (Dec, CRUDE_W)",2002-03-01,True,True,0.5158730158730159,0.5158730158730159,1.0218951045392677,25,1.0
grid_hedged,"WTI (Dec, CRUDE_W)",2002-04-01,True,True,0.45634920634920634,0.45634920634920634,0.9997,19,1.0
grid_hedged,"WTI (Dec, CRUDE_W)",2002-05-01,True,True,0.7261904761904762,0.7261904761904762,1.0549737207430085,19,1.0
grid_hedged,"WTI (Dec, CRUDE_W)",2002-06-03,True,True,0.623015873015873,0.623015873015873,1.0013699063121135,15,1.0
grid_hedged,"WTI (Dec, CRUDE_W)",2002-07-01,True,True,0.5873015873015873,0.5873015873015873,1.023742364206027,13,1.0
grid_hedged,"WTI (Dec, CRUDE_W)",2002-08-01,True,True,0.4880952380952381,0.4880952380952381,0.9997,12,1.0
grid_hedged,"WTI (Dec, CRUDE_W)",2002-09-03,True,True,0.5,0.5,1.0300967377803725,32,1.0
grid_hedged,"WTI (Dec, CRUDE_W)",2002-10-01,True,True,1.0238095238095237,1.0238095238095237,1.016487256312368,32,1.0
grid_hedged,"WTI (Dec, CRUDE_W)",2002-11-01,True,True,0.34523809523809523,0.34523809523809523,1.0026358327496934,31,1.0
grid_hedged,"WTI (Dec, CRUDE_W)",2002-12-02,True,True,0.9523809523809523,0.9523809523809523,1.036043231281494,32,1.0
grid_hedged,"WTI (Dec, CRUDE_W)",2003-01-02,True,True,0.9484126984126984,0.9484126984126984,1.1124155883978655,40,1.0
grid_hedged,"WTI (Dec, CRUDE_W)",2003-02-03,True,True,0.7976190476190477,0.7976190476190477,1.0222396479824891,32,1.0
grid_hedged,"WTI (Dec, CRUDE_W)",2003-03-03,True,True,0.7857142857142857,0.7857142857142857,1.0075898320881445,32,1.0
grid_hedged,"WTI (Dec, CRUDE_W)",2003-04-01,True,True,0.6388888888888888,0.6388888888888888,1.0390970145881961,24,1.0
grid_hedged,"WTI (Dec, CRUDE_W)",2003-05-01,True,True,0.5555555555555556,0.5555555555555556,1.0036373769194453,21,1.0
grid_hedged,"WTI (Dec, CRUDE_W)",2003-06-02,True,True,0.6190476190476191,0.6190476190476191,1.0627034440033403,23,1.0
grid_hedged,"WTI (Dec, CRUDE_W)",2003-07-01,True,True,0.5396825396825397,0.5396825396825397,1.0374630475437454,22,1.0
grid_hedged,"WTI (Dec, CRUDE_W)",2003-08-01,True,True,0.42857142857142855,0.42857142857142855,0.9997,17,1.0
grid_hedged,"WTI (Dec, CRUDE_W)",2003-09-02,True,True,0.3412698412698413,0.3412698412698413,0.9997,17,1.0
grid_hedged,"WTI (Dec, CRUDE_W)",2003-10-01,True,True,0.39285714285714285,0.39285714285714285,1.000112598940552,14,1.0
grid_hedged,"WTI (Dec, CRUDE_W)",2003-11-03,True,True,0.3531746031746032,0.3531746031746032,1.0140416754714383,12,1.0
grid_hedged,"WTI (Dec, CRUDE_W)",2003-12-01,True,True,0.3492063492063492,0.3492063492063492,0.9997,11,1.0
grid_hedged,"WTI (Dec, CRUDE_W)",2004-01-05,True,True,0.3531746031746032,0.3531746031746032,1.0272619208803306,10,1.0
grid_hedged,"WTI (Dec, CRUDE_W)",2004-02-02,True,True,0.2777777777777778,0.2777777777777778,1.0038184437145188,12,1.0
grid_hedged,"WTI (Dec, CRUDE_W)",2004-03-01,True,True,0.44047619047619047,0.44047619047619047,1.0530607132744148,24,1.0
grid_hedged,"WTI (Dec, CRUDE_W)",2004-04-01,True,True,0.1626984126984127,0.1626984126984127,0.9997,13,1.0
grid_hedged,"WTI (Dec, CRUDE_W)",2004-05-03,True,True,0.2976190476190476,0.2976190476190476,1.0587320594871046,22,1.0
grid_hedged,"WTI (Dec, CRUDE_W)",2004-06-01,True,True,0.32142857142857145,0.32142857142857145,1.028487270584305,20,1.0
grid_hedged,"WTI (Dec, CRUDE_W)",2004-07-01,True,True,0.25,0.25,1.008922130730858,15,1.0
grid_hedged,"WTI (Dec, CRUDE_W)",2004-08-02,True,True,0.21825396825396826,0.21825396825396826,1.048177166753278,32,1.0
grid_hedged,"WTI (Dec, CRUDE_W)",2004-09-01,True,True,0.1349206349206349,0.1349206349206349,0.9997,24,1.0
grid_hedged,"WTI (Dec, CRUDE_W)",2004-10-01,True,True,0.44047619047619047,0.44047619047619047,1.1497911750826588,25,1.0
grid_hedged,"WTI (Dec, CRUDE_W)",2004-11-01,True,True,0.3373015873015873,0.3373015873015873,1.0452795669312271,19,1.0
grid_hedged,"WTI (Dec, CRUDE_W)",2004-12-01,True,True,0.25396825396825395,0.25396825396825395,1.054932231663904,14,1.0
grid_hedged,"WTI (Dec, CRUDE_W)",2005-01-03,True,True,0.15873015873015872,0.15873015873015872,1.0039882207329172,6,1.0
grid_hedged,"WTI (Dec, CRUDE_W)",2005-02-01,True,True,0.13095238095238096,0.13095238095238096,0.9997,20,1.0
grid_hedged,"WTI (Dec, CRUDE_W)",2005-03-01,True,True,0.44841269841269843,0.44841269841269843,1.0859422962314205,24,1.0
grid_hedged,"WTI (Dec, CRUDE_W)",2005-04-01,True,True,0.4007936507936508,0.4007936507936508,1.0294929950046732,39,1.0
grid_hedged,"WTI (Dec, CRUDE_W)",2005-05-02,True,True,0.2777777777777778,0.2777777777777778,1.0077554660055057,32,1.0
grid_hedged,"WTI (Dec, CRUDE_W)",2005-06-01,True,True,1.1071428571428572,1.1071428571428572,1.2488603880652234,66,1.0
grid_hedged,"WTI (Dec, CRUDE_W)",2005-07-01,True,True,1.5158730158730158,1.5158730158730158,1.2180038956225556,57,1.0
grid_hedged,"WTI (Dec, CRUDE_W)",2005-08-01,True,True,0.9444444444444444,0.9444444444444444,1.1233771599104647,54,1.0
grid_hedged,"WTI (Dec, CRUDE_W)",2005-09-01,True,True,1.3412698412698412,1.3412698412698412,1.0600878441502783,49,1.0
grid_hedged,"WTI (Dec, CRUDE_W)",2005-10-03,True,True,0.7658730158730159,0.7658730158730159,1.0825237894108939,46,1.0
grid_hedged,"WTI (Dec, CRUDE_W)",2005-11-01,True,True,0.4603174603174603,0.4603174603174603,1.0492210493155647,48,1.0
grid_hedged,"WTI (Dec, CRUDE_W)",2005-12-01,True,True,0.6031746031746031,0.6031746031746031,1.058204332004835,44,1.0
grid_hedged,"WTI (Dec, CRUDE_W)",2006-01-03,True,True,0.996031746031746,0.996031746031746,1.0590890783906746,33,1.0
grid_hedged,"WTI (Dec, CRUDE_W)",2006-02-01,True,True,0.9166666666666666,0.9166666666666666,1.0303459101795895,32,1.0
grid_hedged,"WTI (Dec, CRUDE_W)",2006-03-01,True,True,0.8373015873015873,0.8373015873015873,1.0221999579061496,24,1.0
grid_hedged,"WTI (Dec, CRUDE_W)",2006-04-03,True,True,0.746031746031746,0.746031746031746,1.0375869106159834,23,1.0
grid_hedged,"WTI (Dec, CRUDE_W)",2006-05-01,True,True,0.6746031746031746,0.6746031746031746,1.0811801658336,35,1.0
grid_hedged,"WTI (Dec, CRUDE_W)",2006-06-01,True,True,0.36507936507936506,0.36507936507936506,1.0321810085738248,18,1.0
grid_hedged,"WTI (Dec, CRUDE_W)",2006-07-05,True,True,0.25396825396825395,0.25396825396825395,1.023994478334611,14,1.0
grid_hedged,"WTI (Dec, CRUDE_W)",2006-08-01,True,True,0.42063492063492064,0.42063492063492064,0.9997,12,1.0
grid_hedged,"WTI (Dec, CRUDE_W)",2006-09-01,True,True,0.3531746031746032,0.3531746031746032,0.9997,25,1.0
grid_hedged,"WTI (Dec, CRUDE_W)",2006-10-02,True,True,0.8174603174603174,0.8174603174603174,1.0450412211625253,23,1.0
grid_hedged,"WTI (Dec, CRUDE_W)",2006-11-01,True,True,0.6984126984126984,0.6984126984126984,1.0097746495922393,19,1.0
grid_hedged,"WTI (Dec, CRUDE_W)",2006-12-01,True,True,0.6507936507936508,0.6507936507936508,1.003056440400473,20,1.0
grid_hedged,"WTI (Dec, CRUDE_W)",2007-01-03,True,True,0.5357142857142857,0.5357142857142857,1.0041991440652156,17,1.0
grid_hedged,"WTI (Dec, CRUDE_W)",2007-02-01,True,True,0.6349206349206349,0.6349206349206349,1.0138764953600725,18,1.0
grid_hedged,"WTI (Dec, CRUDE_W)",2007-03-01,True,True,0.626984126984127,0.626984126984127,1.0221099647455458,16,1.0
grid_hedged,"WTI (Dec, CRUDE_W)",2007-04-02,True,True,0.5714285714285714,0.5714285714285714,1.0768445862279477,18,1.0
grid_hedged,"WTI (Dec, CRUDE_W)",2007-05-01,True,True,0.49206349206349204,0.49206349206349204,1.034461157165162,17,1.0
grid_hedged,"WTI (Dec, CRUDE_W)",2007-06-01,True,True,0.40476190476190477,0.40476190476190477,1.0100806130624824,13,1.0
grid_hedged,"WTI (Dec, CRUDE_W)",2007-07-02,True,True,0.32142857142857145,0.32142857142857145,1.0095115169083941,10,1.0
grid_hedged,"WTI (Dec, CRUDE_W)",2007-08-01,True,True,0.23809523809523808,0.23809523809523808,0.9997,8,1.0
grid_hedged,"WTI (Dec, CRUDE_W)",2007-09-04,True,True,0.17063492063492064,0.17063492063492064,0.9997,6,1.0
grid_hedged,"WTI (Dec, CRUDE_W)",2007-10-01,True,True,0.25396825396825395,0.25396825396825395,0.9997,13,1.0
grid_hedged,"WTI (Dec, CRUDE_W)",2007-11-01,True,True,0.45634920634920634,0.45634920634920634,1.0754703790932032,26,1.0
grid_hedged,"WTI (Dec, CRUDE_W)",2007-12-03,True,True,0.38095238095238093,0.38095238095238093,1.039598044987016,21,1.0
grid_hedged,"WTI (Dec, CRUDE_W)",2008-01-02,True,True,0.29365079365079366,0.29365079365079366,0.9997,20,1.0
grid_hedged,"WTI (Dec, CRUDE_W)",2008-02-01,True,True,0.21428571428571427,0.21428571428571427,0.9997,13,1.0
grid_hedged,"WTI (Dec, CRUDE_W)",2008-03-03,True,True,0.20634920634920634,0.20634920634920634,1.0524695149667065,14,1.0
grid_hedged,"WTI (Dec, CRUDE_W)",2008-04-01,True,True,0.10714285714285714,0.10714285714285714,1.000229211979334,8,1.0
grid_hedged,"WTI (Dec, CRUDE_W)",2008-05-02,True,True,0.16666666666666666,0.16666666666666666,0.9997,24,1.0
grid_hedged,"WTI (Dec, CRUDE_W)",2008-06-02,True,True,0.28174603174603174,0.28174603174603174,1.023870279266384,23,1.0
grid_hedged,"WTI (Dec, CRUDE_W)",2008-07-01,True,True,0.19047619047619047,0.19047619047619047,1.0362330239770823,19,1.0
grid_hedged,"WTI (Dec, CRUDE_W)",2008-08-01,True,True,0.12301587301587301,0.12301587301587301,1.0007850801911216,19,1.0
grid_hedged,"WTI (Dec, CRUDE_W)",2008-09-02,True,True,0.1111111111111111,0.1111111111111111,0.9997,22,1.0
grid_hedged,"WTI (Dec, CRUDE_W)",2008-10-01,True,True,0.04365079365079365,0.04365079365079365,0.9997,10,1.0
grid_hedged,"WTI (Dec, CRUDE_W)",2008-11-03,True,True,0.051587301587301584,0.051587301587301584,0.9997,17,1.0
grid_hedged,"WTI (Dec, CRUDE_W)",2008-12-01,True,True,0.4880952380952381,0.4880952380952381,1.146180606837687,47,1.0
grid_hedged,"WTI (Dec, CRUDE_W)",2009-01-02,True,True,0.12301587301587301,0.12301587301587301,1.0009079617433887,24,1.0
grid_hedged,"WTI (Dec, CRUDE_W)",2009-02-02,True,True,0.1349206349206349,0.1349206349206349,1.0047721469667352,23,1.0
grid_hedged,"WTI (Dec, CRUDE_W)",2009-03-02,True,True,0.05952380952380952,0.05952380952380952,0.9997,16,1.0
grid_hedged,"WTI (Dec, CRUDE_W)",2009-04-01,True,True,0.1746031746031746,0.1746031746031746,1.0241327235935538,13,1.0
grid_hedged,"WTI (Dec, CRUDE_W)",2009-05-01,True,True,0.1111111111111111,0.1111111111111111,1.004890542606722,43,1.0
grid_hedged,"WTI (Dec, CRUDE_W)",2009-06-01,True,True,1.8293650793650793,1.8293650793650793,1.4179841744658979,83,1.0
grid_hedged,"WTI (Dec, CRUDE_W)",2009-07-01,True,True,1.7341269841269842,1.7341269841269842,1.3770380724624105,80,1.0
grid_hedged,"WTI (Dec, CRUDE_W)",2009-08-03,True,True,1.6507936507936507,1.6507936507936507,1.3264542403098827,162,1.0
grid_hedged,"WTI (Dec, CRUDE_W)",2009-09-01,True,True,1.4880952380952381,1.4880952380952381,1.2809010572548125,62,1.0
grid_hedged,"WTI (Dec, CRUDE_W)",2009-10-01,True,True,1.496031746031746,1.496031746031746,1.395325845475362,160,1.0
grid_hedged,"WTI (Dec, CRUDE_W)",2009-11-02,True,True,1.3928571428571428,1.3928571428571428,1.1889696163141876,49,1.0
grid_hedged,"WTI (Dec, CRUDE_W)",2009-12-01,True,True,1.3134920634920635,1.3134920634920635,1.171010377749246,48,1.0
grid_hedged,"WTI (Dec, CRUDE_W)",2010-01-04,True,True,1.242063492063492,1.242063492063492,1.228695967246215,150,1.0
grid_hedged,"WTI (Dec, CRUDE_W)",2010-02-01,True,True,1.1547619047619047,1.1547619047619047,1.2080714989819472,49,1.0
grid_hedged,"WTI (Dec, CRUDE_W)",2010-03-01,True,True,1.0912698412698412,1.0912698412698412,1.1967215613258422,143,1.0
grid_hedged,"WTI (Dec, CRUDE_W)",2010-04-01,True,True,0.9880952380952381,0.9880952380952381,1.0651598547166843,36,1.0
grid_hedged,"WTI (Dec, CRUDE_W)",2010-05-03,True,True,0.9047619047619048,0.9047619047619048,1.0222797329039657,33,1.0
grid_hedged,"WTI (Dec, CRUDE_W)",2010-06-01,True,True,0.7420634920634921,0.7420634920634921,1.1392329033447444,27,1.0
grid_hedged,"WTI (Dec, CRUDE_W)",2010-07-01,True,True,0.6388888888888888,0.6388888888888888,1.0716253786061978,17,1.0
grid_hedged,"WTI (Dec, CRUDE_W)",2010-08-02,True,True,0.5714285714285714,0.5714285714285714,1.0260273442855528,19,1.0
grid_hedged,"WTI (Dec, CRUDE_W)",2010-09-01,True,True,0.4880952380952381,0.4880952380952381,1.0209821284375757,16,1.0
grid_hedged,"WTI (Dec, CRUDE_W)",2010-10-01,True,True,0.5119047619047619,0.5119047619047619,1.031558014579907,112,1.0
grid_hedged,"WTI (Dec, CRUDE_W)",2010-11-01,True,True,0.43253968253968256,0.43253968253968256,1.0383258157430777,85,1.0
grid_hedged,"WTI (Dec, CRUDE_W)",2010-12-01,True,True,0.3492063492063492,0.3492063492063492,0.9997,85,1.0
grid_hedged,"WTI (Dec, CRUDE_W)",2011-01-03,True,True,0.7420634920634921,0.7420634920634921,1.1398391877682903,77,1.0
grid_hedged,"WTI (Dec, CRUDE_W)",2011-02-01,True,True,0.6626984126984127,0.6626984126984127,1.1243039642761823,74,1.0
grid_hedged,"WTI (Dec, CRUDE_W)",2011-03-01,True,True,0.5873015873015873,0.5873015873015873,1.1314487175424877,75,1.0
grid_hedged,"WTI (Dec, CRUDE_W)",2011-04-01,True,True,0.34523809523809523,0.34523809523809523,1.0270908024657723,70,1.0
grid_hedged,"WTI (Dec, CRUDE_W)",2011-05-02,True,True,0.2698412698412698,0.2698412698412698,0.9997,67,1.0
grid_hedged,"WTI (Dec, CRUDE_W)",2011-06-01,True,True,0.7222222222222222,0.7222222222222222,0.9997,81,1.0
grid_hedged,"WTI (Dec, CRUDE_W)",2011-07-01,True,True,0.6349206349206349,0.6349206349206349,1.0214555811672177,84,1.0
grid_hedged,"WTI (Dec, CRUDE_W)",2011-08-01,True,True,0.5555555555555556,0.5555555555555556,0.9997,82,1.0
grid_hedged,"WTI (Dec, CRUDE_W)",2011-09-01,True,True,0.4642857142857143,0.4642857142857143,1.0322690271581185,83,1.0
grid_hedged,"WTI (Dec, CRUDE_W)",2011-10-03,True,True,0.25396825396825395,0.25396825396825395,0.9997,11,1.0
grid_hedged,"WTI (Dec, CRUDE_W)",2011-11-01,True,True,0.6349206349206349,0.6349206349206349,1.0300177620893483,69,1.0
grid_hedged,"WTI (Dec, CRUDE_W)",2011-12-01,True,True,0.5515873015873016,0.5515873015873016,1.0024216782275297,65,1.0
grid_hedged,"WTI (Dec, CRUDE_W)",2012-01-03,True,True,0.46825396825396826,0.46825396825396826,0.9997,59,1.0
grid_hedged,"WTI (Dec, CRUDE_W)",2012-02-01,True,True,0.3888888888888889,0.3888888888888889,1.0001367120276425,60,1.0
grid_hedged,"WTI (Dec, CRUDE_W)",2012-03-01,True,True,0.30952380952380953,0.30952380952380953,1.0001771226766973,53,1.0
grid_hedged,"WTI (Dec, CRUDE_W)",2012-04-02,True,True,0.2222222222222222,0.2222222222222222,1.0083674448977666,57,1.0
grid_hedged,"WTI (Dec, CRUDE_W)",2012-05-01,True,True,0.14285714285714285,0.14285714285714285,0.9997,58,1.0
grid_hedged,"WTI (Dec, CRUDE_W)",2012-06-01,True,True,2.007936507936508,2.007936507936508,1.127664641295507,48,1.0
grid_hedged,"WTI (Dec, CRUDE_W)",2012-07-02,True,True,2.388888888888889,2.388888888888889,1.193204224326974,49,1.0
grid_hedged,"WTI (Dec, CRUDE_W)",2012-08-01,True,True,2.3055555555555554,2.3055555555555554,1.1579246251417732,46,1.0
grid_hedged,"WTI (Dec, CRUDE_W)",2012-09-04,True,True,2.2142857142857144,2.2142857142857144,1.0823813537515106,46,1.0
grid_hedged,"WTI (Dec, CRUDE_W)",2012-10-01,True,True,2.138888888888889,2.138888888888889,1.1332124512380501,45,1.0
grid_hedged,"WTI (Dec, CRUDE_W)",2012-11-01,True,True,2.0436507936507935,2.0436507936507935,1.066034880449851,32,1.0
grid_hedged,"WTI (Dec, CRUDE_W)",2012-12-03,True,True,1.9603174603174602,1.9603174603174602,1.0946392283809896,42,1.0
grid_hedged,"WTI (Dec, CRUDE_W)",2013-01-02,True,True,1.880952380952381,1.880952380952381,1.0612246860723629,33,1.0
grid_hedged,"WTI (Dec, CRUDE_W)",2013-02-01,True,True,1.7976190476190477,1.7976190476190477,1.0470433277362765,36,1.0
grid_hedged,"WTI (Dec, CRUDE_W)",2013-03-01,True,True,1.7222222222222223,1.7222222222222223,1.073043445104362,34,1.0
grid_hedged,"WTI (Dec, CRUDE_W)",2013-04-01,True,True,1.6428571428571428,1.6428571428571428,1.0322168463988912,28,1.0
grid_hedged,"WTI (Dec, CRUDE_W)",2013-05-01,True,True,1.5555555555555556,1.5555555555555556,1.0205295185474739,29,1.0
grid_hedged,"WTI (Dec, CRUDE_W)",2013-06-03,True,True,1.4682539682539681,1.4682539682539681,1.0262557141934487,25,1.0
grid_hedged,"WTI (Dec, CRUDE_W)",2013-07-01,True,True,1.3888888888888888,1.3888888888888888,1.0176573216514695,22,1.0
grid_hedged,"WTI (Dec, CRUDE_W)",2013-08-01,True,True,1.3015873015873016,1.3015873015873016,1.0293566130348624,22,1.0
grid_hedged,"WTI (Dec, CRUDE_W)",2013-09-03,True,True,1.2142857142857142,1.2142857142857142,0.9997,18,1.0
grid_hedged,"WTI (Dec, CRUDE_W)",2013-10-01,True,True,1.130952380952381,1.130952380952381,1.016839394023899,19,1.0
grid_hedged,"WTI (Dec, CRUDE_W)",2013-11-01,True,True,1.003968253968254,1.003968253968254,1.0125066459738812,15,1.0
grid_hedged,"WTI (Dec, CRUDE_W)",2013-12-02,True,True,0.9603174603174603,0.9603174603174603,1.004616690502262,15,1.0
grid_hedged,"WTI (Dec, CRUDE_W)",2014-01-02,True,True,0.876984126984127,0.876984126984127,1.006560685664859,15,1.0
grid_hedged,"WTI (Dec, CRUDE_W)",2014-02-03,True,True,0.7857142857142857,0.7857142857142857,1.0027630567170056,15,1.0
grid_hedged,"WTI (Dec, CRUDE_W)",2014-03-03,True,True,0.7142857142857143,0.7142857142857143,1.0170985963872765,15,1.0
grid_hedged,"WTI (Dec, CRUDE_W)",2014-04-01,True,True,0.5992063492063492,0.5992063492063492,1.008946862165476,13,1.0
grid_hedged,"WTI (Dec, CRUDE_W)",2014-05-01,True,True,0.5714285714285714,0.5714285714285714,0.9997,13,1.0
grid_hedged,"WTI (Dec, CRUDE_W)",2014-06-02,True,True,0.4880952380952381,0.4880952380952381,1.0065121772984915,12,1.0
grid_hedged,"WTI (Dec, CRUDE_W)",2014-07-01,True,True,0.4087301587301587,0.4087301587301587,0.9997,12,1.0
grid_hedged,"WTI (Dec, CRUDE_W)",2014-08-06,True,True,0.3253968253968254,0.3253968253968254,1.0028285401338153,11,1.0
grid_hedged,"WTI (Dec, CRUDE_W)",2014-09-01,True,True,0.25396825396825395,0.25396825396825395,1.003592100141132,10,1.0
grid_hedged,"WTI (Dec, CRUDE_W)",2014-10-01,True,True,0.19047619047619047,0.19047619047619047,0.9997,10,1.0
grid_hedged,"WTI (Dec, CRUDE_W)",2014-11-03,True,True,0.11904761904761904,0.11904761904761904,0.9997,8,1.0
grid_hedged,"WTI (Dec, CRUDE_W)",2014-12-01,True,True,0.1111111111111111,0.1111111111111111,0.9997,29,1.0
grid_hedged,"WTI (Dec, CRUDE_W)",2015-01-02,True,True,0.626984126984127,0.626984126984127,1.0580825127625537,41,1.0
grid_hedged,"WTI (Dec, CRUDE_W)",2015-02-02,True,True,0.5277777777777778,0.5277777777777778,1.0125535701179627,24,1.0
grid_hedged,"WTI (Dec, CRUDE_W)",2015-03-02,True,True,0.44047619047619047,0.44047619047619047,0.9997,21,1.0
grid_hedged,"WTI (Dec, CRUDE_W)",2015-04-01,True,True,0.34523809523809523,0.34523809523809523,1.0253645285779776,17,1.0
grid_hedged,"WTI (Dec, CRUDE_W)",2015-05-01,True,True,0.2777777777777778,0.2777777777777778,1.0574946306512305,27,1.0
grid_hedged,"WTI (Dec, CRUDE_W)",2015-06-01,True,True,0.19444444444444445,0.19444444444444445,0.9997,8,1.0
grid_hedged,"WTI (Dec, CRUDE_W)",2015-07-01,True,True,0.1388888888888889,0.1388888888888889,0.9997,24,1.0
grid_hedged,"WTI (Dec, CRUDE_W)",2015-08-03,True,True,0.4523809523809524,0.4523809523809524,1.0958757558613492,82,1.0
grid_hedged,"WTI (Dec, CRUDE_W)",2015-09-02,True,True,0.35714285714285715,0.35714285714285715,1.0967576891994268,86,1.0
grid_hedged,"WTI (Dec, CRUDE_W)",2015-10-01,True,True,0.2698412698412698,0.2698412698412698,1.0586309239256548,19,1.0
grid_hedged,"WTI (Dec, CRUDE_W)",2015-11-02,True,True,0.19047619047619047,0.19047619047619047,1.0089222196998024,13,1.0
grid_hedged,"WTI (Dec, CRUDE_W)",2015-12-01,True,True,0.12698412698412698,0.12698412698412698,0.9997,32,1.0
grid_hedged,"WTI (Dec, CRUDE_W)",2016-01-04,True,True,0.3253968253968254,0.3253968253968254,0.9997,33,1.0
grid_hedged,"WTI (Dec, CRUDE_W)",2016-02-01,True,True,0.28174603174603174,0.28174603174603174,0.9997,17,1.0
grid_hedged,"WTI (Dec, CRUDE_W)",2016-03-01,True,True,0.2777777777777778,0.2777777777777778,1.0595708732250508,86,1.0
grid_hedged,"WTI (Dec, CRUDE_W)",2016-04-01,True,True,0.15476190476190477,0.15476190476190477,1.0092478617568565,82,1.0
grid_hedged,"WTI (Dec, CRUDE_W)",2016-05-02,True,True,2.0833333333333335,2.0833333333333335,1.542994560613497,85,1.0
grid_hedged,"WTI (Dec, CRUDE_W)",2016-06-01,True,True,1.9880952380952381,1.9880952380952381,1.4732885848737634,85,1.0
grid_hedged,"WTI (Dec, CRUDE_W)",2016-07-01,True,True,1.8968253968253967,1.8968253968253967,1.4227589776170355,77,1.0
grid_hedged,"WTI (Dec, CRUDE_W)",2016-08-01,True,True,1.753968253968254,1.753968253968254,1.389863695023044,67,1.0
grid_hedged,"WTI (Dec, CRUDE_W)",2016-09-01,True,True,1.6587301587301588,1.6587301587301588,1.2940114711103128,57,1.0
grid_hedged,"WTI (Dec, CRUDE_W)",2016-10-03,True,True,1.5674603174603174,1.5674603174603174,1.1423682044128256,47,1.0
grid_hedged,"WTI (Dec, CRUDE_W)",2016-11-01,True,True,1.4841269841269842,1.4841269841269842,1.1909782595880416,50,1.0
grid_hedged,"WTI (Dec, CRUDE_W)",2016-12-01,True,True,1.1547619047619047,1.1547619047619047,1.0564677462658345,38,1.0
grid_hedged,"WTI (Dec, CRUDE_W)",2017-01-02,True,True,1.0952380952380953,1.0952380952380953,1.0079530421302236,38,1.0
grid_hedged,"WTI (Dec, CRUDE_W)",2017-02-01,True,True,0.9801587301587301,0.9801587301587301,1.0505871700669152,36,1.0
grid_hedged,"WTI (Dec, CRUDE_W)",2017-03-01,True,True,0.9007936507936508,0.9007936507936508,1.0938879378672037,37,1.0
grid_hedged,"WTI (Dec, CRUDE_W)",2017-04-03,True,True,0.8055555555555556,0.8055555555555556,1.1185893137606966,35,1.0
grid_hedged,"WTI (Dec, CRUDE_W)",2017-05-01,True,True,0.7142857142857143,0.7142857142857143,1.1001894255149574,28,1.0
grid_hedged,"WTI (Dec, CRUDE_W)",2017-06-01,True,True,0.5912698412698413,0.5912698412698413,1.044528964697423,21,1.0
grid_hedged,"WTI (Dec, CRUDE_W)",2017-07-03,True,True,0.5357142857142857,0.5357142857142857,1.0522147801001709,16,1.0
grid_hedged,"WTI (Dec, CRUDE_W)",2017-08-01,True,True,0.4642857142857143,0.4642857142857143,1.0196715060255475,16,1.0
grid_hedged,"WTI (Dec, CRUDE_W)",2017-09-01,True,True,0.38095238095238093,0.38095238095238093,0.9997,16,1.0
grid_hedged,"WTI (Dec, CRUDE_W)",2017-10-02,True,True,0.5595238095238095,0.5595238095238095,0.9997,11,1.0
grid_hedged,"WTI (Dec, CRUDE_W)",2017-11-01,True,True,0.5238095238095238,0.5238095238095238,1.0010233566632858,16,1.0
grid_hedged,"WTI (Dec, CRUDE_W)",2017-12-01,True,True,0.8492063492063492,0.8492063492063492,1.0298308517495414,21,1.0
grid_hedged,"WTI (Dec, CRUDE_W)",2018-01-01,True,True,0.7698412698412699,0.7698412698412699,1.0437339504668302,74,1.0
grid_hedged,"WTI (Dec, CRUDE_W)",2018-02-01,True,True,0.6865079365079365,0.6865079365079365,1.0560789685456196,35,1.0
grid_hedged,"WTI (Dec, CRUDE_W)",2018-03-01,True,True,0.6071428571428571,0.6071428571428571,1.0104904925850822,30,1.0
grid_hedged,"WTI (Dec, CRUDE_W)",2018-04-02,True,True,0.6706349206349206,0.6706349206349206,1.0371183790727665,28,1.0
grid_hedged,"WTI (Dec, CRUDE_W)",2018-05-01,True,True,0.5873015873015873,0.5873015873015873,1.125823909486857,27,1.0
grid_hedged,"WTI (Dec, CRUDE_W)",2018-06-01,True,True,0.48412698412698413,0.48412698412698413,1.058891303726966,22,1.0
grid_hedged,"WTI (Dec, CRUDE_W)",2018-07-02,True,True,0.4007936507936508,0.4007936507936508,1.0334932378353576,19,1.0
grid_hedged,"WTI (Dec, CRUDE_W)",2018-08-01,True,True,0.3134920634920635,0.3134920634920635,0.9997282478963195,14,1.0
grid_hedged,"WTI (Dec, CRUDE_W)",2018-09-03,True,True,0.2222222222222222,0.2222222222222222,1.018101856477305,16,1.0
grid_hedged,"WTI (Dec, CRUDE_W)",2018-10-01,True,True,0.14285714285714285,0.14285714285714285,0.9997,11,1.0
grid_hedged,"WTI (Dec, CRUDE_W)",2018-11-01,True,True,0.14285714285714285,0.14285714285714285,0.9997,52,1.0
grid_hedged,"WTI (Dec, CRUDE_W)",2018-12-03,True,True,0.2857142857142857,0.2857142857142857,1.018010797423375,16,1.0
grid_hedged,"WTI (Dec, CRUDE_W)",2019-01-01,True,True,0.25793650793650796,0.25793650793650796,0.9997,8,1.0
grid_hedged,"WTI (Dec, CRUDE_W)",2019-02-01,True,True,1.130952380952381,1.130952380952381,1.296400097085235,56,1.0
grid_hedged,"WTI (Dec, CRUDE_W)",2019-03-01,True,True,1.0515873015873016,1.0515873015873016,1.2841059716846002,54,1.0
grid_hedged,"WTI (Dec, CRUDE_W)",2019-04-01,True,True,0.9682539682539683,0.9682539682539683,1.2225121652730047,47,1.0
grid_hedged,"WTI (Dec, CRUDE_W)",2019-05-01,True,True,0.8849206349206349,0.8849206349206349,1.28955618194676,53,1.0
grid_hedged,"WTI (Dec, CRUDE_W)",2019-06-03,True,True,0.7936507936507936,0.7936507936507936,1.2405836362221183,34,1.0
grid_hedged,"WTI (Dec, CRUDE_W)",2019-07-01,True,True,0.7142857142857143,0.7142857142857143,1.2601693330866857,40,1.0
grid_hedged,"WTI (Dec, CRUDE_W)",2019-08-01,True,True,0.623015873015873,0.623015873015873,1.1474432449574061,28,1.0
grid_hedged,"WTI (Dec, CRUDE_W)",2019-09-02,True,True,0.5357142857142857,0.5357142857142857,1.0713361562488604,22,1.0
grid_hedged,"WTI (Dec, CRUDE_W)",2019-10-01,True,True,0.4523809523809524,0.4523809523809524,1.0196899297848931,15,1.0
grid_hedged,"WTI (Dec, CRUDE_W)",2019-11-01,True,True,0.3611111111111111,0.3611111111111111,1.049985972246463,14,1.0
grid_hedged,"WTI (Dec, CRUDE_W)",2019-12-02,True,True,0.2777777777777778,0.2777777777777778,1.0226366853581632,12,1.0
grid_hedged,"WTI (Dec, CRUDE_W)",2020-01-01,True,True,0.19047619047619047,0.19047619047619047,1.001324512017336,9,1.0
grid_hedged,"WTI (Dec, CRUDE_W)",2020-02-03,True,True,0.0992063492063492,0.0992063492063492,1.0090696849373824,10,1.0
grid_hedged,"WTI (Dec, CRUDE_W)",2020-03-02,True,True,0.01984126984126984,0.01984126984126984,0.9997,5,1.0
grid_hedged,"WTI (Dec, CRUDE_W)",2020-04-01,True,True,0.051587301587301584,0.051587301587301584,0.9997,18,1.0
grid_hedged,"WTI (Dec, CRUDE_W)",2020-05-01,True,True,0.07936507936507936,0.07936507936507936,1.0054998201580687,9,1.0
grid_hedged,"WTI (Dec, CRUDE_W)",2020-06-01,True,True,0.6865079365079365,0.6865079365079365,1.1185461851789864,30,1.0
grid_hedged,"WTI (Dec, CRUDE_W)",2020-07-01,True,True,0.5912698412698413,0.5912698412698413,1.0230912255661035,23,1.0
grid_hedged,"WTI (Dec, CRUDE_W)",2020-08-03,True,True,0.503968253968254,0.503968253968254,1.0069710482110388,20,1.0
grid_hedged,"WTI (Dec, CRUDE_W)",2020-09-01,True,True,0.42063492063492064,0.42063492063492064,0.9997,19,1.0
grid_hedged,"WTI (Dec, CRUDE_W)",2020-10-01,True,True,0.2777777777777778,0.2777777777777778,1.0465912400529782,14,1.0
grid_hedged,"WTI (Dec, CRUDE_W)",2020-11-02,True,True,0.1984126984126984,0.1984126984126984,1.0107741847966778,8,1.0
grid_hedged,"WTI (Dec, CRUDE_W)",2020-12-01,True,True,0.20634920634920634,0.20634920634920634,0.9997,7,1.0
grid_hedged,"WTI (Dec, CRUDE_W)",2021-01-04,True,True,0.16666666666666666,0.16666666666666666,0.9997,14,1.0
grid_hedged,"WTI (Dec, CRUDE_W)",2021-02-01,True,True,0.3333333333333333,0.3333333333333333,0.9997,16,1.0
grid_hedged,"WTI (Dec, CRUDE_W)",2021-03-01,True,True,0.5793650793650794,0.5793650793650794,1.0394658233101173,27,1.0
grid_hedged,"WTI (Dec, CRUDE_W)",2021-04-01,True,True,0.5079365079365079,0.5079365079365079,1.0566419612006048,27,1.0
grid_hedged,"WTI (Dec, CRUDE_W)",2021-05-03,True,True,0.7142857142857143,0.7142857142857143,1.1534505096775056,37,1.0
grid_hedged,"WTI (Dec, CRUDE_W)",2021-06-01,True,True,0.6349206349206349,0.6349206349206349,1.1150160919643737,30,1.0
grid_hedged,"WTI (Dec, CRUDE_W)",2021-07-01,True,True,0.5436507936507936,0.5436507936507936,1.0814478165199033,31,1.0
grid_hedged,"WTI (Dec, CRUDE_W)",2021-08-02,True,True,0.19444444444444445,0.19444444444444445,1.003557382808863,22,1.0
grid_hedged,"WTI (Dec, CRUDE_W)",2021-09-01,True,True,0.42857142857142855,0.42857142857142855,1.002133283945723,20,1.0
grid_hedged,"WTI (Dec, CRUDE_W)",2021-10-01,True,True,0.36507936507936506,0.36507936507936506,1.0188051053121627,19,1.0
grid_hedged,"WTI (Dec, CRUDE_W)",2021-11-01,True,True,0.26587301587301587,0.26587301587301587,1.0006847675869301,15,1.0
grid_hedged,"WTI (Dec, CRUDE_W)",2021-12-01,True,True,0.1626984126984127,0.1626984126984127,0.9997,8,1.0
grid_hedged,"WTI (Dec, CRUDE_W)",2022-01-03,True,True,0.16666666666666666,0.16666666666666666,0.9997,6,1.0
grid_hedged,"WTI (Dec, CRUDE_W)",2022-02-01,True,True,0.3373015873015873,0.3373015873015873,1.0601674327955457,29,1.0
grid_hedged,"WTI (Dec, CRUDE_W)",2022-03-01,False,False,,2.0753968253968256,1.5455066422544759,98,1.0
grid_hedged,"WTI (Dec, CRUDE_W)",2022-04-01,False,False,,1.9841269841269842,1.3359013271828466,85,1.0
grid_hedged,"WTI (Dec, CRUDE_W)",2022-05-02,True,False,0.4007936507936508,0.4007936507936508,1.1017312655351787,77,1.0
grid_hedged,"WTI (Dec, CRUDE_W)",2022-06-01,True,False,0.3134920634920635,0.3134920634920635,0.9997,66,1.0
grid_hedged,"WTI (Dec, CRUDE_W)",2022-07-01,False,False,,1.7380952380952381,1.5497459885822729,86,1.0
grid_hedged,"WTI (Dec, CRUDE_W)",2022-08-01,False,False,,1.6587301587301588,1.57527192117483,83,1.0
grid_hedged,"WTI (Dec, CRUDE_W)",2022-09-01,False,False,,1.5674603174603174,1.5632963207808421,71,1.0
grid_hedged,"WTI (Dec, CRUDE_W)",2022-10-03,False,False,,1.4841269841269842,1.4287476961520802,63,1.0
grid_hedged,"WTI (Dec, CRUDE_W)",2022-11-01,False,False,,1.4007936507936507,1.3777141539744826,61,1.0
grid_hedged,"WTI (Dec, CRUDE_W)",2022-12-01,False,False,,1.3174603174603174,1.3716704764545795,54,1.0
grid_hedged,"WTI (Dec, CRUDE_W)",2023-01-03,False,False,,1.2341269841269842,1.3755097771216598,53,1.0
grid_hedged,"WTI (Dec, CRUDE_W)",2023-02-01,False,False,,1.1547619047619047,1.2742256765466002,45,1.0
grid_hedged,"WTI (Dec, CRUDE_W)",2023-03-01,False,False,,1.0793650793650793,1.2516615736546637,44,1.0
grid_hedged,Brent (BRENT_W),1991-01-02,True,True,0.047619047619047616,0.047619047619047616,0.9996499999999999,69,1.0
grid_hedged,Brent (BRENT_W),1991-02-01,True,True,0.25396825396825395,0.25396825396825395,1.0236138235749284,21,1.0
grid_hedged,Brent (BRENT_W),1991-03-01,True,True,0.6190476190476191,0.6190476190476191,1.050495011505304,64,1.0
grid_hedged,Brent (BRENT_W),1991-04-02,True,True,2.6666666666666665,2.6666666666666665,1.2140261582291885,63,1.0
grid_hedged,Brent (BRENT_W),1991-05-01,True,True,2.5793650793650795,2.5793650793650795,1.1242682788338973,58,1.0
grid_hedged,Brent (BRENT_W),1991-06-03,True,True,2.496031746031746,2.496031746031746,1.130410872369161,58,1.0
grid_hedged,Brent (BRENT_W),1991-07-01,True,True,2.376984126984127,2.376984126984127,1.1018486862148023,54,1.0
grid_hedged,Brent (BRENT_W),1991-08-01,True,True,2.2896825396825395,2.2896825396825395,1.1038751661956694,54,1.0
grid_hedged,Brent (BRENT_W),1991-09-02,True,True,2.242063492063492,2.242063492063492,1.090767908828683,54,1.0
grid_hedged,Brent (BRENT_W),1991-10-01,True,True,2.0912698412698414,2.0912698412698414,1.0374002848823927,51,1.0
grid_hedged,Brent (BRENT_W),1991-11-01,True,True,2.0,2.0,0.9996499999999999,48,1.0
grid_hedged,Brent (BRENT_W),1991-12-02,True,True,1.7936507936507937,1.7936507936507937,0.9996499999999999,43,1.0
grid_hedged,Brent (BRENT_W),1992-01-02,True,True,0.4722222222222222,0.4722222222222222,1.000660774282499,39,1.0
grid_hedged,Brent (BRENT_W),1992-02-03,True,True,1.5992063492063493,1.5992063492063493,1.0271488867579868,34,1.0
grid_hedged,Brent (BRENT_W),1992-03-02,True,True,1.376984126984127,1.376984126984127,0.9996499999999999,30,1.0
grid_hedged,Brent (BRENT_W),1992-04-01,True,True,1.2896825396825398,1.2896825396825398,1.0080572836242494,31,1.0
grid_hedged,Brent (BRENT_W),1992-05-01,True,True,1.3531746031746033,1.3531746031746033,0.9996499999999999,28,1.0
grid_hedged,Brent (BRENT_W),1992-06-01,True,True,1.2777777777777777,1.2777777777777777,1.03008859226168,29,1.0
grid_hedged,Brent (BRENT_W),1992-07-01,True,True,1.3412698412698412,1.3412698412698412,1.0153130263082617,28,1.0
grid_hedged,Brent (BRENT_W),1992-08-03,True,True,1.0992063492063493,1.0992063492063493,1.0028411746153745,24,1.0
grid_hedged,Brent (BRENT_W),1992-09-01,True,True,1.0198412698412698,1.0198412698412698,1.003270195241953,24,1.0
grid_hedged,Brent (BRENT_W),1992-10-01,True,True,1.0833333333333333,1.0833333333333333,0.9996499999999999,27,1.0
grid_hedged,Brent (BRENT_W),1992-11-02,True,True,1.0674603174603174,1.0674603174603174,1.046342110399999,28,1.0
grid_hedged,Brent (BRENT_W),1992-12-01,True,True,0.9841269841269841,0.9841269841269841,1.0753969564466057,27,1.0
grid_hedged,Brent (BRENT_W),1993-01-04,True,True,0.8968253968253969,0.8968253968253969,1.037046136681503,24,1.0
grid_hedged,Brent (BRENT_W),1993-02-01,True,True,0.7817460317460317,0.7817460317460317,1.0151458454909774,18,1.0
grid_hedged,Brent (BRENT_W),1993-03-01,True,True,0.7420634920634921,0.7420634920634921,1.0190457245090523,15,1.0
grid_hedged,Brent (BRENT_W),1993-04-01,True,True,0.6468253968253969,0.6468253968253969,0.9996499999999999,13,1.0
grid_hedged,Brent (BRENT_W),1993-05-04,True,True,0.5714285714285714,0.5714285714285714,1.0013945790908443,14,1.0
grid_hedged,Brent (BRENT_W),1993-06-01,True,True,0.5,0.5,0.9996499999999999,19,1.0
grid_hedged,Brent (BRENT_W),1993-07-01,True,True,0.4603174603174603,0.4603174603174603,1.0182493717108652,34,1.0
grid_hedged,Brent (BRENT_W),1993-08-02,True,True,0.4166666666666667,0.4166666666666667,1.0289611697330483,34,1.0
grid_hedged,Brent (BRENT_W),1993-09-01,True,True,0.3333333333333333,0.3333333333333333,1.0376300923721853,38,1.0
grid_hedged,Brent (BRENT_W),1993-10-01,True,True,0.21428571428571427,0.21428571428571427,1.0015814247946504,32,1.0
grid_hedged,Brent (BRENT_W),1993-11-01,True,True,0.6865079365079365,0.6865079365079365,0.9996499999999999,23,1.0
grid_hedged,Brent (BRENT_W),1993-12-01,True,True,0.5992063492063492,0.5992063492063492,1.0795201019868315,24,1.0
grid_hedged,Brent (BRENT_W),1994-01-04,True,True,0.4523809523809524,0.4523809523809524,1.0744654310007953,18,1.0
grid_hedged,Brent (BRENT_W),1994-02-01,True,True,0.373015873015873,0.373015873015873,1.031969272252939,18,1.0
grid_hedged,Brent (BRENT_W),1994-03-01,True,True,0.2857142857142857,0.2857142857142857,1.0376838458048667,10,1.0
grid_hedged,Brent (BRENT_W),1994-04-05,True,True,0.2777777777777778,0.2777777777777778,0.9996499999999999,8,1.0
grid_hedged,Brent (BRENT_W),1994-05-03,True,True,1.6865079365079365,1.6865079365079365,1.0985007241007991,44,1.0
grid_hedged,Brent (BRENT_W),1994-06-01,True,True,1.8095238095238095,1.8095238095238095,1.19124856337323,47,1.0
grid_hedged,Brent (BRENT_W),1994-07-01,True,True,1.7380952380952381,1.7380952380952381,1.2372117709891062,49,1.0
grid_hedged,Brent (BRENT_W),1994-08-01,True,True,1.6388888888888888,1.6388888888888888,1.0644987083922417,36,1.0
grid_hedged,Brent (BRENT_W),1994-09-01,True,True,1.5436507936507937,1.5436507936507937,1.1049590545161916,36,1.0
grid_hedged,Brent (BRENT_W),1994-10-03,True,True,1.2619047619047619,1.2619047619047619,1.0619670747377914,28,1.0
grid_hedged,Brent (BRENT_W),1994-11-01,True,True,1.369047619047619,1.369047619047619,1.0148805363698805,26,1.0
grid_hedged,Brent (BRENT_W),1994-12-01,True,True,1.0952380952380953,1.0952380952380953,1.0065546585549465,25,1.0
grid_hedged,Brent (BRENT_W),1995-01-03,True,True,1.0119047619047619,1.0119047619047619,0.9996499999999999,24,1.0
grid_hedged,Brent (BRENT_W),1995-02-01,True,True,1.1468253968253967,1.1468253968253967,1.081949953141904,31,1.0
grid_hedged,Brent (BRENT_W),1995-03-01,True,True,1.0674603174603174,1.0674603174603174,1.0453466780045537,29,1.0
grid_hedged,Brent (BRENT_W),1995-04-03,True,True,0.9801587301587301,0.9801587301587301,1.0946544980369035,32,1.0
grid_hedged,Brent (BRENT_W),1995-05-01,True,True,0.9087301587301587,0.9087301587301587,1.0072186021456366,24,1.0
grid_hedged,Brent (BRENT_W),1995-06-01,True,True,0.8214285714285714,0.8214285714285714,1.0271528871527094,21,1.0
grid_hedged,Brent (BRENT_W),1995-07-03,True,True,0.7341269841269841,0.7341269841269841,1.0249913041447856,18,1.0
grid_hedged,Brent (BRENT_W),1995-08-01,True,True,0.6507936507936508,0.6507936507936508,1.0306287023406608,18,1.0
grid_hedged,Brent (BRENT_W),1995-09-01,True,True,0.5634920634920635,0.5634920634920635,1.010354802307194,21,1.0
grid_hedged,Brent (BRENT_W),1995-10-02,True,True,0.4642857142857143,0.4642857142857143,1.012548754811521,17,1.0
grid_hedged,Brent (BRENT_W),1995-11-01,True,True,0.3968253968253968,0.3968253968253968,0.9996499999999999,15,1.0
grid_hedged,Brent (BRENT_W),1995-12-01,True,True,0.3492063492063492,0.3492063492063492,1.0671562196436066,14,1.0
grid_hedged,Brent (BRENT_W),1996-01-02,True,True,0.27380952380952384,0.27380952380952384,1.0057136101457596,12,1.0
grid_hedged,Brent (BRENT_W),1996-02-01,True,True,0.18253968253968253,0.18253968253968253,0.9996499999999999,7,1.0
grid_hedged,Brent (BRENT_W),1996-03-01,True,True,0.10714285714285714,0.10714285714285714,0.9996499999999999,16,1.0
grid_hedged,Brent (BRENT_W),1996-04-01,True,True,0.4166666666666667,0.4166666666666667,1.1104927309591226,20,1.0
grid_hedged,Brent (BRENT_W),1996-05-01,True,True,0.3373015873015873,0.3373015873015873,1.0322253030229067,10,1.0
grid_hedged,Brent (BRENT_W),1996-06-03,True,True,0.25396825396825395,0.25396825396825395,0.9996499999999999,9,1.0
grid_hedged,Brent (BRENT_W),1996-07-01,True,True,0.20238095238095238,0.20238095238095238,1.020027407495353,8,1.0
grid_hedged,Brent (BRENT_W),1996-08-01,True,True,0.1746031746031746,0.1746031746031746,0.9996499999999999,11,1.0
grid_hedged,Brent (BRENT_W),1996-09-02,True,True,1.373015873015873,1.373015873015873,1.3209867783078422,60,1.0
grid_hedged,Brent (BRENT_W),1996-10-01,True,True,1.2658730158730158,1.2658730158730158,1.1783139188533216,54,1.0
grid_hedged,Brent (BRENT_W),1996-11-01,True,True,1.1706349206349207,1.1706349206349207,1.10744101548737,47,1.0
grid_hedged,Brent (BRENT_W),1996-12-02,True,True,1.0873015873015872,1.0873015873015872,1.0481514767058713,43,1.0
grid_hedged,Brent (BRENT_W),1997-01-02,True,True,1.007936507936508,1.007936507936508,1.0175895126965595,39,1.0
grid_hedged,Brent (BRENT_W),1997-02-03,True,True,0.9523809523809523,0.9523809523809523,1.1438509926242604,42,1.0
grid_hedged,Brent (BRENT_W),1997-03-03,True,True,0.9801587301587301,0.9801587301587301,1.2451634779520975,39,1.0
grid_hedged,Brent (BRENT_W),1997-04-01,True,True,0.8174603174603174,0.8174603174603174,1.1454085362041326,36,1.0
grid_hedged,Brent (BRENT_W),1997-05-01,True,True,0.6984126984126984,0.6984126984126984,1.0791796811666896,30,1.0
grid_hedged,Brent (BRENT_W),1997-06-02,True,True,0.6150793650793651,0.6150793650793651,1.0412564638166086,25,1.0
grid_hedged,Brent (BRENT_W),1997-07-01,True,True,0.5238095238095238,0.5238095238095238,1.040709812262224,22,1.0
grid_hedged,Brent (BRENT_W),1997-08-01,True,True,0.43253968253968256,0.43253968253968256,1.0185245268719716,21,1.0
grid_hedged,Brent (BRENT_W),1997-09-01,True,True,0.34523809523809523,0.34523809523809523,0.9996499999999999,14,1.0
grid_hedged,Brent (BRENT_W),1997-10-01,True,True,0.25793650793650796,0.25793650793650796,1.0121562436662688,14,1.0
grid_hedged,Brent (BRENT_W),1997-11-03,True,True,0.21825396825396826,0.21825396825396826,0.9996499999999999,14,1.0
grid_hedged,Brent (BRENT_W),1997-12-01,True,True,0.26587301587301587,0.26587301587301587,0.9996499999999999,30,1.0
grid_hedged,Brent (BRENT_W),1998-01-02,True,True,0.20238095238095238,0.20238095238095238,1.0169806392098673,38,1.0
grid_hedged,Brent (BRENT_W),1998-02-02,True,True,0.4603174603174603,0.4603174603174603,1.0013291258156514,38,1.0
grid_hedged,Brent (BRENT_W),1998-03-02,True,True,0.7142857142857143,0.7142857142857143,1.075902826074296,43,1.0
grid_hedged,Brent (BRENT_W),1998-04-01,True,True,0.35714285714285715,0.35714285714285715,1.0415240428681545,30,1.0
grid_hedged,Brent (BRENT_W),1998-05-01,True,True,0.27380952380952384,0.27380952380952384,0.9996499999999999,24,1.0
grid_hedged,Brent (BRENT_W),1998-06-01,True,True,0.4722222222222222,0.4722222222222222,0.9996499999999999,24,1.0
grid_hedged,Brent (BRENT_W),1998-07-01,True,True,0.4246031746031746,0.4246031746031746,1.083075318609848,54,1.0
grid_hedged,Brent (BRENT_W),1998-08-03,True,True,0.32142857142857145,0.32142857142857145,1.023567368464306,21,1.0
grid_hedged,Brent (BRENT_W),1998-09-01,True,True,0.23412698412698413,0.23412698412698413,0.9996499999999999,16,1.0
grid_hedged,Brent (BRENT_W),1998-10-01,True,True,0.15476190476190477,0.15476190476190477,0.9996499999999999,28,1.0
grid_hedged,Brent (BRENT_W),1998-11-02,True,True,0.10714285714285714,0.10714285714285714,0.9996499999999999,30,1.0
grid_hedged,Brent (BRENT_W),1998-12-01,True,True,0.31746031746031744,0.31746031746031744,1.2003793027833645,31,1.0
grid_hedged,Brent (BRENT_W),1999-01-04,True,True,0.21825396825396826,0.21825396825396826,1.0694246519650241,22,1.0
grid_hedged,Brent (BRENT_W),1999-02-01,True,True,0.12698412698412698,0.12698412698412698,1.0131580735441026,9,1.0
grid_hedged,Brent (BRENT_W),1999-03-01,True,True,0.05952380952380952,0.05952380952380952,0.9996499999999999,6,1.0
grid_hedged,Brent (BRENT_W),1999-04-01,True,True,0.2857142857142857,0.2857142857142857,1.0653165696410407,18,1.0
grid_hedged,Brent (BRENT_W),1999-05-04,True,True,0.20634920634920634,0.20634920634920634,1.0034707316357112,12,1.0
grid_hedged,Brent (BRENT_W),1999-06-01,True,True,0.11904761904761904,0.11904761904761904,0.9996499999999999,7,1.0
grid_hedged,Brent (BRENT_W),1999-07-01,True,True,0.19444444444444445,0.19444444444444445,1.0020536361388832,9,1.0
grid_hedged,Brent (BRENT_W),1999-08-02,True,True,0.2896825396825397,0.2896825396825397,1.003832642704884,17,1.0
grid_hedged,Brent (BRENT_W),1999-09-01,True,True,0.36904761904761907,0.36904761904761907,1.0330111065722392,24,1.0
grid_hedged,Brent (BRENT_W),1999-10-01,True,True,0.2857142857142857,0.2857142857142857,0.9999673851350055,21,1.0
grid_hedged,Brent (BRENT_W),1999-11-01,True,True,0.25793650793650796,0.25793650793650796,0.9996499999999999,15,1.0
grid_hedged,Brent (BRENT_W),1999-12-01,True,True,0.23809523809523808,0.23809523809523808,1.042024220836849,15,1.0
grid_hedged,Brent (BRENT_W),2000-01-04,True,True,0.1626984126984127,0.1626984126984127,0.9996499999999999,12,1.0
grid_hedged,Brent (BRENT_W),2000-02-01,True,True,0.19444444444444445,0.19444444444444445,1.0075128943405893,26,1.0
grid_hedged,Brent (BRENT_W),2000-03-01,True,True,0.1111111111111111,0.1111111111111111,0.9996499999999999,21,1.0
grid_hedged,Brent (BRENT_W),2000-04-03,True,True,0.11904761904761904,0.11904761904761904,0.9996499999999999,14,1.0
grid_hedged,Brent (BRENT_W),2000-05-02,True,True,0.1626984126984127,0.1626984126984127,0.9996499999999999,15,1.0
grid_hedged,Brent (BRENT_W),2000-06-01,True,True,0.2698412698412698,0.2698412698412698,1.047975572980267,105,1.0
grid_hedged,Brent (BRENT_W),2000-07-03,True,True,0.1865079365079365,0.1865079365079365,1.0112317622034428,105,1.0
grid_hedged,Brent (BRENT_W),2000-08-01,True,True,0.0992063492063492,0.0992063492063492,0.9996499999999999,108,1.0
grid_hedged,Brent (BRENT_W),2000-09-01,True,True,1.2182539682539681,1.2182539682539681,1.2130275330875566,102,1.0
grid_hedged,Brent (BRENT_W),2000-10-02,True,True,0.2261904761904762,0.2261904761904762,1.0382136840872687,82,1.0
grid_hedged,Brent (BRENT_W),2000-11-01,True,True,0.1388888888888889,0.1388888888888889,0.9996499999999999,84,1.0
grid_hedged,Brent (BRENT_W),2000-12-01,True,True,0.9603174603174603,0.9603174603174603,1.1110823073544753,91,1.0
grid_hedged,Brent (BRENT_W),2001-01-02,True,True,0.8849206349206349,0.8849206349206349,1.258486980564323,79,1.0
grid_hedged,Brent (BRENT_W),2001-02-01,True,True,0.7976190476190477,0.7976190476190477,1.2834653597309662,73,1.0
grid_hedged,Brent (BRENT_W),2001-03-01,True,True,0.6785714285714286,0.6785714285714286,1.1873056956242214,76,1.0
grid_hedged,Brent (BRENT_W),2001-04-02,True,True,0.5912698412698413,0.5912698412698413,1.107172072029881,36,1.0
grid_hedged,Brent (BRENT_W),2001-05-01,True,True,0.5238095238095238,0.5238095238095238,1.1189136805465092,58,1.0
grid_hedged,Brent (BRENT_W),2001-06-01,True,True,0.43253968253968256,0.43253968253968256,1.0346667251364827,27,1.0
grid_hedged,Brent (BRENT_W),2001-07-02,True,True,0.30952380952380953,0.30952380952380953,1.03666489423829,22,1.0
grid_hedged,Brent (BRENT_W),2001-08-01,True,True,0.21428571428571427,0.21428571428571427,1.0169878330996573,16,1.0
grid_hedged,Brent (BRENT_W),2001-09-03,True,True,0.12301587301587301,0.12301587301587301,0.9996499999999999,11,1.0
grid_hedged,Brent (BRENT_W),2001-10-01,True,True,0.47619047619047616,0.47619047619047616,1.000436168892347,40,1.0
grid_hedged,Brent (BRENT_W),2001-11-01,True,True,0.373015873015873,0.373015873015873,1.1400622226071326,35,1.0
grid_hedged,Brent (BRENT_W),2001-12-03,True,True,0.2857142857142857,0.2857142857142857,1.1040687877799369,23,1.0
grid_hedged,Brent (BRENT_W),2002-01-02,True,True,0.21031746031746032,0.21031746031746032,1.0420942988945765,16,1.0
grid_hedged,Brent (BRENT_W),2002-02-01,True,True,0.12301587301587301,0.12301587301587301,1.012125352024359,10,1.0
grid_hedged,Brent (BRENT_W),2002-03-01,True,True,0.07936507936507936,0.07936507936507936,0.9996499999999999,23,1.0
grid_hedged,Brent (BRENT_W),2002-04-02,True,True,0.7896825396825397,0.7896825396825397,1.0481979962506556,34,1.0
grid_hedged,Brent (BRENT_W),2002-05-01,True,True,0.7103174603174603,0.7103174603174603,1.0582293377772665,26,1.0
grid_hedged,Brent (BRENT_W),2002-06-05,True,True,0.6190476190476191,0.6190476190476191,1.0371467601083375,26,1.0
grid_hedged,Brent (BRENT_W),2002-07-01,True,True,0.5158730158730159,0.5158730158730159,1.01978691911059,22,1.0
grid_hedged,Brent (BRENT_W),2002-08-01,True,True,0.45634920634920634,0.45634920634920634,0.9996499999999999,20,1.0
grid_hedged,Brent (BRENT_W),2002-09-02,True,True,0.3412698412698413,0.3412698412698413,1.0328940342871205,18,1.0
grid_hedged,Brent (BRENT_W),2002-10-01,True,True,0.25793650793650796,0.25793650793650796,1.0000605537805083,15,1.0
grid_hedged,Brent (BRENT_W),2002-11-01,True,True,0.14285714285714285,0.14285714285714285,0.9996499999999999,10,1.0
grid_hedged,Brent (BRENT_W),2002-12-02,True,True,0.15476190476190477,0.15476190476190477,0.9996499999999999,7,1.0
grid_hedged,Brent (BRENT_W),2003-01-02,True,True,0.32142857142857145,0.32142857142857145,1.0195245759755949,45,1.0
grid_hedged,Brent (BRENT_W),2003-02-03,True,True,0.1349206349206349,0.1349206349206349,0.9996499999999999,42,1.0
grid_hedged,Brent (BRENT_W),2003-03-03,True,True,0.05555555555555555,0.05555555555555555,0.9996499999999999,39,1.0
grid_hedged,Brent (BRENT_W),2003-04-01,True,True,0.3333333333333333,0.3333333333333333,1.0315601930345084,31,1.0
grid_hedged,Brent (BRENT_W),2003-05-01,True,True,0.25396825396825395,0.25396825396825395,0.9996499999999999,24,1.0
grid_hedged,Brent (BRENT_W),2003-06-02,True,True,0.8809523809523809,0.8809523809523809,1.1731325874295409,41,1.0
grid_hedged,Brent (BRENT_W),2003-07-01,True,True,0.6746031746031746,0.6746031746031746,1.0566123377349619,31,1.0
grid_hedged,Brent (BRENT_W),2003-08-01,True,True,0.623015873015873,0.623015873015873,1.0427595457976835,30,1.0
grid_hedged,Brent (BRENT_W),2003-09-01,True,True,0.503968253968254,0.503968253968254,1.0231860308635436,29,1.0
grid_hedged,Brent (BRENT_W),2003-10-01,True,True,0.5873015873015873,0.5873015873015873,1.1176178281900053,28,1.0
grid_hedged,Brent (BRENT_W),2003-11-03,True,True,0.49206349206349204,0.49206349206349204,1.0467797674361916,23,1.0
grid_hedged,Brent (BRENT_W),2003-12-01,True,True,0.4166666666666667,0.4166666666666667,1.0734936350885318,22,1.0
grid_hedged,Brent (BRENT_W),2004-01-02,True,True,0.35714285714285715,0.35714285714285715,1.06872183743264,19,1.0
grid_hedged,Brent (BRENT_W),2004-02-02,True,True,0.2619047619047619,0.2619047619047619,1.0033352889596145,15,1.0
grid_hedged,Brent (BRENT_W),2004-03-01,True,True,0.24603174603174602,0.24603174603174602,1.0531785786090475,24,1.0
grid_hedged,Brent (BRENT_W),2004-04-01,True,True,0.1349206349206349,0.1349206349206349,1.0010661081461594,18,1.0
grid_hedged,Brent (BRENT_W),2004-05-04,True,True,0.30158730158730157,0.30158730158730157,1.0966776440711334,24,1.0
grid_hedged,Brent (BRENT_W),2004-06-01,True,True,0.2261904761904762,0.2261904761904762,0.9996499999999999,16,1.0
grid_hedged,Brent (BRENT_W),2004-07-01,True,True,0.25793650793650796,0.25793650793650796,0.9996499999999999,16,1.0
grid_hedged,Brent (BRENT_W),2004-08-02,True,True,0.2261904761904762,0.2261904761904762,1.0633529849351988,47,1.0
grid_hedged,Brent (BRENT_W),2004-09-01,True,True,0.12301587301587301,0.12301587301587301,1.0034883062280788,34,1.0
grid_hedged,Brent (BRENT_W),2004-10-01,True,True,0.44841269841269843,0.44841269841269843,1.0102338023798827,31,1.0
grid_hedged,Brent (BRENT_W),2004-11-01,True,True,0.3531746031746032,0.3531746031746032,1.0274299358873642,28,1.0
grid_hedged,Brent (BRENT_W),2004-12-01,True,True,0.25,0.25,1.054629224614261,20,1.0
grid_hedged,Brent (BRENT_W),2005-01-04,True,True,0.17857142857142858,0.17857142857142858,0.9996499999999999,10,1.0
grid_hedged,Brent (BRENT_W),2005-02-01,True,True,0.12698412698412698,0.12698412698412698,1.002748974714987,20,1.0
grid_hedged,Brent (BRENT_W),2005-03-01,True,True,0.49603174603174605,0.49603174603174605,1.1179979533684334,84,1.0
grid_hedged,Brent (BRENT_W),2005-04-01,True,True,1.8055555555555556,1.8055555555555556,1.232186630203011,78,1.0
grid_hedged,Brent (BRENT_W),2005-05-03,True,True,0.32936507936507936,0.32936507936507936,1.00545316166117,66,1.0
grid_hedged,Brent (BRENT_W),2005-06-01,True,True,1.6547619047619047,1.6547619047619047,1.381129004668272,80,1.0
grid_hedged,Brent (BRENT_W),2005-07-01,True,True,1.5555555555555556,1.5555555555555556,1.2812205010593183,74,1.0
grid_hedged,Brent (BRENT_W),2005-08-01,True,True,1.4722222222222223,1.4722222222222223,1.2918233202434855,70,1.0
grid_hedged,Brent (BRENT_W),2005-09-01,True,True,1.3849206349206349,1.3849206349206349,1.1782314786483712,67,1.0
grid_hedged,Brent (BRENT_W),2005-10-03,True,True,1.2976190476190477,1.2976190476190477,1.2043265386236872,62,1.0
grid_hedged,Brent (BRENT_W),2005-11-01,True,True,1.1944444444444444,1.1944444444444444,1.1010228194619063,53,1.0
grid_hedged,Brent (BRENT_W),2005-12-01,True,True,1.1071428571428572,1.1071428571428572,1.1238152778212522,59,1.0
grid_hedged,Brent (BRENT_W),2006-01-03,True,True,1.0238095238095237,1.0238095238095237,1.126899409171342,49,1.0
grid_hedged,Brent (BRENT_W),2006-02-01,True,True,0.9404761904761905,0.9404761904761905,1.0244891765087951,46,1.0
grid_hedged,Brent (BRENT_W),2006-03-01,True,True,0.8571428571428571,0.8571428571428571,1.0422576164106634,34,1.0
grid_hedged,Brent (BRENT_W),2006-04-03,True,True,0.7658730158730159,0.7658730158730159,1.1543326822924116,30,1.0
grid_hedged,Brent (BRENT_W),2006-05-01,True,True,0.6904761904761905,0.6904761904761905,1.0721609829239789,38,1.0
grid_hedged,Brent (BRENT_W),2006-06-01,True,True,0.40476190476190477,0.40476190476190477,1.022535666206337,21,1.0
grid_hedged,Brent (BRENT_W),2006-07-03,True,True,0.2619047619047619,0.2619047619047619,1.0292478623761063,17,1.0
grid_hedged,Brent (BRENT_W),2006-08-01,True,True,0.17857142857142858,0.17857142857142858,1.0105247263945627,17,1.0
grid_hedged,Brent (BRENT_W),2006-09-01,True,True,0.3611111111111111,0.3611111111111111,0.9996499999999999,31,1.0
grid_hedged,Brent (BRENT_W),2006-10-02,True,True,0.7857142857142857,0.7857142857142857,1.0778757255625886,33,1.0
grid_hedged,Brent (BRENT_W),2006-11-01,True,True,0.6865079365079365,0.6865079365079365,1.0430795802060582,28,1.0
grid_hedged,Brent (BRENT_W),2006-12-01,True,True,0.5992063492063492,0.5992063492063492,0.9996499999999999,22,1.0
grid_hedged,Brent (BRENT_W),2007-01-02,True,True,0.5079365079365079,0.5079365079365079,0.9996499999999999,17,1.0
grid_hedged,Brent (BRENT_W),2007-02-01,True,True,0.4722222222222222,0.4722222222222222,1.0270943943185369,21,1.0
grid_hedged,Brent (BRENT_W),2007-03-01,True,True,0.6388888888888888,0.6388888888888888,1.0067598038749395,17,1.0
grid_hedged,Brent (BRENT_W),2007-04-02,True,True,0.5833333333333334,0.5833333333333334,1.0607311699327642,17,1.0
grid_hedged,Brent (BRENT_W),2007-05-01,True,True,0.503968253968254,0.503968253968254,1.0085381223609218,15,1.0
grid_hedged,Brent (BRENT_W),2007-06-01,True,True,0.42063492063492064,0.42063492063492064,1.0216776232717246,14,1.0
grid_hedged,Brent (BRENT_W),2007-07-02,True,True,0.3531746031746032,0.3531746031746032,1.026677098918317,14,1.0
grid_hedged,Brent (BRENT_W),2007-08-01,True,True,0.24603174603174602,0.24603174603174602,0.9996499999999999,11,1.0
grid_hedged,Brent (BRENT_W),2007-09-03,True,True,0.18253968253968253,0.18253968253968253,0.9996499999999999,11,1.0
grid_hedged,Brent (BRENT_W),2007-10-01,True,True,0.42063492063492064,0.42063492063492064,0.9996499999999999,22,1.0
grid_hedged,Brent (BRENT_W),2007-11-01,True,True,0.5119047619047619,0.5119047619047619,1.1702740099510687,28,1.0
grid_hedged,Brent (BRENT_W),2007-12-03,True,True,0.373015873015873,0.373015873015873,1.0447970326239684,21,1.0
grid_hedged,Brent (BRENT_W),2008-01-02,True,True,0.30158730158730157,0.30158730158730157,0.9996499999999999,18,1.0
grid_hedged,Brent (BRENT_W),2008-02-01,True,True,0.20634920634920634,0.20634920634920634,0.9996499999999999,10,1.0
grid_hedged,Brent (BRENT_W),2008-03-03,True,True,0.21825396825396826,0.21825396825396826,1.054611721638405,12,1.0
grid_hedged,Brent (BRENT_W),2008-04-01,True,True,0.1388888888888889,0.1388888888888889,0.9996499999999999,9,1.0
grid_hedged,Brent (BRENT_W),2008-05-01,True,True,0.1746031746031746,0.1746031746031746,0.9996499999999999,27,1.0
grid_hedged,Brent (BRENT_W),2008-06-02,True,True,0.2698412698412698,0.2698412698412698,1.0021479981069663,20,1.0
grid_hedged,Brent (BRENT_W),2008-07-01,True,True,0.1746031746031746,0.1746031746031746,1.0361892908765868,13,1.0
grid_hedged,Brent (BRENT_W),2008-08-01,True,True,0.12301587301587301,0.12301587301587301,0.9996499999999999,16,1.0
grid_hedged,Brent (BRENT_W),2008-09-01,True,True,0.11507936507936507,0.11507936507936507,0.9996499999999999,19,1.0
grid_hedged,Brent (BRENT_W),2008-10-01,True,True,0.03968253968253968,0.03968253968253968,0.9996499999999999,8,1.0
grid_hedged,Brent (BRENT_W),2008-11-03,True,True,0.03968253968253968,0.03968253968253968,0.9996499999999999,13,1.0
grid_hedged,Brent (BRENT_W),2008-12-01,True,True,0.503968253968254,0.503968253968254,1.1809033415922037,64,1.0
grid_hedged,Brent (BRENT_W),2009-01-02,True,True,0.13095238095238096,0.13095238095238096,0.9996499999999999,40,1.0
grid_hedged,Brent (BRENT_W),2009-02-02,True,True,0.2698412698412698,0.2698412698412698,1.0292740582689395,33,1.0
grid_hedged,Brent (BRENT_W),2009-03-02,True,True,0.2222222222222222,0.2222222222222222,1.0288164601713674,25,1.0
grid_hedged,Brent (BRENT_W),2009-04-01,True,True,0.1626984126984127,0.1626984126984127,1.0140996588215083,13,1.0
grid_hedged,Brent (BRENT_W),2009-05-01,True,True,0.10714285714285714,0.10714285714285714,1.0192976947563275,26,1.0
grid_hedged,Brent (BRENT_W),2009-06-01,True,True,1.7817460317460319,1.7817460317460319,1.5086285808527005,82,1.0
grid_hedged,Brent (BRENT_W),2009-07-01,True,True,1.6865079365079365,1.6865079365079365,1.3595628175631966,75,1.0
grid_hedged,Brent (BRENT_W),2009-08-03,True,True,1.6031746031746033,1.6031746031746033,1.4192945213929644,70,1.0
grid_hedged,Brent (BRENT_W),2009-09-01,True,True,1.5198412698412698,1.5198412698412698,1.4160411705587834,66,1.0
grid_hedged,Brent (BRENT_W),2009-10-01,True,True,1.4325396825396826,1.4325396825396826,1.4171696705551247,61,1.0
grid_hedged,Brent (BRENT_W),2009-11-02,True,True,1.3452380952380953,1.3452380952380953,1.3216864265475243,57,1.0
grid_hedged,Brent (BRENT_W),2009-12-01,True,True,1.2619047619047619,1.2619047619047619,1.3017591347840225,56,1.0
grid_hedged,Brent (BRENT_W),2010-01-04,True,True,1.1746031746031746,1.1746031746031746,1.2228352156376991,48,1.0
grid_hedged,Brent (BRENT_W),2010-02-01,True,True,1.0873015873015872,1.0873015873015872,1.192462076661402,44,1.0
grid_hedged,Brent (BRENT_W),2010-03-01,True,True,0.9484126984126984,0.9484126984126984,1.0563483907112363,38,1.0
grid_hedged,Brent (BRENT_W),2010-04-01,True,True,0.8571428571428571,0.8571428571428571,1.0457342909522644,37,1.0
grid_hedged,Brent (BRENT_W),2010-05-03,True,True,0.7738095238095238,0.7738095238095238,0.9996499999999999,34,1.0
grid_hedged,Brent (BRENT_W),2010-06-01,True,True,0.6468253968253969,0.6468253968253969,1.116373166607512,27,1.0
grid_hedged,Brent (BRENT_W),2010-07-01,True,True,0.5476190476190477,0.5476190476190477,1.0448182608885297,19,1.0
grid_hedged,Brent (BRENT_W),2010-08-02,True,True,0.4603174603174603,0.4603174603174603,0.9996499999999999,16,1.0
grid_hedged,Brent (BRENT_W),2010-09-01,True,True,0.4246031746031746,0.4246031746031746,1.0039189919317217,12,1.0
grid_hedged,Brent (BRENT_W),2010-10-01,True,True,0.4007936507936508,0.4007936507936508,1.0215990370722678,11,1.0
grid_hedged,Brent (BRENT_W),2010-11-01,True,True,0.3253968253968254,0.3253968253968254,1.0166027088436582,9,1.0
grid_hedged,Brent (BRENT_W),2010-12-01,True,True,0.25396825396825395,0.25396825396825395,0.9996499999999999,9,1.0
grid_hedged,Brent (BRENT_W),2011-01-03,True,True,0.25793650793650796,0.25793650793650796,1.0048143640356435,9,1.0
grid_hedged,Brent (BRENT_W),2011-02-01,True,True,3.9206349206349205,3.9206349206349205,1.3907289039162867,102,1.0
grid_hedged,Brent (BRENT_W),2011-03-01,True,True,3.8412698412698414,3.8412698412698414,1.2890841118260359,97,1.0
grid_hedged,Brent (BRENT_W),2011-04-01,True,True,3.75,3.75,1.2275639146404904,92,1.0
grid_hedged,Brent (BRENT_W),2011-05-02,True,True,3.6706349206349205,3.6706349206349205,1.1922810967986543,87,1.0
grid_hedged,Brent (BRENT_W),2011-06-01,True,True,3.115079365079365,3.115079365079365,1.1008100987124851,77,1.0
grid_hedged,Brent (BRENT_W),2011-07-01,True,True,3.015873015873016,3.015873015873016,1.072675233611394,74,1.0
grid_hedged,Brent (BRENT_W),2011-08-01,True,True,2.9444444444444446,2.9444444444444446,1.0990458293242107,73,1.0
grid_hedged,Brent (BRENT_W),2011-09-01,True,True,2.8412698412698414,2.8412698412698414,1.0947943003972336,70,1.0
grid_hedged,Brent (BRENT_W),2011-10-03,True,True,0.4444444444444444,0.4444444444444444,1.016954915328873,53,1.0
grid_hedged,Brent (BRENT_W),2011-11-01,True,True,0.6507936507936508,0.6507936507936508,1.026111251979317,47,1.0
grid_hedged,Brent (BRENT_W),2011-12-01,True,True,0.5634920634920635,0.5634920634920635,1.0056498880922453,45,1.0
grid_hedged,Brent (BRENT_W),2012-01-03,True,True,0.47619047619047616,0.47619047619047616,0.9996499999999999,41,1.0
grid_hedged,Brent (BRENT_W),2012-02-01,True,True,0.39285714285714285,0.39285714285714285,0.9996499999999999,41,1.0
grid_hedged,Brent (BRENT_W),2012-03-01,True,True,0.30952380952380953,0.30952380952380953,0.9996499999999999,48,1.0
grid_hedged,Brent (BRENT_W),2012-04-02,True,True,0.2222222222222222,0.2222222222222222,0.9996499999999999,49,1.0
grid_hedged,Brent (BRENT_W),2012-05-01,True,True,0.14682539682539683,0.14682539682539683,0.9996499999999999,48,1.0
grid_hedged,Brent (BRENT_W),2012-06-01,True,True,0.21428571428571427,0.21428571428571427,0.9996499999999999,16,1.0
grid_hedged,Brent (BRENT_W),2012-07-02,True,True,2.007936507936508,2.007936507936508,1.0089016249940064,47,1.0
grid_hedged,Brent (BRENT_W),2012-08-01,True,True,2.3412698412698414,2.3412698412698414,1.251031213379924,51,1.0
grid_hedged,Brent (BRENT_W),2012-09-03,True,True,2.2857142857142856,2.2857142857142856,1.1974151409927465,49,1.0
grid_hedged,Brent (BRENT_W),2012-10-01,True,True,2.1706349206349205,2.1706349206349205,1.1656105086981825,44,1.0
grid_hedged,Brent (BRENT_W),2012-11-01,True,True,2.0753968253968256,2.0753968253968256,1.126103139927237,42,1.0
grid_hedged,Brent (BRENT_W),2012-12-03,True,True,1.9880952380952381,1.9880952380952381,1.0997510567765358,39,1.0
grid_hedged,Brent (BRENT_W),2013-01-02,True,True,1.9087301587301588,1.9087301587301588,1.0746401238460548,38,1.0
grid_hedged,Brent (BRENT_W),2013-02-01,True,True,1.8214285714285714,1.8214285714285714,1.0499093678536797,35,1.0
grid_hedged,Brent (BRENT_W),2013-03-01,True,True,1.7182539682539681,1.7182539682539681,1.008754168590453,29,1.0
grid_hedged,Brent (BRENT_W),2013-04-01,True,True,1.6587301587301588,1.6587301587301588,1.0180285866305938,33,1.0
grid_hedged,Brent (BRENT_W),2013-05-01,True,True,1.496031746031746,1.496031746031746,1.0248838764489545,26,1.0
grid_hedged,Brent (BRENT_W),2013-06-03,True,True,1.4603174603174602,1.4603174603174602,1.0381118067492987,26,1.0
grid_hedged,Brent (BRENT_W),2013-07-01,True,True,1.3253968253968254,1.3253968253968254,1.0251942577582616,23,1.0
grid_hedged,Brent (BRENT_W),2013-08-01,True,True,1.2341269841269842,1.2341269841269842,1.0782424294694517,22,1.0
grid_hedged,Brent (BRENT_W),2013-09-02,True,True,1.1468253968253967,1.1468253968253967,1.0575768991496262,19,1.0
grid_hedged,Brent (BRENT_W),2013-10-01,True,True,1.0634920634920635,1.0634920634920635,1.0650335121011014,18,1.0
grid_hedged,Brent (BRENT_W),2013-11-01,True,True,0.9722222222222222,0.9722222222222222,1.0370441211354409,16,1.0
grid_hedged,Brent (BRENT_W),2013-12-02,True,True,0.8888888888888888,0.8888888888888888,1.0348874639556125,17,1.0
grid_hedged,Brent (BRENT_W),2014-01-02,True,True,0.8055555555555556,0.8055555555555556,1.031966664682206,14,1.0
grid_hedged,Brent (BRENT_W),2014-02-03,True,True,0.7182539682539683,0.7182539682539683,1.024517488272244,14,1.0
grid_hedged,Brent (BRENT_W),2014-03-03,True,True,0.6388888888888888,0.6388888888888888,1.0453104759638474,16,1.0
grid_hedged,Brent (BRENT_W),2014-04-01,True,True,0.5515873015873016,0.5515873015873016,1.000956669779058,13,1.0
grid_hedged,Brent (BRENT_W),2014-05-01,True,True,0.46825396825396826,0.46825396825396826,1.0042410899191436,12,1.0
grid_hedged,Brent (BRENT_W),2014-06-02,True,True,0.38492063492063494,0.38492063492063494,1.016956448892017,12,1.0
grid_hedged,Brent (BRENT_W),2014-07-01,True,True,0.2976190476190476,0.2976190476190476,0.9996499999999999,10,1.0
grid_hedged,Brent (BRENT_W),2014-08-01,True,True,0.2896825396825397,0.2896825396825397,0.9998592742580149,11,1.0
grid_hedged,Brent (BRENT_W),2014-09-01,True,True,0.21031746031746032,0.21031746031746032,0.9996499999999999,11,1.0
grid_hedged,Brent (BRENT_W),2014-10-01,True,True,0.16666666666666666,0.16666666666666666,0.9996499999999999,11,1.0
grid_hedged,Brent (BRENT_W),2014-11-03,True,True,0.1111111111111111,0.1111111111111111,0.9996499999999999,12,1.0
grid_hedged,Brent (BRENT_W),2014-12-01,True,True,0.09126984126984126,0.09126984126984126,0.9996499999999999,10,1.0
grid_hedged,Brent (BRENT_W),2015-01-02,True,True,0.6428571428571429,0.6428571428571429,1.0974443984316133,56,1.0
grid_hedged,Brent (BRENT_W),2015-02-02,True,True,0.5555555555555556,0.5555555555555556,1.16135138073424,36,1.0
grid_hedged,Brent (BRENT_W),2015-03-02,True,True,0.46825396825396826,0.46825396825396826,1.068995250495591,28,1.0
grid_hedged,Brent (BRENT_W),2015-04-01,True,True,0.3412698412698413,0.3412698412698413,0.9996499999999999,15,1.0
grid_hedged,Brent (BRENT_W),2015-05-01,True,True,0.2619047619047619,0.2619047619047619,1.0242487025318046,14,1.0
grid_hedged,Brent (BRENT_W),2015-06-01,True,True,0.19444444444444445,0.19444444444444445,1.0150679425582771,12,1.0
grid_hedged,Brent (BRENT_W),2015-07-01,True,True,0.1388888888888889,0.1388888888888889,0.9996499999999999,23,1.0
grid_hedged,Brent (BRENT_W),2015-08-03,True,True,0.373015873015873,0.373015873015873,1.0706506588019318,34,1.0
grid_hedged,Brent (BRENT_W),2015-09-01,True,True,0.2896825396825397,0.2896825396825397,1.1209797518925813,23,1.0
grid_hedged,Brent (BRENT_W),2015-10-01,True,True,0.19444444444444445,0.19444444444444445,1.0007303928481905,16,1.0
grid_hedged,Brent (BRENT_W),2015-11-02,True,True,0.11507936507936507,0.11507936507936507,1.0099844745146902,14,1.0
grid_hedged,Brent (BRENT_W),2015-12-01,True,True,0.0992063492063492,0.0992063492063492,1.0055089103830497,8,1.0
grid_hedged,Brent (BRENT_W),2016-01-04,True,True,0.03968253968253968,0.03968253968253968,0.9996499999999999,35,1.0
grid_hedged,Brent (BRENT_W),2016-02-01,True,True,0.0992063492063492,0.0992063492063492,1.0505655938280394,22,1.0
grid_hedged,Brent (BRENT_W),2016-03-01,True,True,0.21031746031746032,0.21031746031746032,1.0812113734241307,19,1.0
grid_hedged,Brent (BRENT_W),2016-04-01,True,True,0.12301587301587301,0.12301587301587301,0.9996499999999999,9,1.0
grid_hedged,Brent (BRENT_W),2016-05-02,True,True,1.7301587301587302,1.7301587301587302,1.5948041449993111,87,1.0
grid_hedged,Brent (BRENT_W),2016-06-01,True,True,1.6428571428571428,1.6428571428571428,1.5089228720025505,83,1.0
grid_hedged,Brent (BRENT_W),2016-07-01,True,True,1.5396825396825398,1.5396825396825398,1.4162366353280469,72,1.0
grid_hedged,Brent (BRENT_W),2016-08-01,True,True,1.3968253968253967,1.3968253968253967,1.4473253740526815,67,1.0
grid_hedged,Brent (BRENT_W),2016-09-01,True,True,1.2063492063492063,1.2063492063492063,1.3152127046990532,58,1.0
grid_hedged,Brent (BRENT_W),2016-10-03,True,True,1.119047619047619,1.119047619047619,1.2116465530463711,51,1.0
grid_hedged,Brent (BRENT_W),2016-11-01,True,True,1.0357142857142858,1.0357142857142858,1.1751246679526466,47,1.0
grid_hedged,Brent (BRENT_W),2016-12-01,True,True,0.9444444444444444,0.9444444444444444,1.0649984277929243,37,1.0
grid_hedged,Brent (BRENT_W),2017-01-03,True,True,0.8611111111111112,0.8611111111111112,1.047875456225492,35,1.0
grid_hedged,Brent (BRENT_W),2017-02-01,True,True,0.7658730158730159,0.7658730158730159,1.0015313236337764,31,1.0
grid_hedged,Brent (BRENT_W),2017-03-01,True,True,0.6825396825396826,0.6825396825396826,1.001958019314715,30,1.0
grid_hedged,Brent (BRENT_W),2017-04-03,True,True,0.5873015873015873,0.5873015873015873,1.0164164336070844,26,1.0
grid_hedged,Brent (BRENT_W),2017-05-01,True,True,0.5079365079365079,0.5079365079365079,1.007729974144892,23,1.0
grid_hedged,Brent (BRENT_W),2017-06-01,True,True,0.3253968253968254,0.3253968253968254,1.0232624901344194,14,1.0
grid_hedged,Brent (BRENT_W),2017-07-03,True,True,0.3373015873015873,0.3373015873015873,1.0247603247320907,14,1.0
grid_hedged,Brent (BRENT_W),2017-08-01,True,True,0.373015873015873,0.373015873015873,0.9996499999999999,12,1.0
grid_hedged,Brent (BRENT_W),2017-09-01,True,True,0.32142857142857145,0.32142857142857145,1.002339005579673,13,1.0
grid_hedged,Brent (BRENT_W),2017-10-02,True,True,0.28174603174603174,0.28174603174603174,1.0008071533247331,16,1.0
grid_hedged,Brent (BRENT_W),2017-11-01,True,True,0.5158730158730159,0.5158730158730159,1.038367374606527,19,1.0
grid_hedged,Brent (BRENT_W),2017-12-01,True,True,0.4365079365079365,0.4365079365079365,1.0119397072292957,24,1.0
grid_hedged,Brent (BRENT_W),2018-01-02,True,True,0.7658730158730159,0.7658730158730159,1.0841848079630765,36,1.0
grid_hedged,Brent (BRENT_W),2018-02-01,True,True,0.6785714285714286,0.6785714285714286,1.0337173189662012,31,1.0
grid_hedged,Brent (BRENT_W),2018-03-01,True,True,0.2222222222222222,0.2222222222222222,0.9996499999999999,29,1.0
grid_hedged,Brent (BRENT_W),2018-04-02,True,True,0.6587301587301587,0.6587301587301587,1.0073286731906557,28,1.0
grid_hedged,Brent (BRENT_W),2018-05-01,True,True,0.5753968253968254,0.5753968253968254,1.0846069175424844,27,1.0
grid_hedged,Brent (BRENT_W),2018-06-01,True,True,0.48412698412698413,0.48412698412698413,1.0263644934909923,24,1.0
grid_hedged,Brent (BRENT_W),2018-07-02,True,True,0.4007936507936508,0.4007936507936508,1.0164357129247936,20,1.0
grid_hedged,Brent (BRENT_W),2018-08-01,True,True,0.3134920634920635,0.3134920634920635,0.9996499999999999,13,1.0
grid_hedged,Brent (BRENT_W),2018-09-03,True,True,0.2222222222222222,0.2222222222222222,0.9996499999999999,11,1.0
grid_hedged,Brent (BRENT_W),2018-10-01,True,True,0.14285714285714285,0.14285714285714285,0.9996499999999999,11,1.0
grid_hedged,Brent (BRENT_W),2018-11-01,True,True,0.1388888888888889,0.1388888888888889,0.9996499999999999,55,1.0
grid_hedged,Brent (BRENT_W),2018-12-03,True,True,0.2976190476190476,0.2976190476190476,1.0084641142009423,19,1.0
grid_hedged,Brent (BRENT_W),2019-01-02,True,True,0.25,0.25,0.9996499999999999,7,1.0
grid_hedged,Brent (BRENT_W),2019-02-01,True,True,1.123015873015873,1.123015873015873,1.4632176059498745,59,1.0
grid_hedged,Brent (BRENT_W),2019-03-01,True,True,1.0436507936507937,1.0436507936507937,1.5051121105456693,56,1.0
grid_hedged,Brent (BRENT_W),2019-04-01,True,True,0.9603174603174603,0.9603174603174603,1.3867598921769062,50,1.0
grid_hedged,Brent (BRENT_W),2019-05-01,True,True,0.876984126984127,0.876984126984127,1.2608659258590476,45,1.0
grid_hedged,Brent (BRENT_W),2019-06-03,True,True,0.7857142857142857,0.7857142857142857,1.3275917647043463,48,1.0
grid_hedged,Brent (BRENT_W),2019-07-01,True,True,0.7063492063492064,0.7063492063492064,1.2399624772199958,43,1.0
grid_hedged,Brent (BRENT_W),2019-08-01,True,True,0.6111111111111112,0.6111111111111112,1.176810256733925,32,1.0
grid_hedged,Brent (BRENT_W),2019-09-02,True,True,0.5238095238095238,0.5238095238095238,1.1870862324605385,31,1.0
grid_hedged,Brent (BRENT_W),2019-10-01,True,True,0.44047619047619047,0.44047619047619047,1.0186876647673704,21,1.0
grid_hedged,Brent (BRENT_W),2019-11-01,True,True,0.3492063492063492,0.3492063492063492,1.0217829382941954,19,1.0
grid_hedged,Brent (BRENT_W),2019-12-02,True,True,0.26587301587301587,0.26587301587301587,0.9996499999999999,17,1.0
grid_hedged,Brent (BRENT_W),2020-01-02,True,True,0.18253968253968253,0.18253968253968253,1.0082286038350785,13,1.0
grid_hedged,Brent (BRENT_W),2020-02-03,True,True,0.0992063492063492,0.0992063492063492,0.9996499999999999,8,1.0
grid_hedged,Brent (BRENT_W),2020-03-02,True,True,0.01984126984126984,0.01984126984126984,0.9996499999999999,3,1.0
grid_hedged,Brent (BRENT_W),2020-04-01,True,True,0.007936507936507936,0.007936507936507936,0.9996499999999999,6,1.0
grid_hedged,Brent (BRENT_W),2020-05-01,True,True,0.04365079365079365,0.04365079365079365,0.9996499999999999,8,1.0
grid_hedged,Brent (BRENT_W),2020-06-01,True,True,0.6111111111111112,0.6111111111111112,1.163600125453082,35,1.0
grid_hedged,Brent (BRENT_W),2020-07-01,True,True,0.48412698412698413,0.48412698412698413,1.0223912768672803,27,1.0
grid_hedged,Brent (BRENT_W),2020-08-03,True,True,0.39285714285714285,0.39285714285714285,1.011958716629108,26,1.0
grid_hedged,Brent (BRENT_W),2020-09-01,True,True,0.30952380952380953,0.30952380952380953,0.9996499999999999,25,1.0
grid_hedged,Brent (BRENT_W),2020-10-01,True,True,0.1984126984126984,0.1984126984126984,1.0353609394691492,17,1.0
grid_hedged,Brent (BRENT_W),2020-11-02,True,True,0.1111111111111111,0.1111111111111111,0.9996499999999999,6,1.0
grid_hedged,Brent (BRENT_W),2020-12-01,True,True,0.1865079365079365,0.1865079365079365,0.9996499999999999,7,1.0
grid_hedged,Brent (BRENT_W),2021-01-04,True,True,0.12301587301587301,0.12301587301587301,0.9996499999999999,6,1.0
grid_hedged,Brent (BRENT_W),2021-02-01,True,True,0.36507936507936506,0.36507936507936506,0.9996499999999999,21,1.0
grid_hedged,Brent (BRENT_W),2021-03-01,True,True,0.5912698412698413,0.5912698412698413,1.0763714719274624,32,1.0
grid_hedged,Brent (BRENT_W),2021-04-01,True,True,0.5198412698412699,0.5198412698412699,1.0216873819375987,29,1.0
grid_hedged,Brent (BRENT_W),2021-05-03,True,True,0.44047619047619047,0.44047619047619047,1.07754636090066,38,1.0
grid_hedged,Brent (BRENT_W),2021-06-01,True,True,0.4007936507936508,0.4007936507936508,1.1143866263913105,34,1.0
grid_hedged,Brent (BRENT_W),2021-07-01,True,True,0.2857142857142857,0.2857142857142857,1.040346239627058,30,1.0
grid_hedged,Brent (BRENT_W),2021-08-02,True,True,0.18253968253968253,0.18253968253968253,0.9996499999999999,21,1.0
grid_hedged,Brent (BRENT_W),2021-09-01,True,True,0.44047619047619047,0.44047619047619047,1.0916641235758227,25,1.0
grid_hedged,Brent (BRENT_W),2021-10-01,True,True,0.3531746031746032,0.3531746031746032,1.0134322411724692,17,1.0
grid_hedged,Brent (BRENT_W),2021-11-01,True,True,0.2698412698412698,0.2698412698412698,1.0256509243147292,19,1.0
grid_hedged,Brent (BRENT_W),2021-12-01,True,True,0.1349206349206349,0.1349206349206349,0.9996499999999999,8,1.0
grid_hedged,Brent (BRENT_W),2022-01-03,True,True,0.15079365079365079,0.15079365079365079,0.9996499999999999,9,1.0
grid_hedged,Brent (BRENT_W),2022-02-01,True,True,0.08333333333333333,0.08333333333333333,1.0005716330472203,7,1.0
grid_hedged,Brent (BRENT_W),2022-03-01,True,False,0.04365079365079365,0.04365079365079365,0.9996499999999999,117,1.0
grid_hedged,Brent (BRENT_W),2022-04-01,False,False,,2.0357142857142856,1.4887428234285613,95,1.0
grid_hedged,Brent (BRENT_W),2022-05-02,False,False,,1.9563492063492063,1.3572039723952076,86,1.0
grid_hedged,Brent (BRENT_W),2022-06-01,False,False,,1.869047619047619,1.254054889684489,80,1.0
grid_hedged,Brent (BRENT_W),2022-07-01,False,False,,1.7817460317460319,1.548578614477447,91,1.0
grid_hedged,Brent (BRENT_W),2022-08-01,False,False,,1.6984126984126984,1.5648591640264826,89,1.0
grid_hedged,Brent (BRENT_W),2022-09-01,False,False,,1.6071428571428572,1.6103968477968038,82,1.0
grid_hedged,Brent (BRENT_W),2022-10-03,False,False,,1.5198412698412698,1.400378420328317,71,1.0
grid_hedged,Brent (BRENT_W),2022-11-01,False,False,,1.4365079365079365,1.1730722835560963,61,1.0
grid_hedged,Brent (BRENT_W),2022-12-01,False,False,,1.3492063492063493,1.4390555636324214,65,1.0
grid_hedged,Brent (BRENT_W),2023-01-03,False,False,,1.2658730158730158,1.4585218169540382,59,1.0
grid_hedged,Brent (BRENT_W),2023-02-01,False,False,,1.1825396825396826,1.3850573899340575,54,1.0
grid_hedged,Brent (BRENT_W),2023-03-01,False,False,,1.1031746031746033,1.3398756310806959,54,1.0
grid_hedged,Brent (BRENT_W),2023-04-03,False,False,,1.0119047619047619,1.092405768932429,37,1.0
grid_hedged,NatGas (GAS_US),1991-01-02,True,True,0.47619047619047616,0.47619047619047616,1.0410998133669356,34,1.0
grid_hedged,NatGas (GAS_US),1991-02-01,True,True,1.4801587301587302,1.4801587301587302,0.9990000000000001,31,1.0
grid_hedged,NatGas (GAS_US),1991-03-01,True,True,1.3968253968253967,1.3968253968253967,1.011852434417295,30,1.0
grid_hedged,NatGas (GAS_US),1991-04-01,True,True,1.3174603174603174,1.3174603174603174,1.0154610401311077,30,1.0
grid_hedged,NatGas (GAS_US),1991-05-01,True,True,1.2301587301587302,1.2301587301587302,0.9990000000000001,31,1.0
grid_hedged,NatGas (GAS_US),1991-06-03,True,True,0.7103174603174603,0.7103174603174603,0.9990000000000001,27,1.0
grid_hedged,NatGas (GAS_US),1991-07-01,True,True,0.6349206349206349,0.6349206349206349,1.0128149228956356,26,1.0
grid_hedged,NatGas (GAS_US),1991-08-01,True,True,0.4801587301587302,0.4801587301587302,0.9990000000000001,21,1.0
grid_hedged,NatGas (GAS_US),1991-09-03,True,True,0.45634920634920634,0.45634920634920634,1.0123259760531083,22,1.0
grid_hedged,NatGas (GAS_US),1991-10-01,True,True,0.30952380952380953,0.30952380952380953,1.0245397806143692,17,1.0
grid_hedged,NatGas (GAS_US),1991-11-01,True,True,0.2857142857142857,0.2857142857142857,1.0038706858508777,15,1.0
grid_hedged,NatGas (GAS_US),1991-12-02,True,True,0.4642857142857143,0.4642857142857143,0.9990000000000001,14,1.0
grid_hedged,NatGas (GAS_US),1992-01-02,True,True,0.40476190476190477,0.40476190476190477,1.1375339180896613,13,1.0
grid_hedged,NatGas (GAS_US),1992-02-03,True,True,0.29365079365079366,0.29365079365079366,1.0138024245926052,8,1.0
grid_hedged,NatGas (GAS_US),1992-03-02,True,True,0.21825396825396826,0.21825396825396826,0.9990000000000001,7,1.0
grid_hedged,NatGas (GAS_US),1992-04-01,True,True,0.2777777777777778,0.2777777777777778,1.0121262838649256,8,1.0
grid_hedged,NatGas (GAS_US),1992-05-01,True,True,0.23412698412698413,0.23412698412698413,0.9990000000000001,7,1.0
grid_hedged,NatGas (GAS_US),1992-06-01,True,True,0.30952380952380953,0.30952380952380953,1.0149890090818832,20,1.0
grid_hedged,NatGas (GAS_US),1992-07-01,True,True,0.21825396825396826,0.21825396825396826,0.9990000000000001,19,1.0
grid_hedged,NatGas (GAS_US),1992-08-03,True,True,0.6746031746031746,0.6746031746031746,1.2317154522977964,20,1.0
grid_hedged,NatGas (GAS_US),1992-09-01,True,True,0.5912698412698413,0.5912698412698413,1.075037512761952,15,1.0
grid_hedged,NatGas (GAS_US),1992-10-01,True,True,0.5,0.5,1.0402133684051542,13,1.0
grid_hedged,NatGas (GAS_US),1992-11-02,True,True,0.4126984126984127,0.4126984126984127,1.0194926917440825,10,1.0
grid_hedged,NatGas (GAS_US),1992-12-01,True,True,0.3333333333333333,0.3333333333333333,1.0484996613858837,8,1.0
grid_hedged,NatGas (GAS_US),1993-01-04,True,True,0.21825396825396826,0.21825396825396826,0.9990000000000001,5,1.0
grid_hedged,NatGas (GAS_US),1993-02-01,True,True,0.1746031746031746,0.1746031746031746,1.0007371192734198,6,1.0
grid_hedged,NatGas (GAS_US),1993-03-02,True,True,0.1388888888888889,0.1388888888888889,1.0008904129102743,46,1.0
grid_hedged,NatGas (GAS_US),1993-04-01,True,True,1.5119047619047619,1.5119047619047619,1.2921791557778177,41,1.0
grid_hedged,NatGas (GAS_US),1993-05-03,True,True,1.4603174603174602,1.4603174603174602,1.2259614517042356,38,1.0
grid_hedged,NatGas (GAS_US),1993-06-01,True,True,1.25,1.25,1.0951055000279413,29,1.0
grid_hedged,NatGas (GAS_US),1993-07-01,True,True,1.1626984126984128,1.1626984126984128,1.0978660542044514,29,1.0
grid_hedged,NatGas (GAS_US),1993-08-02,True,True,1.0714285714285714,1.0714285714285714,1.0560007696389482,25,1.0
grid_hedged,NatGas (GAS_US),1993-09-02,True,True,0.996031746031746,0.996031746031746,1.0683659255006717,28,1.0
grid_hedged,NatGas (GAS_US),1993-10-01,True,True,0.9126984126984127,0.9126984126984127,1.0400987635388037,24,1.0
grid_hedged,NatGas (GAS_US),1993-11-01,True,True,0.8253968253968254,0.8253968253968254,1.0080624609715596,22,1.0
grid_hedged,NatGas (GAS_US),1993-12-01,True,True,0.7301587301587301,0.7301587301587301,0.9990000000000001,17,1.0
grid_hedged,NatGas (GAS_US),1994-01-03,True,True,0.6388888888888888,0.6388888888888888,0.9990000000000001,16,1.0
grid_hedged,NatGas (GAS_US),1994-02-01,True,True,0.5515873015873016,0.5515873015873016,0.9990000000000001,12,1.0
grid_hedged,NatGas (GAS_US),1994-03-01,True,True,0.503968253968254,0.503968253968254,0.9998126347419501,12,1.0
grid_hedged,NatGas (GAS_US),1994-04-04,True,True,0.4126984126984127,0.4126984126984127,1.0021190629557362,12,1.0
grid_hedged,NatGas (GAS_US),1994-05-02,True,True,0.44047619047619047,0.44047619047619047,1.0481398987892891,16,1.0
grid_hedged,NatGas (GAS_US),1994-06-01,True,True,0.3253968253968254,0.3253968253968254,1.007358894740716,10,1.0
grid_hedged,NatGas (GAS_US),1994-07-01,True,True,0.2222222222222222,0.2222222222222222,0.9990000000000001,9,1.0
grid_hedged,NatGas (GAS_US),1994-08-01,True,True,0.3055555555555556,0.3055555555555556,1.0005456115584397,12,1.0
grid_hedged,NatGas (GAS_US),1994-09-01,True,True,0.3611111111111111,0.3611111111111111,1.008286048603472,33,1.0
grid_hedged,NatGas (GAS_US),1994-10-03,True,True,0.3253968253968254,0.3253968253968254,1.0296846841827287,33,1.0
grid_hedged,NatGas (GAS_US),1994-11-01,True,True,0.19444444444444445,0.19444444444444445,0.9990000000000001,29,1.0
grid_hedged,NatGas (GAS_US),1994-12-01,True,True,1.0476190476190477,1.0476190476190477,1.078260393054884,34,1.0
grid_hedged,NatGas (GAS_US),1995-01-03,True,True,0.9642857142857143,0.9642857142857143,1.1083545297441106,28,1.0
grid_hedged,NatGas (GAS_US),1995-02-01,True,True,0.876984126984127,0.876984126984127,1.0809701941034262,21,1.0
grid_hedged,NatGas (GAS_US),1995-03-01,True,True,0.8015873015873016,0.8015873015873016,1.0007888062397456,18,1.0
grid_hedged,NatGas (GAS_US),1995-04-03,True,True,0.7063492063492064,0.7063492063492064,0.9990000000000001,14,1.0
grid_hedged,NatGas (GAS_US),1995-05-01,True,True,0.6309523809523809,0.6309523809523809,1.014886188123457,16,1.0
grid_hedged,NatGas (GAS_US),1995-06-01,True,True,0.5436507936507936,0.5436507936507936,0.9990000000000001,15,1.0
grid_hedged,NatGas (GAS_US),1995-07-05,True,True,0.45634920634920634,0.45634920634920634,1.092408292494229,12,1.0
grid_hedged,NatGas (GAS_US),1995-08-01,True,True,0.38095238095238093,0.38095238095238093,0.9990000000000001,8,1.0
grid_hedged,NatGas (GAS_US),1995-09-01,True,True,0.2976190476190476,0.2976190476190476,1.0135771332867745,6,1.0
grid_hedged,NatGas (GAS_US),1995-10-02,True,True,0.21825396825396826,0.21825396825396826,0.9990000000000001,8,1.0
grid_hedged,NatGas (GAS_US),1995-11-01,True,True,0.13095238095238096,0.13095238095238096,0.9990000000000001,7,1.0
grid_hedged,NatGas (GAS_US),1995-12-01,True,True,0.09523809523809523,0.09523809523809523,0.9990000000000001,21,1.0
grid_hedged,NatGas (GAS_US),1996-01-02,True,True,0.44047619047619047,0.44047619047619047,1.1528890176874325,21,1.0
grid_hedged,NatGas (GAS_US),1996-02-01,True,True,0.3492063492063492,0.3492063492063492,1.0169981941644117,12,1.0
grid_hedged,NatGas (GAS_US),1996-03-01,True,True,0.3055555555555556,0.3055555555555556,0.9990000000000001,33,1.0
grid_hedged,NatGas (GAS_US),1996-04-01,True,True,0.6468253968253969,0.6468253968253969,1.1410320911546146,31,1.0
grid_hedged,NatGas (GAS_US),1996-05-01,True,True,0.3373015873015873,0.3373015873015873,1.0377527852477055,27,1.0
grid_hedged,NatGas (GAS_US),1996-06-03,True,True,0.23809523809523808,0.23809523809523808,0.9990000000000001,24,1.0
grid_hedged,NatGas (GAS_US),1996-07-01,True,True,0.39285714285714285,0.39285714285714285,0.9990000000000001,20,1.0
grid_hedged,NatGas (GAS_US),1996-08-01,True,True,0.3055555555555556,0.3055555555555556,1.0256123987197514,13,1.0
grid_hedged,NatGas (GAS_US),1996-09-03,True,True,0.21825396825396826,0.21825396825396826,1.0025936685599726,10,1.0
grid_hedged,NatGas (GAS_US),1996-10-01,True,True,0.14285714285714285,0.14285714285714285,1.0317185677340546,9,1.0
grid_hedged,NatGas (GAS_US),1996-11-01,True,True,0.06746031746031746,0.06746031746031746,0.9990000000000001,5,1.0
grid_hedged,NatGas (GAS_US),1996-12-02,True,True,0.8849206349206349,0.8849206349206349,1.2623632543998702,43,1.0
grid_hedged,NatGas (GAS_US),1997-01-02,True,True,0.1349206349206349,0.1349206349206349,0.9990000000000001,26,1.0
grid_hedged,NatGas (GAS_US),1997-02-03,True,True,0.626984126984127,0.626984126984127,1.092024920915253,19,1.0
grid_hedged,NatGas (GAS_US),1997-03-03,True,True,0.49603174603174605,0.49603174603174605,1.0090907833688134,11,1.0
grid_hedged,NatGas (GAS_US),1997-04-01,True,True,0.4246031746031746,0.4246031746031746,1.039293702224055,10,1.0
grid_hedged,NatGas (GAS_US),1997-05-01,True,True,0.40476190476190477,0.40476190476190477,1.074564114166555,13,1.0
grid_hedged,NatGas (GAS_US),1997-06-02,True,True,0.32142857142857145,0.32142857142857145,1.0341030382607652,10,1.0
grid_hedged,NatGas (GAS_US),1997-07-01,True,True,0.2261904761904762,0.2261904761904762,0.9990000000000001,7,1.0
grid_hedged,NatGas (GAS_US),1997-08-01,True,True,0.15079365079365079,0.15079365079365079,0.9990000000000001,9,1.0
grid_hedged,NatGas (GAS_US),1997-09-02,True,True,0.30952380952380953,0.30952380952380953,1.0601116438178761,25,1.0
grid_hedged,NatGas (GAS_US),1997-10-01,True,True,0.25,0.25,1.01522614246919,28,1.0
grid_hedged,NatGas (GAS_US),1997-11-03,True,True,0.17857142857142858,0.17857142857142858,0.9990000000000001,26,1.0
grid_hedged,NatGas (GAS_US),1997-12-01,True,True,0.7380952380952381,0.7380952380952381,1.0756996428235075,33,1.0
grid_hedged,NatGas (GAS_US),1998-01-02,True,True,0.6031746031746031,0.6031746031746031,1.041590551003514,32,1.0
grid_hedged,NatGas (GAS_US),1998-02-02,True,True,0.5119047619047619,0.5119047619047619,1.0066820400285823,29,1.0
grid_hedged,NatGas (GAS_US),1998-03-02,True,True,0.4365079365079365,0.4365079365079365,1.0158710198806127,27,1.0
grid_hedged,NatGas (GAS_US),1998-04-01,True,True,0.3333333333333333,0.3333333333333333,1.0245924832552786,23,1.0
grid_hedged,NatGas (GAS_US),1998-05-01,True,True,0.5873015873015873,0.5873015873015873,1.0641305129419028,56,1.0
grid_hedged,NatGas (GAS_US),1998-06-01,True,True,0.5634920634920635,0.5634920634920635,1.0624012159684566,53,1.0
grid_hedged,NatGas (GAS_US),1998-07-01,True,True,0.1746031746031746,0.1746031746031746,0.9990000000000001,26,1.0
grid_hedged,NatGas (GAS_US),1998-08-03,True,True,1.0515873015873016,1.0515873015873016,1.1540355532820326,57,1.0
grid_hedged,NatGas (GAS_US),1998-09-01,True,True,0.4642857142857143,0.4642857142857143,1.0903255251570916,33,1.0
grid_hedged,NatGas (GAS_US),1998-10-01,True,True,0.39285714285714285,0.39285714285714285,1.0648034312945835,49,1.0
grid_hedged,NatGas (GAS_US),1998-11-02,True,True,0.30952380952380953,0.30952380952380953,0.9990000000000001,29,1.0
grid_hedged,NatGas (GAS_US),1998-12-01,True,True,0.6785714285714286,0.6785714285714286,1.144717971229487,26,1.0
grid_hedged,NatGas (GAS_US),1999-01-04,True,True,0.5912698412698413,0.5912698412698413,1.1015320737962813,21,1.0
grid_hedged,NatGas (GAS_US),1999-02-01,True,True,0.47619047619047616,0.47619047619047616,1.0400538876791239,15,1.0
grid_hedged,NatGas (GAS_US),1999-03-01,True,True,0.2777777777777778,0.2777777777777778,1.0451741769216762,18,1.0
grid_hedged,NatGas (GAS_US),1999-04-01,True,True,0.38492063492063494,0.38492063492063494,1.0605041330041618,33,1.0
grid_hedged,NatGas (GAS_US),1999-05-03,True,True,1.0357142857142858,1.0357142857142858,1.2879020767511224,37,1.0
grid_hedged,NatGas (GAS_US),1999-06-01,True,True,0.9563492063492064,0.9563492063492064,1.2432089596783453,34,1.0
grid_hedged,NatGas (GAS_US),1999-07-01,True,True,0.14285714285714285,0.14285714285714285,0.9990000000000001,29,1.0
grid_hedged,NatGas (GAS_US),1999-08-02,True,True,0.7817460317460317,0.7817460317460317,1.1531661868740117,27,1.0
grid_hedged,NatGas (GAS_US),1999-09-01,True,True,0.6785714285714286,0.6785714285714286,1.038979283597237,19,1.0
grid_hedged,NatGas (GAS_US),1999-10-01,True,True,0.5952380952380952,0.5952380952380952,1.0294280449968514,19,1.0
grid_hedged,NatGas (GAS_US),1999-11-01,True,True,0.5119047619047619,0.5119047619047619,0.9990000000000001,15,1.0
grid_hedged,NatGas (GAS_US),1999-12-01,True,True,0.3611111111111111,0.3611111111111111,1.0313054313437506,10,1.0
grid_hedged,NatGas (GAS_US),2000-01-04,True,True,0.23015873015873015,0.23015873015873015,0.9990000000000001,5,1.0
grid_hedged,NatGas (GAS_US),2000-02-01,True,True,0.2857142857142857,0.2857142857142857,1.0234205138954504,6,1.0
grid_hedged,NatGas (GAS_US),2000-03-01,True,True,0.2222222222222222,0.2222222222222222,1.0147768841667062,5,1.0
grid_hedged,NatGas (GAS_US),2000-04-03,True,True,0.14285714285714285,0.14285714285714285,1.0152909721815213,5,1.0
grid_hedged,NatGas (GAS_US),2000-05-01,True,True,0.07142857142857142,0.07142857142857142,1.0144680304620968,10,1.0
grid_hedged,NatGas (GAS_US),2000-06-01,True,True,0.29365079365079366,0.29365079365079366,1.0658760853817677,22,1.0
grid_hedged,NatGas (GAS_US),2000-07-05,True,True,0.1746031746031746,0.1746031746031746,1.0075636706613336,8,1.0
grid_hedged,NatGas (GAS_US),2000-08-01,True,True,0.13095238095238096,0.13095238095238096,0.9995599858150793,12,1.0
grid_hedged,NatGas (GAS_US),2000-09-01,True,True,0.2261904761904762,0.2261904761904762,1.0862645157235093,12,1.0
grid_hedged,NatGas (GAS_US),2000-10-02,True,True,0.14682539682539683,0.14682539682539683,1.0378050118853248,15,1.0
grid_hedged,NatGas (GAS_US),2000-11-01,True,True,0.05555555555555555,0.05555555555555555,1.0021033342222285,6,1.0
grid_hedged,NatGas (GAS_US),2000-12-01,True,True,0.023809523809523808,0.023809523809523808,0.9990000000000001,6,1.0
grid_hedged,NatGas (GAS_US),2001-01-02,True,True,0.07936507936507936,0.07936507936507936,0.9990000000000001,18,1.0
grid_hedged,NatGas (GAS_US),2001-02-01,True,True,0.39285714285714285,0.39285714285714285,1.1603382561721103,25,1.0
grid_hedged,NatGas (GAS_US),2001-03-01,True,True,0.24206349206349206,0.24206349206349206,1.0558070541898166,18,1.0
grid_hedged,NatGas (GAS_US),2001-04-02,True,True,0.23015873015873015,0.23015873015873015,1.008295755901758,16,1.0
grid_hedged,NatGas (GAS_US),2001-05-01,True,True,0.21825396825396826,0.21825396825396826,1.0179048199626881,23,1.0
grid_hedged,NatGas (GAS_US),2001-06-01,True,True,0.23412698412698413,0.23412698412698413,1.0045260873245354,21,1.0
grid_hedged,NatGas (GAS_US),2001-07-02,True,True,0.21825396825396826,0.21825396825396826,1.1463464589093384,30,1.0
grid_hedged,NatGas (GAS_US),2001-08-01,True,True,0.07936507936507936,0.07936507936507936,0.9990000000000001,9,1.0
grid_hedged,NatGas (GAS_US),2001-09-04,True,True,0.3611111111111111,0.3611111111111111,1.1494945770147984,33,1.0
grid_hedged,NatGas (GAS_US),2001-10-01,True,True,0.2698412698412698,0.2698412698412698,1.1440130351737197,24,1.0
grid_hedged,NatGas (GAS_US),2001-11-01,True,True,0.1746031746031746,0.1746031746031746,0.9990000000000001,26,1.0
grid_hedged,NatGas (GAS_US),2001-12-03,True,True,0.2777777777777778,0.2777777777777778,1.0674838394340078,17,1.0
grid_hedged,NatGas (GAS_US),2002-01-02,True,True,0.18253968253968253,0.18253968253968253,1.0153040189594271,9,1.0
grid_hedged,NatGas (GAS_US),2002-02-01,True,True,0.0992063492063492,0.0992063492063492,1.0020405960586853,4,1.0
grid_hedged,NatGas (GAS_US),2002-03-01,True,True,0.04365079365079365,0.04365079365079365,0.9990000000000001,6,1.0
grid_hedged,NatGas (GAS_US),2002-04-01,True,True,0.7063492063492064,0.7063492063492064,1.2216706391310335,37,1.0
grid_hedged,NatGas (GAS_US),2002-05-01,True,True,0.6150793650793651,0.6150793650793651,1.0665090779762747,26,1.0
grid_hedged,NatGas (GAS_US),2002-06-03,True,True,0.5277777777777778,0.5277777777777778,1.0125679475566725,25,1.0
grid_hedged,NatGas (GAS_US),2002-07-01,True,True,0.2976190476190476,0.2976190476190476,0.9990000000000001,20,1.0
grid_hedged,NatGas (GAS_US),2002-08-01,True,True,0.13095238095238096,0.13095238095238096,1.0079400510957957,14,1.0
grid_hedged,NatGas (GAS_US),2002-09-03,True,True,0.3492063492063492,0.3492063492063492,1.080322826037671,15,1.0
grid_hedged,NatGas (GAS_US),2002-10-01,True,True,0.2896825396825397,0.2896825396825397,1.084051732307159,15,1.0
grid_hedged,NatGas (GAS_US),2002-11-01,True,True,0.1626984126984127,0.1626984126984127,1.007267344472036,9,1.0
grid_hedged,NatGas (GAS_US),2002-12-02,True,True,0.15476190476190477,0.15476190476190477,0.9990000000000001,6,1.0
grid_hedged,NatGas (GAS_US),2003-01-02,True,True,0.1349206349206349,0.1349206349206349,1.0245042485609892,6,1.0
grid_hedged,NatGas (GAS_US),2003-02-03,True,True,0.05555555555555555,0.05555555555555555,1.0136904190756861,96,1.0
grid_hedged,NatGas (GAS_US),2003-03-03,True,True,2.5317460317460316,2.5317460317460316,2.14270330708609,96,1.0
grid_hedged,NatGas (GAS_US),2003-04-01,True,True,2.4484126984126986,2.4484126984126986,2.0717752731923924,94,1.0
grid_hedged,NatGas (GAS_US),2003-05-01,True,True,2.365079365079365,2.365079365079365,1.9328052227026742,90,1.0
grid_hedged,NatGas (GAS_US),2003-06-02,True,True,1.3928571428571428,1.3928571428571428,1.2674800249263278,84,1.0
grid_hedged,NatGas (GAS_US),2003-07-01,True,True,2.1626984126984126,2.1626984126984126,1.959795206898709,84,1.0
grid_hedged,NatGas (GAS_US),2003-08-01,True,True,1.2142857142857142,1.2142857142857142,1.321945555633817,42,1.0
grid_hedged,NatGas (GAS_US),2003-09-02,True,True,1.130952380952381,1.130952380952381,1.3431365076143749,39,1.0
grid_hedged,NatGas (GAS_US),2003-10-01,True,True,0.2619047619047619,0.2619047619047619,1.0623163760635397,35,1.0
grid_hedged,NatGas (GAS_US),2003-11-03,True,True,0.10714285714285714,0.10714285714285714,1.0261236468145727,9,1.0
grid_hedged,NatGas (GAS_US),2003-12-01,True,True,0.0992063492063492,0.0992063492063492,0.9990000000000001,29,1.0
grid_hedged,NatGas (GAS_US),2004-01-05,True,True,0.8095238095238095,0.8095238095238095,1.1502299462480239,60,1.0
grid_hedged,NatGas (GAS_US),2004-02-02,True,True,0.7341269841269841,0.7341269841269841,1.0155938558009523,55,1.0
grid_hedged,NatGas (GAS_US),2004-03-01,True,True,0.6587301587301587,0.6587301587301587,1.060924236499205,53,1.0
grid_hedged,NatGas (GAS_US),2004-04-01,True,True,0.5595238095238095,0.5595238095238095,1.0237632565229104,16,1.0
grid_hedged,NatGas (GAS_US),2004-05-03,True,True,0.47619047619047616,0.47619047619047616,1.034117848535146,14,1.0
grid_hedged,NatGas (GAS_US),2004-06-01,True,True,0.3968253968253968,0.3968253968253968,1.0205457769723694,46,1.0
grid_hedged,NatGas (GAS_US),2004-07-01,True,True,0.30952380952380953,0.30952380952380953,1.0148097578082196,10,1.0
grid_hedged,NatGas (GAS_US),2004-08-02,True,True,0.2261904761904762,0.2261904761904762,1.0000594188214311,10,1.0
grid_hedged,NatGas (GAS_US),2004-09-01,True,True,0.0992063492063492,0.0992063492063492,0.9990000000000001,4,1.0
grid_hedged,NatGas (GAS_US),2004-10-01,True,True,0.24603174603174602,0.24603174603174602,1.0362872044024987,36,1.0
grid_hedged,NatGas (GAS_US),2004-11-01,True,True,0.1626984126984127,0.1626984126984127,0.9990000000000001,32,1.0
grid_hedged,NatGas (GAS_US),2004-12-01,True,True,0.6904761904761905,0.6904761904761905,1.1300802076252576,23,1.0
grid_hedged,NatGas (GAS_US),2005-01-03,True,True,0.5912698412698413,0.5912698412698413,1.0237705920010174,16,1.0
grid_hedged,NatGas (GAS_US),2005-02-01,True,True,0.5277777777777778,0.5277777777777778,1.1018969544314816,16,1.0
grid_hedged,NatGas (GAS_US),2005-03-01,True,True,0.45634920634920634,0.45634920634920634,1.0991805428848684,15,1.0
grid_hedged,NatGas (GAS_US),2005-04-01,True,True,0.36904761904761907,0.36904761904761907,1.0362646814004677,12,1.0
grid_hedged,NatGas (GAS_US),2005-05-02,True,True,0.28174603174603174,0.28174603174603174,1.029231692944756,10,1.0
grid_hedged,NatGas (GAS_US),2005-06-01,True,True,0.20238095238095238,0.20238095238095238,1.0444005362956317,8,1.0
grid_hedged,NatGas (GAS_US),2005-07-01,True,True,0.14682539682539683,0.14682539682539683,1.026635925879186,8,1.0
grid_hedged,NatGas (GAS_US),2005-08-01,True,True,0.08333333333333333,0.08333333333333333,0.9990000000000001,7,1.0
grid_hedged,NatGas (GAS_US),2005-09-01,True,True,0.3492063492063492,0.3492063492063492,1.1604236031170063,22,1.0
grid_hedged,NatGas (GAS_US),2005-10-03,True,True,0.27380952380952384,0.27380952380952384,1.110228358486245,23,1.0
grid_hedged,NatGas (GAS_US),2005-11-01,True,True,0.17063492063492064,0.17063492063492064,1.0244878060439153,15,1.0
grid_hedged,NatGas (GAS_US),2005-12-01,True,True,0.0873015873015873,0.0873015873015873,0.9990000000000001,8,1.0
grid_hedged,NatGas (GAS_US),2006-01-03,True,True,0.11507936507936507,0.11507936507936507,0.9990000000000001,17,1.0
grid_hedged,NatGas (GAS_US),2006-02-01,True,True,0.3968253968253968,0.3968253968253968,1.0064387634910732,36,1.0
grid_hedged,NatGas (GAS_US),2006-03-01,True,True,0.34523809523809523,0.34523809523809523,1.0427585637153265,39,1.0
grid_hedged,NatGas (GAS_US),2006-04-03,True,True,0.25396825396825395,0.25396825396825395,1.0002328641830942,38,1.0
grid_hedged,NatGas (GAS_US),2006-05-01,True,True,0.4166666666666667,0.4166666666666667,1.1861046620386932,48,1.0
grid_hedged,NatGas (GAS_US),2006-06-01,True,True,0.30952380952380953,0.30952380952380953,1.105480152900624,34,1.0
grid_hedged,NatGas (GAS_US),2006-07-05,True,True,0.07142857142857142,0.07142857142857142,1.000865689083863,26,1.0
grid_hedged,NatGas (GAS_US),2006-08-01,True,True,0.14682539682539683,0.14682539682539683,1.0359642240787683,17,1.0
grid_hedged,NatGas (GAS_US),2006-09-01,True,True,0.31746031746031744,0.31746031746031744,0.9990000000000001,26,1.0
grid_hedged,NatGas (GAS_US),2006-10-02,True,True,1.1865079365079365,1.1865079365079365,1.1628903704613105,62,1.0
grid_hedged,NatGas (GAS_US),2006-11-01,True,True,0.8650793650793651,0.8650793650793651,1.0620623761931063,40,1.0
grid_hedged,NatGas (GAS_US),2006-12-01,True,True,1.0158730158730158,1.0158730158730158,1.0715040092756305,42,1.0
grid_hedged,NatGas (GAS_US),2007-01-02,True,True,0.9365079365079365,0.9365079365079365,1.1083090717259898,37,1.0
grid_hedged,NatGas (GAS_US),2007-02-01,True,True,0.5793650793650794,0.5793650793650794,1.0389185832216656,33,1.0
grid_hedged,NatGas (GAS_US),2007-03-01,True,True,0.5158730158730159,0.5158730158730159,1.0305887638075568,34,1.0
grid_hedged,NatGas (GAS_US),2007-04-02,True,True,0.44841269841269843,0.44841269841269843,0.9990000000000001,31,1.0
grid_hedged,NatGas (GAS_US),2007-05-01,True,True,0.32936507936507936,0.32936507936507936,1.037041741180084,32,1.0
grid_hedged,NatGas (GAS_US),2007-06-01,True,True,0.5119047619047619,0.5119047619047619,0.9990000000000001,32,1.0
grid_hedged,NatGas (GAS_US),2007-07-02,True,True,0.8571428571428571,0.8571428571428571,1.1501651581099055,33,1.0
grid_hedged,NatGas (GAS_US),2007-08-01,True,True,0.7341269841269841,0.7341269841269841,1.0674401292230047,28,1.0
grid_hedged,NatGas (GAS_US),2007-09-03,True,True,0.5238095238095238,0.5238095238095238,1.0532516820409814,18,1.0
grid_hedged,NatGas (GAS_US),2007-10-01,True,True,0.5476190476190477,0.5476190476190477,1.0643354548906288,17,1.0
grid_hedged,NatGas (GAS_US),2007-11-01,True,True,0.4523809523809524,0.4523809523809524,1.0064124961516778,16,1.0
grid_hedged,NatGas (GAS_US),2007-12-03,True,True,0.25793650793650796,0.25793650793650796,0.9990000000000001,11,1.0
grid_hedged,NatGas (GAS_US),2008-01-02,True,True,0.30952380952380953,0.30952380952380953,1.0382736459313007,14,1.0
grid_hedged,NatGas (GAS_US),2008-02-01,True,True,0.21031746031746032,0.21031746031746032,0.9990000000000001,10,1.0
grid_hedged,NatGas (GAS_US),2008-03-03,True,True,0.2857142857142857,0.2857142857142857,1.0810488622205283,18,1.0
grid_hedged,NatGas (GAS_US),2008-04-01,True,True,0.24603174603174602,0.24603174603174602,0.9990000000000001,12,1.0
grid_hedged,NatGas (GAS_US),2008-05-02,True,True,0.24603174603174602,0.24603174603174602,1.0033069697425858,11,1.0
grid_hedged,NatGas (GAS_US),2008-06-02,True,True,0.14285714285714285,0.14285714285714285,1.0213247929907672,8,1.0
grid_hedged,NatGas (GAS_US),2008-07-01,True,True,0.05952380952380952,0.05952380952380952,0.9990000000000001,6,1.0
grid_hedged,NatGas (GAS_US),2008-08-01,True,True,0.18253968253968253,0.18253968253968253,0.9990000000000001,13,1.0
grid_hedged,NatGas (GAS_US),2008-09-02,True,True,0.2619047619047619,0.2619047619047619,0.9990000000000001,11,1.0
grid_hedged,NatGas (GAS_US),2008-10-01,True,True,0.18253968253968253,0.18253968253968253,0.9990000000000001,13,1.0
grid_hedged,NatGas (GAS_US),2008-11-03,True,True,0.19444444444444445,0.19444444444444445,1.0457381836626667,13,1.0
grid_hedged,NatGas (GAS_US),2008-12-01,True,True,0.14682539682539683,0.14682539682539683,0.9990000000000001,10,1.0
grid_hedged,NatGas (GAS_US),2009-01-02,True,True,0.12698412698412698,0.12698412698412698,0.9990000000000001,9,1.0
grid_hedged,NatGas (GAS_US),2009-02-02,True,True,0.2261904761904762,0.2261904761904762,1.0179563202932533,34,1.0
grid_hedged,NatGas (GAS_US),2009-03-02,True,True,1.0357142857142858,1.0357142857142858,1.3403476590747943,62,1.0
grid_hedged,NatGas (GAS_US),2009-04-01,True,True,0.42857142857142855,0.42857142857142855,1.2328996781601187,56,1.0
grid_hedged,NatGas (GAS_US),2009-05-01,True,True,0.3373015873015873,0.3373015873015873,1.1582172991426751,44,1.0
grid_hedged,NatGas (GAS_US),2009-06-01,True,True,0.2619047619047619,0.2619047619047619,1.0506233606975024,47,1.0
grid_hedged,NatGas (GAS_US),2009-07-01,True,True,1.1388888888888888,1.1388888888888888,1.154025502288868,64,1.0
grid_hedged,NatGas (GAS_US),2009-08-03,True,True,0.09126984126984126,0.09126984126984126,0.9990000000000001,41,1.0
grid_hedged,NatGas (GAS_US),2009-09-01,True,True,0.5476190476190477,0.5476190476190477,1.160046876086808,38,1.0
grid_hedged,NatGas (GAS_US),2009-10-01,True,True,0.8928571428571429,0.8928571428571429,1.0933364581648124,47,1.0
grid_hedged,NatGas (GAS_US),2009-11-02,True,True,0.3968253968253968,0.3968253968253968,1.050389913577189,31,1.0
grid_hedged,NatGas (GAS_US),2009-12-01,True,True,0.30158730158730157,0.30158730158730157,0.9990000000000001,27,1.0
grid_hedged,NatGas (GAS_US),2010-01-04,True,True,0.21825396825396826,0.21825396825396826,1.0285673039936127,43,1.0
grid_hedged,NatGas (GAS_US),2010-02-01,True,True,0.6587301587301587,0.6587301587301587,1.011306460307029,37,1.0
grid_hedged,NatGas (GAS_US),2010-03-01,True,True,1.5952380952380953,1.5952380952380953,1.224300030497648,45,1.0
grid_hedged,NatGas (GAS_US),2010-04-01,True,True,0.5396825396825397,0.5396825396825397,1.0687283634475315,35,1.0
grid_hedged,NatGas (GAS_US),2010-05-03,True,True,0.4523809523809524,0.4523809523809524,1.053641105215593,31,1.0
grid_hedged,NatGas (GAS_US),2010-06-01,True,True,0.3492063492063492,0.3492063492063492,1.0226916469576093,29,1.0
grid_hedged,NatGas (GAS_US),2010-07-01,True,True,1.246031746031746,1.246031746031746,1.0794558319575966,37,1.0
grid_hedged,NatGas (GAS_US),2010-08-02,True,True,1.1706349206349207,1.1706349206349207,1.0767175427184172,34,1.0
grid_hedged,NatGas (GAS_US),2010-09-01,True,True,1.3095238095238095,1.3095238095238095,1.4185550925884034,38,1.0
grid_hedged,NatGas (GAS_US),2010-10-01,True,True,1.2341269841269842,1.2341269841269842,1.4672454507476334,37,1.0
grid_hedged,NatGas (GAS_US),2010-11-01,True,True,1.1111111111111112,1.1111111111111112,1.3886205617830143,32,1.0
grid_hedged,NatGas (GAS_US),2010-12-01,True,True,1.0198412698412698,1.0198412698412698,1.3219525844347342,27,1.0
grid_hedged,NatGas (GAS_US),2011-01-03,True,True,0.9206349206349206,0.9206349206349206,1.1379613200092744,23,1.0
grid_hedged,NatGas (GAS_US),2011-02-01,True,True,0.8611111111111112,0.8611111111111112,1.218604559070856,23,1.0
grid_hedged,NatGas (GAS_US),2011-03-01,True,True,0.7738095238095238,0.7738095238095238,1.2034217329462191,21,1.0
grid_hedged,NatGas (GAS_US),2011-04-01,True,True,0.623015873015873,0.623015873015873,1.1589940677024357,19,1.0
grid_hedged,NatGas (GAS_US),2011-05-02,True,True,0.5436507936507936,0.5436507936507936,1.0629703479281873,16,1.0
grid_hedged,NatGas (GAS_US),2011-06-01,True,True,0.4603174603174603,0.4603174603174603,0.9990000000000001,12,1.0
grid_hedged,NatGas (GAS_US),2011-07-01,True,True,0.44047619047619047,0.44047619047619047,0.9990000000000001,9,1.0
grid_hedged,NatGas (GAS_US),2011-08-01,True,True,0.376984126984127,0.376984126984127,1.0111311292379124,9,1.0
grid_hedged,NatGas (GAS_US),2011-09-01,True,True,0.3253968253968254,0.3253968253968254,0.9990000000000001,8,1.0
grid_hedged,NatGas (GAS_US),2011-10-03,True,True,0.27380952380952384,0.27380952380952384,0.9990000000000001,7,1.0
grid_hedged,NatGas (GAS_US),2011-11-01,True,True,0.20238095238095238,0.20238095238095238,0.9990000000000001,12,1.0
grid_hedged,NatGas (GAS_US),2011-12-01,True,True,0.11904761904761904,0.11904761904761904,0.9990000000000001,12,1.0
grid_hedged,NatGas (GAS_US),2012-01-03,True,True,0.23809523809523808,0.23809523809523808,0.9990000000000001,91,1.0
grid_hedged,NatGas (GAS_US),2012-02-01,True,True,3.6547619047619047,3.6547619047619047,1.5472929096064618,89,1.0
grid_hedged,NatGas (GAS_US),2012-03-01,True,True,3.5753968253968256,3.5753968253968256,1.512179012757973,89,1.0
grid_hedged,NatGas (GAS_US),2012-04-02,True,True,0.5555555555555556,0.5555555555555556,1.1074555057854647,84,1.0
grid_hedged,NatGas (GAS_US),2012-05-01,True,True,3.4682539682539684,3.4682539682539684,1.8888950566153269,90,1.0
grid_hedged,NatGas (GAS_US),2012-06-01,True,True,0.15873015873015872,0.15873015873015872,0.9990000000000001,85,1.0
grid_hedged,NatGas (GAS_US),2012-07-02,True,True,3.3015873015873014,3.3015873015873014,1.8274180135453075,86,1.0
grid_hedged,NatGas (GAS_US),2012-08-01,True,True,3.1547619047619047,3.1547619047619047,1.565933753227897,81,1.0
grid_hedged,NatGas (GAS_US),2012-09-04,True,True,3.0634920634920637,3.0634920634920637,1.8349847995207476,82,1.0
grid_hedged,NatGas (GAS_US),2012-10-01,True,True,2.988095238095238,2.988095238095238,1.5977810545073579,78,1.0
grid_hedged,NatGas (GAS_US),2012-11-01,True,True,2.8968253968253967,2.8968253968253967,1.586697821912863,75,1.0
grid_hedged,NatGas (GAS_US),2012-12-03,True,True,2.1468253968253967,2.1468253968253967,1.3844907523039929,68,1.0
grid_hedged,NatGas (GAS_US),2013-01-02,True,True,2.0833333333333335,2.0833333333333335,1.582141411027374,70,1.0
grid_hedged,NatGas (GAS_US),2013-02-01,True,True,1.9246031746031746,1.9246031746031746,1.4869640163091569,62,1.0
grid_hedged,NatGas (GAS_US),2013-03-01,True,True,1.9206349206349207,1.9206349206349207,1.4435680710980705,67,1.0
grid_hedged,NatGas (GAS_US),2013-04-01,True,True,0.8888888888888888,0.8888888888888888,1.026405578989561,61,1.0
grid_hedged,NatGas (GAS_US),2013-05-01,True,True,0.8015873015873016,0.8015873015873016,1.0280158862793543,60,1.0
grid_hedged,NatGas (GAS_US),2013-06-03,True,True,1.5952380952380953,1.5952380952380953,1.2637704675315309,56,1.0
grid_hedged,NatGas (GAS_US),2013-07-01,True,True,0.6349206349206349,0.6349206349206349,1.0994545741161674,17,1.0
grid_hedged,NatGas (GAS_US),2013-08-01,True,True,0.5436507936507936,0.5436507936507936,1.0616855803132041,14,1.0
grid_hedged,NatGas (GAS_US),2013-09-03,True,True,0.45634920634920634,0.45634920634920634,1.035037909803635,49,1.0
grid_hedged,NatGas (GAS_US),2013-10-01,True,True,0.376984126984127,0.376984126984127,1.0270804001041092,39,1.0
grid_hedged,NatGas (GAS_US),2013-11-01,True,True,0.25793650793650796,0.25793650793650796,0.9990000000000001,8,1.0
grid_hedged,NatGas (GAS_US),2013-12-02,True,True,1.0476190476190477,1.0476190476190477,1.1926078067849062,29,1.0
grid_hedged,NatGas (GAS_US),2014-01-02,True,True,0.9603174603174603,0.9603174603174603,1.1432011896349223,25,1.0
grid_hedged,NatGas (GAS_US),2014-02-03,True,True,0.876984126984127,0.876984126984127,1.1049847380599696,25,1.0
grid_hedged,NatGas (GAS_US),2014-03-03,True,True,0.8095238095238095,0.8095238095238095,1.0520220553520616,24,1.0
grid_hedged,NatGas (GAS_US),2014-04-01,True,True,0.7182539682539683,0.7182539682539683,1.0312241928375971,24,1.0
grid_hedged,NatGas (GAS_US),2014-05-01,True,True,0.6468253968253969,0.6468253968253969,1.045513478029334,22,1.0
grid_hedged,NatGas (GAS_US),2014-06-02,True,True,0.5634920634920635,0.5634920634920635,1.0012844013932005,18,1.0
grid_hedged,NatGas (GAS_US),2014-07-01,True,True,0.49206349206349204,0.49206349206349204,1.0964144579319068,31,1.0
grid_hedged,NatGas (GAS_US),2014-08-06,True,True,0.4166666666666667,0.4166666666666667,1.0893487872177003,29,1.0
grid_hedged,NatGas (GAS_US),2014-09-01,True,True,0.3492063492063492,0.3492063492063492,1.1192197890756128,28,1.0
grid_hedged,NatGas (GAS_US),2014-10-01,True,True,0.2619047619047619,0.2619047619047619,1.093012090303632,27,1.0
grid_hedged,NatGas (GAS_US),2014-11-03,True,True,0.14682539682539683,0.14682539682539683,1.0477372016726276,14,1.0
grid_hedged,NatGas (GAS_US),2014-12-01,True,True,0.1626984126984127,0.1626984126984127,0.9990000000000001,23,1.0
grid_hedged,NatGas (GAS_US),2015-01-02,True,True,0.8968253968253969,0.8968253968253969,1.2395702760104899,25,1.0
grid_hedged,NatGas (GAS_US),2015-02-02,True,True,0.8333333333333334,0.8333333333333334,1.2288831232683226,21,1.0
grid_hedged,NatGas (GAS_US),2015-03-02,True,True,0.753968253968254,0.753968253968254,1.174828678944495,21,1.0
grid_hedged,NatGas (GAS_US),2015-04-01,True,True,0.6468253968253969,0.6468253968253969,1.0906114003838985,16,1.0
grid_hedged,NatGas (GAS_US),2015-05-01,True,True,0.5,0.5,1.0386563595107774,12,1.0
grid_hedged,NatGas (GAS_US),2015-06-01,True,True,0.5,0.5,1.0465056570227464,11,1.0
grid_hedged,NatGas (GAS_US),2015-07-01,True,True,0.4166666666666667,0.4166666666666667,1.0025982429801035,7,1.0
grid_hedged,NatGas (GAS_US),2015-08-03,True,True,0.3055555555555556,0.3055555555555556,1.0160343561612788,8,1.0
grid_hedged,NatGas (GAS_US),2015-09-02,True,True,0.2698412698412698,0.2698412698412698,0.9990000000000001,12,1.0
grid_hedged,NatGas (GAS_US),2015-10-01,True,True,0.20634920634920634,0.20634920634920634,0.9990000000000001,98,1.0
grid_hedged,NatGas (GAS_US),2015-11-02,True,True,4.4563492063492065,4.4563492063492065,1.5968862647349522,192,1.0
grid_hedged,NatGas (GAS_US),2015-12-01,True,False,4.579365079365079,4.579365079365079,1.8475642364446037,205,1.0
grid_hedged,NatGas (GAS_US),2016-01-04,True,True,4.194444444444445,4.194444444444445,1.5992981997783464,132,1.0
grid_hedged,NatGas (GAS_US),2016-02-01,True,True,0.7222222222222222,0.7222222222222222,1.0134216908413274,100,1.0
grid_hedged,NatGas (GAS_US),2016-03-01,True,True,0.3412698412698413,0.3412698412698413,1.0129313843412402,100,1.0
grid_hedged,NatGas (GAS_US),2016-04-01,True,True,2.623015873015873,2.623015873015873,1.514726410890817,96,1.0
grid_hedged,NatGas (GAS_US),2016-05-02,True,True,2.5396825396825395,2.5396825396825395,1.5121537683109705,94,1.0
grid_hedged,NatGas (GAS_US),2016-06-01,True,True,2.4523809523809526,2.4523809523809526,1.4927157367248007,102,1.0
grid_hedged,NatGas (GAS_US),2016-07-01,True,True,2.365079365079365,2.365079365079365,1.3627490463738683,100,1.0
grid_hedged,NatGas (GAS_US),2016-08-01,True,True,2.2817460317460316,2.2817460317460316,1.3895565920765716,99,1.0
grid_hedged,NatGas (GAS_US),2016-09-01,True,True,1.3253968253968254,1.3253968253968254,1.2818457335151912,87,1.0
grid_hedged,NatGas (GAS_US),2016-10-03,True,True,1.2182539682539681,1.2182539682539681,1.2084322316633995,81,1.0
grid_hedged,NatGas (GAS_US),2016-11-01,True,True,1.1150793650793651,1.1150793650793651,1.1202953028569447,42,1.0
grid_hedged,NatGas (GAS_US),2016-12-01,True,True,1.0277777777777777,1.0277777777777777,1.0948258164513094,34,1.0
grid_hedged,NatGas (GAS_US),2017-01-03,True,True,1.8492063492063493,1.8492063492063493,1.063474808105615,38,1.0
grid_hedged,NatGas (GAS_US),2017-02-01,True,True,1.7698412698412698,1.7698412698412698,1.0937197164874553,37,1.0
grid_hedged,NatGas (GAS_US),2017-03-01,True,True,1.6904761904761905,1.6904761904761905,1.0921284633660073,34,1.0
grid_hedged,NatGas (GAS_US),2017-04-03,True,True,1.5992063492063493,1.5992063492063493,1.0857050641755868,33,1.0
grid_hedged,NatGas (GAS_US),2017-05-01,True,True,0.6587301587301587,0.6587301587301587,1.0201133424262046,32,1.0
grid_hedged,NatGas (GAS_US),2017-06-01,True,True,1.4285714285714286,1.4285714285714286,1.1675737762203537,24,1.0
grid_hedged,NatGas (GAS_US),2017-07-03,True,True,1.3412698412698412,1.3412698412698412,1.2076903470613563,27,1.0
grid_hedged,NatGas (GAS_US),2017-08-01,True,True,1.2658730158730158,1.2658730158730158,1.1933028439020932,26,1.0
grid_hedged,NatGas (GAS_US),2017-09-01,True,True,1.1746031746031746,1.1746031746031746,1.1692379978151417,26,1.0
grid_hedged,NatGas (GAS_US),2017-10-02,True,True,1.0912698412698412,1.0912698412698412,1.1965947065801221,24,1.0
grid_hedged,NatGas (GAS_US),2017-11-01,True,True,1.003968253968254,1.003968253968254,1.18370054959878,23,1.0
grid_hedged,NatGas (GAS_US),2017-12-01,True,True,0.9166666666666666,0.9166666666666666,1.1116867796812797,18,1.0
grid_hedged,NatGas (GAS_US),2018-01-02,True,True,0.8373015873015873,0.8373015873015873,1.1655713127166183,17,1.0
grid_hedged,NatGas (GAS_US),2018-02-01,True,True,0.7579365079365079,0.7579365079365079,1.0903952524568818,10,1.0
grid_hedged,NatGas (GAS_US),2018-03-01,True,True,0.6785714285714286,0.6785714285714286,1.0324334547065384,7,1.0
grid_hedged,NatGas (GAS_US),2018-04-02,True,True,0.5992063492063492,0.5992063492063492,1.066101886018589,9,1.0
grid_hedged,NatGas (GAS_US),2018-05-01,True,True,0.5158730158730159,0.5158730158730159,1.0390107807529925,7,1.0
grid_hedged,NatGas (GAS_US),2018-06-01,True,True,0.4246031746031746,0.4246031746031746,1.0567894264455,8,1.0
grid_hedged,NatGas (GAS_US),2018-07-02,True,True,0.34523809523809523,0.34523809523809523,1.0350768293574446,7,1.0
grid_hedged,NatGas (GAS_US),2018-08-01,True,True,0.25793650793650796,0.25793650793650796,1.035983365794546,7,1.0
grid_hedged,NatGas (GAS_US),2018-09-05,True,True,0.16666666666666666,0.16666666666666666,0.9990000000000001,5,1.0
grid_hedged,NatGas (GAS_US),2018-10-01,True,True,0.12698412698412698,0.12698412698412698,1.0124445248462288,4,1.0
grid_hedged,NatGas (GAS_US),2018-11-01,True,True,0.03571428571428571,0.03571428571428571,0.9990000000000001,25,1.0
grid_hedged,NatGas (GAS_US),2018-12-03,True,True,0.0873015873015873,0.0873015873015873,1.0146096412232284,14,1.0
grid_hedged,NatGas (GAS_US),2019-01-01,True,True,0.4801587301587302,0.4801587301587302,1.0049494016594598,29,1.0
grid_hedged,NatGas (GAS_US),2019-02-01,True,True,0.9325396825396826,0.9325396825396826,1.0213701897570202,30,1.0
grid_hedged,NatGas (GAS_US),2019-03-01,True,True,0.8888888888888888,0.8888888888888888,0.9990000000000001,30,1.0
grid_hedged,NatGas (GAS_US),2019-04-01,True,True,0.8174603174603174,0.8174603174603174,1.067811307223015,31,1.0
grid_hedged,NatGas (GAS_US),2019-05-01,True,True,0.7936507936507936,0.7936507936507936,1.171293051612594,40,1.0
grid_hedged,NatGas (GAS_US),2019-06-03,True,True,0.7023809523809523,0.7023809523809523,1.1988147163292986,26,1.0
grid_hedged,NatGas (GAS_US),2019-07-01,True,True,0.5952380952380952,0.5952380952380952,1.187916364166921,24,1.0
grid_hedged,NatGas (GAS_US),2019-08-01,True,True,0.4722222222222222,0.4722222222222222,1.0506199346748402,20,1.0
grid_hedged,NatGas (GAS_US),2019-09-03,True,True,0.38095238095238093,0.38095238095238093,1.0371007762339104,13,1.0
grid_hedged,NatGas (GAS_US),2019-10-01,True,True,0.3134920634920635,0.3134920634920635,1.0176853396274061,10,1.0
grid_hedged,NatGas (GAS_US),2019-11-01,True,True,0.2222222222222222,0.2222222222222222,1.0091888954558845,10,1.0
grid_hedged,NatGas (GAS_US),2019-12-02,True,True,0.3492063492063492,0.3492063492063492,1.0040204410552702,52,1.0
grid_hedged,NatGas (GAS_US),2020-01-01,True,True,0.46825396825396826,0.46825396825396826,1.0062840719271975,54,1.0
grid_hedged,NatGas (GAS_US),2020-02-03,True,True,1.6071428571428572,1.6071428571428572,1.3670531727421358,63,1.0
grid_hedged,NatGas (GAS_US),2020-03-02,True,True,0.3253968253968254,0.3253968253968254,1.1532212681905092,59,1.0
grid_hedged,NatGas (GAS_US),2020-04-01,True,True,0.23809523809523808,0.23809523809523808,1.1344532189572205,56,1.0
grid_hedged,NatGas (GAS_US),2020-05-01,True,True,0.15079365079365079,0.15079365079365079,1.0040315641684536,47,1.0
grid_hedged,NatGas (GAS_US),2020-06-01,True,True,0.21031746031746032,0.21031746031746032,1.015839028560172,11,1.0
grid_hedged,NatGas (GAS_US),2020-07-01,True,True,0.14682539682539683,0.14682539682539683,1.0793785043274013,8,1.0
grid_hedged,NatGas (GAS_US),2020-08-03,True,True,0.3412698412698413,0.3412698412698413,1.101416220451593,34,1.0
grid_hedged,NatGas (GAS_US),2020-09-01,True,True,0.26587301587301587,0.26587301587301587,1.0763299955250245,25,1.0
grid_hedged,NatGas (GAS_US),2020-10-01,True,True,0.19047619047619047,0.19047619047619047,1.0085405364879128,27,1.0
grid_hedged,NatGas (GAS_US),2020-11-02,True,True,0.7103174603174603,0.7103174603174603,0.9990000000000001,24,1.0
grid_hedged,NatGas (GAS_US),2020-12-01,True,True,0.5833333333333334,0.5833333333333334,1.0951129393441703,17,1.0
grid_hedged,NatGas (GAS_US),2021-01-04,True,True,0.5158730158730159,0.5158730158730159,1.088662631961283,14,1.0
grid_hedged,NatGas (GAS_US),2021-02-01,True,True,0.42063492063492064,0.42063492063492064,1.026954996027558,11,1.0
grid_hedged,NatGas (GAS_US),2021-03-01,True,True,0.3333333333333333,0.3333333333333333,0.9990000000000001,9,1.0
grid_hedged,NatGas (GAS_US),2021-04-01,True,True,0.23809523809523808,0.23809523809523808,0.9990000000000001,7,1.0
grid_hedged,NatGas (GAS_US),2021-05-03,True,True,0.25793650793650796,0.25793650793650796,1.046689425453379,9,1.0
grid_hedged,NatGas (GAS_US),2021-06-01,True,True,0.24603174603174602,0.24603174603174602,1.005483714824023,6,1.0
grid_hedged,NatGas (GAS_US),2021-07-01,True,True,0.1865079365079365,0.1865079365079365,0.9990000000000001,7,1.0
grid_hedged,NatGas (GAS_US),2021-08-02,True,True,0.12301587301587301,0.12301587301587301,1.0394753950862479,12,1.0
grid_hedged,NatGas (GAS_US),2021-09-01,True,True,0.2619047619047619,0.2619047619047619,1.2763470450090835,43,1.0
grid_hedged,NatGas (GAS_US),2021-10-01,True,True,0.17063492063492064,0.17063492063492064,1.1153776549814476,35,1.0
grid_hedged,NatGas (GAS_US),2021-11-01,True,True,0.09523809523809523,0.09523809523809523,1.0365009924312218,30,1.0
grid_hedged,NatGas (GAS_US),2021-12-01,True,True,0.17063492063492064,0.17063492063492064,1.0904588275435567,19,1.0
grid_hedged,NatGas (GAS_US),2022-01-03,True,True,0.08333333333333333,0.08333333333333333,1.0118322179812451,15,1.0
grid_hedged,NatGas (GAS_US),2022-02-01,True,True,0.16666666666666666,0.16666666666666666,1.0245548907776054,12,1.0
grid_hedged,NatGas (GAS_US),2022-03-01,True,True,0.10714285714285714,0.10714285714285714,1.0434453168269018,8,1.0
grid_hedged,NatGas (GAS_US),2022-04-01,True,True,0.03968253968253968,0.03968253968253968,0.9990000000000001,8,1.0
grid_hedged,NatGas (GAS_US),2022-05-02,True,True,0.1626984126984127,0.1626984126984127,1.1135965311771447,29,1.0
grid_hedged,NatGas (GAS_US),2022-06-01,True,True,0.05952380952380952,0.05952380952380952,1.0194934926933867,5,1.0
grid_hedged,NatGas (GAS_US),2022-07-01,True,True,0.047619047619047616,0.047619047619047616,0.9990000000000001,4,1.0
grid_hedged,NatGas (GAS_US),2022-08-01,True,True,0.2222222222222222,0.2222222222222222,1.137703766013715,35,1.0
grid_hedged,NatGas (GAS_US),2022-09-01,True,True,0.13095238095238096,0.13095238095238096,1.0116731187217698,27,1.0
grid_hedged,NatGas (GAS_US),2022-10-03,True,True,0.25,0.25,1.3379486565108447,33,1.0
grid_hedged,NatGas (GAS_US),2022-11-01,True,True,0.15476190476190477,0.15476190476190477,1.039193934528244,20,1.0
grid_hedged,NatGas (GAS_US),2022-12-01,True,True,0.07936507936507936,0.07936507936507936,0.9990000000000001,11,1.0
grid_hedged,NatGas (GAS_US),2023-01-03,True,True,0.12698412698412698,0.12698412698412698,1.0021013710474493,26,1.0
grid_hedged,NatGas (GAS_US),2023-02-01,True,True,0.25396825396825395,0.25396825396825395,1.0165877835758719,40,1.0
grid_hedged,NatGas (GAS_US),2023-03-01,True,True,0.10317460317460317,0.10317460317460317,1.0061333080049608,34,1.0
