date,revised,revised_no_crack
1991-11-01,0.002240777197337328,0.004741590339036472
1991-11-04,-0.00048452462345282784,-0.0008712767589197085
1991-11-05,0.00026789858728011514,0.0004510599399528733
1991-11-06,-0.0024148627023356573,-0.003673410050952447
1991-11-07,-0.0005052904071100813,-0.000854888721911778
1991-11-08,-0.0007256225422196842,-0.0013373720601309853
1991-11-11,-0.002639407556615859,-0.004759365841722602
1991-11-12,-0.0004223229949168199,-0.0011050156700775492
1991-11-13,-8.32361170456616e-05,-0.0004101000148677626
1991-11-14,5.505853273220229e-05,0.00020808044515854124
1991-11-15,0.00012727705396767144,0.0011234046519681023
1991-11-18,-0.0005485620757197629,-0.000995943586996286
1991-11-19,5.294558964717287e-05,-0.000578649753357688
1991-11-20,0.00014481549391125138,-0.00014487293343947114
1991-11-21,0.0003404405717289284,-4.963689067019215e-05
1991-11-22,0.0011650969202853245,0.0004572977348032801
1991-11-25,-0.0004535904218261947,-0.0003040228070643264
1991-11-26,0.0019073854313511913,0.0013632814596312992
1991-11-27,-0.002157284880551115,-0.0024065234554568504
1991-11-28,-0.004450607772600065,-0.004580758459070389
1991-11-29,0.0003401237882008997,0.0002597138957522534
1991-12-02,0.001545460280989044,0.0013283527118143647
1991-12-03,0.003333779954474278,0.002444820350715437
1991-12-04,-0.001161540745118698,-0.0011152515293539956
1991-12-05,0.002541076452211045,0.0025845926147821806
1991-12-06,0.003121198189212118,0.0032939264120272634
1991-12-09,0.008952542870381377,0.00880731822257635
1991-12-10,-0.0011860738835923112,-0.0010537226324209001
1991-12-11,-0.0010103806670354375,-0.0009438550196971748
1991-12-12,-0.00564777201006906,-0.0051982845004449945
1991-12-13,-0.0027760037071011975,-0.0028203024154481496
1991-12-16,0.005269481813027757,0.005594011162338788
1991-12-17,0.004289095821876229,0.004713548025513156
1991-12-18,0.00010848850321068216,0.0001175497699163146
1991-12-19,0.0017806946379223616,0.0019297009091073687
1991-12-20,0.005848736467245665,0.006088012276191067
1991-12-23,-0.0029186529587448325,-0.002899120509882843
1991-12-24,-0.0021027989868627125,-0.0020915987234013853
1991-12-26,0.0,0.0
1991-12-27,0.0024058585462460058,0.002448987297475193
1991-12-30,-0.0006814623103126904,-0.000665554587305777
1991-12-31,0.0019163204834471914,0.0018344870174153572
1992-01-02,-0.012119377876265174,-0.01186934253418414
1992-01-03,0.0025613100335213756,0.0026990371957647977
1992-01-06,0.0010996874991984914,0.001238271566771607
1992-01-07,0.004491002377078532,0.0050343565546223145
1992-01-08,0.009184332063665925,0.009514740950959045
1992-01-09,0.0005496381788244978,0.0005361986522084737
1992-01-10,-0.005808515635678339,-0.005314208521044841
1992-01-13,-0.007592795192974077,-0.007470615172779795
1992-01-14,0.001710291940000429,0.0018155157574157815
1992-01-15,-0.005380205823333034,-0.005504298013537921
1992-01-16,0.00019794765990086203,0.0001872733473226436
1992-01-17,-0.0013452017788053363,-0.0019912791467334517
1992-01-20,0.0007282997750367786,0.001226176491312975
1992-01-21,0.00040450663906348665,0.00047654205542525504
1992-01-22,-0.0016699887387857358,-0.002236981046231755
1992-01-23,0.0007152663984129076,0.000507654957661887
1992-01-24,-0.0008375358422323037,-0.0006762236497295054
1992-01-27,-0.0005174399300458379,-0.0005035617565514477
1992-01-28,0.00015389122725060833,0.0001726463013191508
1992-01-29,0.0002188614041828691,0.00019136932900384139
1992-01-30,-0.00010065403200259207,-8.843569579156196e-05
1992-01-31,-1.2768403449974769e-05,-1.2177362339959666e-05
1992-02-03,-2.4152013706962626e-05,-6.227966231865662e-05
1992-02-04,-8.65193949310033e-05,-0.00017942912037008883
1992-02-05,0.00023042614094598727,-7.045501827287149e-05
1992-02-06,-0.00019332380770030604,-2.299741626866277e-05
1992-02-07,0.0009938459482163537,0.00021968304154696596
1992-02-10,-5.677591444086108e-05,-2.5939492547294116e-05
1992-02-11,-0.001449658333302382,-0.0008389833254814815
1992-02-12,-0.00030967430480217543,-0.00027906112916059416
1992-02-13,0.0010994091790488866,0.0005787824412047203
1992-02-14,-0.00032275032261271005,-0.00016764726323453632
1992-02-17,-0.005892030068020299,-0.0037994655936854018
1992-02-18,-2.6474085450860534e-05,-0.0001461913005064335
1992-02-19,-7.014845072491332e-05,-0.0004634177645320129
1992-02-20,-2.9053289394710836e-07,-0.00010898360896898083
1992-02-21,0.00010165607855172176,0.0004809539630726053
1992-02-24,0.0005129638220970012,0.0014379126447511177
1992-02-25,-0.00037962269202190596,-0.0006037650561151477
1992-02-26,0.00033395550322358486,0.0004778554152196182
1992-02-27,-0.0013707802419030328,-0.0019130226992272927
1992-02-28,0.00022350452345324445,0.0004405726257689223
1992-03-02,0.0011352591652728167,0.002153456116475285
1992-03-03,-0.001300472263507063,-0.0022120723401696483
1992-03-04,-1.6140428364727222e-05,-2.63893920251922e-05
1992-03-05,0.0001908030107208719,0.000425613317139915
1992-03-06,-4.865653223580863e-06,-1.0447540268596296e-05
1992-03-09,-0.0007074409305160026,-0.0010808890973298898
1992-03-10,-8.241402928101347e-05,-9.731205503031838e-05
1992-03-11,0.00070561537817696,0.0009445182919092959
1992-03-12,-0.0023548302355300937,-0.0038995976387368957
1992-03-13,-0.0010556621735091168,-0.0017758450813049323
1992-03-16,0.00033916591931567995,0.0007929258692103122
1992-03-17,-5.011534095139904e-05,-0.00020209209660641947
1992-03-18,-0.0001788797936376335,0.00014579111944761306
1992-03-19,0.00018320623920556233,-0.0003733014403316084
1992-03-20,-0.0010592918860404458,-0.0009137197000470017
1992-03-23,-2.505702560946694e-05,-0.00013121335804808782
1992-03-24,0.00010089699961442958,0.00013417944538735236
1992-03-25,3.0223551863821048e-05,4.688054368902678e-05
1992-03-26,9.450649206401648e-05,0.00020797394299116177
1992-03-27,-0.00018417071455045604,-0.0003818176927453739
1992-03-30,6.550769547053616e-05,0.0001363460923611827
1992-03-31,0.0003397692697626128,0.0007499384918885918
1992-04-01,0.0007339461194237873,0.0010151066382035644
1992-04-02,-0.0006441723566099356,-0.0005074050526037844
1992-04-03,0.002892876623053013,0.002566333709878478
1992-04-06,0.0022027115310197195,0.002188513399993162
1992-04-07,-0.0014686750855737096,-0.001535173286159728
1992-04-08,0.0030023222569277547,0.00330870323497393
1992-04-09,-0.0023455282992688215,-0.0028624651773501014
1992-04-10,0.0009232249467166937,0.0010946074366207524
1992-04-13,-0.0010957810240775118,-0.0013075039172016501
1992-04-14,-0.0014798065583271226,-0.002584741783919291
1992-04-15,0.00020749360371606713,0.0006853559370693015
1992-04-16,0.0007158358888221125,0.0021148641191317398
1992-04-20,0.0,0.0
1992-04-21,0.0001314374116838167,0.00021938008066785144
1992-04-22,-0.0021559792210574824,-0.0025929866106554392
1992-04-23,-8.842341201915168e-05,-0.00010581940726724781
1992-04-24,0.0006720265131762685,0.0007905474855225432
1992-04-27,0.00022237341762481274,0.0002616040927862282
1992-04-28,0.001000678632698916,0.0011465580086858721
1992-04-29,0.002720264825578363,0.003318843185873096
1992-04-30,0.001837790272245846,0.0023501185807408213
1992-05-01,-0.00013713543868029717,-0.00016412575014748413
1992-05-04,0.0,0.0
1992-05-05,-0.00020500771390155655,-0.00023190598549294354
1992-05-06,-0.00027099692103940107,-0.00028205356763774653
1992-05-07,-0.0005255762976284541,-0.0005185057750352117
1992-05-08,0.0017669556024253053,0.0017431849347514057
1992-05-11,0.002602259186893868,0.0028914074217321773
1992-05-12,-0.0003361177589356835,-0.0003650250443981494
1992-05-13,-0.0012155899398542528,-0.0014065496956212925
1992-05-14,-0.0024097003103415696,-0.0029852514869820926
1992-05-15,0.0019012475450113106,0.0026122702753333636
1992-05-18,-0.0018445961630842184,-0.0025226775106788404
1992-05-19,-0.0026233459939643375,-0.004081495344587124
1992-05-20,-0.00041387956058523554,-0.0006738418152551986
1992-05-21,0.003961917574836435,0.007371294791681922
1992-05-22,0.00029099821045344617,0.0005498376808347206
1992-05-26,0.007949861898687738,0.013906777448484823
1992-05-27,0.00022617273851969664,0.0003471607914670408
1992-05-28,-0.0006469769507575317,-0.0010114457390913744
1992-05-29,0.000954047334246931,0.00141003354520383
1992-06-01,-4.7019976952845565e-05,-5.950586779770827e-05
1992-06-02,0.00046812520491358437,0.0006624304121033448
1992-06-03,0.0021766354401645243,0.0031972102962329724
1992-06-04,0.0009253270494255994,0.0012474934368250261
1992-06-05,0.0010664414558438724,0.0014070638879041357
1992-06-08,-0.0014339941944772974,-0.001800471763713396
1992-06-09,-0.001559259796450641,-0.001923894424117138
1992-06-10,0.0018901845576275841,0.0023471701282861876
1992-06-11,-0.0012000380811591517,-0.00151298677227284
1992-06-12,-0.0002509005596902137,-0.000324547479123585
1992-06-15,0.0023631871001784884,0.0031514999973166146
1992-06-16,-0.00032656264377106025,-0.0004826879706583296
1992-06-17,-0.0001137495363254561,-0.00018013147353323358
1992-06-18,-1.3805676357848586e-05,-2.4441674914392557e-05
1992-06-19,-0.0001982792238800194,-0.00034636826247838506
1992-06-22,0.0007777775435041677,0.0013960792640120704
1992-06-23,0.001161917437859025,0.002116921203141817
1992-06-24,0.002322481383059125,0.00428785207510766
1992-06-25,-0.0023202976618577017,-0.004285384393703355
1992-06-26,-0.0009222708274630913,-0.0018490520279613222
1992-06-29,-0.001237372011566188,-0.002740616663805545
1992-06-30,-0.0032771662060175066,-0.009098464311066694
1992-07-01,4.9331124967981315e-05,0.0015383899267650677
1992-07-02,0.00010051952805545905,0.0016342070204233468
1992-07-03,0.00012166293633185081,0.001961230939545565
1992-07-06,-0.00014985388752372297,-0.0024185264588767277
1992-07-07,-0.00025316078387830737,-0.00425425132072308
1992-07-08,-2.4935536521498582e-05,-2.475461214840086e-05
1992-07-09,-8.01580960727981e-05,4.7343303631890745e-05
1992-07-10,0.0006302005273523379,-0.0006875509140420341
1992-07-13,-0.0003615912857996279,0.00027471071493724596
1992-07-14,-0.0004552705327045303,0.0003680520274052796
1992-07-15,-0.000916762368067299,0.0008840518461577213
1992-07-16,-0.00020128477879241254,0.0002256963337375663
1992-07-17,0.0005389354165657426,-0.000840133724213563
1992-07-20,-0.0004939193412634488,0.0005890269930816022
1992-07-21,0.00035469817117850553,-0.00037844054881910216
1992-07-22,-0.0009761216400986116,0.0009738872922428261
1992-07-23,-0.0006462169887762099,0.0006403762518842411
1992-07-24,-0.00050568139908084,0.0005543106091180363
1992-07-27,-0.00013024370294619736,0.00015378575167406382
1992-07-28,5.164734644551096e-05,-0.00016794666118540765
1992-07-29,0.00020674194831492963,-0.0005915869127462188
1992-07-30,0.0002294977145130779,-0.0019420132960207522
1992-07-31,-0.00021842675401431935,0.0003459548129485181
1992-08-03,0.0012734613902772823,-0.002517758743921235
1992-08-04,0.0011732683254503976,-0.001549286482640081
1992-08-05,0.0010851539643076799,-0.0009608464074267097
1992-08-06,-0.0014420611457820294,0.0007003053074173263
1992-08-07,0.001000128887105441,-0.0004862344049442679
1992-08-10,0.0014106376725737133,-0.0005480209214081094
1992-08-11,0.0006744616730776648,-0.0001657144087816916
1992-08-12,-0.0008886893554877822,7.837223776937498e-05
1992-08-13,-0.002451834773045288,0.00017412851627809066
1992-08-14,0.0006812786107772262,-5.6825317875899714e-05
1992-08-17,-0.008300682188177786,-0.007640071933661769
1992-08-18,0.006486621829388924,0.006356951921054853
1992-08-19,-0.00037272230820638194,-0.0013982404239828222
1992-08-20,0.00024076287540322313,0.0001656999172841299
1992-08-21,2.9304535747669714e-05,-0.0012040265665367409
1992-08-24,0.0012980767394962847,0.004624265549290127
1992-08-25,0.004875132481377375,0.0026284183886376203
1992-08-26,-0.0020048389104925053,-0.0016873332424313452
1992-08-27,0.00015723865968499202,9.101915624854652e-05
1992-08-28,0.005643229437737522,0.006578334936359377
1992-08-31,-0.0008018600114726666,-0.0008018600114726666
1992-09-01,-0.0021639868979361917,-0.0005651272683880078
1992-09-02,-0.0007639995687659765,-0.0008749703416067034
1992-09-03,0.003855081121374971,0.003783483837999676
1992-09-04,0.0013174591145014875,0.002128858166907669
1992-09-07,-0.0014830972907879112,0.0011880920621898563
1992-09-08,-0.0040504320831511835,-0.002999615886247673
1992-09-09,0.004073762794679054,0.004555566757884074
1992-09-10,0.0022947234381291456,0.0017540568589374465
1992-09-11,0.0004433834059796986,0.0013950135637031211
1992-09-14,0.0031123724069356666,0.006659727547520884
1992-09-15,0.0045214873021629095,0.002634307783180334
1992-09-16,-0.0007786662767839415,0.0002885940912992349
1992-09-17,-0.0035264232949884546,-0.005943336386306601
1992-09-18,0.0056159146253892496,0.0034906501553452034
1992-09-21,0.007933586586204477,0.0075970775931333496
1992-09-22,-0.0009783652616947261,0.000648983064289454
1992-09-23,-0.0016037569114692276,0.0021170405294231036
1992-09-24,-0.007321866676276601,-0.009550218312695013
1992-09-25,0.0011799474146084465,-0.0006239241777224468
1992-09-28,-0.0035820343537299906,-0.00270133821290181
1992-09-29,0.004273022334468901,0.0031375931786348427
1992-09-30,-4.1819596027576504e-05,0.00037218895364057603
1992-10-01,-0.0004311028692415673,0.0009308962089218147
1992-10-02,-0.001653776697657464,-0.0006042469932275385
1992-10-05,-0.00658085504089261,-0.00895034351816092
1992-10-06,0.002691144053417928,0.0026629401930211797
1992-10-07,-0.003204010877520904,-0.002236805288883608
1992-10-08,-0.00473722546681233,-0.003636558568173217
1992-10-09,0.0006396243786456474,0.006126179961944758
1992-10-12,-0.00250283235551059,-0.003377731856924542
1992-10-13,-0.0012345915121278071,-0.0029877204542703268
1992-10-14,0.002512898860602364,0.002066194426311483
1992-10-15,2.8169565336953807e-06,0.0029158651894590597
1992-10-16,-0.0008553955369159518,-0.0012922433103259134
1992-10-19,0.002192844237947046,0.0020811363866638706
1992-10-20,-0.001009457083662996,-0.0011081778176170274
1992-10-21,-0.0043603679880480735,-0.006087406586929381
1992-10-22,-0.0013004924551152138,-0.0023286918735384477
1992-10-23,0.0005058692132307242,0.0003886154817270495
1992-10-26,-0.002187839148493929,-0.0021788441967219244
1992-10-27,0.0015713985727757011,0.001594500014921698
1992-10-28,0.0009331984235118131,0.000871104593367871
1992-10-29,0.0007872436775738411,0.001297397338688168
1992-10-30,0.0012930590268490274,0.0012599653179407033
1992-11-02,0.0008786444490940727,0.0008918555262887451
1992-11-03,0.0008248222489253359,0.0008571105459013965
1992-11-04,0.0036466258783476673,0.003569341459156477
1992-11-05,-0.007707359873281794,-0.005413362037837865
1992-11-06,0.005689973370167564,0.001984981260147689
1992-11-09,-0.0065842797242548845,-0.003246434090131034
1992-11-10,0.0038736676211865912,0.002400763992085173
1992-11-11,-0.001440478515606913,-0.0013403433560110237
1992-11-12,0.0057992451895344105,0.0043975009733868775
1992-11-13,0.004396577202437945,0.0018182722551653603
1992-11-16,-0.007116926069080554,-0.0044216048434805874
1992-11-17,0.0025145800022306638,0.0017088226995539875
1992-11-18,0.00034058027949633525,-0.0005299095549394867
1992-11-19,-0.007303185249034074,-0.004739394498856624
1992-11-20,-0.0004980401338746727,-9.976733282730706e-05
1992-11-23,0.00637677915494304,0.004568682889979202
1992-11-24,0.0024122709050638843,0.001795801831310891
1992-11-25,-0.001121773342472652,-0.0018684160195030764
1992-11-26,0.02068093102892797,0.02138907199280765
1992-11-27,-0.011350449456931515,-0.011834843954532211
1992-11-30,0.0019439231183296264,-0.00019629679592989726
1992-12-01,0.008937504742333624,0.009082921148890656
1992-12-02,0.002792583143094229,0.0018247085757473476
1992-12-03,0.006356058648312467,0.005091445949520697
1992-12-04,0.004051452791249059,0.0027168092495378445
1992-12-07,-0.005645880390374365,-0.004251981009417411
1992-12-08,0.01014133784298222,0.008343620219415334
1992-12-09,-0.0005505323918246486,-0.00042968709816158134
1992-12-10,-0.015355696221384961,-0.012808843589661252
1992-12-11,0.005352449613538861,0.0049100798703663
1992-12-14,0.0015045546614033721,0.0014779000912549759
1992-12-15,0.0023436977108731998,0.001997349067478313
1992-12-16,-0.014515055314278736,-0.011624731022794661
1992-12-17,-0.009801215810678441,-0.009223376352442436
1992-12-18,0.0010123140084277846,0.0008097638334954972
1992-12-21,-0.0011375542735224712,-0.0012742808013663253
1992-12-22,0.0015860173488776287,0.0017457366233051413
1992-12-23,-0.0018211932245906471,-0.0019137586322098886
1992-12-24,-0.002806079586511683,-0.003565862352695033
1992-12-28,-0.0015612865145147288,-0.001701319219059604
1992-12-29,0.003219617370985578,0.0036481731368596584
1992-12-30,0.00023414938581423737,0.0004569776905077099
1992-12-31,0.0006209814716700344,0.0002175039053021735
1993-01-04,0.00856658523143703,0.007198260303395049
1993-01-05,-0.005857414116381205,-0.005009489802938471
1993-01-06,0.0024160712879778674,0.0018184215920953276
1993-01-07,0.0020282363865960517,0.0016133963332803445
1993-01-08,0.0033601188668711673,0.0029021846781838393
1993-01-11,0.00144620214152991,0.0005401144673869046
1993-01-12,0.009787675070634803,0.007923121444675114
1993-01-13,-0.0050263847194027276,-0.0038772192505892363
1993-01-14,-0.0057523512182223,-0.005025452344507618
1993-01-15,-0.004738981727280346,-0.0037017025580827964
1993-01-18,0.0004973830720643315,0.00079573758972172
1993-01-19,0.00561540091517814,0.007840409739792812
1993-01-20,0.0008022625087272377,0.002757190863600198
1993-01-21,-0.008661855283069234,-0.012692148425151416
1993-01-22,0.0017775272682291142,0.0024489707441190302
1993-01-25,-0.014986008799888791,-0.021719666439631916
1993-01-26,-0.0006952351905226664,-0.000655667337402101
1993-01-27,-3.7785599469868234e-05,-0.0003632634479007963
1993-01-28,-0.0038308638607884335,-0.004289129244792731
1993-01-29,-0.0007733936279658123,-0.000792133696919726
1993-02-01,0.00029939416724043973,0.00011068822277475675
1993-02-02,-0.0016138148517520223,-0.003093588475218505
1993-02-03,-0.00011288084455554804,-0.0004845114354942684
1993-02-04,-0.0005813337753464896,-0.0004588072290012053
1993-02-05,0.0006691911939841739,-7.543425503011084e-05
1993-02-08,0.0027809523606181735,0.0026837507008061743
1993-02-09,-0.0025066692135133086,-0.0025771696138357624
1993-02-10,0.0007598186857773635,0.001173012535599916
1993-02-11,0.001421555880424392,0.0019281386308126227
1993-02-12,-0.0012497454385874296,-0.0026321489249732165
1993-02-15,0.0032156072707188836,0.001968322691488459
1993-02-16,0.0017223867092824717,-0.0002338044321896889
1993-02-17,0.003018139033496509,0.0020487234611058984
1993-02-18,-0.0014918059982971694,-0.00019271012804126012
1993-02-19,-0.005636500448460902,-0.0039025671456899276
1993-02-22,0.007815791886539426,0.009303154090268611
1993-02-23,-0.0019022126416524728,-0.0016514016618044667
1993-02-24,0.002994913688455435,0.0034093270097768718
1993-02-25,0.003694713028057713,0.004118695947688357
1993-02-26,-0.0022048699202629534,-0.0021755866560721035
1993-03-01,0.00017139009163175773,0.0006781298352632964
1993-03-02,-0.0024896791294120543,-0.0031003044225391893
1993-03-03,-0.001888310664052763,-0.0011655373766391041
1993-03-04,0.007371627064364897,0.013917366726950512
1993-03-05,-0.0036667298104956,-0.005797399000067405
1993-03-08,-0.00015718534512993224,-0.0016153866607036347
1993-03-09,0.0072991948101003715,0.007112511816517207
1993-03-10,-0.005401253822407956,-0.00792808730982453
1993-03-11,-0.0007337154829763359,-0.0032185197861980814
1993-03-12,-0.0007798902546035042,0.0023574083082492075
1993-03-15,-9.974103402182917e-06,-0.0013748841874175605
1993-03-16,-0.003115247463262225,-0.004028854011967123
1993-03-17,0.006626794794140471,0.006775581487321395
1993-03-18,0.0005899141407353305,0.0016344290114900274
1993-03-19,-0.001819069753413929,-0.003396439232785264
1993-03-22,-0.006574584287924492,-0.008390070419312388
1993-03-23,0.0061829204503597475,0.006581220955868648
1993-03-24,0.006114380734503186,0.006268298388026333
1993-03-25,0.0006503166104095557,0.0006988223715203778
1993-03-26,-0.004375928465129553,-0.004376150934769801
1993-03-29,0.0017976785659310724,0.0016921972688715373
1993-03-30,0.0026076804526885045,0.0028583494663702324
1993-03-31,0.0042705370562296,0.0038812797649077553
1993-04-01,-0.0022444021773135744,-0.0021817851141210875
1993-04-02,0.00039477593696256,0.000860533507243977
1993-04-05,0.004661236584156787,0.0046547786117558075
1993-04-06,0.007113133406271868,0.005581324518698252
1993-04-07,0.0021845044184389947,0.002471704926100923
1993-04-08,0.009811215835750313,0.00925457786573682
1993-04-12,0.020134726082383723,0.022781553866243098
1993-04-13,0.0026204741300503765,0.0024862985378662984
1993-04-14,0.003973779132148782,0.0037093646257474705
1993-04-15,-0.0035575104605391965,-0.004170537963180119
1993-04-16,0.0005067062038797784,-3.0421532196139828e-05
1993-04-19,0.0006789607949329197,-1.151446673004619e-05
1993-04-20,0.001946960520852722,0.002468805409259565
1993-04-21,0.010520176049625622,0.010765919203526196
1993-04-22,0.003450125834352627,0.00137070231164283
1993-04-23,0.0018786876120705273,0.003571564293224954
1993-04-26,-0.0193127360097063,-0.019509099907425984
1993-04-27,-0.0026473630797335204,-0.0033824946727539044
1993-04-28,0.0005501318021441452,0.0006105314567907468
1993-04-29,0.001455523172104247,0.004133931181311129
1993-04-30,-0.001316499769263807,-0.0020212929328530783
1993-05-03,-0.0034114667285932245,-0.003245890011204189
1993-05-04,-0.0019165668311744814,-0.002876657630484361
1993-05-05,-0.0013962153665428346,-0.0011972599909127236
1993-05-06,-0.0020457674556106525,-0.002426310158661297
1993-05-07,-8.108554919064638e-05,-0.00011635198003048218
1993-05-10,-0.0027330808299950576,-0.0029347826767639044
1993-05-11,-2.5214369835498997e-05,-0.00022847351627361978
1993-05-12,-0.0012161682946674917,-0.0014610607758452439
1993-05-13,-0.004227647676454622,-0.0057698369488893885
1993-05-14,-0.00027156669277775486,-0.000726564646738743
1993-05-17,0.0002569961339030048,0.00016719274741825775
1993-05-18,0.00038087245718083224,0.0006282052906294663
1993-05-19,-0.000693406637638678,-0.0006629770679785458
1993-05-20,-0.0006876893209832525,-0.002015854296415686
1993-05-21,-0.001731736717262292,-0.0014869453943295783
1993-05-24,-0.0012156941906978733,-0.0004750622851712255
1993-05-25,-0.000915478990029921,-0.002381720184642891
1993-05-26,0.0003813163377383178,0.000582037571609125
1993-05-27,-0.0023495865333964944,-0.0028252046131247385
1993-05-28,0.0010575327635976577,0.001337064685729903
1993-06-01,-0.002847708535014192,-0.003802286300676455
1993-06-02,0.0021015146515503676,0.00244518796191536
1993-06-03,0.0038320704391157354,0.005108644525402291
1993-06-04,-0.0011160603462756216,-0.0011332266546881047
1993-06-07,0.002562124591059578,0.0025648887750741233
1993-06-08,-0.0022461330534848307,-0.0017062689609242693
1993-06-09,-0.0006256865238382208,-0.0001724811897331821
1993-06-10,0.012554764438936888,0.008909961370744667
1993-06-11,0.010158284094404182,0.007544795929721648
1993-06-14,0.004230974645008362,0.0037115480925353473
1993-06-15,0.012584169882106542,0.010125082508262698
1993-06-16,-0.01078725800374289,-0.008836428648656186
1993-06-17,0.007797896770480921,0.006956406007635813
1993-06-18,0.0013559748279140906,0.0014088762247401968
1993-06-21,0.0013359971239402652,0.0014862211335701502
1993-06-22,-0.002845040184958294,-0.002750745723154542
1993-06-23,-0.005696393427020804,-0.005661461703566752
1993-06-24,0.0028162187458466927,0.0028084104013216715
1993-06-25,0.0019897421541176723,0.0020021969654880063
1993-06-28,-0.0007574426995953697,-0.001159294349847491
1993-06-29,-0.005167717767296032,-0.00566125962652111
1993-06-30,0.0057065254434677465,0.00623651961268997
1993-07-01,0.011680877710508082,0.01285877967710241
1993-07-02,0.018057590102364438,0.017003714314227647
1993-07-05,-0.010288821258175651,-0.00993391626793138
1993-07-06,-0.007084078796523438,-0.006543107254070057
1993-07-07,0.009376804975288118,0.009187372344434182
1993-07-08,0.011571289913914458,0.011151709921643714
1993-07-09,-0.002919582436672592,-0.002776026490200948
1993-07-12,-0.00999226764031431,-0.01041214273736706
1993-07-13,-0.0009565745455490304,-0.001013707204728523
1993-07-14,0.02779246513782513,0.031056980185938794
1993-07-15,-0.005880571004937722,-0.006830283549137315
1993-07-16,0.015003923423028503,0.017796636470543706
1993-07-19,-0.02718942938941971,-0.03341724442683073
1993-07-20,0.012913561639969776,0.012048678319432541
1993-07-21,-0.004996064017947245,-0.004788582502044504
1993-07-22,0.007824762008770662,0.007703488110773507
1993-07-23,-0.0012958138053658366,-0.001264231914349232
1993-07-26,-0.008835697306995663,-0.008930431538426108
1993-07-27,-0.00975847821912152,-0.009945387996788275
1993-07-28,0.0034950750799437416,0.003899195599361298
1993-07-29,0.002982997425603475,0.0033864392183327358
1993-07-30,0.002958812314255642,0.003381437773395713
1993-08-02,-0.0025542202513649218,-0.00280284260373548
1993-08-03,0.002262376160988865,0.0023403801691239752
1993-08-04,0.00096889849855373,0.0009330395513751578
1993-08-05,0.005020664760059746,0.004724240860585424
1993-08-06,0.006037559132047467,0.005761557047423562
1993-08-09,-0.009249175252475626,-0.009659155940233576
1993-08-10,0.0015953333865194805,0.0017375082569964409
1993-08-11,-0.008665933825488718,-0.010347860710053816
1993-08-12,-0.0017735629906315909,-0.0038888749370693913
1993-08-13,-1.1981258470125902e-05,-0.00024811633628854995
1993-08-16,0.007212716064812199,0.008645730402105728
1993-08-17,0.0004760239143641912,-1.4275533179488343e-05
1993-08-18,0.0026669808728546416,0.004002083148113454
1993-08-19,-0.001516552648959079,-0.0015936515134025789
1993-08-20,0.0015519553063120782,0.001222305293149462
1993-08-23,-0.009993606084814777,-0.010359849421002513
1993-08-24,0.0016327561396192105,0.0017658659213511216
1993-08-25,0.0017688441682698784,0.0018321311018824943
1993-08-26,0.001506280825280444,0.0015586398184536585
1993-08-27,-0.005832928073984785,-0.005691120685669969
1993-08-30,-0.0014507889953948821,-0.001443699947426907
1993-08-31,0.00235850609610538,0.0030000622089272374
1993-09-01,0.0058274922183445925,0.006859224703295777
1993-09-02,0.0027196627221080325,0.0028450519864951216
1993-09-03,0.002867378341717875,0.003502018065543898
1993-09-06,0.0008678516409640289,0.0011504624903407906
1993-09-07,0.00443731846190474,0.008150081633097373
1993-09-08,0.0009706018822143865,0.0010400721821726756
1993-09-09,-0.00016032647475271728,-0.00010799007948836068
1993-09-10,0.003138082973077848,0.005212855980784637
1993-09-13,-0.004896907789761323,-0.006549790450214757
1993-09-14,-0.000460198545609427,-0.0005671968051044605
1993-09-15,0.0038582903549173523,0.004964159081998366
1993-09-16,0.002122153388754662,0.0027410398965955723
1993-09-17,-0.006641421492371874,-0.00841815973388103
1993-09-20,-0.014253551304034927,-0.0231908541980327
1993-09-21,-0.00048326954138696795,-0.0006833882161395407
1993-09-22,0.008003042867450745,0.01422512672167915
1993-09-23,-0.00018714307262451368,-0.00018177911913929435
1993-09-24,0.0006468834071097176,0.0014065198081991824
1993-09-27,-0.003779229965174286,-0.007477807113070403
1993-09-28,-0.0036341369446735235,-0.0069144100534259964
1993-09-29,-0.011318537552805421,-0.021561661985697714
1993-09-30,-0.001270608306471687,-0.002482639351458507
1993-10-01,0.0014504487500935706,0.002692929620204357
1993-10-04,-0.0003247886929710348,0.000834462826836827
1993-10-05,0.00023208426805233808,0.00032545403519123375
1993-10-06,-0.0001062966842902922,-0.00025039760202806837
1993-10-07,0.0016058280434647753,0.0012174914570202394
1993-10-08,-0.0008755207499030371,-0.001071134804595074
1993-10-11,-0.002253235551920214,-0.0032696201560353
1993-10-12,0.0019241157801552467,0.0022634149386575476
1993-10-13,-0.0017826095477085436,-0.0013796693541096746
1993-10-14,0.00037607927334026717,0.0008100318341725344
1993-10-15,0.0015524923534498177,-0.0002678712616396759
1993-10-18,0.0023764707900167585,0.0008553246564367801
1993-10-19,-0.004395819465335563,-0.0010336355475993088
1993-10-20,-0.0020946665941911995,5.3979261449303694e-05
1993-10-21,0.0011405674490716953,-0.0014021976393571382
1993-10-22,0.0029981797401084655,-0.0012656259673648508
1993-10-25,0.011694142994960154,0.0018764948653447577
1993-10-26,0.00046661833326495987,0.00038033669872479823
1993-10-27,-0.004495241624315158,-0.0034411093317730924
1993-10-28,0.008380580284765883,0.003699302641874598
1993-10-29,0.013909043882183001,0.009944115570288245
1993-11-01,-0.021913909850836615,-0.016184526621867968
1993-11-02,0.011684003853271327,0.008745312317661865
1993-11-03,-0.012546376758957352,-0.009261863035534295
1993-11-04,0.004489381262736705,0.00310693157354695
1993-11-05,0.011474027638112368,0.007893354332245925
1993-11-08,0.00991151911735167,0.006804351031073598
1993-11-09,-0.00018685845171403662,0.00025844914174707735
1993-11-10,0.0038604764691162296,0.003103583627634509
1993-11-11,-0.011112422349330393,-0.008408483722933277
1993-11-12,0.005034779539922316,0.004505590456083841
1993-11-15,-0.004531818527849997,-0.003995358104564515
1993-11-16,0.0007025140358638826,0.0008409189194375898
1993-11-17,-0.012584223922987478,-0.010503930169979811
1993-11-18,0.011325904246983284,0.008815426738804961
1993-11-19,-0.0004822007870743308,-0.0004701327536252883
1993-11-22,-0.005118986707200921,-0.0045939975260711925
1993-11-23,0.019897542578705997,0.01559817158964479
1993-11-24,0.009089754336064305,0.007300297163100548
1993-11-25,0.04060399460495616,0.03415784277427844
1993-11-26,0.0021041487746908316,0.0018074431737236038
1993-11-29,0.02718399232203895,0.020904174503860784
1993-11-30,-0.0046383200553186885,-0.003941824475040803
1993-12-01,-0.00045828101038998477,-8.562428911007183e-05
1993-12-02,0.021815354504418988,0.018557765145106767
1993-12-03,-0.0037879470950828893,-0.0033793394130328287
1993-12-06,0.01825252746039908,0.01619214438373096
1993-12-07,-0.003179688365278559,-0.002525132466448406
1993-12-08,0.002336726301409266,0.0025912243159802472
1993-12-09,-0.002886221901794343,-0.002340475247800774
1993-12-10,-0.01990655672959056,-0.01739208132229889
1993-12-13,0.024033459905584073,0.02096067012380769
1993-12-14,-0.006647823404720368,-0.006646556892459817
1993-12-15,0.00570896586574112,0.005194816366959594
1993-12-16,0.006376658665992074,0.005362281939900931
1993-12-17,0.0028811892264248313,0.0028565320715365494
1993-12-20,0.0020035735976182585,0.0014606455373957002
1993-12-21,0.008744586770085355,0.008465840666924948
1993-12-22,-0.01559830651471776,-0.013885105996166963
1993-12-23,0.005778248670980496,0.004291633123111678
1993-12-24,-0.004352970825067678,-0.003791561147902289
1993-12-27,-0.006303756726213453,-0.007170168961564177
1993-12-28,0.0033630980261566816,0.003006557254865458
1993-12-29,0.0004170705116442332,0.0006316493018059268
1993-12-30,0.011902600921514623,0.010504023995357077
1993-12-31,0.005062094174601077,0.004409227713843348
1994-01-03,-0.00967628500595573,-0.007790204278427968
1994-01-04,-0.013344856802650858,-0.011687258966100377
1994-01-05,-0.024914074061807883,-0.022041953890620372
1994-01-06,0.001144576926945999,0.0010722649395914594
1994-01-07,0.0035716488517839643,0.0030931346876213787
1994-01-10,0.016824738198604156,0.01470425340409691
1994-01-11,-0.003944442032772739,-0.0034049269788261477
1994-01-12,0.01467576765125867,0.013318669824809982
1994-01-13,-0.006395011447114071,-0.006117379544610189
1994-01-14,-0.0006709617418427741,-0.0005695663637890457
1994-01-17,-0.002090225450016699,-0.0020797902841444807
1994-01-18,-0.001083371192480903,-0.0001322878334642346
1994-01-19,-0.0012177224868459013,-0.0014738239838140114
1994-01-20,0.007443725178552401,0.010039198067668972
1994-01-21,0.001759540942935683,0.0011747091596001652
1994-01-24,-0.0003434057798116571,-0.0024337676956092224
1994-01-25,-0.0003355280344593908,3.532207829006565e-05
1994-01-26,0.0014031914043127636,-0.0007390308706288999
1994-01-27,0.0017006044419551468,0.0023703682694697606
1994-01-28,0.004955832525852117,0.005106832531620984
1994-01-31,0.0033732256098523154,0.004763251076472183
1994-02-01,-0.00489620181837402,-0.013265561278968536
1994-02-02,-0.0037785004389928397,-0.004884023906546755
1994-02-03,-0.005552797103083119,-0.002225982333027643
1994-02-04,-0.0010885466752533514,0.000844349583534432
1994-02-07,0.0011545141019878127,0.0025597328154144867
1994-02-08,0.0011682944429649601,0.0002300231347382442
1994-02-09,0.0033785424492189207,0.008185927090790095
1994-02-10,-0.00034320856509619094,-0.0008162659054933361
1994-02-11,-0.002307306509303459,-0.003580309282985626
1994-02-14,0.0031277698041878594,0.006281405458495422
1994-02-15,0.0017210354664446259,0.0020774983435372946
1994-02-16,0.010228352853614321,0.012674426229591584
1994-02-17,-0.001579411907145638,-0.001965886495848068
1994-02-18,0.0018225046929036322,0.002346699667512709
1994-02-21,-0.0011849382344858133,-0.0019438038445844913
1994-02-22,-0.0016243339891919694,-0.00432176414323236
1994-02-23,-0.005104514414912507,-0.005760291997231285
1994-02-24,-0.006059712553354993,-0.010308404692684592
1994-02-25,0.006828301102509542,0.010006191884771637
1994-02-28,-0.0005740907217532147,0.000930722575611264
1994-03-01,-0.00570114381319766,-0.009233731218961913
1994-03-02,0.0003910806828893492,0.0011642677667944603
1994-03-03,0.001103525321254503,0.002369855109265339
1994-03-04,0.003829421564315856,0.006336485020818756
1994-03-07,0.007865525543261575,0.013778342413055788
1994-03-08,0.0019257533860913979,0.0027687347076829545
1994-03-09,0.0007047728841995555,0.0015887645115407287
1994-03-10,0.0005065106291862467,0.0013901750982321173
1994-03-11,-0.006033202142244367,-0.010854298960045895
1994-03-14,-0.0010473397346900091,-0.0014171595066694107
1994-03-15,-0.0033809519863680615,-0.007940178510418281
1994-03-16,-0.0011023480515733716,-0.0053897917662860595
1994-03-17,0.002111181287065523,0.00858146224373456
1994-03-18,-0.0016784077847192738,-0.0015543854070456076
1994-03-21,-0.0039973543637222735,-0.01216155433544551
1994-03-22,0.0008568072394690313,0.0010805272451956307
1994-03-23,5.699076025179934e-05,0.003732934766892956
1994-03-24,-0.0024603799365822236,-0.005982013852355333
1994-03-25,0.00025962145776509663,-0.0009246947461401487
1994-03-28,0.001993962050234501,0.02161479510987994
1994-03-29,-0.002345831356290442,-0.006439477859217048
1994-03-30,-0.0009231885896169713,-0.0026348256707089198
1994-03-31,-0.002406336645450407,-0.007650022550978508
1994-04-04,-0.003318109560302842,-0.018168462620983938
1994-04-05,-0.006201589857682324,-0.012846484399795868
1994-04-06,0.0005287464281589696,0.00020384992030139193
1994-04-07,-0.0012311680205481922,0.0009546573615363071
1994-04-08,-0.0004900477543021432,-0.00020976543309870352
1994-04-11,0.001620528471141634,-0.0019457779162718493
1994-04-12,-0.000743754970193571,0.0008686603827813393
1994-04-13,0.0012079728028038664,0.0005717387501722725
1994-04-14,0.003078930709490445,0.001410792886875474
1994-04-15,0.004745169361985866,0.00034818233653853775
1994-04-18,-0.001391289123604014,-0.00025442898461564104
1994-04-19,-0.007406149200569353,-0.004248673154907277
1994-04-20,0.0010450969755208715,0.00019272934242799695
1994-04-21,0.0033890688860314915,0.0010546385317510246
1994-04-22,0.003733282532487355,0.0003634037313513536
1994-04-25,0.0032806430782929157,0.0011873152798362915
1994-04-26,-0.007060609669402117,-0.004125190047847713
1994-04-27,-0.0048914404206062655,-0.002484277626491608
1994-04-28,-0.004310803562435108,-0.0029523276159909677
1994-04-29,0.005767640982828697,0.0027321125351077603
1994-05-02,0.0016503520091054006,0.000356365009709018
1994-05-03,-0.0016759297205424266,-0.0005727543598909858
1994-05-04,-0.0033435974253710247,-0.0025700956791176867
1994-05-05,0.0036132815644331594,0.0010632880747053941
1994-05-06,0.006434205267444833,0.003586889397176274
1994-05-09,0.000618694605979006,0.001086353537167215
1994-05-10,-0.002981199211593452,-0.0020224238836307365
1994-05-11,0.003754505090293412,0.002860269826550661
1994-05-12,0.005004473049483084,0.003297617373539478
1994-05-13,0.0012607756845242613,0.0011372958361784552
1994-05-16,-0.0021689412384705365,-0.0010146863803155374
1994-05-17,-0.008371947805324072,-0.007081365231812177
1994-05-18,0.010635708847607216,0.0075909044632492305
1994-05-19,0.004282779484303691,0.003025453262048266
1994-05-20,0.009355549623671272,0.008031871206060791
1994-05-23,-0.0010780703762778574,-0.000359190864976638
1994-05-24,0.003679333954412261,0.004329146370304422
1994-05-25,0.0034406488566729736,0.004153855374347939
1994-05-26,-0.0022409275033197997,-0.0021962304142967774
1994-05-27,0.004204399011109938,0.0031325008507567267
1994-05-31,-0.0031720807744287523,-0.0043121668355090665
1994-06-01,-0.002682402900052583,-0.001743868578400362
1994-06-02,-0.00822436635488094,-0.007804018298621117
1994-06-03,-0.0034187165562342033,-0.0023205954515901715
1994-06-06,-0.0011873043039796712,-0.0008451486061729027
1994-06-07,-0.012150157993522063,-0.008845374910975418
1994-06-08,0.004180709523094908,0.002096594090089113
1994-06-09,0.005368362404472335,0.0044712952144644975
1994-06-10,-0.004776755268547918,-0.004446763471717342
1994-06-13,0.0026722515107928985,0.0024538825680564835
1994-06-14,0.002080589070059933,0.0019559275692240044
1994-06-15,0.01260998507774159,0.012056929329617128
1994-06-16,-0.001338591998123317,-0.0012337311698804808
1994-06-17,0.010584151888504345,0.009703749268010103
1994-06-20,0.0004293571166457371,0.0004041962507760912
1994-06-21,-0.005572450184756529,-0.0051942367400755985
1994-06-22,-0.001819438509156466,-0.0017332362688242372
1994-06-23,0.0036036336704069246,0.0034025510344100757
1994-06-24,-0.0016253628326633664,-0.0015415594029660315
1994-06-27,-0.005107745366844267,-0.0048413084888813
1994-06-28,0.002698134346290693,0.002495726671955899
1994-06-29,-0.00782589518355741,-0.007380121887084177
1994-06-30,0.010694973473924492,0.010185936796188436
1994-07-01,0.001287002020707161,0.0012635609492361542
1994-07-04,-0.0047241480405643375,-0.0047751374292568875
1994-07-05,-0.0006743071922815552,-0.0006680629007934858
1994-07-06,-0.006474320288362646,-0.006334191976025864
1994-07-07,-0.0007507192690698566,-0.0007818551557830736
1994-07-08,0.005148959808729091,0.0061465361281232145
1994-07-11,0.010222756825040086,0.01271434240578683
1994-07-12,0.002421493108175857,0.0031524003205769895
1994-07-13,-0.0006306505886530999,-0.0009233272045930753
1994-07-14,0.003482818503644215,0.003958053816704536
1994-07-15,-0.0016343747664124837,-0.002215324616995815
1994-07-18,-0.003721420495156561,-0.004715606927296639
1994-07-19,0.0013825511909719562,0.001859122910788006
1994-07-20,0.004858419671235808,0.004880374388327111
1994-07-21,0.00982664534153698,0.011003357907187044
1994-07-22,0.0035298360352992255,0.004717841905870521
1994-07-25,0.00799941800364212,0.006708450755045569
1994-07-26,-0.003810006936610063,-0.00380902574122766
1994-07-27,0.004699006064198487,0.0053291455276769685
1994-07-28,0.0015350654986200137,0.0028082761045203197
1994-07-29,0.002622439245132818,0.004609116594192482
1994-08-01,0.008039392137023663,0.009346135834226088
1994-08-02,-0.002964021465462418,-0.004631726342312323
1994-08-03,0.007814730741557236,0.007544599864448814
1994-08-04,-0.003454090274670882,-0.003530467359998239
1994-08-05,-0.018084119573518423,-0.021138241543621098
1994-08-08,0.008457463436020546,0.008717950469892473
1994-08-09,-0.001974857284245502,-0.0019272127703379536
1994-08-10,-0.009644144666317451,-0.009752354023495384
1994-08-11,0.003172821546611242,0.004605659569948617
1994-08-12,-0.009087946116110588,-0.005959972915220356
1994-08-15,0.002171877026772226,0.001427860143239925
1994-08-16,-0.005786506779421456,-0.0045281936903333675
1994-08-17,-0.004160452072496543,-0.006638152492528845
1994-08-18,0.009257703163929447,0.010906221510272455
1994-08-19,0.0058599207261033,0.007293276038216993
1994-08-22,0.007781243834145348,0.010578064792130743
1994-08-23,0.004856046104426814,0.0029590901286658568
1994-08-24,-0.001251944372355398,-0.003466863565051012
1994-08-25,0.0034659749354343156,0.0033044894939581932
1994-08-26,0.0013384261152137738,0.002299463454616693
1994-08-29,-0.0035890557855447975,-0.0043690493362225115
1994-08-30,0.004166861637224621,0.003965440927974711
1994-08-31,0.002739791853439653,0.002578033391987322
1994-09-01,0.0015541786813526636,0.0017555368647819921
1994-09-02,0.002625269127070885,0.0023912556738834943
1994-09-05,0.002144917734529025,0.003950333395522206
1994-09-06,-0.003565338023824631,-0.004625451156564384
1994-09-07,-0.00545848878165011,-0.005960517495956029
1994-09-08,-0.0010105078837490385,-0.0010189288965132923
1994-09-09,0.0011038283786811785,0.0010614369942783697
1994-09-12,-0.004605094497742156,-0.004662969836400743
1994-09-13,0.0045585560699071105,0.004079211932151023
1994-09-14,0.006269582529898519,0.004067230218627593
1994-09-15,0.005717236197889321,0.0054293748638802
1994-09-16,-0.001504531963314672,-0.0010182240046103569
1994-09-19,-0.009207513115896335,-0.007939976156589474
1994-09-20,0.002725773282380142,0.005314484766097173
1994-09-21,0.0040192173492576205,0.006393190187838428
1994-09-22,-0.0002769982861288197,-0.00985332972648075
1994-09-23,0.005506132806217941,0.0019834380403137043
1994-09-26,-0.0006104290890143377,0.0017094408245209942
1994-09-27,-8.127937062033831e-05,0.0017610184185015473
1994-09-28,0.0016327482031853087,-0.00018538343490768485
1994-09-29,0.0040688211508006856,0.0003505818310720517
1994-09-30,0.008973854140085093,0.002037388302603043
1994-10-03,-0.005606536351493263,-0.0034480900618067307
1994-10-04,-0.0032381180462172587,-0.0019599697050509796
1994-10-05,0.003665983703440462,0.004359010059398067
1994-10-06,0.00495282060619243,0.0020316153875151164
1994-10-07,0.0019578870434720256,0.002217311116682161
1994-10-10,-0.011492557616578934,-0.006741582484522689
1994-10-11,-0.006416722868047019,-0.0019425951200675803
1994-10-12,-0.009253428063582394,0.0038861051752078976
1994-10-13,0.010422642324069734,0.012859320733224303
1994-10-14,-0.002458252643679801,4.1904813893164253e-05
1994-10-17,0.0003699185885351469,-0.004179653914185253
1994-10-18,0.00664788864963702,0.003865068399245748
1994-10-19,0.006342145625747787,0.00431315476737973
1994-10-20,0.009055549617889068,0.008167299816247463
1994-10-21,-0.015458397864369623,-0.011328257480768378
1994-10-24,-0.009265406750543855,-0.012707161115568218
1994-10-25,-0.0009291310081527376,-0.003274217853795032
1994-10-26,-0.005507449134849146,-0.011071039785868347
1994-10-27,0.0011216974342442485,-0.0001320711841471243
1994-10-28,-0.00037947669150627874,0.001365294781305538
1994-10-31,0.0005746365663159783,0.00022497168978836434
1994-11-01,0.004441436231079896,-0.0044405625142017475
1994-11-02,0.004280483017596811,0.0014029706791511755
1994-11-03,0.001641154681310748,0.0013286143408261265
1994-11-04,-0.0008155247659012073,-0.0003402336336190202
1994-11-07,0.0028584533957765903,0.00975325742769854
1994-11-08,0.004561562072067791,-0.0024118903178788524
1994-11-09,-0.0056316219660698,-0.0011937644428230154
1994-11-10,0.004387610252766699,0.004238561955383903
1994-11-11,0.0019570371774171352,0.0009502434794551724
1994-11-14,-0.0050958966395028725,0.0024425587925101227
1994-11-15,-0.004472229289925781,-0.007291822926325197
1994-11-16,0.006757817712351735,0.009916754553975908
1994-11-17,0.006701727034896736,0.006106917041700309
1994-11-18,-0.007649436276586805,-0.007402899943864506
1994-11-21,0.00645033204684048,0.0041612812391256075
1994-11-22,-0.006529040401767973,-0.010693873396935942
1994-11-23,0.001176761384114098,-0.001675271738033792
1994-11-24,-0.0004377927835152284,-0.00035612357293822797
1994-11-25,0.0010712296099946023,0.0009263531861511754
1994-11-28,-2.614575320045541e-06,0.0004668861154164732
1994-11-29,0.005594914741225508,0.006291895057616136
1994-11-30,0.0034276502751255694,0.004253492369541738
1994-12-01,0.001887759525114778,0.003295952690710143
1994-12-02,-0.008593373368215336,-0.0019637034819799844
1994-12-05,-0.008505573208792935,-0.009107824401862386
1994-12-06,0.0016484577117380425,0.001209537509619318
1994-12-07,-0.008636533437306715,-0.008574369959480242
1994-12-08,-0.0045540467155629144,-0.006049215821453107
1994-12-09,0.0006454665519751369,0.0007104213536724855
1994-12-12,0.0004386392895378334,0.003397352135824301
1994-12-13,0.006390146643941714,0.0055239956037406715
1994-12-14,0.00029961259287779996,-0.000501521510258386
1994-12-15,-1.7783792128545468e-05,0.0005228009849943008
1994-12-16,0.0013768529444436236,0.0010245150620836543
1994-12-19,0.005348320547042895,0.005411450148655694
1994-12-20,-0.000454576217158527,-0.0007164170850557054
1994-12-21,-0.00023316667904383175,-0.00012660550454302974
1994-12-22,-0.00021684356693554678,-0.0001942314968471146
1994-12-23,0.0015909832338548543,0.0017702623407032166
1994-12-27,-0.010109518685910708,-0.012843515054310563
1994-12-28,-0.0035614713425451707,-0.0077600006564596735
1994-12-29,-0.0005537211303912549,0.0006572560624175733
1994-12-30,-0.002193521139178419,-0.0030794093406683715
1995-01-03,0.0014471186923003514,0.005640973725849472
1995-01-04,0.003466260982877035,0.0018181879477114297
1995-01-05,0.002709649940910455,0.0012254775236862205
1995-01-06,0.0013084192079735127,0.002201135376586732
1995-01-09,0.0011871159829410169,0.002528965382091321
1995-01-10,-0.0003181623068586785,0.00021072176966574884
1995-01-11,-0.00043861035718171837,-0.0033685363734898143
1995-01-12,0.003703814569753479,0.004024304303726796
1995-01-13,0.00044075385690088564,0.0018025728655134867
1995-01-16,-0.00187669950505438,-0.004406960615424699
1995-01-17,0.006095825566499042,-0.0019363597547850692
1995-01-18,0.006547840569666954,0.005347946316115507
1995-01-19,-0.008330859900259672,-0.0032894008208583492
1995-01-20,-0.00040316770474926357,-0.002433352473299413
1995-01-23,-0.002180134610026186,0.0016695295735265228
1995-01-24,0.006843203328825335,0.002811396692858573
1995-01-25,-0.0018750462890049508,0.0006541915772193393
1995-01-26,-0.002032702695916751,-0.001905699089948738
1995-01-27,-0.00544697991021299,-0.0016121096656362152
1995-01-30,0.0030221286415083293,0.00109327521057651
1995-01-31,0.0075205109324721214,0.0005901490291504368
1995-02-01,-0.0035552264985610053,-0.0012568646177420052
1995-02-02,-0.0038038327004751046,-0.0022345356603096305
1995-02-03,8.871455447834534e-07,-0.0019328794609197065
1995-02-06,-0.0045550950309252375,-0.004075552707482474
1995-02-07,0.00011928597073716622,0.0043505221203939065
1995-02-08,-0.0035747214873631788,-0.0015753230866241445
1995-02-09,0.0001284743677630578,-0.0017882712528477429
1995-02-10,0.005970098545479813,0.0008767318555596782
1995-02-13,0.003033410982455341,0.0033918347351788608
1995-02-14,0.0004790006529870675,-0.00032162133730620685
1995-02-15,9.451917781199482e-05,0.00035647845995562163
1995-02-16,0.0034679797355237295,0.0012935584107346243
1995-02-17,0.005246507752965539,0.00353526875222507
1995-02-20,-0.007454563072631194,-0.005343580565933965
1995-02-21,-0.002938693569225804,-0.0015284861069314731
1995-02-22,-0.0007997884815806682,-0.00155432689411825
1995-02-23,-0.006516205473089102,-0.0040786753823615724
1995-02-24,0.006320032653026757,0.002662175953117506
1995-02-27,-0.00013602562022366928,0.0006294767068500698
1995-02-28,-0.005285389433567177,-0.004177564415717633
1995-03-01,-0.006451414323773109,-0.002984167688719942
1995-03-02,0.0002094507710910584,-2.3825148846156334e-05
1995-03-03,0.00236863267056052,0.00037025972613113233
1995-03-06,-0.0002346489609817541,-0.0003420005671828149
1995-03-07,-0.00011430989896068259,9.639495861333014e-05
1995-03-08,-0.0033492666755717236,-0.003931701919858897
1995-03-09,-0.0016816922932032122,-0.0026549740964384237
1995-03-10,-0.0012887181306248869,-0.0022120033493733134
1995-03-13,-0.001521286741508169,0.0023130624546731874
1995-03-14,-0.0003004146428226071,-0.0028773206551148994
1995-03-15,-0.0038833866412564394,-0.0006982736248457274
1995-03-16,-0.004846299305901827,-0.005449529994680818
1995-03-17,0.0006371587092231786,0.0015011838843975239
1995-03-20,0.0007146847827137233,0.0019656218652284326
1995-03-21,-0.0005301101157414273,-0.001033502186069381
1995-03-22,0.0013339362873844866,0.004163540328990223
1995-03-23,-0.001393439781839631,-0.0014765048972526097
1995-03-24,-0.004033434834901722,-0.004824464945038639
1995-03-27,0.003842065063356111,0.004542453998888548
1995-03-28,-0.0008505314635771301,-0.0008454347164927877
1995-03-29,0.0026611695630697732,0.0028165912781870773
1995-03-30,-0.002600799232235937,-0.0023987915822514835
1995-03-31,0.0004539665956537323,0.000480438513871086
1995-04-03,-0.0020480471174642466,-0.001976047414421395
1995-04-04,0.004676535728109324,0.004989977007358223
1995-04-05,0.012971472997811366,0.013597792451767947
1995-04-06,0.009423931388588819,0.009190279156841343
1995-04-07,-0.0005799956540128693,-0.0003753061029887713
1995-04-10,-0.0008840717147032441,-0.000832578062355795
1995-04-11,0.011263222066580982,0.011133585504710199
1995-04-12,-0.014090322658535282,-0.01314383807874238
1995-04-13,-0.015361859765312324,-0.014236708872143372
1995-04-17,0.015505083870636243,0.013523825198025374
1995-04-18,0.014202284722397264,0.013851526980145886
1995-04-19,0.003328854680164229,0.0029829417952953966
1995-04-20,-0.00026200032097048855,-0.00029143429154748003
1995-04-21,0.0042934344028249935,0.0038730319627934637
1995-04-24,-0.008783843006878596,-0.008419253750794034
1995-04-25,0.006502569340336808,0.006260734642715475
1995-04-26,-0.0021758947567488336,-0.002060290440979845
1995-04-27,0.008409654767833416,0.008154950120551717
1995-04-28,0.0018992950799090937,0.0017189322132222151
1995-05-01,0.0001820852884186101,0.00010711505486848585
1995-05-02,-0.012260518057833422,-0.010401407891301387
1995-05-03,-0.004476513823086693,-0.00386204320541195
1995-05-04,0.011252963058731415,0.010091442414666273
1995-05-05,0.000405570279973248,0.000288925477912905
1995-05-08,-0.0015923741489230437,-0.0014458117241570724
1995-05-09,-0.021041139642772436,-0.018567260896956515
1995-05-10,0.0036249297667012696,0.002395700462768865
1995-05-11,-0.008292080004860475,-0.006804414888749849
1995-05-12,0.003322544632869152,0.0023980586561945312
1995-05-15,0.009745147404871575,0.006528193554014915
1995-05-16,0.006968676665074738,0.005195638636870558
1995-05-17,-0.001774358165460131,-0.0015157220574927432
1995-05-18,0.0034042043168135117,0.0032834944279929814
1995-05-19,0.001039770671366785,0.0009420180928636374
1995-05-22,0.0011510558213517505,0.0011317942618932588
1995-05-23,-0.0010829735812414498,-0.0011555679046749534
1995-05-24,-0.011461326134917828,-0.01180695961608459
1995-05-25,-0.0040659338398773325,-0.004028601171620783
1995-05-26,-0.014191044347243886,-0.01172369625754621
1995-05-30,0.0010705161529365504,0.0010729402728591449
1995-05-31,0.0009935693120862994,0.0008813757988907381
1995-06-01,-0.000363210151960586,-0.00033912269565511036
1995-06-02,0.0012499705930022812,0.001150736422349376
1995-06-05,0.0012558247256893652,0.001311644980069396
1995-06-06,-0.0029029231742077216,-0.002654125096101657
1995-06-07,0.0005317973251787971,0.0005095724701827873
1995-06-08,-0.0024999148574204036,-0.0019803946312654955
1995-06-09,-0.0011495432020037302,-0.0008445715687084903
1995-06-12,0.000156548522468602,-0.0001762583569432252
1995-06-13,-0.000313193937322486,-0.0002197418826989275
1995-06-14,0.0014349435775322088,0.0007775836104469545
1995-06-15,-0.0005189089684541614,0.0008563025863213467
1995-06-16,0.003928445779883452,0.005783938685227029
1995-06-19,-0.006275431880429773,0.0021621038687711872
1995-06-20,0.0018908429992256868,0.0016827715898142046
1995-06-21,0.0028596163702104467,0.008558784072955343
1995-06-22,-0.001786907906778992,-0.0021171727832792774
1995-06-23,0.0035191573925422823,0.0037362056874772308
1995-06-26,-0.0018860468779331701,-0.0027845351523553413
1995-06-27,-0.0036691241174191154,-0.004087268590654189
1995-06-28,0.004121600621042752,0.003461608405608821
1995-06-29,0.004941220752643965,0.010263326150318844
1995-06-30,-0.0005531772602648346,0.0010828768946307395
1995-07-03,0.0007639635961836636,0.002030374750797686
1995-07-04,0.002623029517062194,0.005627358766966804
1995-07-05,0.0066857177434069244,0.007797440437198738
1995-07-06,-0.0027974314113366444,-0.005216546419808233
1995-07-07,0.001481259836595657,0.005012793112249665
1995-07-10,-0.014166500615571358,-0.01754749624185088
1995-07-11,0.009716911794481501,0.010933243383605263
1995-07-12,-0.0015592376999110655,-0.0012193508851464222
1995-07-13,0.011473442657581802,0.014276258943411927
1995-07-14,-0.005995083502635637,-0.008280944474752043
1995-07-17,0.0051444657778418655,0.005600386009243272
1995-07-18,-0.006684033538239625,-0.009019189462973648
1995-07-19,0.0038028688695755457,0.004795798257585047
1995-07-20,0.013072824985212866,0.0154706551227031
1995-07-21,0.0046165999188552635,0.004747360443344108
1995-07-24,0.0041808733335831705,0.0029623653825070033
1995-07-25,-0.005209081369785199,-0.005566276581329771
1995-07-26,-0.017661498724487634,-0.02317480595489019
1995-07-27,-0.0017163062187125703,-0.0006398127167359871
1995-07-28,-0.004657045024140259,-0.003757304497740208
1995-07-31,-0.011161276917185875,-0.011797215279820647
1995-08-01,0.0039048411155543487,0.0018353828061677402
1995-08-02,0.0024363809273000078,0.0018988042069447225
1995-08-03,-0.0006101109310474774,-0.0005777580425375266
1995-08-04,-0.0010849323949709982,-0.0011919316757955493
1995-08-07,-0.0006756080201519048,-0.0003654750548295471
1995-08-08,-0.00015227982569832152,-0.0006028327665694983
1995-08-09,-0.0030984535449311997,-0.003536259589123273
1995-08-10,0.0008945648467697992,0.0004450883781226416
1995-08-11,0.0005206789102804754,0.0011835583939720645
1995-08-14,-0.0011584035121196849,0.00039433093288015656
1995-08-15,-0.00026436347619336495,0.000351099522888549
1995-08-16,0.00016877203204771483,-0.00019412609885011587
1995-08-17,-0.0015655536432854639,-0.002810866462923041
1995-08-18,-0.0019065778190601446,-0.0019847891131931053
1995-08-21,-0.005306121684539485,-0.005650111782450967
1995-08-22,0.00040436279147305676,0.00042460487238427824
1995-08-23,-0.00013215389549884463,-0.00024168902056587922
1995-08-24,0.0008818227446658962,0.0005684719908000233
1995-08-25,0.00023640288551479734,8.058368823363531e-05
1995-08-28,0.0009343730960374027,0.0009797783386840042
1995-08-29,-0.0007262336042748817,-0.000742759589580189
1995-08-30,-0.0005019080117980532,-0.0002656246566358291
1995-08-31,-0.0010056645597633289,-0.000608967309952709
1995-09-01,-0.0018574286573901973,-0.0009401075347900316
1995-09-04,0.00015996326697480888,0.001605867319230745
1995-09-05,-0.0016087470495857,-0.0009846906971598122
1995-09-06,-0.00047632733767913365,-0.0012263557758489874
1995-09-07,-7.894022427326596e-05,-0.00046899872127976024
1995-09-08,-0.00031178775985383925,0.0008706877681457424
1995-09-11,-1.5087880554279503e-05,-8.066694492074807e-05
1995-09-12,-0.00035863711308197903,0.0014845763634973577
1995-09-13,0.00038486005417793395,-0.0009739996475484704
1995-09-14,-0.0006292338732890227,0.002314520219424234
1995-09-15,-4.7199483332745504e-05,-0.0009108584329641584
1995-09-18,-3.890445391935311e-05,0.00013264957824665784
1995-09-19,-0.00014264019555575519,-0.0010239237898222004
1995-09-20,-0.00031698907872359513,-0.013369660862983065
1995-09-21,0.002924453781850309,-0.008947908276562404
1995-09-22,0.0038672176441237206,-0.00016655099612400206
1995-09-25,-0.004983541345305933,-0.002301421192106851
1995-09-26,0.0025659336846660867,0.0013754002443657342
1995-09-27,-0.005663068261810371,-0.0038708331418037816
1995-09-28,-0.0022502604090638314,-0.00024070587167496836
1995-09-29,0.003838343854898538,0.0008444026973497908
1995-10-02,0.00040065045343693303,0.0012208585058599132
1995-10-03,-0.00048123808653079657,-0.0012317457921606067
1995-10-04,0.0047088124329635606,0.0019336954441101335
1995-10-05,0.013140442922288975,0.007193195136798536
1995-10-06,-0.006430534901946085,-0.004603647714102928
1995-10-09,-0.008668317847034923,-0.00569887340872693
1995-10-10,-0.004289371049212714,-0.003318065853583348
1995-10-11,0.0009914701436556745,-3.006084262243914e-05
1995-10-12,0.0029261139694850453,0.0010068345727209042
1995-10-13,-0.012213652210333659,-0.007033403752028121
1995-10-16,-0.0042574510308722975,-0.0022176629751817635
1995-10-17,0.0001235561856550565,6.35653394572305e-05
1995-10-18,0.0012812480971348273,0.0005049288168959715
1995-10-19,0.004592978183055425,0.0012386589079003932
1995-10-20,-0.003239433680390993,-0.002012525316844146
1995-10-23,-0.0006449145898136746,-0.00012714408543323038
1995-10-24,8.339088405736061e-05,0.0014862837499743898
1995-10-25,0.000858603573190216,9.017647602261453e-05
1995-10-26,-0.003828898213103123,-0.0012221117178764084
1995-10-27,0.0002672501582693762,7.207388246178562e-05
1995-10-30,-0.0006780223950918846,-0.0007389568561383571
1995-10-31,-0.000923069721552647,-0.0006387219308940869
1995-11-01,2.7985008417268195e-05,0.0007627496222975242
1995-11-02,0.00034350827811059273,0.0026683313919258385
1995-11-03,-6.15015786358894e-05,-0.00020715770208459098
1995-11-06,-5.781434686988286e-05,-0.0005178538308786843
1995-11-07,-0.001242674187909928,-0.0019216146450896597
1995-11-08,-0.00011975405797372621,0.001163401258095224
1995-11-09,0.0002724272381119141,0.00025936335085642
1995-11-10,-0.002009549140074993,-0.00210569314528281
1995-11-13,0.0005827734738835145,0.0010249965989051469
1995-11-14,-0.0007328904051891171,-0.000850507871926517
1995-11-15,0.0007563897205390358,0.0015048643423536973
1995-11-16,0.003243613913944261,0.0039003971668898994
1995-11-17,0.004334814982031544,0.004220306115649274
1995-11-20,0.000413040113819919,0.00036663845416257606
1995-11-21,-0.0016986047490015314,-0.0021512235184182713
1995-11-22,0.004476025986742279,0.005032815281888923
1995-11-23,-0.0014608052119835498,-0.00214044031210937
1995-11-24,0.00041458564148699544,0.0006093104060548212
1995-11-27,0.0038955287515859255,0.003988341417403673
1995-11-28,-0.0025551976922482656,-0.002188381461778372
1995-11-29,-0.000585898030642582,-0.00023659726859617133
1995-11-30,-0.0004623356721068932,-0.0007256104857630398
1995-12-01,0.007588835388567712,0.007518712876803294
1995-12-04,0.0055735086002190485,0.006314747752028195
1995-12-05,0.005927030523331544,0.0059866166756618365
1995-12-06,0.003781441770369295,0.003998479541325065
1995-12-07,0.0014902331767288476,0.0012867933046269786
1995-12-08,0.00720543211511122,0.00669461290349703
1995-12-11,-0.006838842465273763,-0.005359445821491137
1995-12-12,0.004410437877440209,0.0038517231959709873
1995-12-13,0.014541645071201655,0.011770260703850123
1995-12-14,0.008377891853174509,0.006709781055919806
1995-12-15,0.005119274338441479,0.003928468221842843
1995-12-18,0.00650809401159565,0.0072569904850327055
1995-12-19,0.013809386320866918,0.013511977554602006
1995-12-20,0.008725314262733458,0.009948578483385002
1995-12-21,0.0010415815091455842,0.0013236156526781721
1995-12-22,-0.01715515878739649,-0.017649573319990026
1995-12-26,0.00494665358960557,0.0035239349620595347
1995-12-27,0.025948226709469963,0.024571654900515078
1995-12-28,-0.011073075200665146,-0.010316321058667763
1995-12-29,0.00652119153092751,0.005602083631516178
1996-01-02,0.014094361080377165,0.012141000771184062
1996-01-03,0.004910974112221868,0.004529428675248743
1996-01-04,0.0016276552113806825,0.0015102979047151102
1996-01-05,0.015167163855936505,0.01317376533214886
1996-01-08,0.008181126194497994,0.007248630189373446
1996-01-09,-0.012543655607962502,-0.010183758765933346
1996-01-10,-0.010598102333459454,-0.009268265368317123
1996-01-11,-0.04384358855102146,-0.03603770441384537
1996-01-12,-0.016455491354483983,-0.015502917783406532
1996-01-15,-0.0059997358935392625,-0.006083205883802268
1996-01-16,-0.005126045528192915,-0.0026050910043204
1996-01-17,0.006640952958949928,0.0008488236392026546
1996-01-18,0.00165248952503894,0.0004045915248068775
1996-01-19,-0.003360606057037731,-0.001531676900144778
1996-01-22,-0.0022555034227953403,-0.0010504689772138276
1996-01-23,-6.531060732111974e-05,0.0009932982479513082
1996-01-24,0.0025920764900127695,-0.000270412632783093
1996-01-25,-0.006883729394084242,-0.0007201280104120505
1996-01-26,0.0002371523525882028,-0.00019205272852917572
1996-01-29,-0.0007477693030945957,0.0009059200077891775
1996-01-30,0.0009378269059090111,6.475232417044218e-05
1996-01-31,0.0012708522559281038,-0.000111027160225592
1996-02-01,-0.001969133966839336,-0.00024332579944003714
1996-02-02,0.0005770209854235722,-0.00042007222562169956
1996-02-05,-0.002889515934727645,5.4047925860608734e-05
1996-02-06,0.0014204144823149962,-0.001583143153484072
1996-02-07,0.0006911677478269059,0.0011221604431071936
1996-02-08,0.0011331138375972052,0.0023346001077430754
1996-02-09,0.0008290880051788278,9.048254385089895e-05
1996-02-12,0.0008594168047980077,-0.002081129284587886
1996-02-13,0.00920719523382265,-0.0053128265388858635
1996-02-14,-0.0025714447206527523,-0.0011020923532665582
1996-02-15,-0.003168440661744943,-0.0015515256403741534
1996-02-16,-0.004296895365855944,-0.0031275487613539057
1996-02-19,0.005333544197551467,0.003421085954153104
1996-02-20,0.0100004121760755,-0.00031676427389829947
1996-02-21,0.007660382509937656,0.006406206782247394
1996-02-22,0.0015251442618090603,0.0019031492529477988
1996-02-23,-0.01823964572122982,-0.011736046644353479
1996-02-26,0.004921224180821633,0.0023046529475317986
1996-02-27,0.0012531969169520929,0.0010967361527583258
1996-02-28,-0.007098718397679916,-0.0036887403474107996
1996-02-29,0.0014542323752214142,-0.0002908960327992059
1996-03-01,-0.0013081164709183495,-0.001008803892015431
1996-03-04,-0.006563619790028368,-0.0028374340913490345
1996-03-05,0.005061801905353952,0.0028028991759343424
1996-03-06,0.00942529145743697,0.004022687655215396
1996-03-07,-0.0034403112875807315,-0.0015802624502498158
1996-03-08,-0.0005385725039418315,-0.000705881728377118
1996-03-11,0.007338565287446699,0.0038571724239062203
1996-03-12,0.00730477721889533,0.004099337355084258
1996-03-13,0.004265669885848943,0.0028574796619766415
1996-03-14,0.002997274667269846,0.0022280824738816984
1996-03-15,0.0009948711177257495,0.0011383253935125998
1996-03-18,0.016282553855236023,0.014561489899060953
1996-03-19,-0.006405841501544225,-0.004800392706565686
1996-03-20,0.0026806266187117504,0.0018319111987593478
1996-03-21,0.013860749561736234,0.011677927411408605
1996-03-22,0.01664347679316249,0.01319939308486785
1996-03-25,0.00844952422331483,0.005908835408979428
1996-03-26,-0.010944036236006621,-0.009742294459944036
1996-03-27,0.0009585901162199722,0.001770469537627179
1996-03-28,-0.007227794721017593,-0.005724177638000624
1996-03-29,0.008229549079541069,0.006755609408480054
1996-04-01,0.01220309492928951,0.009740667839269081
1996-04-02,0.003167260624137694,0.0024744140731994026
1996-04-03,-0.004418954010781473,-0.003590466308082243
1996-04-04,0.010384237144601462,0.009528351791192956
1996-04-08,-0.000597802908133542,0.0007505976225218609
1996-04-09,0.012179547171551655,0.01043108426145614
1996-04-10,0.01915552212058974,0.015947846885707856
1996-04-11,0.015106344741883044,0.012699841720751072
1996-04-12,-0.017341373087564563,-0.010416290399433523
1996-04-15,0.0040372120113329624,0.0012771402535057049
1996-04-16,-0.02130500220577172,-0.016465348013585176
1996-04-17,-0.0037122419935878086,-0.001838324487272912
1996-04-18,-0.0020292990464289254,-0.001244634736559056
1996-04-19,0.005489324385681708,0.004753888591865092
1996-04-22,0.008624712155906733,0.0059684644163371615
1996-04-23,0.004611559493333484,0.0013990295031815574
1996-04-24,-0.007293820814448948,-0.0061513426090220825
1996-04-25,0.0021575881227001137,0.0012503170795278371
1996-04-26,-0.00010134521067425128,-0.0006426949117111589
1996-04-29,0.0011083759771915497,0.0005185517627045884
1996-04-30,-0.016098224200338258,-0.012087738032446874
1996-05-01,-0.006156352935214395,-0.0045447209325649345
1996-05-02,-0.001990918986516716,-0.0016882276330282026
1996-05-03,0.003156061782367922,0.0009748787637165185
1996-05-06,0.0018650136696539178,0.001751559715605028
1996-05-07,0.00020380925135417456,0.0008104454110964239
1996-05-08,0.001796506395909776,0.001354997376812516
1996-05-09,-0.0022390703934536548,-0.0011909165743275603
1996-05-10,0.0043291211408079885,0.0024668144509911783
1996-05-13,0.004001618627535295,0.003169334502595695
1996-05-14,-0.0006854334617341177,-0.000991091584343918
1996-05-15,-0.0023239793116754427,-0.0017128496168512003
1996-05-16,-0.013914418641894228,-0.009973188019827953
1996-05-17,-0.005218817826800587,-0.0037068073354212523
1996-05-20,0.014463886526805539,0.011861305897498668
1996-05-21,-0.009251325028747237,-0.008860056806482566
1996-05-22,0.005845883511580737,0.005434868137620214
1996-05-23,-0.0024021637999204998,-0.002279117599891602
1996-05-24,0.0021054100165707806,0.0020443326376546798
1996-05-28,0.0011435471993498066,0.0013481856335570356
1996-05-29,0.003154521431549332,0.003328761045785184
1996-05-30,-0.006864062946902459,-0.00619900605825173
1996-05-31,2.9016401978795138e-05,-2.4250536557388546e-05
1996-06-03,6.824311954867285e-06,0.00012040273302216101
1996-06-04,-0.00013247713646415862,0.00037252374928316924
1996-06-05,-0.0005444737477803565,-0.0010300814070185508
1996-06-06,0.00012333456735944202,5.4695073354872744e-05
1996-06-07,0.006584969920949388,0.006720010171481547
1996-06-10,0.0007833433954622348,0.0008167388821650601
1996-06-11,0.0022793742278549895,0.002169932597254305
1996-06-12,-0.0013392232808524518,-0.001268369115391439
1996-06-13,0.007762560834668287,0.007673871969304846
1996-06-14,0.001958123932500593,0.0020735611754076934
1996-06-17,0.007735588638212296,0.008202959987766203
1996-06-18,0.0031908448687612786,0.0016110172717845195
1996-06-19,0.0014670185724955352,0.0006408362866744327
1996-06-20,0.003999414623430125,0.004903319485397366
1996-06-21,0.002726009137269603,0.0023911232374081138
1996-06-24,-0.0035842500295229823,-0.003442621212205763
1996-06-25,-0.0024845060241141196,-0.0029504787561994462
1996-06-26,0.00014462677577043145,0.003928106018014265
1996-06-27,0.00978631207336421,0.01027616369638352
1996-06-28,0.006432986455775743,0.00645278246703147
1996-07-01,-0.009556620568875525,-0.007418693672794523
1996-07-02,0.0016683074745881248,0.0004335143461038319
1996-07-03,0.005528164310289251,0.006084507099203017
1996-07-04,0.0024017866553265334,0.003509821379347818
1996-07-05,0.002293212470537658,0.0033707953238162973
1996-07-08,0.0023268290853862713,0.0008212006408246266
1996-07-09,-0.001675067190771793,0.0012935670104726588
1996-07-10,0.0041901081587250024,0.005825869416137911
1996-07-11,-0.0025708495070718373,0.0019198519165697012
1996-07-12,0.004806388153594352,0.004823727113395579
1996-07-15,0.009020509303568616,0.015208440669776146
1996-07-16,-0.0038527382664500336,-0.00457713930738678
1996-07-17,-0.01769820165309075,-0.022853972012259166
1996-07-18,-0.01715920896015268,-0.01729238180010842
1996-07-19,-0.004470589260416336,-0.008114507166883443
1996-07-22,-0.0026424392424626466,-0.002359050952396942
1996-07-23,0.0015417936988870182,0.003750527153779003
1996-07-24,-0.002941995016619847,-0.00787152327750481
1996-07-25,0.0012213065443842344,0.003715267981643901
1996-07-26,-0.004307298587015357,-0.014399616943619924
1996-07-29,0.0007620038214980664,0.00263762594250494
1996-07-30,-0.00036885742268281697,0.00011362389547275495
1996-07-31,0.0005152527909066637,0.0024499899047999477
1996-08-01,0.0019941970395095376,0.010761766070486631
1996-08-02,0.0011525411665384803,0.005491991637137574
1996-08-05,0.0002632678288627046,-0.00020490592721603292
1996-08-06,0.0003963899983336551,0.0005815379829526153
1996-08-07,0.0012614795079366372,0.005081344394466482
1996-08-08,0.0009869279817828647,0.0037021695026975532
1996-08-09,1.1916600123925e-06,0.0006405722507035733
1996-08-12,0.005658790976790458,0.017582308410287437
1996-08-13,0.0016102886096260383,0.0046587386389749744
1996-08-14,-0.0021488851126047147,-0.006512594520558939
1996-08-15,-0.0006483054428786569,-0.002588397313841592
1996-08-16,0.004820225286795271,0.016576811144809838
1996-08-19,0.0031212529406010703,0.010970828774174284
1996-08-20,-0.0024642501649492364,-0.009695359382742666
1996-08-21,-0.0025614817770263885,-0.009382324625005633
1996-08-22,0.005268686982499722,0.016735168030120425
1996-08-23,-0.002389255480745213,-0.008130522900688926
1996-08-26,-0.0008479461312595278,-0.006361584086125393
1996-08-27,-0.0013142328804862085,-0.006150563416566259
1996-08-28,0.001534314259901945,0.0059385329326800546
1996-08-29,0.0023355523356117106,0.012282076867014553
1996-08-30,0.0010386800612900884,0.003684775543558701
1996-09-02,0.007836969227259495,0.03663994159859315
1996-09-03,0.004497989029185517,0.019031483839606334
1996-09-04,0.0006527231726919453,-0.0007017643173139512
1996-09-05,-0.0005225403004658183,0.003707313287787285
1996-09-06,-0.00017581728065989605,0.00795978056992338
1996-09-09,-0.0013971052876325038,-0.00262094741295942
1996-09-10,0.001934827965785359,0.009548884449986755
1996-09-11,0.0021194759850116838,0.015901878014502147
1996-09-12,0.000999208474867965,0.006067227323913172
1996-09-13,-0.0014560143614747798,-0.007271342290520255
1996-09-16,-0.0035398491940322407,-0.023770894137800314
1996-09-17,-0.0003994744341750348,0.0010387634261420575
1996-09-18,-0.0034726501099227977,0.006638170656324843
1996-09-19,0.0008225228120992971,-0.00528693566104347
1996-09-20,0.00010412715809490494,0.0022275299122619364
1996-09-23,0.00014772561321570697,0.0035023036245422213
1996-09-24,-0.004999976579882952,0.012766339492174926
1996-09-25,-0.0026611698973821474,0.003694834941674973
1996-09-26,0.0014659407321517132,-0.0033811889406752996
1996-09-27,-0.00247279097769096,0.0074254077476199375
1996-09-30,0.0009896587574514245,-0.0038477012635596062
1996-10-01,0.000999141648055316,-0.0026919277155102992
1996-10-02,0.0002581473734570496,-0.0004793759833250961
1996-10-03,-0.0033107304409278307,0.012577664197767692
1996-10-04,-0.0001796471601254933,0.0013731997960553116
1996-10-07,-0.002539643046866442,0.010020358210663313
1996-10-08,-0.0003260515562570998,0.0058584768077279345
1996-10-09,0.0010776333143339247,-0.006801635257881287
1996-10-10,0.00031888390276613626,-0.013743077887340804
1996-10-11,-0.0009727729176873816,0.006960606710998761
1996-10-14,-0.003354791446267254,0.015414934300896015
1996-10-15,0.004195767376428335,8.916334288188235e-05
1996-10-16,0.00020632856411315528,-0.001483970858496577
1996-10-17,0.004270676619091376,0.0028774185188358077
1996-10-18,0.004016549665336021,0.0034163467417162563
1996-10-21,0.002925070230570949,0.00216560625691764
1996-10-22,0.007463548629203839,0.006360604437246468
1996-10-23,-0.013186751721468893,-0.010307166823483125
1996-10-24,-0.009814859438258447,-0.008575714337405326
1996-10-25,0.01049912861867062,0.008350494460126255
1996-10-28,0.0015525892721152089,0.001642666962654276
1996-10-29,-0.006017761791285666,-0.0038798986473857003
1996-10-30,0.0007831673987960491,0.00035903473499963564
1996-10-31,-0.019728882562187577,-0.016370602108817595
1996-11-01,-0.004604749482322729,-0.003722685840654274
1996-11-04,-0.004229131856713021,-0.0036059930671249307
1996-11-05,-0.0005795726766590399,-7.874455575361278e-05
1996-11-06,0.0023292277510821298,0.0015320437499152216
1996-11-07,0.0015354877225113317,0.0009621541553765469
1996-11-08,0.010396845406563058,0.01070504985267843
1996-11-11,-0.0012266499578597264,-0.0009331427309087278
1996-11-12,-0.0031301193445731237,-0.0031614428632680725
1996-11-13,0.010300165000921653,0.009090456557240627
1996-11-14,0.007576442752201801,0.006458761525229419
1996-11-15,-0.003394508326765419,-0.002161944063080864
1996-11-18,-0.007457789487734412,-0.005636891237832622
1996-11-19,0.011953116835078428,0.010804506391791447
1996-11-20,-0.015317364857814519,-0.01199639331935218
1996-11-21,0.010016769023508322,0.005287538056345547
1996-11-22,-0.001844413033083845,0.0003110811684883909
1996-11-25,-0.004131200517272302,-0.0014125761203526812
1996-11-26,0.0023607934280177527,0.0016901344584187236
1996-11-27,0.0023925429165248327,0.0005427025007193825
1996-11-28,-0.00544153492192158,-0.002410663575013914
1996-11-29,0.0030515801746903133,0.0014886073874375231
1996-12-02,0.012895078576374846,0.006224234503450626
1996-12-03,-0.0007104894204089359,0.0006618097193974142
1996-12-04,-0.000354587784171186,0.0006606014081445545
1996-12-05,0.01353674336011993,0.008668008275801456
1996-12-06,-0.0012463947236024103,-0.0015296464022430507
1996-12-09,-0.007511845725166998,-0.0045854126608720625
1996-12-10,-0.012292276805795893,-0.0045732921044205005
1996-12-11,-0.01692296073838909,-0.0060729530674912295
1996-12-12,0.007477844517068789,0.0031040171750739524
1996-12-13,0.014087561419827139,0.00686457771974303
1996-12-16,0.013131101313929234,0.007345327841915204
1996-12-17,-0.004070667898883664,-0.002232354870530567
1996-12-18,0.002982855294981297,0.000712118390397218
1996-12-19,0.002097105011620294,0.003050017466858897
1996-12-20,-0.0040577137585346675,-0.0009707701115448785
1996-12-23,-0.0060497991747428025,-0.0036379635689930286
1996-12-24,0.006654866298341707,0.0036849207302328568
1996-12-26,-0.012588390447146712,-0.010318280505246488
1996-12-27,-0.006535821574556892,-0.007595964906702172
1996-12-30,-0.0021040738315498742,-0.003482631952275607
1996-12-31,0.006505085320629679,0.003181070455376101
1997-01-02,0.002738031985338519,0.0022516236759980556
1997-01-03,0.0009564701971982262,0.0014568444332380937
1997-01-06,0.012425088838198234,0.008153993344597365
1997-01-07,-0.0041950362969598665,-0.0027694926199877414
1997-01-08,0.007925262349500537,0.004436694131333556
1997-01-09,-0.005085751476955342,-0.002930773882553124
1997-01-10,-0.004943801635663548,-0.004276343082225142
1997-01-13,-0.012662178107147171,-0.009459960577567846
1997-01-14,0.0008399347298257507,0.0008641724626709544
1997-01-15,0.012455439702469533,0.008623872579336177
1997-01-16,-0.009789773528700418,-0.007224274173619258
1997-01-17,-0.00517473193454568,-0.0035875889030517354
1997-01-20,-8.899874101861987e-05,-0.00039866435002190113
1997-01-21,-0.002517884207868789,-0.0019103654627268473
1997-01-22,0.0009800565394668074,0.00065273491816909
1997-01-23,-0.0013533644997897633,-0.0011174626934114136
1997-01-24,-0.0013785881247558036,-0.0008494666368223917
1997-01-27,-0.00052459362439178,-0.00013183609878679738
1997-01-28,0.00018429598491009327,-0.00015559460358010734
1997-01-29,0.00370102974884174,0.0012030279536740058
1997-01-30,0.0038618440984557723,0.0027160624003139313
1997-01-31,-0.00657799396202377,-0.004704742100503985
1997-02-03,0.0005890790089180979,0.00038836163178677653
1997-02-04,0.000145091293345107,0.0003784227486122798
1997-02-05,0.00024859247166633436,0.00022967554965562393
1997-02-06,-0.006270830387711635,-0.007184444546129065
1997-02-07,-0.003635536897076935,-0.004818094056232584
1997-02-10,0.0009431695714753112,0.0018612647373760021
1997-02-11,-4.1250177461628095e-05,-0.0002445686664230534
1997-02-12,-0.0007027230660538699,-0.00043215164015476533
1997-02-13,-9.556877273458067e-05,-0.0003158823360146564
1997-02-14,-0.000793177371811448,-0.0010764069736170045
1997-02-17,0.0012830666753861069,0.002111808552013639
1997-02-18,-0.00010920917367720217,-0.00018182009094015728
1997-02-19,-0.0007440830536296705,-0.0007150896483000762
1997-02-20,0.0023007000908043945,0.0018050249719839442
1997-02-21,0.0013177730389657232,0.0010240838592847148
1997-02-24,0.004079015590877197,0.004100534433750669
1997-02-25,-0.002571277625742097,-0.0019955842846708085
1997-02-26,-0.002076451413880922,-0.0013901466186929843
1997-02-27,0.0024231229219307455,0.0015284952636785802
1997-02-28,0.004846366803309895,0.0030817033930043394
1997-03-03,-0.0006385737070137928,-0.0004937498492757236
1997-03-04,-0.007942138231309745,-0.0068082981204682135
1997-03-05,0.0017814135514041976,0.0015556478130938302
1997-03-06,-0.0037039860353332275,-0.003220401818871827
1997-03-07,-0.005924400367110875,-0.005063621853826674
1997-03-10,0.004783330525883043,0.003569353329339333
1997-03-11,0.0005716892948088212,0.00052695932976428
1997-03-12,-0.0037287587950490847,-0.0025710821568693206
1997-03-13,-4.6829245092107276e-05,-0.00017268253234445897
1997-03-14,-0.0027758713666461124,-0.0010499870513562947
1997-03-17,0.0020708092403898377,-0.0004643914582787534
1997-03-18,-0.0031533986982857803,0.002605229517356273
1997-03-19,-0.0007021627988548106,-0.0008535038736430783
1997-03-20,-1.2595466663761626e-05,-0.0005746056605738305
1997-03-21,0.0010422642042639254,-0.00029202531689704247
1997-03-24,0.0011736638067763056,-0.0014933347056993063
1997-03-25,-0.0010689091401796236,-0.0010800071032330254
1997-03-26,-0.0001487514112983283,-0.0032948362994237525
1997-03-27,-0.0017196568222148882,0.0002660471907968682
1997-03-31,-0.0002547729913314593,-0.003231349222248295
1997-04-01,0.0013043577980846458,-0.0003325006312491481
1997-04-02,0.0032877673884711706,-0.0027842174907922166
1997-04-03,0.0009128040257087722,-0.0005609347379110303
1997-04-04,0.004633292322184916,0.0017978557215806194
1997-04-07,-0.0009189546993464774,-0.0006757274595961292
1997-04-08,-0.0013253284916403699,-0.000912811023551199
1997-04-09,0.001489286057657406,0.0012153250682591164
1997-04-10,-0.003252832253642745,-0.002458834629933294
1997-04-11,0.0007958570058906998,0.0003838113072252112
1997-04-14,-0.004407519102212171,-0.003706434095292794
1997-04-15,0.0031646301288645283,0.002875238481000121
1997-04-16,0.003441221912436477,0.002400022406328039
1997-04-17,0.0002249989275765941,0.0004266350824869039
1997-04-18,-0.0029668475112452192,-0.0024964711706593813
1997-04-21,-0.005955321991554639,-0.005067633250954892
1997-04-22,0.007258730382827855,0.006036937107512076
1997-04-23,-0.004219673764039005,-0.0034103684016806197
1997-04-24,-0.00420504836215444,-0.00368901638145511
1997-04-25,0.001418996012301857,0.0014509608022006766
1997-04-28,1.5614972331245054e-06,-0.00020525796356576126
1997-04-29,-0.005387500275264569,-0.004085655567748168
1997-04-30,0.0019944383820715396,0.0014591060258269742
1997-05-01,0.004586860057070797,0.0034913076220926425
1997-05-02,0.003350249885838073,0.002737256720745517
1997-05-05,-0.002965078295331438,-0.0028533876344500656
1997-05-06,0.0038496156506566247,0.004374313021821621
1997-05-07,0.00133716973968146,0.0011678656807586878
1997-05-08,-0.011380053448326209,-0.007459103321342776
1997-05-09,-0.0025799362628701424,-0.002171263310012836
1997-05-12,-0.007348371346791091,-0.001544100506581871
1997-05-13,-0.0008202528229356473,-0.0007866236337222442
1997-05-14,0.0018858639301806404,0.002816624501789069
1997-05-15,-0.0033228369725271634,-0.003643559923565798
1997-05-16,0.0019301838269409185,0.01254511055168681
1997-05-19,-0.0013195439935998886,-0.0035643490104103523
1997-05-20,-0.0006429896711518643,-0.0035255573990132967
1997-05-21,0.0010242929232298554,0.005037505610827627
1997-05-22,-0.0012742030849826947,-0.0018044889214213465
1997-05-23,0.003130391761453782,0.0002492793012618226
1997-05-27,0.001627480948853393,-0.01089205514834155
1997-05-28,-0.002067718812401934,-0.0008343155499792683
1997-05-29,-0.0030840484238605094,0.00025772025055856876
1997-05-30,-1.3902357128490724e-06,-0.00019662769589991137
1997-06-02,-0.005203987826663184,-0.003345409436424763
1997-06-03,0.000583504394221991,-0.009836730160921037
1997-06-04,0.0009477361548064486,-0.0011071345730544271
1997-06-05,0.001896742871656312,-0.004615362846071761
1997-06-06,0.004580795911391269,-0.003702363419716971
1997-06-09,0.0002916271944855292,-9.505185527914988e-05
1997-06-10,0.0004772496473927623,0.00018486557108661052
1997-06-11,0.0021769400134580216,0.0009391446693631111
1997-06-12,-0.0002617742649877666,-0.000294669709292346
1997-06-13,-0.0007556267578666299,-0.0004767769002821658
1997-06-16,-0.0021316251575495466,-0.001624796551558361
1997-06-17,-0.003267232342331592,-0.0025117580444777056
1997-06-18,0.005585698947469349,0.004254087252704277
1997-06-19,0.0017502904980939104,0.0013566115635071263
1997-06-20,-0.00059212511897624,-0.00036475602389243283
1997-06-23,-0.0051578909602817725,-0.0035525078265570046
1997-06-24,0.0019996072980223052,0.001642352181973494
1997-06-25,-0.011942734110662325,-0.008735783175656585
1997-06-26,0.008440157837166238,0.005093974769140928
1997-06-27,-0.00778467351952784,-0.005905808986243284
1997-06-30,-0.006902643033382082,-0.005385889637200995
1997-07-01,-0.0028116256935938294,-0.0019540135997947027
1997-07-02,-0.0023215725161169222,-0.0006113429571766395
1997-07-03,0.008686984854779433,0.0025310777247669427
1997-07-04,0.0030688213681040835,0.0018987144852046212
1997-07-07,-0.0009052872962166462,0.00020217129866971395
1997-07-08,-0.004019163813537015,-0.002098800763043265
1997-07-09,0.0022963656588190218,-0.0005485548607928854
1997-07-10,0.002566881089661521,-0.00047417784434459305
1997-07-11,-0.0008446278525042517,-0.00013696045578481244
1997-07-14,0.001977214809530912,-0.0012075558644693539
1997-07-15,-0.010333924916868017,-0.008045410123864899
1997-07-16,0.0011934822275064072,-6.717448764733572e-05
1997-07-17,-0.0029824400435043436,5.7783237682621176e-05
1997-07-18,0.004077899222895995,-0.0014776042837522157
1997-07-21,-0.0010563263882039898,-0.00035683812676240884
1997-07-22,-0.001617758549557164,-0.0008475281135787504
1997-07-23,-0.002517945695911095,-0.0008838033754556339
1997-07-24,-0.0018531246763591315,-0.0002145235230952703
1997-07-25,-0.0007556146984518988,0.00010164016327599277
1997-07-28,-0.0003339464214239961,-0.0014764637288066408
1997-07-29,-0.002357428726631508,-0.0010836785890096796
1997-07-30,-0.004930080124585594,-0.0022702209997438917
1997-07-31,0.00033181289846746786,-0.00077433147103699
1997-08-01,0.0002847361711021733,0.001588598519438254
1997-08-04,0.0016547673358837157,0.008505247201387348
1997-08-05,0.0004931438225144669,0.0017405983538150733
1997-08-06,-0.0018118168578045402,-0.006179235719217235
1997-08-07,0.005489547292468147,0.0024286047639529153
1997-08-08,0.0031266672821711836,-0.004543473672198827
1997-08-11,0.0033173583510590684,0.004597331736945677
1997-08-12,-0.008073668447225749,-0.005280874408118236
1997-08-13,-0.0005833013722631569,0.002247320511706858
1997-08-14,-0.0018589646497066733,-0.002918898475033852
1997-08-15,0.0007244349605783714,0.0001652399727803466
1997-08-18,-0.0008248720123404203,-0.0017493751188095248
1997-08-19,0.0046481427296061,0.006663066032019015
1997-08-20,-0.002712200557835365,-0.004114259662513269
1997-08-21,-0.0017797679985034679,-0.00808305829586803
1997-08-22,0.0044204580534754805,0.004691813801596205
1997-08-25,0.005090685434486006,0.0029714525125152467
1997-08-26,0.0016624776739496497,0.0005109479210770257
1997-08-27,-0.007543360816553372,-0.005389050778484864
1997-08-28,0.009515760224592898,0.008296538755649611
1997-08-29,0.0019474008791230766,0.002252583819775821
1997-09-01,0.0006103181541391279,0.00044757907757345057
1997-09-02,0.003956444108702395,0.00396476543763451
1997-09-03,0.002152991731351072,0.002097121832379031
1997-09-04,-0.0036795031222002805,-0.004170921673460462
1997-09-05,-0.0032142688125617806,-0.0024669723023876444
1997-09-08,0.0017007229447293913,0.0009983275278703612
1997-09-09,0.0015799895272482014,0.0014130941702307023
1997-09-10,4.359268077604329e-05,3.988964200762573e-06
1997-09-11,0.005463017629269933,0.004859897366600246
1997-09-12,0.0013616442582811822,0.0012391728077969922
1997-09-15,0.0001774568893049049,-6.978851257666314e-05
1997-09-16,-0.012232865548780177,-0.011790929418557174
1997-09-17,0.0012684513891574468,0.0001511279263461529
1997-09-18,0.010801150465562973,0.010724715923411489
1997-09-19,-0.0028501378805516945,-0.002795275958717999
1997-09-22,0.0028755686417047902,0.004353233397474705
1997-09-23,0.002117976705433457,0.002366055322718863
1997-09-24,-0.003789132941955434,-0.0018045057009092608
1997-09-25,0.003993354637179192,0.010608712418647663
1997-09-26,-0.005708655333912008,0.0014501600245311723
1997-09-29,-0.0148096071205363,-0.009396814935092639
1997-09-30,0.003100085483282146,0.002516807195482256
1997-10-01,0.0020162868111895005,-0.00014372350393061494
1997-10-02,-0.0025197793208339967,0.013352865321561276
1997-10-03,-0.0018064972739012585,0.017119661586702032
1997-10-06,-0.006194942772347517,-0.023631997883029707
1997-10-07,-0.004954834440952567,-0.0032768782988069727
1997-10-08,0.0008057715353754035,0.0034445890055002245
1997-10-09,0.0006931358323001477,0.00037576603241874855
1997-10-10,0.006685092256811024,0.006622323218314842
1997-10-13,-0.00117019539909246,-0.015218013806936416
1997-10-14,0.00022157377082885886,-0.007708456219616092
1997-10-15,0.0011154761420887436,0.0003766707194695574
1997-10-16,0.007099586942420483,0.010526781962169359
1997-10-17,0.001375356820529081,-0.0014153699448287242
1997-10-20,0.004756962671004709,0.006733561807326594
1997-10-21,0.0008373313250682915,0.000531010482502451
1997-10-22,0.005918723200580911,0.009135047295596227
1997-10-23,-0.004859470060549501,-0.006276111001062318
1997-10-24,0.0055104382893679344,0.005451627213356485
1997-10-27,0.00693295877219352,0.006976183908184906
1997-10-28,-0.013912696598560778,-0.016445913630541348
1997-10-29,-0.0006133408659594726,-0.00015194190651798137
1997-10-30,-0.0001516572189187592,0.0012411844898143926
1997-10-31,0.0006417094816992216,-0.00015923691132733848
1997-11-03,-0.0034333485759943856,-0.003809224189826523
1997-11-04,0.001170281806272513,0.0007212044954173113
1997-11-05,0.0011601020912010566,0.0005996222240447086
1997-11-06,-0.002390159959326302,-0.0020082589012527445
1997-11-07,-0.004222137427187726,-0.0037541306524229412
1997-11-10,0.006769351853011577,0.005802043638186013
1997-11-11,0.000715201585074534,0.0008918951380041864
1997-11-12,-0.0005682306404656078,-0.0006704033184924898
1997-11-13,-0.006704581878970429,-0.00604729691834922
1997-11-14,-0.004126278155841928,-0.00395201629686057
1997-11-17,-0.001185610931048378,-0.000858944810697576
1997-11-18,0.0001815159658306357,0.0005047123606687262
1997-11-19,-0.0013111491614169963,-0.00202306335139658
1997-11-20,0.0013424024533454486,0.002283738076740531
1997-11-21,-0.0017867253235652513,-0.0015545203867381979
1997-11-24,-0.0012393247262913554,-0.0011931057479148566
1997-11-25,4.829475817106981e-05,-0.00012768065349982505
1997-11-26,0.0031421302462838665,0.0029656189101739208
1997-11-27,-0.0026300544253021474,-0.0026854598218914987
1997-11-28,-0.0036920139514383505,-0.0038713988583623385
1997-12-01,-0.0001574389526747197,-4.1219407573278695e-05
1997-12-02,-0.0003360770436357546,-0.00023672180098320659
1997-12-03,0.0015334680514579905,0.001460369149945316
1997-12-04,0.0031358755303246134,0.003406815513656233
1997-12-05,-0.0021772457179289064,-0.0026158883848052226
1997-12-08,-0.0014966961731700005,-0.0016456502645737362
1997-12-09,0.0005123527892010593,0.0012914795916204244
1997-12-10,0.01021812107690639,0.011571788113223897
1997-12-11,0.0009562055919368715,0.0010300923412113942
1997-12-12,-0.00039931328994806473,-0.0003104493090245564
1997-12-15,0.00385367126182574,0.00403098526489102
1997-12-16,-0.004192685673282991,-0.004118444078632264
1997-12-17,-0.0023498604534471948,-0.0025037653606502256
1997-12-18,-0.005019564028281638,-0.006379906410449437
1997-12-19,0.0007106861026214215,0.002072814589430318
1997-12-22,0.009331571941095322,0.011110415105921858
1997-12-23,0.004522550357998663,0.004371241205356721
1997-12-24,-0.0014872219790573312,-0.0013848648947172616
1997-12-26,0.0029553076923572244,0.004214288430199269
1997-12-29,0.010700126653436134,0.015099030158183153
1997-12-30,0.00043060800737748363,-0.0001131885785100057
1997-12-31,0.0001769277017659735,0.0005848373814797573
1998-01-02,0.007646853605376852,0.0083097297438523
1998-01-05,0.011716405343710273,0.01450079347391114
1998-01-06,0.006620789183140278,0.0071163639957112544
1998-01-07,0.0070615472432227445,0.007575362222361565
1998-01-08,0.0023649189206118074,0.0019801520211344165
1998-01-09,0.007834395680935533,0.008653249731636526
1998-01-12,0.007526142575994858,0.008008555964779708
1998-01-13,-0.0015489328153138096,-0.0015735041440769224
1998-01-14,0.0009248211106445271,0.0009282749809486874
1998-01-15,0.0006452527440591454,0.0004613615477003369
1998-01-16,-0.01640546036321593,-0.01795106406803508
1998-01-19,-0.01717720421079019,-0.020639176587889076
1998-01-20,0.013930601457931317,0.016365775952594946
1998-01-21,0.007162315564668352,0.008721384784318905
1998-01-22,0.0027555110218142552,0.004619501633534581
1998-01-23,0.010532382610747229,0.01254109803502247
1998-01-26,-0.033262975559778425,-0.04091411118901196
1998-01-27,-0.0006724881340615876,-0.0008551024894298724
1998-01-28,-0.004515994591439187,-0.005557854845989726
1998-01-29,-0.009816503677811958,-0.01111704902402494
1998-01-30,-0.006635143161893398,-0.0020650772160289814
1998-02-02,0.0002835092627055844,0.001187321663017631
1998-02-03,0.0053184459042354,0.007010509067475566
1998-02-04,0.00018945334222574459,0.00015247484980133373
1998-02-05,-0.0008764211340804585,-0.00048499048406478953
1998-02-06,-0.0017834515129625504,-0.0017791895247293152
1998-02-09,-0.000927150788832088,-0.0009672913549319233
1998-02-10,0.003721427801837008,0.0037950882410357455
1998-02-11,0.002763140457729834,0.002933252610631967
1998-02-12,0.00420609574856251,0.0039009882940817427
1998-02-13,-0.002147616348265489,-0.002150897958061176
1998-02-16,0.011152504154480096,0.012893022591580948
1998-02-17,0.003986241727842519,0.004609943908999081
1998-02-18,-0.019754073449535368,-0.023978875607041938
1998-02-19,0.003409334594046505,0.0031960901017631395
1998-02-20,0.0021849656983371642,0.00241723589111926
1998-02-23,0.013194748492481518,0.013576661828646459
1998-02-24,-0.0005759732280342032,-0.000494134134999164
1998-02-25,-0.000506249709241759,-0.0003344556969580753
1998-02-26,0.0009214054517403771,0.0009017145146350434
1998-02-27,-0.004372963143247276,-0.0036153143327551755
1998-03-02,0.002313861761249363,0.0018382651994581945
1998-03-03,0.002165724091315302,0.001537425946980169
1998-03-04,-0.0009937803376108892,-0.0008699138913574625
1998-03-05,0.0012490765024550654,0.0012676114325634112
1998-03-06,0.011219394634288957,0.009441615453489966
1998-03-09,0.02188436897400659,0.018238165519721378
1998-03-10,0.006541885756918042,0.005224021472282373
1998-03-11,0.0012407891789033793,0.0008841190301062961
1998-03-12,0.0021823137941322807,0.0020244362406537683
1998-03-13,0.009209530564611735,0.007827244520257593
1998-03-16,0.03492739999553933,0.029630668854605163
1998-03-17,0.0015749678567072258,0.0011189482581282313
1998-03-18,-0.04199446511712176,-0.031999442753489156
1998-03-19,-0.00013148019735281097,-0.0003590070634773993
1998-03-20,-0.00037293031519884586,-0.0003762152871300126
1998-03-23,-0.03102485091792891,-0.025988271538215257
1998-03-24,0.002459318730555962,0.0033797567029554038
1998-03-25,-0.002998129199989611,-0.0031119496035105667
1998-03-26,-0.0021580994620393943,-0.0021390712195396614
1998-03-27,-0.0009748745908142918,-0.0008836736366477281
1998-03-30,0.0038713915552075566,0.005230358969233094
1998-03-31,0.005807757540380788,0.006670117887618396
1998-04-01,-0.0005343429394149812,-0.0005431861826002093
1998-04-02,0.0016258646256409152,0.0018299420686695466
1998-04-03,-0.00189108306368313,-0.0012427902654711005
1998-04-06,0.002681543476298268,0.0011590158945106325
1998-04-07,0.009583724390227385,0.008661170053211572
1998-04-08,-0.001567241897461173,0.00013445363486346758
1998-04-09,-0.0017964798983595414,-0.0018223717296024175
1998-04-13,-0.014985593694934653,-0.01583000366963341
1998-04-14,0.0036585742524886194,0.0021822950880257238
1998-04-15,-0.0016749391304740381,-2.1003528109985917e-05
1998-04-16,-0.0037809506566367865,-0.0033570681292068604
1998-04-17,0.00047244053444984345,0.0011244051584543056
1998-04-20,-1.6750719575596412e-05,-0.000546927751004371
1998-04-21,0.0046122967389823025,0.0039760618326199456
1998-04-22,-0.008251892550689576,-0.005562090601185788
1998-04-23,-0.002900285453344012,-0.002465901852354756
1998-04-24,0.00011134756117333487,0.0003609614827053307
1998-04-27,-0.0014221235037720856,-0.0028155535050731462
1998-04-28,-0.0009192233097565743,-0.0027263827899816338
1998-04-29,0.0007906360124914855,0.002309485086971662
1998-04-30,-0.0004144608523722085,-0.001443183372630171
1998-05-01,-0.0011687952546311031,-0.0036921236137394623
1998-05-04,-0.002349594304698972,-0.00234070091304223
1998-05-05,0.00035636729563369977,0.002359885240171858
1998-05-06,0.0022856679948671144,0.0028348560010869783
1998-05-07,-0.0013631529212221555,-0.0010925170060334252
1998-05-08,-0.0005020124221490515,-0.0004200574651429515
1998-05-11,-0.0023726727982592674,-0.002319933194303
1998-05-12,-0.0019734754846033506,-0.002063279772071517
1998-05-13,0.00267310345156167,0.003526231571338865
1998-05-14,0.000200422561129122,-0.0005144206594876903
1998-05-15,0.002032136124375325,0.00390007023547592
1998-05-18,0.003115743066414189,0.003222653957379793
1998-05-19,-0.0007619812022125689,-0.0009397012182755751
1998-05-20,0.0027864405424854223,0.005460409990212704
1998-05-21,0.003444738850364714,0.003561091257778293
1998-05-22,-0.0021903432399487496,-0.0020166352016821793
1998-05-26,0.00019617974830581485,0.0002860006019195565
1998-05-27,0.004280359759326639,0.004449541672763167
1998-05-28,-0.0004704337533526495,-0.0005162144221777986
1998-05-29,-0.012611924211396402,-0.012442911846496174
1998-06-01,-0.00032730190313694723,-0.0004028055436505771
1998-06-02,0.0028494171663218525,0.0028772352091069905
1998-06-03,0.003568514207772071,0.0033172990625524056
1998-06-04,-0.0015350476996462265,0.0004010137987699412
1998-06-05,-0.006649381173207583,-0.0049697773091465355
1998-06-08,0.012278682513418834,0.009099736793998723
1998-06-09,0.02269963812745203,0.013491830035608901
1998-06-10,0.004535305586667205,0.0026651676296160043
1998-06-11,0.01088341650065093,0.003983976170054598
1998-06-12,-0.0054616007262121855,-0.006409560789475474
1998-06-15,0.016934121094112412,0.007182036961174364
1998-06-16,0.006080015619015006,0.0075644796466025925
1998-06-17,-0.022268778511678643,-0.01882800849119824
1998-06-18,0.01037404726248204,0.008558688948684725
1998-06-19,-0.0097052854600814,-0.009441337643499028
1998-06-22,-0.0069533222817395705,-0.005856406607276533
1998-06-23,-0.011676705489838526,-0.011636582050761264
1998-06-24,0.003257513018213178,0.0037997409097973566
1998-06-25,0.005253176727376931,0.006680533590215402
1998-06-26,0.0004132123787463937,0.0004958842704876748
1998-06-29,0.0009241212082268874,0.001017802169072376
1998-06-30,-0.0005448223473900602,-0.00033589431906076847
1998-07-01,-0.0022065231219111753,-0.0023800369341943537
1998-07-02,-0.0013523533115805005,-0.0014340057446570987
1998-07-03,0.002262723602448774,0.0019996947512066336
1998-07-06,0.010558357361141107,0.013556957330979516
1998-07-07,0.005615792937501207,0.006188637671620375
1998-07-08,-0.0036657422611396377,-0.003942875605600313
1998-07-09,0.0013407618893473677,0.0016089407470982415
1998-07-10,0.0037644594670828042,0.005527321818727935
1998-07-13,0.0003645375321406602,0.0010222056162621487
1998-07-14,-0.009566887822058062,-0.013628805565246474
1998-07-15,-0.003737281537281857,-0.005330710202612481
1998-07-16,0.00674633759309282,0.0077931326260225545
1998-07-17,0.006620365564540102,0.007803783010782388
1998-07-20,0.02055130247075598,0.02121389077525808
1998-07-21,-0.005954132021379008,-0.0056784588282536895
1998-07-22,-0.001252859952073552,-0.0011705763145944531
1998-07-23,0.006884760515181943,0.0057964060029187916
1998-07-24,-0.00849714614143277,-0.007989860084644316
1998-07-27,-0.007976240147347949,-0.005756115168676193
1998-07-28,-0.0003144994687104659,0.0002317207421061038
1998-07-29,0.004902209941485929,0.004034898584230842
1998-07-30,-4.520712990896894e-05,8.059370531889708e-05
1998-07-31,0.004633790131040221,0.004516881466039898
1998-08-03,0.016255498959815276,0.012495562807835175
1998-08-04,-0.0037232411129114254,-0.0033423702905765753
1998-08-05,0.0034490505388504096,0.00303123516094465
1998-08-06,0.003608570876766298,0.00374968209039275
1998-08-07,0.0002091413988288361,8.157235516662686e-05
1998-08-10,0.0258550609793487,0.021653440449297633
1998-08-11,0.019270383087240963,0.016243788667842592
1998-08-12,-0.0026658303287247866,-0.0024074017744432213
1998-08-13,-0.020127813002653552,-0.017265287114576002
1998-08-14,-0.006254106133605931,-0.005902746869352234
1998-08-17,-0.007952348224114327,-0.009316821171801807
1998-08-18,0.011125968706057658,0.009553690767192674
1998-08-19,-0.0005556538046186162,-0.0008209762020636278
1998-08-20,-0.017051324427928765,-0.016959098169526284
1998-08-21,0.012808965167019995,0.010898567314768235
1998-08-24,-0.006445863451614374,-0.004193733338868869
1998-08-25,0.0024589631090468586,0.003371854135572726
1998-08-26,0.007652825814878086,0.006500325964060437
1998-08-27,0.012070534768048891,0.010089698975763612
1998-08-28,-0.005349631123024265,-0.0037696524700827484
1998-08-31,-0.0015176700203202212,-0.0024899921180149645
1998-09-01,-0.008053111809662708,-0.0061075492114860555
1998-09-02,0.010421467940283535,0.00994982959425598
1998-09-03,-0.03132890098546733,-0.026570046987675677
1998-09-04,-0.0039054785444925973,-0.004750758193417343
1998-09-07,0.006352097603318703,0.0022526369927141996
1998-09-08,-0.0018383985611829551,-0.003783864680170381
1998-09-09,0.004961531539392557,0.0028975829364026027
1998-09-10,-0.015195690263668371,-0.009760222062762253
1998-09-11,0.005552071119509595,0.0033820007988463138
1998-09-14,-0.002505394250278503,-0.0025919286564158608
1998-09-15,-0.0057982787295876815,-0.005374307399227418
1998-09-16,-0.000957426350208292,-0.0010039097195839496
1998-09-17,-0.0013206728770532626,-0.00017209934813811807
1998-09-18,-0.004996000509003806,-0.00446325156772408
1998-09-21,-1.5287474010436267e-05,0.0002389777949702441
1998-09-22,-0.0010750338356850708,-0.0004515528411357203
1998-09-23,0.0002475976116192256,0.00023838275316305987
1998-09-24,-0.0013594290683009184,-0.000522846979573757
1998-09-25,0.0010716134276365487,-0.001016902487042588
1998-09-28,0.0012747062391951724,0.0002674654326947676
1998-09-29,-0.0012819020391413043,0.00039972144757001216
1998-09-30,-0.0010999294606589105,-0.0002186382437366324
1998-10-01,0.002326992396293245,-0.0019920477395296552
1998-10-02,-0.0007101286259981677,0.0004501498194332966
1998-10-05,0.00018378816765928768,-0.0008722262500367315
1998-10-06,0.0003548262775987392,0.0009340659763336258
1998-10-07,-0.0007271685729445691,-0.0020410768250127484
1998-10-08,0.0028765647806413205,0.00017313447449356624
1998-10-09,-0.0001463465680418412,-3.44954100729559e-06
1998-10-12,0.0018114842741882309,0.0021807868487539275
1998-10-13,0.002050751227015925,0.0026243586806734124
1998-10-14,0.0036731366988054202,0.004304614296441037
1998-10-15,-0.0016967260412442651,-0.0013054172015781803
1998-10-16,-0.00325239734359033,-0.0020052731125677604
1998-10-19,0.018067739244009617,0.00820141846674005
1998-10-20,-0.004367460682986859,-0.0036667504362358516
1998-10-21,-0.010950809817108999,-0.006194651776211919
1998-10-22,0.0039894015667717156,0.0022638904632686354
1998-10-23,1.4276958781239611e-05,0.00019501822145460613
1998-10-26,-0.010999234371951667,-0.009892564188893406
1998-10-27,0.0049374569531778914,0.0039489169993344305
1998-10-28,-0.005220006599166539,-0.0024630846939683766
1998-10-29,0.0002331490562772257,-0.0002455046621107902
1998-10-30,-0.004150842942496737,-0.0015031561332844359
1998-11-02,0.0016911869064638238,-0.000812375892876987
1998-11-03,0.0013344880370471611,0.0004689347221543269
1998-11-04,0.004199436539530388,0.003368882776367002
1998-11-05,0.0030780025523638403,0.0012408361161189332
1998-11-06,0.0030728872605670123,0.0021105063183716084
1998-11-09,0.014817552917107039,0.010730908110982885
1998-11-10,-0.004583130452257427,-0.0035082073260937863
1998-11-11,-0.002951980298971003,-0.002294205168290056
1998-11-12,-0.010580501851711497,-0.00828403030135235
1998-11-13,0.014347581567977415,0.011044937534417166
1998-11-16,0.019703782518435634,0.01570525869355415
1998-11-17,0.010495797437944168,0.008445472763762441
1998-11-18,-0.004047751508463194,-0.002704128565604258
1998-11-19,-0.0009469380940886803,-0.0007986381857511055
1998-11-20,-0.005579105686017008,-0.004361431534968703
1998-11-23,0.019742444486998793,0.01697007482445789
1998-11-24,0.009986849183092686,0.007915864562084578
1998-11-25,0.010284956966882164,0.009017134890975413
1998-11-26,0.0014483957586689065,0.0012294111160987948
1998-11-27,-0.017062013275012833,-0.01452964863499191
1998-11-30,0.033819002224534135,0.03027640969092933
1998-12-01,0.009066623277806598,0.007327956069133479
1998-12-02,0.002646321705539891,0.0032574016057061186
1998-12-03,0.006088782608498898,0.0031764827706385885
1998-12-04,-0.0006543257249270523,-0.0008965086781812763
1998-12-07,-0.013424209415662967,-0.012594482654178748
1998-12-08,0.020643347785835472,0.01919057493533305
1998-12-09,0.006089656932997974,0.0053973032369455595
1998-12-10,0.013608205327489041,0.01166418048714945
1998-12-11,-0.006451109164456333,-0.005567828072968295
1998-12-14,-0.020119165003928505,-0.017859614583625612
1998-12-15,-0.005142003149350388,-0.004374361659807493
1998-12-16,-0.03393068040545754,-0.029170269625481682
1998-12-17,0.039324366060589803,0.03154661366570304
1998-12-18,-0.0008899725950354222,-0.0009905550323923158
1998-12-21,0.01655755236436254,0.013501715545237875
1998-12-22,-0.002426921732901026,-0.0005335403330425804
1998-12-23,-0.0016764794260639628,-0.00041252959644809406
1998-12-24,0.0041561172805705095,0.0028617782355369573
1998-12-28,0.006038100247999148,0.0067196697479577575
1998-12-29,-0.006012925169529386,-0.0026274467190042657
1998-12-30,-0.008319497064787401,-0.008164896461454687
1998-12-31,-0.006382968465853282,-0.006109794890115077
1999-01-04,-0.018391438878510375,-0.015844968667123142
1999-01-05,0.0101801597057031,0.007948980174829782
1999-01-06,-0.011996184707662352,-0.010048193007225837
1999-01-07,0.0027678540220165983,0.003014522639752658
1999-01-08,0.00098515221562592,0.0008490952986148877
1999-01-11,-0.0018831796915231372,8.543202878263645e-05
1999-01-12,0.0027159218972839932,0.0005183641526671524
1999-01-13,0.009120314050524813,0.0070884806345298534
1999-01-14,-0.001187847119123204,-0.0017657564748989444
1999-01-15,0.0013170709488837112,0.001039561325973959
1999-01-18,0.001418843003871335,0.0007655935679356156
1999-01-19,0.0007043292009044312,0.000461499204046421
1999-01-20,0.003026331403939816,0.004159111223827052
1999-01-21,-0.011289179964551227,-0.01199216577827004
1999-01-22,0.005591613144174915,0.005075420743454487
1999-01-25,0.007985465997497769,0.008604868314515277
1999-01-26,0.0033509401302116034,0.004438492732613963
1999-01-27,-0.010410844745139385,-0.012084787629569507
1999-01-28,-0.005219916791104967,-0.005824412827861597
1999-01-29,0.0009608640176614284,0.00016206720354874338
1999-02-01,0.005117125192196124,0.005901345586875581
1999-02-02,-0.005640908842924664,-0.005989343541744057
1999-02-03,0.002404491611991418,0.002050210177871704
1999-02-04,0.0011047213057883462,0.0027162883047996
1999-02-05,0.004710381129157054,0.005299371505125837
1999-02-08,0.0019185386252084224,0.0021486967900248284
1999-02-09,-0.0016180957713676722,-0.0018437325482492664
1999-02-10,0.004984125128485581,0.005309326847038609
1999-02-11,-0.004072629087065548,-0.00404921431681047
1999-02-12,0.0021188611390837663,0.0022651008701480894
1999-02-15,0.002389543737139157,0.0017828026757678072
1999-02-16,0.010524004707185522,0.011576633499933852
1999-02-17,-0.0016757958025235596,-0.002467839180862902
1999-02-18,-0.010737557371500483,-0.012736855325931315
1999-02-19,0.006507713647833919,0.007845360817042539
1999-02-22,0.001629923848345441,0.0007744163323614174
1999-02-23,-0.007780824064913416,-0.009658519603724837
1999-02-24,-0.0017534279297945273,-0.0023371922518402085
1999-02-25,0.0027534220470461896,0.00274393176629851
1999-02-26,0.00813674456923135,0.009088136475010234
1999-03-01,-0.007107530370367872,-0.0073108259993542105
1999-03-02,-0.002869802720460784,-0.0037814003450371437
1999-03-03,-0.0064489903519224095,-0.007607106148062052
1999-03-04,-0.0059067663015723885,-0.006654045959079297
1999-03-05,-0.007509509557547204,-0.007435312197934078
1999-03-08,-0.00039999755249258356,-0.0014626092969939304
1999-03-09,-0.004373101834908139,-0.004385043876122373
1999-03-10,0.003664568810981579,-0.0017702960058100716
1999-03-11,-0.0007008919155770272,0.0025251787277388265
1999-03-12,0.004208904196197368,0.0028316808051810118
1999-03-15,0.0039277480873966646,0.0020200378129479873
1999-03-16,0.00043987246021078675,0.0002737251312517821
1999-03-17,0.004807053864145794,-0.0006196038629701335
1999-03-18,0.005376069512632707,0.004122911727490904
1999-03-19,0.002497090785056419,-9.747834793351051e-05
1999-03-22,0.004280025039808923,-0.0010278993666882387
1999-03-23,-0.00417958983418176,-0.0011170638670969027
1999-03-24,-0.001022750204741776,-0.0005533521007377275
1999-03-25,0.0032421561273085434,-0.0009588286719820304
1999-03-26,0.007803328802213073,0.0029433542663192345
1999-03-29,0.005196237269668716,0.0029136061997877233
1999-03-30,0.0053169245228546005,0.0016942060343103707
1999-03-31,0.002192993638047281,0.0014532950369453238
1999-04-01,-0.008954745461178996,-0.005444343864509016
1999-04-05,0.004832109808876291,0.0027260969787557517
1999-04-06,0.003605425122240994,0.001253244524463277
1999-04-07,-0.019191469522696732,-0.011743046040600983
1999-04-08,-0.0015827882517534724,-0.0005565931607567509
1999-04-09,0.01360511455134083,0.006695041563047967
1999-04-12,-0.001543201013065863,-0.00012713797884576165
1999-04-13,0.006580449970566997,0.003247497029576709
1999-04-14,-0.004749758689872169,-0.0029938679176402423
1999-04-15,0.006609174639012416,0.003910101789148329
1999-04-16,0.008904452391732006,0.0050120424388632335
1999-04-19,0.00603444026013247,0.004490262644360668
1999-04-20,-0.007203528655741671,-0.005064486436232839
1999-04-21,0.006056134657984161,0.004932200642496998
1999-04-22,0.004580568920846711,0.004059792438346515
1999-04-23,-0.004121772313711743,-0.0030899651031470656
1999-04-26,0.0001439081308625296,0.0010671229185551818
1999-04-27,0.004132805288098555,0.003310017358248197
1999-04-28,0.011017137900391452,0.008360369054107275
1999-04-29,0.000205444354463578,5.372189927535889e-05
1999-04-30,0.002918587609501817,0.00035484314148267505
1999-05-03,0.007079753594005554,0.006520519441683509
1999-05-04,0.010285614601049698,0.008368603787138268
1999-05-05,0.005407250153484799,0.004021258955259531
1999-05-06,-0.015606263935966083,-0.01273060936107997
1999-05-07,-0.0014267327564542812,-0.0013707451428633095
1999-05-10,0.00748959474044316,0.007003015391843778
1999-05-11,-0.010997375930282619,-0.010474009229499419
1999-05-12,-0.009723597260851619,-0.009631929607543216
1999-05-13,0.009653765639030906,0.010615855252299689
1999-05-14,0.00018949823597739593,0.00013080849144158157
1999-05-17,-0.0006259744518109633,-0.0010409305201346507
1999-05-18,-0.013435561184378941,-0.01602073216725616
1999-05-19,-0.0018678551453218466,-0.002342214411035419
1999-05-20,-0.0006081217257671934,-0.0005771220984498717
1999-05-21,0.003232236792416146,0.00356565059353252
1999-05-24,-0.003491068976294869,-0.0037716654897734874
1999-05-25,0.001233433903157143,0.001744557175938706
1999-05-26,0.00034426782391874154,0.00039300480085912074
1999-05-27,-0.0006442830436892733,-0.0009199399538603108
1999-05-28,-0.002136033869869935,-0.0032477234521592706
1999-06-01,-0.002595026020225265,-0.002431549308638598
1999-06-02,0.0022135278638166513,0.0023653977488574244
1999-06-03,0.0001349186837506977,0.00014671420006218526
1999-06-04,0.0026967711383311652,0.002683501751579411
1999-06-07,0.0018038390977349438,0.0017813104265239355
1999-06-08,-0.003164206241439864,-0.0035170064013948974
1999-06-09,0.005003645297649684,0.005433880418365712
1999-06-10,-0.005607023213066844,-0.0059577912102304524
1999-06-11,0.0064361432276489735,0.00830127194190059
1999-06-14,-0.0005764856747191254,-0.0006595968012864344
1999-06-15,0.003399706109104974,0.0046760087875714
1999-06-16,-0.008169985437108585,-0.010440160802414741
1999-06-17,0.005503112023263212,0.008986197280900641
1999-06-18,-0.0031940232722323185,-0.0051754658887537466
1999-06-21,-0.004471973617121498,-0.005786050399256725
1999-06-22,-0.002689300903798002,-0.00446593370769813
1999-06-23,0.007952512573489622,0.012229019427430514
1999-06-24,-0.0005542643833236657,-0.0012955618176931547
1999-06-25,0.0004893674458074553,0.001195027091059762
1999-06-28,-0.0012883442987230822,-0.0024829966065462367
1999-06-29,0.005040929108413056,0.007069185445598434
1999-06-30,0.012277189214912236,0.01735296852282372
1999-07-01,-0.0005688448021032109,-0.0002460174870283433
1999-07-02,0.003276757264159352,0.004020797652854796
1999-07-05,0.016839340238260905,0.018420803662265832
1999-07-06,-0.0017407950777634025,-0.001894855547205517
1999-07-07,0.003114017373190517,0.0034551951062849365
1999-07-08,0.001997690896318169,0.0021266916437665652
1999-07-09,0.007553225474299978,0.008143903858919478
1999-07-12,0.0011404937189854634,0.0012132959809027443
1999-07-13,0.007674373851292975,0.00879161742375204
1999-07-14,-0.0017283057368029972,-0.0021564903319205176
1999-07-15,0.006640611013304146,0.007675989365747443
1999-07-16,0.004497434514718672,0.004868040237838296
1999-07-19,-0.004255292177670085,-0.004522178368597014
1999-07-20,-0.0189071604136855,-0.021243157504602997
1999-07-21,-0.002288854495605328,-0.0022149981237299635
1999-07-22,0.0033617235892158073,0.005224003667429537
1999-07-23,0.016160896712809115,0.020051893517556166
1999-07-26,-0.0018530989806627718,-0.002435580283599765
1999-07-27,-0.0026032096525076278,-0.003577955024524625
1999-07-28,0.003202129396125562,0.004234015080027457
1999-07-29,0.006904090772270128,0.009361794636848374
1999-07-30,-0.01000784351163379,-0.012235557294302495
1999-08-02,0.0022866083044822114,0.0025653106553451847
1999-08-03,0.00036896377969021987,0.0001458455417817551
1999-08-04,0.006744276948068108,0.007930129985260275
1999-08-05,0.0032664008114358517,0.0038237863925630693
1999-08-06,0.008673325802870446,0.009344619904342539
1999-08-09,0.013896205934216055,0.013963625083370436
1999-08-10,0.00030416570981643313,0.0002824214871211871
1999-08-11,0.0006391556075883165,0.00074517829954981
1999-08-12,1.741205083564566e-05,-4.194400281815275e-05
1999-08-13,0.007261417371801383,0.007621492266330456
1999-08-16,-0.006186521242867002,-0.006442043415927187
1999-08-17,0.011605180530027724,0.01273381412201389
1999-08-18,0.0028908573755367004,0.0022187386198440455
1999-08-19,0.012971843085011722,0.014040890070670555
1999-08-20,0.0050000110418352344,0.005402695799158083
1999-08-23,0.01022903473080445,0.010470970880441646
1999-08-24,-0.008764100272688773,-0.010634654147191324
1999-08-25,-0.024943563639305572,-0.029668410724952743
1999-08-26,0.006181888713287761,0.008368548607737907
1999-08-27,0.0020369750797761426,0.003099993867098347
1999-08-30,0.017197651594721537,0.019426372557968134
1999-08-31,-0.002184707976609021,-0.00116617855430363
1999-09-01,-0.007033608151713287,-0.0074915423326439605
1999-09-02,-0.018464696492035703,-0.020050273814032012
1999-09-03,0.00761947497533112,0.009149452369417126
1999-09-06,0.01013648433009797,0.012142932557128684
1999-09-07,0.017727107998033204,0.020219845004074383
1999-09-08,0.0005351565124809976,0.0012422784670766938
1999-09-09,0.016107908899458713,0.018957680444827697
1999-09-10,0.004920335964780075,0.0061233035932805385
1999-09-13,0.004177084722752917,0.0050493659805747335
1999-09-14,-0.00750890936253453,-0.008239417676178909
1999-09-15,0.0002493584670441613,0.0002896086194977467
1999-09-16,0.00024801093060699067,0.0007076101162666644
1999-09-17,0.0036880901158992223,0.004472954831647981
1999-09-20,-0.004537569544666885,-0.006436502601093796
1999-09-21,-0.0005594579769348841,-0.0005213235265337277
1999-09-22,0.0037047387072422504,0.006082720681929841
1999-09-23,0.012722716083359974,0.020892970410327047
1999-09-24,0.0011786989324868101,0.0019010860673112247
1999-09-27,0.001248248771927405,0.0014773156377577042
1999-09-28,-0.005015847620319783,-0.007298450242244296
1999-09-29,0.001807073611478277,0.003504162776932909
1999-09-30,-0.004445462668528834,-0.0061416775273212335
1999-10-01,0.001297126046854545,0.001849399162832093
1999-10-04,-0.01173319120355293,-0.01798602279534448
1999-10-05,-0.0037944494828287844,-0.00603100424536339
1999-10-06,-0.0022447334247914135,-0.003446574239522302
1999-10-07,-0.011129199268566405,-0.018438730913641597
1999-10-08,-0.01467023823479697,-0.025735125217590294
1999-10-11,0.0019064316158759094,0.003169774630723751
1999-10-12,0.0063531819123857575,0.008048860859395279
1999-10-13,0.004003566090945799,0.00478359984062032
1999-10-14,-0.00624113665411806,-0.007886514154944938
1999-10-15,0.011739741225855907,0.00816128914060963
1999-10-18,-0.002739406733901211,-0.002503814014009068
1999-10-19,-0.0022068590910494165,-6.634503729463445e-05
1999-10-20,-0.00046587190535915535,-0.0014672830764734365
1999-10-21,0.002532161718493898,0.002393520814809635
1999-10-22,0.010509545816210067,0.005046045733281945
1999-10-25,-0.004573881477900382,-0.0035758785791507853
1999-10-26,-0.0002589635616791415,0.0004662099479017772
1999-10-27,0.0006303098674193536,0.0021393936029151625
1999-10-28,-0.027866280286157192,-0.01848577889726359
1999-10-29,0.002827406538791752,0.0010410191682168658
1999-11-01,0.009727015770068308,0.0029693466552604456
1999-11-02,-0.007560237257605437,-0.0038981730566922715
1999-11-03,0.000900950792722192,0.00132434205163271
1999-11-04,0.0006653491597816774,-0.00020629698256262305
1999-11-05,-0.001901566917843619,-0.0008462554252076799
1999-11-08,0.0038350218219412365,0.0021859659941436227
1999-11-09,0.011091322099922545,0.006643408714502772
1999-11-10,0.004104681205851997,0.002108681178226565
1999-11-11,0.00398837517576293,0.002224271485117809
1999-11-12,0.005591762389598001,0.0024178238204057303
1999-11-15,0.005409486846661155,0.0049546709676687554
1999-11-16,0.0062230299196981845,0.005251354611164373
1999-11-17,0.0035613171089648892,0.002864801369698227
1999-11-18,-0.015015777372027188,-0.011566582304881494
1999-11-19,0.015970427121554033,0.011420763656458083
1999-11-22,0.01279023343782647,0.012301410559498883
1999-11-23,-0.010067484258397364,-0.007560895441594931
1999-11-24,0.005155985004714409,0.004939288322146324
1999-11-25,-0.007480948166533458,-0.006231952148004568
1999-11-26,-0.0041428856526979346,-0.003451202249705191
1999-11-29,-0.014530192658243775,-0.009692625272785723
1999-11-30,-0.0174933540980546,-0.012146471937411382
1999-12-01,0.006813163718717045,0.0022772748502002684
1999-12-02,0.012454020989778778,0.005643736303537254
1999-12-03,0.004015081133808771,0.003977362302713407
1999-12-06,0.013688524124614127,0.009413531553778777
1999-12-07,-0.006951445329671864,-0.005680263443866226
1999-12-08,0.0068051406164853995,0.0037564006127866014
1999-12-09,-0.009859699424754002,-0.0070875522247717095
1999-12-10,-0.008834970882419338,-0.008452042901383456
1999-12-13,0.004116358396079871,0.0023551625066276726
1999-12-14,0.004041601244877303,0.0025236220705363677
1999-12-15,0.005897136177886154,0.004969157373965689
1999-12-16,0.003679566028525507,0.0020929553306964816
1999-12-17,0.003757701249367676,0.002885735013988112
1999-12-20,-0.0023111161541809946,-0.001757147932231095
1999-12-21,0.004304350166399843,0.0036435496302811288
1999-12-22,-0.009398136659885963,-0.007220400457852723
1999-12-23,0.010179924504785198,0.008207398349485749
1999-12-24,-0.0033938339091972637,-0.002739962776847726
1999-12-27,0.0034335282840577347,0.00295490278848908
1999-12-28,-0.0020827309926540194,-0.002200709344190912
1999-12-29,-0.0008358976820798941,-0.0007634367992692947
1999-12-30,-0.012066340289802717,-0.009273676590481802
2000-01-04,0.002437243330624374,0.0018269144291099965
2000-01-05,-0.010129805591994176,-0.007337302942121374
2000-01-06,-0.004995912639598837,-0.004271918925566169
2000-01-07,-0.0027016764397968236,-0.0021346833612810555
2000-01-10,0.007321829741199229,0.003998661249143135
2000-01-11,0.010124057243729489,0.006215521770437513
2000-01-12,0.005150036076820409,0.004124358160880554
2000-01-13,0.0030785720420021313,0.002242369135928289
2000-01-14,0.014641235135303576,0.010968952309777855
2000-01-17,0.009398113339072216,0.007149247094550345
2000-01-18,0.006139199186222716,0.004371611957379495
2000-01-19,-0.004216575079594823,-0.0036824915618764186
2000-01-20,-0.001789526300973587,-0.002245134914423808
2000-01-21,0.0025979390270523465,0.0024586746197650194
2000-01-24,-0.002282864541838155,-0.0019930375056972293
2000-01-25,0.008220463308126771,0.006766201101142447
2000-01-26,-0.010742073375901039,-0.00910186189997898
2000-01-27,-0.009242942550878125,-0.007740454533112735
2000-01-28,0.002965642922644737,0.0025008216950193644
2000-01-31,0.011198713976330078,0.009500474505915344
2000-02-01,0.010873710376944845,0.009167425237020079
2000-02-02,-0.010062322403853198,-0.008395565540451918
2000-02-03,0.011903031338123803,0.009822477176993747
2000-02-04,0.014579748107815281,0.012430877663380531
2000-02-07,-0.012918983324058756,-0.011212035638296236
2000-02-08,-0.007197177166829345,-0.006171129936722828
2000-02-09,0.011660251337540494,0.00990180909367927
2000-02-10,0.009342389058986704,0.008007558408600637
2000-02-11,0.0015803763376558342,0.0013302558101839336
2000-02-14,0.017284387902153805,0.01435534211766871
2000-02-15,-0.0012119335894906376,-0.0008659276258569929
2000-02-16,0.007939276983015749,0.006579877414094355
2000-02-17,-0.013239213000948748,-0.01106743465570244
2000-02-18,-0.006501252016027144,-0.005641619272283681
2000-02-21,-0.01190119155058308,-0.01075811058096927
2000-02-22,0.006976391931915346,0.005804878235018427
2000-02-23,0.0014134342435449443,0.0012073254525001359
2000-02-24,-0.001229071476338259,-0.001050876593633064
2000-02-25,0.005639396929561214,0.004950002342240662
2000-02-28,-0.0006142777426513379,-0.0003167899540430649
2000-02-29,0.0130456116990548,0.011167581479091485
2000-03-01,0.027148125025775807,0.022773303269778365
2000-03-02,0.00045526322467617976,0.00030376471388758396
2000-03-03,-6.128170919288683e-05,0.00021887674178168678
2000-03-06,0.01334906897097522,0.011304609225070233
2000-03-07,0.0372714944360683,0.030580777552708563
2000-03-08,-0.06196003685301122,-0.052980209995728604
2000-03-09,0.010986094623471665,0.0072290360410624714
2000-03-10,-0.005980244352106462,-0.0034165351902303415
2000-03-13,0.004464162301873367,0.004002297287200268
2000-03-14,-0.0013206934137440316,-0.0016522556055469414
2000-03-15,-0.004849529322042801,-0.0014785012662145644
2000-03-16,0.002828296196651621,0.0014747329547546671
2000-03-17,-0.0031480301469973895,-0.002910294675913635
2000-03-20,-0.00949214733122293,-0.007988717049702285
2000-03-21,0.004416708065804933,0.004015754551445803
2000-03-22,-0.0005345875601554204,-0.00011808404497335324
2000-03-23,0.0033102903034354105,0.003177349492548173
2000-03-24,0.002610805217192162,0.0020562415804682983
2000-03-27,0.0020836695480914032,0.0023730878454356007
2000-03-28,-0.0005419414084162641,-0.00019806888304442927
2000-03-29,-0.004599363542410486,-0.0035804808736213216
2000-03-30,-0.001620557032969568,-0.0017064841966634079
2000-03-31,0.0052689701497328455,0.004826617489464403
2000-04-03,-0.004945488710487978,-0.004377510015783716
2000-04-04,-0.007597433502454226,-0.006385262626641804
2000-04-05,0.003276499838956301,0.003216417712010156
2000-04-06,0.001757304245397515,0.0018121007366371622
2000-04-07,-0.001839102725370081,-0.0015285475763806022
2000-04-10,-0.005671884623328928,-0.004507363716405456
2000-04-11,-0.0002030867006709783,-0.000883521515158157
2000-04-12,0.006878130048221083,0.004836657235883306
2000-04-13,0.00298265585393979,0.0035141499521120488
2000-04-14,-0.0016432619021427087,-0.0009703934148815582
2000-04-17,0.005782577273745579,0.005408813564718601
2000-04-18,-0.0034348014625733263,-0.0038311378909427606
2000-04-19,-0.0014920700871094655,-0.002466867141038524
2000-04-20,0.0010169184078203971,0.0009147547989239037
2000-04-24,0.006761242879359207,0.006680204729428892
2000-04-25,-0.0028616496956607126,-0.00216364955967108
2000-04-26,-0.0027661137622117964,-0.002137886219068998
2000-04-27,-0.0007314691133943537,-0.0018429279777150331
2000-04-28,0.005992620859467516,0.005837475114410732
2000-05-01,0.007878540426573589,0.007888643666600003
2000-05-02,0.0020978119294824183,0.0010790018135751489
2000-05-03,-0.0075497920417447115,-0.0066492281204931615
2000-05-04,-0.0012422475952013087,-0.0017473766113168634
2000-05-05,-0.002524208328883198,-0.003217684850252046
2000-05-08,0.015959719870132862,0.015097027374647569
2000-05-09,0.00820209473563254,0.006853837237511279
2000-05-10,0.006443727066316828,0.0066259553616410645
2000-05-11,0.012100790039160527,0.011467223493028365
2000-05-12,0.005067218627403071,0.004954872552361843
2000-05-15,0.006703178167377692,0.006855637615121891
2000-05-16,0.0037091383204721187,0.0036105193140191726
2000-05-17,0.01474939441568423,0.01481299734937356
2000-05-18,0.009830483982000723,0.010066339064193894
2000-05-19,0.005430617715862475,0.005337651914491433
2000-05-22,-0.01809048284126989,-0.019829112503070814
2000-05-23,0.0037663952131323473,0.003842350983052285
2000-05-24,0.024900362244445973,0.027034965367817698
2000-05-25,0.012324879572487924,0.013303907922799793
2000-05-26,-0.0034224099221321406,-0.004729478400009515
2000-05-30,0.006535213677788573,0.007381586723410387
2000-05-31,-0.012122202116825227,-0.013878979126532598
2000-06-01,-0.001564043541818436,-0.00018661368051717947
2000-06-02,-0.0010416528077648243,-0.0010598227672039865
2000-06-05,0.006029939042230412,0.005607257213816345
2000-06-06,-0.0016030846687807195,-0.001563645550788261
2000-06-07,-0.006656116607341572,-0.006241115008209769
2000-06-08,-0.0012793178636986199,-0.001630849688819649
2000-06-09,0.002770474398253495,0.0025026610312348604
2000-06-12,0.017520164235713755,0.01715367049829861
2000-06-13,0.006890265128437045,0.00684461031472253
2000-06-14,-0.0015974728030394801,-0.0013838489989980995
2000-06-15,0.00013287254315674847,0.00026669630972560543
2000-06-16,-0.01379323677548014,-0.012755780987341167
2000-06-19,-0.015064762385567483,-0.014676405160717526
2000-06-20,0.008783898331049096,0.010612908692989864
2000-06-21,0.007845716255602337,0.008602411512634694
2000-06-22,0.010494726353002531,0.01266705228678971
2000-06-23,0.0011259649345006595,0.0017604819525181244
2000-06-26,-0.004286598834855523,-0.005757290234538838
2000-06-27,0.007125248169489549,0.008575595764067044
2000-06-28,-0.005879403861958166,-0.006603682709814339
2000-06-29,0.006802722922676759,0.008624016167943052
2000-06-30,-0.0017630325304139572,-0.002451553651215118
2000-07-03,0.006960462373976312,0.008759766163028905
2000-07-04,-0.019232128554571237,-0.02510693122129688
2000-07-05,-0.01563436332350539,-0.018604199345069242
2000-07-06,-0.0028087418055715995,-0.003519268428455669
2000-07-07,0.0031818464069807172,0.0036860096332958013
2000-07-10,-0.0032989600847103885,-0.004914107682435433
2000-07-11,0.002920376072179595,0.0040857336478452395
2000-07-12,0.0017198869660166513,0.00305382083208847
2000-07-13,0.006413599690075413,0.008178178874753058
2000-07-14,-2.813114589025938e-05,4.19234507648819e-05
2000-07-17,-0.006198245253791556,-0.008752246645890263
2000-07-18,0.006448264880533058,0.009589576508469163
2000-07-19,-0.0021953746144090674,-0.0034721768488803514
2000-07-20,-0.002432083841696104,-0.00622720510597636
2000-07-21,-0.003180104464548064,-0.009127017467312733
2000-07-24,-0.001423238560660534,-0.007718153925034205
2000-07-25,-0.00048486820443716826,-0.0007820882366863607
2000-07-26,0.0008452600295439593,0.0007393056747051341
2000-07-27,-0.00018176083196093677,0.001788205432020014
2000-07-28,-0.0004170616250454416,0.0009379097149118326
2000-07-31,0.0010227484963889763,-0.004223651952328405
2000-08-01,0.0007893397088373365,0.0022483902359115163
2000-08-02,0.0006306186700440631,0.0029359742191520364
2000-08-03,-0.00045345017541849087,0.0018968396757419554
2000-08-04,-0.0014631313491442258,0.005490952841072664
2000-08-07,0.002174732659197726,-0.005179647748685126
2000-08-08,0.0009925962746218499,0.0030089233401983813
2000-08-09,-0.0009215507424592512,0.008686933359146744
2000-08-10,0.0009933896174165611,0.008899949989956977
2000-08-11,-0.0004312712806120495,-0.0036878331010867936
2000-08-14,-0.003776002751678375,0.00046277538187838055
2000-08-15,-0.00236747950151767,-0.0024571450865414923
2000-08-16,0.006189647154378101,0.007725419306837365
2000-08-17,0.0010776501484703156,0.005407390518670212
2000-08-18,0.002135624615766727,0.006762450782474822
2000-08-21,0.009886236733810267,0.013028743039893797
2000-08-22,-0.00810176169864404,-0.014988868510391273
2000-08-23,0.004882671846024869,0.015891419586885447
2000-08-24,-0.0031411411621071715,-0.009378181673712791
2000-08-25,0.002969069916900791,0.004827656773094034
2000-08-28,0.00466285473183465,0.011541784768162162
2000-08-29,0.0001980283122836983,0.003999582899004276
2000-08-30,0.00802559415807033,0.015110739514873413
2000-08-31,-0.0018332566608498565,-0.004436433045023216
2000-09-01,0.0034938575420588483,0.005488023505031456
2000-09-04,0.00957046001261862,0.023239855737298858
2000-09-05,0.005921719719627287,0.00836413588997833
2000-09-06,0.0112030605352054,0.021099557387347433
2000-09-07,0.0020051634689064626,0.0071802567324849185
2000-09-08,-0.014336259082851792,-0.030537006292618695
2000-09-11,0.011876367305099026,0.021765810823519065
2000-09-12,-0.004862364498503442,-0.00985382763974126
2000-09-13,-0.001204604897709874,-0.005545398727623632
2000-09-14,0.006827131526066875,0.008775147271297386
2000-09-15,0.005020899228881539,0.014576426670982086
2000-09-18,0.004957340534711224,0.009417139173200676
2000-09-19,0.002846370518825105,-0.0031810035784628466
2000-09-20,-0.0014302395927032604,-0.0009476685492576355
2000-09-21,-0.0014148465380837626,-0.009647910505993356
2000-09-22,-0.005545853761393899,-0.016843233720948193
2000-09-25,0.005842302782208343,-0.0005930022151591883
2000-09-26,0.0017365198688985778,0.0025299144109652842
2000-09-27,-0.00015901682466990606,5.130791377430093e-05
2000-09-28,-0.011491322299161966,-0.01966004927542677
2000-09-29,0.0002894742719563367,0.003048316130102237
2000-10-02,0.001018652715807953,0.008766146883403063
2000-10-03,-0.0001391616373405626,0.0002692416841246078
2000-10-04,0.00026944033214529084,-0.003609369625092627
2000-10-05,-0.0022782360921609055,-0.0065617181906856385
2000-10-06,-0.005561548223017428,-0.0038689568742677105
2000-10-09,-0.001028054351129768,0.005431181846156721
2000-10-10,-0.005588880523062749,0.0029496829347517594
2000-10-11,0.008610489207595657,0.00937529819060558
2000-10-12,-0.00608142965716259,0.010924650989998895
2000-10-13,0.0022650511184700334,-0.007431598827105969
2000-10-16,-0.000833895392614918,-0.008598987019639228
2000-10-17,0.003262281729704644,0.0024511195063997735
2000-10-18,-0.006175961750360025,-0.0058069783576038085
2000-10-19,-0.009329796300670028,-0.007506454576014637
2000-10-20,0.0045971648330343905,0.0019051349387263596
2000-10-23,0.004315833755254958,0.003065328964234807
2000-10-24,-0.007019187684127434,-0.005038095014993935
2000-10-25,-0.003539561556568554,-0.002518342433831204
2000-10-26,0.0030422167736512636,0.0009730385483431468
2000-10-27,-0.009760939296359001,-0.004024076434344547
2000-10-30,-0.0010145248065325865,-0.000968354369952096
2000-10-31,-0.0011761181745351403,-0.0003639129085088405
2000-11-01,0.0020663473895139437,0.0008962424373353343
2000-11-02,-0.004306681880925115,-0.0013582392988883538
2000-11-03,0.0028775839101843575,0.0011956999568428501
2000-11-06,0.0013137122186141093,0.0005406178046481513
2000-11-07,0.0030021783734057194,0.0016244205367053188
2000-11-08,0.0008023283308558671,0.0008500720819549973
2000-11-09,0.006577270407449559,0.0032467364104384762
2000-11-10,-0.0017244328347090973,-0.0005918113361347201
2000-11-13,0.0039565538017972595,0.0032186814012028823
2000-11-14,0.006810514564755972,0.006167626533934067
2000-11-15,0.012925202084028184,0.00866493782283395
2000-11-16,-0.012286417417349845,-0.010690846438419657
2000-11-17,0.009593987089163578,0.00605511140410633
2000-11-20,-0.0007680052153066609,0.0004726238089968468
2000-11-21,0.0037919438186608165,0.00299587982183628
2000-11-22,0.002884886408559807,0.0024332395463108375
2000-11-23,0.0020151564855821584,0.001428423812672282
2000-11-24,-0.004802753500389076,-0.003474537194269363
2000-11-27,-0.0027033526074860203,-0.0027677857593241244
2000-11-28,-0.012430414739522088,-0.009090284451588772
2000-11-29,0.004623421033099306,0.0037911711843864864
2000-11-30,0.0011514772206053792,0.0023969014371840965
2000-12-01,-0.01090158404444295,-0.007962251813004306
2000-12-04,0.009316599211447505,0.011069166212280629
2000-12-05,-0.005267641039363672,-0.001302674414956275
2000-12-06,0.008855621036425848,0.007886027453994847
2000-12-07,-0.0020211866982068048,-0.0005220382537902373
2000-12-08,0.0018095695791547168,0.0036921651848557807
2000-12-11,0.007622209282310055,0.0068431869046527115
2000-12-12,-0.006454171898629374,-0.006219130921725946
2000-12-13,0.0007915748960196292,0.0033010137842012454
2000-12-14,-0.0009677037292940418,0.0002629858151431041
2000-12-15,0.004447927161095858,0.0027128837474451675
2000-12-18,-0.0005531255927806722,-0.0022913770189004917
2000-12-19,0.0043500064525772075,0.007778686419899342
2000-12-20,0.004765177930350817,0.011693207070144403
2000-12-21,-0.001449969766628064,-0.003315064561136769
2000-12-22,-0.0015835838445753048,-0.0013253889659710528
2000-12-26,0.0020024804294130616,0.0015679514411285776
2000-12-27,0.0019784613734219977,0.0018384431178421444
2000-12-28,0.0012094748477605884,0.0023132028809288332
2000-12-29,0.002320618893717989,0.00044310259349181436
2001-01-02,-0.007587348237797487,-0.009129808378988268
2001-01-03,-0.0015313295492302636,-0.0043020056406638755
2001-01-04,0.005144196845121019,0.004329516407445858
2001-01-05,0.002244018047780278,0.00455442821312595
2001-01-08,0.0019475328990898276,0.00783085671974725
2001-01-09,0.001846481489017385,-0.001478225659034098
2001-01-10,-0.002282588367006169,-0.008843351338768781
2001-01-11,-0.0022593437609129477,-0.003204466195824186
2001-01-12,-0.00021813103032172908,-0.0022450767552043
2001-01-15,0.0022310890146780586,-0.002625114546345125
2001-01-16,-0.003817863029900302,-0.0006181256115562712
2001-01-17,-0.009466477015170597,-0.0066011073493874054
2001-01-18,0.0026703704903996857,-0.0002268988675874304
2001-01-19,0.004133717457471758,-0.002186280028425357
2001-01-22,-0.00368652075412247,0.00032587567335008385
2001-01-23,0.00037994518984896486,-0.0018370846093918537
2001-01-24,-0.0016912077663129865,0.00043079723723384034
2001-01-25,0.0020920560281153058,0.0007313021060330496
2001-01-26,0.002089633160283193,0.00024515158950707026
2001-01-29,-0.004633836904536804,-0.0023037592671481563
2001-01-30,0.0015209487265233246,0.00033707314020997467
2001-01-31,-0.0020887360809318527,-0.001176921366801353
2001-02-01,0.006028391026835812,0.002349289055111361
2001-02-02,0.005304906991744028,0.0024287569646676507
2001-02-05,-0.005977315916647207,-0.004211741979334781
2001-02-06,0.0005777337414263808,0.0003590358624379855
2001-02-07,0.010495718608298364,0.0073954553119448515
2001-02-08,0.0015118546472936273,0.0009694712256953378
2001-02-09,-0.0036131371002202984,-0.0022160535360498685
2001-02-12,-0.004882077925149321,-0.0033244114859463923
2001-02-13,0.003065279795425048,0.0024842206567461684
2001-02-14,-0.005549834682940712,-0.004920322636774563
2001-02-15,-0.003380355127717075,-0.0025918262443746375
2001-02-16,0.0006051106238028075,0.0008224082931046249
2001-02-19,0.002492122816737745,0.0028938111199241683
2001-02-20,-0.0022161900875532674,-0.0024929591080671124
2001-02-21,-0.0016101964164681598,-0.002141754832965866
2001-02-22,0.0008602047275238361,0.001183691163201515
2001-02-23,0.0004379926176606955,0.0007746269681132956
2001-02-26,-0.0008124253731822856,-0.0013623547314312063
2001-02-27,0.0004944607552930919,0.0007003886154342693
2001-02-28,-0.0010597155305414275,-0.0019156533877278754
2001-03-01,-0.00028779874153626596,0.0004195827531139757
2001-03-02,-1.906114019932471e-05,0.0003903569650083104
2001-03-05,-0.0006721716197094664,0.00041428526164854454
2001-03-06,8.876301572455636e-05,8.314143468247447e-05
2001-03-07,-0.00045437634867541763,0.0012774054170332989
2001-03-08,-0.0014713675012602357,-0.0038494613982952377
2001-03-09,-0.0005267502620025958,-0.0016159321204592622
2001-03-12,0.00012235694166139386,0.0004011323318320824
2001-03-13,-6.0778430568524024e-05,-0.002195549242001558
2001-03-14,0.0005909098977741476,-0.0021327863032546725
2001-03-15,-0.0005498633582132164,5.3076685804965597e-05
2001-03-16,-0.0007436733634308186,-0.0011560495414923073
2001-03-19,-1.6918362901623634e-05,-0.00027806201565322945
2001-03-20,-0.0004701735756760912,-0.0022501975575931654
2001-03-21,-0.0005982452782484672,0.0011335109978514474
2001-03-22,-0.0005514047460040043,-0.0010732302044649457
2001-03-23,-0.0009107438847681179,-0.00046816448658390476
2001-03-26,3.659663504269681e-05,0.00010775739344663323
2001-03-27,0.0005483333137576811,-9.23111957312708e-05
2001-03-28,-0.004805235783590124,-0.004649417456049763
2001-03-29,-0.0003985548683692471,0.0007284146491550308
2001-03-30,-0.00024370934794823578,-0.0007192866767702478
2001-04-02,-0.0018637609664113582,-0.0004955201442434605
2001-04-03,-0.0003961093930404853,-0.0018026553025626989
2001-04-04,0.00031706740341234203,-0.0018903307988612696
2001-04-05,-0.0010055117014900856,-0.001446940005404091
2001-04-06,-0.0005497251369133613,0.00015644504584418705
2001-04-09,0.0013425413423487967,0.00017129639040497902
2001-04-10,0.007297150917169795,0.0014566039625902825
2001-04-11,-0.001967501580639764,-0.0014917817519586561
2001-04-12,0.0013146421899171274,0.0008067342407618352
2001-04-16,0.006840416968364439,0.0057399210440742905
2001-04-17,-0.00111151047862859,-0.0012336299811206576
2001-04-18,-0.0006453377294563537,-0.0005040261509911792
2001-04-19,-0.003657409458724672,-0.003278097389776346
2001-04-20,-0.005980304512258829,-0.005693076708632599
2001-04-23,0.001999022254241012,0.0019372027190377617
2001-04-24,-0.0031588823425601005,-0.0029153715612562597
2001-04-25,0.005879703832717825,0.005775813087232111
2001-04-26,0.006478164663653378,0.0062948350204272965
2001-04-27,0.0011592537388666892,0.0010912538648869714
2001-04-30,0.0034327446845417993,0.0033617568349721214
2001-05-01,0.005546855781544138,0.005211354196433653
2001-05-02,-0.005931531554784801,-0.005617672141268318
2001-05-03,0.006701473134941873,0.007119508813030495
2001-05-04,0.001207861780892813,0.0011756316909792843
2001-05-07,0.004935234613954491,0.005321857917201326
2001-05-08,-0.0028882344342803247,-0.002477412506655637
2001-05-09,0.006624003712667828,0.006556417327975288
2001-05-10,-0.002053226179807434,-0.002264533881332909
2001-05-11,-0.0011592300804538422,-0.001040315086452831
2001-05-14,-0.0028009451823153794,-0.002754304153124377
2001-05-15,-0.006029760872358681,-0.005632221158656354
2001-05-16,0.005440961018364612,0.004632570166222546
2001-05-17,0.0012522417738203455,0.0013961861625321956
2001-05-18,0.006752972449461727,0.01382476725826171
2001-05-21,0.0034421360885793055,0.0034073992515857732
2001-05-22,-0.0021411614990365373,-0.003821213249326879
2001-05-23,-0.0007843244500813458,-0.0013343975254652611
2001-05-24,-0.0076814017329181914,-0.01113654878537588
2001-05-25,0.002068075003660308,0.0020869124255073605
2001-05-29,0.008395783934365826,0.01058293160990563
2001-05-30,-0.004888893196893903,-0.005370835966653435
2001-05-31,0.0017635967268684568,0.0017716932383129906
2001-06-01,-0.0014221883243255668,-0.0027675057066794653
2001-06-04,-0.0031839067589172084,-0.0009896732092018398
2001-06-05,0.004742045155497645,0.008676757981829233
2001-06-06,0.0019640338696578544,-0.0030540030171592194
2001-06-07,0.00039969743840929706,-0.003938336621017295
2001-06-08,-0.0045503124942923,0.002442143635014981
2001-06-11,-0.007304197974085029,-0.0037443545973828915
2001-06-12,-0.0027774427285484297,-0.0015391924822788048
2001-06-13,0.0027435211694609627,-0.0007497175502144352
2001-06-14,0.0016214152292413767,0.002381408754690596
2001-06-15,0.000572574396100217,-0.0017346829220532994
2001-06-18,-0.0012023521766532923,-0.010996105144735702
2001-06-19,2.1705755438128983e-05,-0.0016125241845634701
2001-06-20,0.010032970190711555,-0.002009610352222959
2001-06-21,-0.00020939302899956725,6.154808329954043e-05
2001-06-22,-0.002259326546873431,0.0006225815472957967
2001-06-25,0.0019081915728758013,0.007343557392620398
2001-06-26,0.0029819794905630273,0.0008406579463242345
2001-06-27,0.020023583125708646,0.005878492870025286
2001-06-28,0.0014088606817417237,-8.380475692926501e-05
2001-06-29,-0.0013340417903499834,0.005786662061936901
2001-07-02,0.004400769605059174,-0.0004867908912019302
2001-07-03,-0.004922140381082391,-0.004215204412709633
2001-07-04,-0.009018311496596574,-0.0012769715979121363
2001-07-05,0.00015152702967155424,0.002275946017580088
2001-07-06,-0.01724121058343936,-0.005180173867893632
2001-07-09,0.01004820074814552,0.0032373574063476467
2001-07-10,-0.005134358133378325,-0.005676644351006863
2001-07-11,0.002584074732869955,-0.002523807289801292
2001-07-12,-0.004055348361690952,-0.0043903540482953
2001-07-13,0.008627778515344653,0.006633726127348766
2001-07-16,0.008680374360101117,0.007202237923749594
2001-07-17,0.0008607744992315368,-0.0020379271077564398
2001-07-18,0.014152774835765871,0.009554276973129326
2001-07-19,0.013268513310941732,0.010462969290261593
2001-07-20,-0.018870017195529463,-0.01106920381795947
2001-07-23,-0.0041419743440880355,-0.0025152411866553813
2001-07-24,0.0008312706398436743,0.0008454274459052157
2001-07-25,-0.02228778523332438,-0.0182878167911414
2001-07-26,0.0039077963053288445,0.0027931346920979662
2001-07-27,-0.001209077072842365,-0.0009173758271551446
2001-07-30,0.0015965145919490185,-0.0013795637435640793
2001-07-31,0.004504235902499368,0.001568356539737033
2001-08-01,-0.005073234350558432,-0.0007152186079061289
2001-08-02,-0.01746076964893546,-0.005508611443444275
2001-08-03,0.004503066868867992,0.002869062112040334
2001-08-06,-0.003347233939314784,-0.0009747412198194095
2001-08-07,-0.0023898952330584033,0.00032465255390054184
2001-08-08,0.003361227796109848,-0.002409663529935722
2001-08-09,0.00048391292082999903,0.0015788649924932438
2001-08-10,-0.0038099563070877925,-0.0007467973520147627
2001-08-13,0.0013300033045253198,0.0001088335874228376
2001-08-14,-0.004735426698087378,-0.003345238773531128
2001-08-15,-0.009506905027357805,-0.01604503149787446
2001-08-16,0.002370001304979503,3.235637950551731e-05
2001-08-17,0.010259704820527462,-0.002045957685641481
2001-08-20,-0.005104511803530823,0.0013436993745366496
2001-08-21,-0.0051205725889965975,0.00021147688026080388
2001-08-22,0.005074830557440437,0.0028290662858854857
2001-08-23,-0.003981581865487105,0.00036218174613157893
2001-08-24,-0.0028791110294983345,0.0011898821675485104
2001-08-27,0.002695753110297242,0.0023754742136594216
2001-08-28,-0.0033324345763935947,0.0023714212523394426
2001-08-29,0.0009540044645607119,0.00022010743549699045
2001-08-30,0.0025732886674344306,-0.0024318577928805914
2001-08-31,-0.004631541384474624,0.0023624538056317974
2001-09-03,-0.0011087273714116767,1.3749445728001524e-05
2001-09-04,0.0036690184301860526,-0.0004169279517222009
2001-09-05,-0.001453959956447753,-0.0008866891547694324
2001-09-06,-0.0059844659361018996,0.0008453315888793115
2001-09-07,-0.006416882374683928,0.0024406992886412504
2001-09-10,0.005221907503978565,0.0014826138040918123
2001-09-11,-0.01831355305990422,0.007746588138848053
2001-09-12,0.0019348137260350928,-0.011406749699362728
2001-09-13,-0.0005656189859665651,0.001789819723138436
2001-09-14,-0.01581794461889881,0.0031877062486198086
2001-09-17,0.003711240169057614,-0.003839838653138901
2001-09-18,0.00531921457840423,-0.007880242831165432
2001-09-19,0.008551468072240167,-0.0018687692595130742
2001-09-20,0.0012141184612254297,-0.0021858335020372315
2001-09-21,0.005043763453034332,-0.001862969096430847
2001-09-24,0.03977413271478271,0.0038044007162393624
2001-09-25,-0.0007559391258028766,-0.0007765644311491229
2001-09-26,-0.0026794893633911346,-1.5378945906343335e-05
2001-09-27,-0.0007839561041639576,-0.0001662642031118992
2001-09-28,-0.004477490699678352,-0.0018213979098037208
2001-10-01,0.0026782691945919225,0.0016432496518598648
2001-10-02,0.0025075204652145436,-0.0008029073785344945
2001-10-03,0.0034357633490072446,0.0006349550822177186
2001-10-04,-0.009157035960391057,-0.006585997401967097
2001-10-05,0.0106439124165332,0.009092592728941409
2001-10-08,-0.0014362532334833153,-0.001526864560409241
2001-10-09,-0.006719057303576287,-0.005800141884356184
2001-10-10,-0.0038918309814220237,-0.0034767611654449456
2001-10-11,-0.007964419725499744,-0.004547861858974143
2001-10-12,0.014158030671552356,0.009392768568477254
2001-10-15,0.004963730097017736,0.004003476570399879
2001-10-16,-0.006141912327357638,-0.00807519288334353
2001-10-17,0.008390953035903441,0.007261370390906514
2001-10-18,0.00022454803228031303,-0.0008488597076284979
2001-10-19,-0.014853108862189617,-0.012599652512072327
2001-10-22,0.0008675058181350496,-1.139774898342022e-05
2001-10-23,0.004383771271550507,0.0032687704140940133
2001-10-24,-0.006270962062345145,-0.005271076400793383
2001-10-25,0.004077135250797681,0.0031508522760627586
2001-10-26,-0.0006439835409294343,-0.0004321842860266086
2001-10-29,-0.0016766028667069578,-0.0014651424300715615
2001-10-30,0.004105977052053479,0.0031851045493057357
2001-10-31,0.00688160533886759,0.005163808230500702
2001-11-01,0.011260728941457805,0.00909954151994907
2001-11-02,-0.0010495706352154019,-0.0005709786427322639
2001-11-05,0.0060442678510717164,0.004991118203695354
2001-11-06,0.004521352617724131,0.0036438374954860177
2001-11-07,-0.0022790952017733407,-0.001988507180329792
2001-11-08,-0.02140445095043479,-0.020457034459595545
2001-11-09,-0.016755385567849345,-0.014384492021570112
2001-11-12,0.011259473708758702,0.007906227209420148
2001-11-13,-0.004090434612826281,-0.0027395159446727724
2001-11-14,0.020792028843048562,0.012989680861735027
2001-11-15,0.023075887867649244,0.014522523216134788
2001-11-16,-0.009422641606209424,-0.006432169194132126
2001-11-19,-0.007865407641367743,-0.00651155670246274
2001-11-20,-0.009249636893342844,-0.005636688716310796
2001-11-21,0.004529963679593363,0.0032014205764248644
2001-11-22,-0.02512156389386389,-0.013524005464824773
2001-11-23,0.01020653519468511,0.005383851317912929
2001-11-26,0.009198473135440059,0.005713302447254493
2001-11-27,-0.008696221590660441,-0.005181182524113315
2001-11-28,0.005332879647381622,0.00512436202572302
2001-11-29,0.008748407238064243,0.006822881106195989
2001-11-30,-0.013016837217373031,-0.00919449958446533
2001-12-03,-0.005547055943536473,-0.002550970003359717
2001-12-04,0.005047315278096907,0.0033067296053874372
2001-12-05,0.004908258188918579,0.00416644173819445
2001-12-06,0.007352224265833815,0.0014488684243652292
2001-12-07,-0.009197310880864652,-0.004101485952612211
2001-12-10,0.0030911473022914304,-0.0024460715257814216
2001-12-11,0.002720455700086431,0.00021217808148904187
2001-12-12,-0.0002552681667370305,0.0013787081792779514
2001-12-13,0.001407692936055742,1.3373141745104053e-05
2001-12-14,-0.015227854551881082,-0.009041211400852893
2001-12-17,0.005105681468933649,0.005014315846760229
2001-12-18,0.0020123037022401597,0.0019694011382115923
2001-12-19,0.00023367141756701522,0.0014548800535848939
2001-12-20,0.0022202794688290415,-0.0002456973975495525
2001-12-21,-0.009233572795551719,-0.008120560213691893
2001-12-24,-0.0006032990509023051,-0.00029374136355024485
2001-12-26,-0.015509156657397232,-0.011130384894986982
2001-12-27,0.00408020396250312,0.005294541649970892
2001-12-28,-0.0014534646168533514,-0.0028944240874877562
2001-12-31,0.00920561733207,0.006973582648696106
2002-01-02,-0.005350524584097713,-0.0004133782801982733
2002-01-03,0.007365737694407057,0.005206972265956269
2002-01-04,-0.007740768672130787,-0.0029393118575663916
2002-01-07,0.0013837442882866427,0.0005433301037166244
2002-01-08,0.0007132875667631577,-0.00015740810811115373
2002-01-09,0.006818779002894852,0.00391809657815993
2002-01-10,4.5280479328754036e-05,0.0013428933104729385
2002-01-11,0.001973956263720533,0.0003096298070375375
2002-01-14,0.0028491660976193325,-0.0006786864147679267
2002-01-15,-0.0019493482900051283,-0.0019294035317352813
2002-01-16,-0.006158568671643481,-0.005617942028333722
2002-01-17,0.009727762037076789,0.007747906721180968
2002-01-18,0.0007515124703029872,0.0007457839569381613
2002-01-21,-0.0005030364504697346,-0.0005215667156077703
2002-01-22,0.0057003051814110235,0.005619452595776279
2002-01-23,-0.00045249289588643354,-0.0013109271327641353
2002-01-24,-0.0006749482564623616,-0.0007477444973134191
2002-01-25,-0.0033173265538155787,-0.004900847176484843
2002-01-28,0.005516149667174376,0.0052192695146239506
2002-01-29,-0.0024386535910064237,-0.0009838830804231615
2002-01-30,0.0024380794587271627,0.0036298780517396816
2002-01-31,-0.0064080586881207595,-0.007903962663395827
2002-02-01,-0.006520148229705869,-0.009038332506468402
2002-02-04,0.0027687385498702225,0.0035354182864338946
2002-02-05,0.0027497546925596625,0.003123284284353151
2002-02-06,0.0008242453318972283,0.0016957104655028201
2002-02-07,-0.003242332938131073,-0.0032523258626644077
2002-02-08,-0.006508090355368662,-0.008112784008297305
2002-02-11,-0.011600932854978471,-0.012399821416858576
2002-02-12,0.0006531101145326249,-0.00011833860549382213
2002-02-13,0.0014168663275165878,0.0017869307130346168
2002-02-14,0.00307919764258774,0.003001728257444918
2002-02-15,-0.0006864316104979234,-0.0006467656253718357
2002-02-18,-0.0001341161089460142,-0.002198495872342312
2002-02-19,-0.008258077103744382,-0.008139637219929345
2002-02-20,0.000640773254416141,-0.00040138801524039225
2002-02-21,-0.0013898596353888756,-0.0003166454938798143
2002-02-22,-0.0008597900925670048,-0.0008850460164086094
2002-02-25,0.002843738079643089,0.001949828890726222
2002-02-26,-0.0015309503795396633,0.00040589812505627943
2002-02-27,-0.0005238741552212801,-0.0006137223640851646
2002-02-28,0.000700945629634086,0.002038390877119335
2002-03-01,-3.935997896195838e-05,0.0016137864727260524
2002-03-04,-0.0022463334191679344,-0.0021298939129842875
2002-03-05,0.0021831141294073753,0.004370515324042626
2002-03-06,-0.001502504241534857,-0.001465178064985156
2002-03-07,-1.3041965940200026e-05,0.0013558396418757272
2002-03-08,0.0008465656544884153,0.0011522362721588803
2002-03-11,0.0030278275208446195,0.00430596554514276
2002-03-12,-0.0011325499364822072,-0.0013441741704671622
2002-03-13,-0.002161137014087555,-0.002262902126905476
2002-03-14,0.0026905724230168776,0.0029933571706626254
2002-03-15,0.0006205935860502152,0.000602015863210314
2002-03-18,0.009016977587429077,0.009113562381516413
2002-03-19,-0.0020929163550884975,-0.00231415385835134
2002-03-20,-0.00417629681561895,-0.004220352990187969
2002-03-21,0.012990069711070515,0.014183465630280764
2002-03-22,-0.0020237590254013602,-0.00217471107736968
2002-03-25,-0.002972389022445439,-0.003918215180774128
2002-03-26,0.0023793372898506977,0.003140606182668988
2002-03-27,0.0021293985239996967,0.0030528158234170606
2002-03-28,0.00338635018034119,0.004412433092679305
2002-04-01,0.008488698875706345,0.009027412503281575
2002-04-02,0.018132963636254756,0.023397364746508484
2002-04-03,-0.0049553942100344864,-0.005659409279861788
2002-04-04,-0.009633110688988106,-0.011159953962401483
2002-04-05,-0.010871613835519415,-0.01291504322145697
2002-04-08,0.00553260121196603,0.0064317800033878185
2002-04-09,-0.009910552138240663,-0.01063764415125984
2002-04-10,0.001058645411510854,0.0009641949806397176
2002-04-11,-0.012003985710722628,-0.01001646757499807
2002-04-12,-0.010241088173775953,-0.007407235928182105
2002-04-15,0.005947765666674722,0.0042478674362723704
2002-04-16,-0.00013095669650096852,-0.0006775966991468561
2002-04-17,0.004313639887399267,0.0029970715465437066
2002-04-18,0.0004846265126719424,0.00018937762540871525
2002-04-19,0.0014782084121230978,0.001203655151135642
2002-04-22,0.0011244952433009587,0.0011333780906508304
2002-04-23,0.0004987540897513063,0.0006594831994130697
2002-04-24,-0.003997289512859661,-0.004250891850375876
2002-04-25,0.00011605290581364431,0.00040085746678062686
2002-04-26,0.0022657860961815737,0.002613589121444373
2002-04-29,0.004276643352900196,0.004538837539607539
2002-04-30,0.002123345243617393,0.00211963172392097
2002-05-01,-0.004536413315947258,-0.004904744923643271
2002-05-02,-0.003593907304294087,-0.003111678198634902
2002-05-03,0.0030302558043761468,0.0027956630672202627
2002-05-06,-0.005376726435369756,-0.0052202951795668655
2002-05-07,0.0020663037625266636,0.002054680931818742
2002-05-08,0.004940378589668541,0.006131142927980788
2002-05-09,-0.000361536628137663,-0.00032985823697994975
2002-05-10,0.0026759848543609073,0.0038033447569580377
2002-05-13,0.002576280114332701,0.003320563259769505
2002-05-14,0.006346491129656515,0.008406790412006522
2002-05-15,-0.015250743659140887,-0.01803234762804307
2002-05-16,-0.00011123709722917552,5.1868838830103663e-05
2002-05-17,0.00032964085190384664,0.0004763833437921296
2002-05-20,-0.0019321574086456708,-0.0018003566508278442
2002-05-21,-0.0058477549155286175,-0.00711458357315966
2002-05-22,-2.7060253922220464e-05,-0.00014097814997286775
2002-05-23,-0.0009961083894865217,-0.0011590611163813703
2002-05-24,-0.00187993346381667,-0.0018317787254713957
2002-05-27,-0.0018303554241939377,-0.0010007139187633842
2002-05-28,-0.003913582867758563,-0.003967290929102428
2002-05-29,0.0013351317531751297,0.0008873797112418026
2002-05-30,-0.003489772736435602,-0.00217260310152404
2002-05-31,0.00036060204003786627,0.00015503761654790375
2002-06-03,-0.00027377880437486025,-9.966533769233911e-05
2002-06-04,-0.0003225243006299094,-0.0006956861369008439
2002-06-05,0.00041727913606594557,0.0002724820023820754
2002-06-06,0.0005679985281590907,0.0003852249293100428
2002-06-07,-0.000309875530045223,-0.00021592175327533772
2002-06-10,-0.00011925167418048572,0.0008946893711969734
2002-06-11,-0.0001277321357245917,0.0004253809757655173
2002-06-12,0.000857343852004005,0.00014182536135758038
2002-06-13,-0.0022693948239551095,-0.004272511836586947
2002-06-14,-0.0011544371613706214,-0.002467767158296648
2002-06-17,-0.0003958809762302764,-0.0005605486375934834
2002-06-18,-0.0015426491517238565,0.000634178945578868
2002-06-19,-0.0005714131008727014,-3.621490732440209e-05
2002-06-20,0.002261814606670081,0.0009255362320799071
2002-06-21,-0.0010983349807981854,-0.00046489246950620145
2002-06-24,-0.0018233819491779073,-0.002439877968683241
2002-06-25,-0.0012256138991018014,-0.0015646295664256318
2002-06-26,0.002884678630648724,0.0031632489031177893
2002-06-27,0.0021770975115083077,0.002111987461471624
2002-06-28,0.0002471456473833597,0.00040555339728895684
2002-07-01,0.0010441567942824327,0.0010644044431169291
2002-07-02,0.0007277202371581129,0.0006861763925754064
2002-07-03,-0.0003378933915762665,-0.00050618697945399
2002-07-04,-0.0027476103097405467,-0.0020595711928009376
2002-07-05,0.0015820211669641566,0.0010189380560828118
2002-07-08,0.0012070596881978077,0.0009405620996373685
2002-07-09,-0.0014056922175238148,-0.0015194181251900803
2002-07-10,0.008104820496201426,0.00930696193027354
2002-07-11,0.0011307740440076254,0.0011400104596837612
2002-07-12,0.006664346691644038,0.0084256768763126
2002-07-15,-0.004669436777745291,-0.00534692757055153
2002-07-16,0.005722119808963558,0.007021625522536386
2002-07-17,0.0025919972841491694,0.0027824298018230675
2002-07-18,-0.00654960111715501,-0.007153348236503216
2002-07-19,0.001589316985564965,0.003036648813641927
2002-07-22,-0.008563430233250329,-0.018360545679991683
2002-07-23,0.000692617551279643,-0.0031832621533214533
2002-07-24,-0.006153234247030997,-0.003221358735976842
2002-07-25,0.005848657151397963,0.005586023373179973
2002-07-26,-0.0004967389407056224,-0.0024813235665423865
2002-07-29,4.870468763325526e-05,3.67765760439588e-05
2002-07-30,3.600735426965659e-05,0.0034010878877992266
2002-07-31,-0.003002984976053127,-0.005491249112579959
2002-08-01,0.003012644202852003,0.0011509306435054211
2002-08-02,-0.000966474202888978,0.00020801262758418402
2002-08-05,0.0068683044243411555,0.005093319911522538
2002-08-06,-0.0030946229476958055,-0.0011019781301335437
2002-08-07,0.002560684237950806,-0.0018105585343461863
2002-08-08,-0.004095073221631127,-0.003080210202064723
2002-08-09,-0.001507705771841732,-0.001178254895616547
2002-08-12,-0.011501114900582955,-0.008793322827062203
2002-08-13,-0.0005453230437434158,-0.0008132124918552658
2002-08-14,0.0012343568262580583,0.0028332010974832338
2002-08-15,-0.006071625810471225,-0.0014167801819360692
2002-08-16,-0.0003387882744168615,2.8460757810767743e-05
2002-08-19,0.00012652802855323635,0.002682628356261655
2002-08-20,0.0005274448996521912,0.00045264142937954466
2002-08-21,0.0009309775345105687,0.004670334486988998
2002-08-22,-0.0016544728109381876,-0.003835007532994409
2002-08-23,-0.000317719781217519,-0.0009697862066327928
2002-08-26,0.0036840584517063325,0.01117024899946597
2002-08-27,-0.0013374381881467521,-0.00035598631881948354
2002-08-28,-0.002745045305244685,-0.006305322208935954
2002-08-29,0.0020812427063563997,0.008974420770430884
2002-08-30,0.00047927807896062897,0.00039057208768810103
2002-09-02,-0.00013213447754159647,-0.0004938321849733743
2002-09-03,-0.00703586633956797,-0.021288607057031367
2002-09-04,0.0015689198545297673,0.009832525975954166
2002-09-05,0.002425545481837405,0.01370858290534205
2002-09-06,0.0013056278705615137,0.010278223916297607
2002-09-09,0.001842821085524986,0.004185306392142418
2002-09-10,0.000361976268760051,0.0024346737096169542
2002-09-11,-0.0011015968602432831,-0.001490941129279678
2002-09-12,-0.0033435820437618304,-0.015664229824242797
2002-09-13,0.006047074313823807,0.018962037009411296
2002-09-16,-6.023086018441771e-05,-0.0006138444248731234
2002-09-17,-0.0010032552648234258,-0.009361987468147131
2002-09-18,0.002264458599262505,0.007044145618179786
2002-09-19,0.0004371152347611348,0.0014239623920414576
2002-09-20,-0.002344690243412979,-0.0012548044322725621
2002-09-23,0.006298260728546577,0.01705438755015571
2002-09-24,-0.0065220145316920485,-0.007266362851566743
2002-09-25,-0.003296139782211088,-0.005140806310878211
2002-09-26,0.00049617977647599,-0.0008639078882414845
2002-09-27,0.0032710552136362234,0.003965980323522818
2002-09-30,0.001543426646099011,-9.075891294904748e-05
2002-10-01,-0.0012716110270315428,0.002962702936452833
2002-10-02,0.0010839288052375128,-0.0018056644759936742
2002-10-03,-0.012760269267670274,-0.021690309633077377
2002-10-04,-0.00048284057213695587,-0.002818525540723612
2002-10-07,0.0008770629238427749,0.002368899975114888
2002-10-08,0.0024239925523365023,0.00029461771794227963
2002-10-09,0.0006202898344910859,-0.00021234365161127807
2002-10-10,-0.003008086556635424,-0.006481498048190828
2002-10-11,0.006379340613219958,0.0094856027501087
2002-10-14,0.0038281254599020057,0.009429717304281828
2002-10-15,-0.0012068047499975228,-0.002859455113669618
2002-10-16,-0.0007063598493151953,-0.002339366290214861
2002-10-17,0.005031600716283939,0.004003563567481695
2002-10-18,-0.002324017032404058,-0.0018501142915784959
2002-10-21,-0.021434187229379082,-0.012852352847009854
2002-10-22,-0.002081349710013535,-0.001626859291614426
2002-10-23,0.002813117793301744,0.0025576178934222844
2002-10-24,-0.004428945543767628,-0.00413683207583219
2002-10-25,-0.01817965806019852,-0.009314724231448851
2002-10-28,0.007852645204228875,0.004217618061140831
2002-10-29,-0.006000480274062644,-0.003075274914516687
2002-10-30,0.002232622914705451,0.0014622763680565921
2002-10-31,-0.0022080736043358046,-0.004521120321904237
2002-11-01,-0.0036333543053872672,-0.0012862160533004886
2002-11-04,-0.0049761913511357945,-0.001866640074467639
2002-11-05,-0.004613964497099697,0.0008468016383015238
2002-11-06,-0.0009676843753866588,0.001242706099579493
2002-11-07,-0.0008208790347961837,0.0014174522262812622
2002-11-08,-0.0003965983552814284,-0.0010054225453342937
2002-11-11,0.000833036427343687,-0.0002663796712969051
2002-11-12,-0.0006105747374552302,-0.0007068583619119748
2002-11-13,0.000505070887238814,0.004944770636025356
2002-11-14,-0.0003518987590654667,-0.000904607783115905
2002-11-15,-0.0017583980075470778,-0.003049245982894634
2002-11-18,-0.002520664005835214,-0.006424339849787884
2002-11-19,-0.0006564812393157856,0.0004915992809997625
2002-11-20,0.00036664577979192366,-0.0019880933249986433
2002-11-21,0.0007797088779556007,0.0002221882860136545
2002-11-22,-0.00010634671386864295,-0.002192679460350878
2002-11-25,-0.004967228974843574,-0.0007335714354771778
2002-11-26,0.0013720236850897213,0.0004940459025625177
2002-11-27,0.0008924133063549633,-0.0008405013056750128
2002-11-28,-0.0020405750836378187,0.0018695246983514912
2002-11-29,0.0004530853725442679,-0.0004254471931436322
2002-12-02,0.0028729547735973798,0.0008593399038523346
2002-12-03,0.0008440126962939855,-0.0007597829405159547
2002-12-04,-0.006793459673932902,-0.002487440031262419
2002-12-05,0.010079864597907192,0.007301530886819329
2002-12-06,-0.002253584082898878,-0.0008169085425113942
2002-12-09,0.0015902819876938972,0.0004286001950219172
2002-12-10,0.013601308998788456,0.009387096136752163
2002-12-11,-0.006706984402560557,-0.0033312005448942854
2002-12-12,0.015749446749358586,0.010799632169425607
2002-12-13,0.006360623567658327,0.0043775453412317955
2002-12-16,0.02200828706639769,0.010054569041981792
2002-12-17,-0.00803246211609756,-0.0063669207841978125
2002-12-18,0.008270764912827034,0.005567043300126237
2002-12-19,-0.0064540881603742635,-0.005261471073515646
2002-12-20,0.0019530700482283704,0.002510794173692243
2002-12-23,0.01699622785706516,0.010465323224888043
2002-12-24,-0.003718142032751401,-0.001963211644859485
2002-12-26,-0.0011477667668501968,-0.0042629330554821735
2002-12-27,0.0036192389651340286,0.0027434687904768925
2002-12-30,-0.021647241672772533,-0.01759744013066065
2002-12-31,-0.005399248571597105,-0.00487495438285996
2003-01-02,0.02146297852982575,0.019704426755417573
2003-01-03,0.01784956435756841,0.012627021804634458
2003-01-06,-0.02046743058150315,-0.01715067328422327
2003-01-07,0.003253692834189807,0.003164249230178051
2003-01-08,-0.0009711137831215294,-0.0004734196345835603
2003-01-09,0.014171694942257557,0.010998474207604936
2003-01-10,-0.008355247457008773,-0.007064127455605247
2003-01-13,0.014428270977421045,0.01106434918929245
2003-01-14,0.003774140138566037,0.0019846821902676105
2003-01-15,0.012635409073708683,0.011281432498627663
2003-01-16,0.011465500370111353,0.010120543220890989
2003-01-17,0.0012350354288789853,0.0005258168311329759
2003-01-20,0.000882912565373078,0.0006992774851176258
2003-01-21,-0.002179979576029335,-0.0020943256507674323
2003-01-22,0.0029509384087469497,0.0031706205431093347
2003-01-23,-0.006731643905975031,-0.005958568769454948
2003-01-24,0.012333317184739033,0.010067571727226441
2003-01-27,-0.014201604598870522,-0.012347458096878539
2003-01-28,0.012337368242430152,0.010366842487283038
2003-01-29,0.021047217487110262,0.018432981622335625
2003-01-30,0.005958554393049784,0.005098761340462075
2003-01-31,-0.00021603401861541657,0.00014961076776768274
2003-02-03,-0.0047743968820580865,-0.003312084990430781
2003-02-04,0.015131865917045345,0.012704762643504883
2003-02-05,0.0038896036351816175,0.002759639489749123
2003-02-06,0.004671471717624223,0.004681946904080276
2003-02-07,0.02035263135455995,0.017932998956852304
2003-02-10,-0.01945288956565013,-0.017082581722871065
2003-02-11,0.015482355527276725,0.013481638250333881
2003-02-12,-0.003767868022663122,-0.003898470783543894
2003-02-13,0.00828614261161757,0.006903554377050233
2003-02-14,0.0026926076680823187,0.0027005950569256427
2003-02-17,-0.01752355159101987,-0.014705181254953681
2003-02-18,0.005651827556171826,0.005035035168772908
2003-02-19,0.004235546225721605,0.004465885788143713
2003-02-20,-0.01013089837041988,-0.008186161452440444
2003-02-21,0.02752926528554939,0.024679226664987442
2003-02-24,0.04821403163165453,0.0461554117294799
2003-02-25,-0.023951320542330564,-0.021163315901010744
2003-02-26,0.01600881249431387,0.013920773201598137
2003-02-27,-0.0034362668154194454,-0.003103686408522703
2003-02-28,-0.002900312801414589,-0.0023072872370584873
2003-03-03,-0.002574011901796527,-0.0023008387204649875
2003-03-04,0.00713329181048722,0.006057095732708352
2003-03-05,0.001648291021737501,0.0014471376731117426
2003-03-06,0.008670080698064157,0.007450038171040454
2003-03-07,0.015508145522885625,0.013349376036379758
2003-03-10,-0.005097803464500777,-0.004399076294622091
2003-03-11,-0.003865059511187693,-0.003517048697874075
2003-03-12,0.012247089905083606,0.010196612914680598
2003-03-13,-0.032180057910103206,-0.02739483493637032
2003-03-14,-0.01916830864122832,-0.017177554076128462
2003-03-17,-0.009970143317779017,-0.008402662733645117
2003-03-18,-0.024092193532697984,-0.016828617075401446
2003-03-19,-0.0029041471944660844,-0.002453142391227616
2003-03-20,-0.006841145757527444,-0.005260577224300935
2003-03-21,-0.0039418775564513285,-0.0017472439683373815
2003-03-24,0.0010029605466488462,-0.0013887529559397556
2003-03-25,-0.0018097660032282638,0.00010257951084851069
2003-03-26,0.0002760644346944494,-0.00011454385714935044
2003-03-27,0.0020936101613146588,-0.0014158164389740273
2003-03-28,-0.0010212108490004574,-0.0006641327801454828
2003-03-31,0.0008531202077538461,-0.002051889949815052
2003-04-01,-0.0010657628513633976,0.0015024364200885779
2003-04-02,-0.002463225099879849,0.0006784908562385335
2003-04-03,-0.0011265342038566386,-0.0013519315422742758
2003-04-04,-0.00026222123961078643,0.0005093347695144308
2003-04-07,0.0012277373234311298,0.0018330228300440555
2003-04-08,1.0392158527642746e-05,-0.00042641812864510604
2003-04-09,0.0008189173033125804,-0.0007009390717826024
2003-04-10,0.0018159675008166496,0.003067812183714984
2003-04-11,-9.397961731450211e-07,-0.0005931568660387767
2003-04-14,0.002049166523139747,0.002391306750644334
2003-04-15,0.0016480933403452344,0.0006247314797511892
2003-04-16,0.00044540406597804545,0.000551084617460725
2003-04-17,-0.0003051848826349759,-0.002598098937406953
2003-04-21,0.0004185677773365266,0.0003908041660047273
2003-04-22,-0.001949942627242712,-0.001852265572584555
2003-04-23,-0.0015476920983298638,-0.0012409210231901717
2003-04-24,-0.003126671184044375,-0.0033343195191697585
2003-04-25,-0.00024352334044859138,-5.335962210195451e-05
2003-04-28,-0.00679879348675387,-0.005926074725750986
2003-04-29,0.0015780067227409867,0.0021400871773534116
2003-04-30,0.0006968307534885677,-0.00017289929817372075
2003-05-01,-0.0029241402408541044,-0.003397852833767079
2003-05-02,0.0014501871496758387,0.002128735497312764
2003-05-05,0.006401730615136672,0.005793925230577759
2003-05-06,-0.0009177491459093321,-0.0013729753599028734
2003-05-07,-0.0010026117452631492,-0.0013563728365944456
2003-05-08,-0.000547974951776822,-0.0006023545743985478
2003-05-09,-0.0009468575584134229,-0.0008361090925709313
2003-05-12,0.004345087751219522,0.004403859405451859
2003-05-13,0.004376763021286564,0.004947015572482294
2003-05-14,-0.0010656347489372388,-0.0007451314746267341
2003-05-15,-0.003585094136737321,-0.0038036592097805155
2003-05-16,-0.0002488175074151845,-0.00011359465922595334
2003-05-19,-0.002358985579605201,-0.002903553810158827
2003-05-20,0.0007398559834476962,0.0007718116044369522
2003-05-21,0.0030134933820334543,0.003549191802665863
2003-05-22,-0.003455297797085583,-0.003867325570586854
2003-05-23,0.0019282064455305055,0.002390348192493309
2003-05-27,-0.004099560192910808,-0.0037866660622735714
2003-05-28,-0.00015026682837639125,-0.0023910238026422915
2003-05-29,0.0015985685523408502,0.0026732829500877614
2003-05-30,0.003665905655908601,0.004462807288987145
2003-06-02,0.0039041754823210865,0.006675120757453373
2003-06-03,-0.0010865811602500637,-0.0012313324435522762
2003-06-04,-0.0011058607866671678,-0.002496659733945745
2003-06-05,0.004826957369489561,0.006475586363724574
2003-06-06,0.0012085574099349292,0.00266464264852288
2003-06-09,-0.003520989470656232,-0.003108007387932467
2003-06-10,0.0008807406595805145,0.0013052867074136306
2003-06-11,-0.0017322941726808712,-0.0008749341865120908
2003-06-12,-0.017420604034693133,-0.019240616814317987
2003-06-13,-0.0030765388611219114,-0.00578389408244705
2003-06-16,0.00130753620906911,0.0029994393741618
2003-06-17,-0.00013588840759267787,-0.00024635575315520614
2003-06-18,-0.0020185555069535057,-0.004761550917411284
2003-06-19,0.002640880533727796,0.002037464415244517
2003-06-20,1.3289647745844615e-05,0.005547877031391099
2003-06-23,0.0001715810410166785,-0.0004165063871990988
2003-06-24,-0.001818159843118978,-0.004121451198139575
2003-06-25,0.001966073085143055,0.009427356341411232
2003-06-26,-0.0047521563866749885,-0.010088273679766134
2003-06-27,0.00025626432650109653,0.0020047125847101536
2003-06-30,0.0021338819346394373,0.009797558897302583
2003-07-01,-5.722151052234592e-05,0.0007555397412350217
2003-07-02,-0.0009468702290689439,-0.0028311195038518335
2003-07-03,0.0006766729390085242,0.002354205086589766
2003-07-04,-0.002264902517149567,-0.008610605934286367
2003-07-07,9.890174129383235e-06,0.00012912618732358963
2003-07-08,0.0006136338508520543,0.002261770513771393
2003-07-09,0.002557151459497731,0.008357966991484209
2003-07-10,0.00027523684452411963,0.0007240935804969723
2003-07-11,0.0016342262136246804,0.0033716592202567585
2003-07-14,-5.419568951671508e-06,-0.0005451366193676755
2003-07-15,0.0014052903301283518,0.002235900574786058
2003-07-16,-0.0027182848695054295,-0.008419615639651793
2003-07-17,0.00024610095002336056,0.002746972631920294
2003-07-18,0.0021191343142344834,0.004778125169554935
2003-07-21,-0.0013416464998026862,-0.0018860562572247275
2003-07-22,-0.002638926342978292,-0.01591859227903609
2003-07-23,0.0008262696225400158,0.004034887520308459
2003-07-24,0.003177004318348764,0.008159240691044858
2003-07-25,0.000110565701153853,-0.00027292531286283577
2003-07-28,0.00041646826039821566,-0.00034456097471619545
2003-07-29,0.0005778638989675281,0.0010892037750911525
2003-07-30,0.0005100501127942514,0.005296442466428782
2003-07-31,-0.0013594297337005464,-0.0023928876039034336
2003-08-01,0.000343386207627159,0.018652779622739535
2003-08-04,0.0037904199548344526,-0.0009777427432171362
2003-08-05,-0.00016170273589062733,0.003633479168395551
2003-08-06,-0.0026350585370060065,-0.006927193647782656
2003-08-07,-0.004953679425036273,0.0025174394959635213
2003-08-08,-0.0002246376501295291,-0.002081909792772603
2003-08-11,-0.0014708583103589037,-0.002669289919435149
2003-08-12,-0.0010800135181834522,-0.001776225295532316
2003-08-13,-0.003354237406783057,-0.012160041955709728
2003-08-14,0.00016899219425555549,0.0019377314425388142
2003-08-15,3.7159645815880145e-05,-0.0001906414916993526
2003-08-18,-0.0006704256842278348,-0.002015796339045268
2003-08-19,-0.0007610856857762589,-0.0022485347225750085
2003-08-20,-0.0004755554243416514,0.0032342873363820704
2003-08-21,0.0014129563664477922,0.011205218183467343
2003-08-22,5.577077967164827e-05,0.00012924001042686649
2003-08-25,-0.0012891447068634257,-0.002750035614975513
2003-08-26,2.656535353512087e-05,0.0009580641609814741
2003-08-27,-0.0015981344969378398,-0.008567231276990802
2003-08-28,0.000698690580359685,0.004227963657852644
2003-08-29,-0.00026771794073701167,0.0008337740060314013
2003-09-01,-0.0002904536737233433,-0.004555105846308893
2003-09-02,-0.0032311495935650834,-0.025553080304722406
2003-09-03,-0.0010092443335860287,0.0007057159770170548
2003-09-04,0.0007410718730465394,-0.0026818054727344074
2003-09-05,0.000775122188593993,-0.0006658447565215051
2003-09-08,0.0003847769739257449,0.0006870100318524101
2003-09-09,-0.0016923505994423623,0.0001992116907895134
2003-09-10,-0.0033047371428336137,-0.002042845110991682
2003-09-11,0.004114262303225477,0.0008926795235960691
2003-09-12,0.0021518503621214074,-0.0017942811470854844
2003-09-15,0.0009349513243999716,0.0007456487864256852
2003-09-16,0.0032024526625517614,0.00017252386216419393
2003-09-17,0.003325689903743634,0.000663894154251053
2003-09-18,0.0017598671714492118,0.001770938816226381
2003-09-19,0.002392565600847926,0.001254684692472317
2003-09-22,-0.002457258499982072,-0.0014780332168433917
2003-09-23,0.0018191404142681932,0.0013173522920030942
2003-09-24,-0.01607071512215397,-0.010475993159128514
2003-09-25,-9.39112044090388e-05,0.0005238407366434452
2003-09-26,0.0032194948649034347,0.001951507420030153
2003-09-29,-0.008245994052287148,-0.006797679127656074
2003-09-30,-0.0071661296871860765,-0.0022074997848791577
2003-10-01,0.0004893310504806165,0.002812537844702179
2003-10-02,-0.002396385351654958,0.0015448372514348756
2003-10-03,-0.003658836111325585,0.0019939574784834987
2003-10-06,-0.003837225945811334,-0.0013560686384769362
2003-10-07,-0.004393477786578272,-0.002863876039998155
2003-10-08,0.0012327088909702335,-0.004950429540726084
2003-10-09,-0.004177561442544283,0.013383934986863286
2003-10-10,0.0014440528953760107,0.0107761321958153
2003-10-13,-0.0010092525316254253,-0.0007143820868340071
2003-10-14,-0.0010599316656390943,-0.0029109576399318055
2003-10-15,-0.001251874927752057,0.0002863833388512506
2003-10-16,-0.0016997947791112294,-0.0023129934867443087
2003-10-17,-0.009942602293917175,-0.013699098233090476
2003-10-20,-0.004402155242488393,-0.0059197302560043625
2003-10-21,-0.00024824379663283195,-0.0007066147191019748
2003-10-22,-0.0015126757900568572,-0.0029578940979982423
2003-10-23,0.0017876194220562641,0.0040438841789999435
2003-10-24,-0.002044693723787097,-0.0032620287280285035
2003-10-27,-0.00015065556551398595,-0.0005929486789363703
2003-10-28,-0.0014735335770427627,-0.0027970975855409574
2003-10-29,-0.0025671355674095316,-0.0053305482003617975
2003-10-30,0.0011965791327462364,-0.0007100676627569124
2003-10-31,-0.0036300342266800817,-0.0010680622493270656
2003-11-03,0.0024184802453595215,0.0016178343774561953
2003-11-04,0.00011087996321344968,-0.0006526039939947605
2003-11-05,-0.002805426478227995,0.0036500156106136074
2003-11-06,0.0023849018964619078,0.0004477723117970068
2003-11-07,-0.00029039819024880817,0.0012813451724584452
2003-11-10,0.000343055190706398,0.0006409737666439619
2003-11-11,-0.001512462715733892,-0.00043972836548352687
2003-11-12,0.0017821358382086236,0.0013795309278728139
2003-11-13,0.001584023534829863,0.003511437088297141
2003-11-14,-0.0053582117104590396,-0.005331306525277982
2003-11-17,0.0013847439356917488,0.00011426041756458331
2003-11-18,0.012601770672058955,0.018552884003836624
2003-11-19,-0.006073183940324609,-0.009505860703119278
2003-11-20,-0.001634020367471016,-0.002769970950235266
2003-11-21,-0.0016564964212400152,-0.0022654499247007566
2003-11-24,-0.012103799487696326,-0.017112723717343282
2003-11-25,-0.001237194789781585,-0.0007354117252376153
2003-11-26,0.0037611872944209126,0.005820449712252388
2003-11-27,0.0005152410318623182,0.0009617480257439067
2003-11-28,-0.0011362813851611773,-0.002662131934317955
2003-12-01,-0.005251136783308782,-0.006339515454875496
2003-12-02,0.0003786357381345065,0.0029652970698139745
2003-12-03,0.001008523212648678,0.001894891999169727
2003-12-04,0.0029327453148920344,0.0036902859680715432
2003-12-05,-0.0023500198297466746,-0.0034993270111035118
2003-12-08,0.010828034185052399,0.015907483477245948
2003-12-09,-0.003895604306219953,-0.006265538007392609
2003-12-10,0.0024290680943252945,0.003275837389470253
2003-12-11,-0.0010823669528471933,-0.0013955146416920108
2003-12-12,0.009999560421132333,0.014024237448036605
2003-12-15,-0.0006917564331774345,-0.00027995254641550093
2003-12-16,-0.004188384015340069,-0.005266420109547233
2003-12-17,0.005313031900538243,0.007070520025651492
2003-12-18,0.00408829935472786,0.0048131602336851384
2003-12-19,-0.010019955450865906,-0.012234403628178903
2003-12-22,-0.01580886389470541,-0.018451933742252884
2003-12-23,-0.0008439389583027053,-0.00043102941090974924
2003-12-24,0.006102458084856607,0.008397878985771497
2003-12-29,-0.002485731310500155,-0.003290839336384622
2003-12-30,0.0071742934545455895,0.008667698097574388
2003-12-31,-0.0024721227382583305,-0.0024096990103764015
2004-01-02,-0.010764014843503318,-0.012934994391416156
2004-01-05,0.0195359541881144,0.02304490769084432
2004-01-06,0.0020961706065514255,0.0022193152479948832
2004-01-07,-0.0020807649339265456,-0.0022116768509489538
2004-01-08,0.006229272140484736,0.007226194378443886
2004-01-09,0.0022900849535430826,0.0024649474405776285
2004-01-12,0.002912131043200494,0.0028937517513629597
2004-01-13,-0.008374712562044253,-0.008516611625592285
2004-01-14,-0.0009929536485617525,-0.0009656595113785672
2004-01-15,-0.017629353276534324,-0.018665804011531163
2004-01-16,0.011099595666320987,0.015173130588107292
2004-01-19,0.0017411397960396537,0.0016112580618978494
2004-01-20,0.0072143117089525964,0.007845678405883745
2004-01-21,-0.004144583296967377,-0.004336981146262779
2004-01-22,0.0029356045710973964,0.0029913387554512238
2004-01-23,-0.0033132530381067837,-0.003295102258813642
2004-01-26,-0.004265451438747433,-0.004009038181138497
2004-01-27,-0.0033812888178820465,-0.003420156584312687
2004-01-28,-0.006947535850013499,-0.006924018770522688
2004-01-29,-0.007409836316841396,-0.0074704666607379
2004-01-30,-0.00017262465411293018,-0.0002783493086532833
2004-02-02,0.012821007395279615,0.011386773070108706
2004-02-03,-0.009186815846619989,-0.008019645815661043
2004-02-04,-0.006946775825409327,-0.005460395066497529
2004-02-05,0.00358007234437047,0.0020323812104230533
2004-02-06,-0.003963458751382173,-0.0022130197859808005
2004-02-09,0.0019589339886384644,0.0010339530850236112
2004-02-10,0.007530004776149593,0.003998795464399
2004-02-11,0.0004987908243468476,0.0003952103631874179
2004-02-12,0.0023444873577884487,0.0012913184647863453
2004-02-13,0.005506022842877139,0.0035715517319474042
2004-02-16,-0.004756449276042046,-0.0031661825600718617
2004-02-17,0.008124894271014805,0.006145700346968381
2004-02-18,-0.0027829020954979015,-0.0026181334268326455
2004-02-19,-0.00042112272118265793,-0.00034766074989699353
2004-02-20,-0.003084552622371525,-0.0028680477516563525
2004-02-23,-0.0009146517266580596,-0.0009707844046328826
2004-02-24,7.681026253675016e-05,0.00010569228098898161
2004-02-25,0.007845689469887921,0.007757894544798048
2004-02-26,0.0017114657269969248,0.0015754210035344987
2004-02-27,0.009963285963573145,0.009268914222941729
2004-03-01,0.014403068845456758,0.013438340884512352
2004-03-02,-0.002326681565764996,-0.002172604997260189
2004-03-03,-0.012429630715001238,-0.012034014562863392
2004-03-04,0.008857318868351864,0.00951048400312501
2004-03-05,0.004878257579385973,0.005255444997162919
2004-03-08,-0.0084280514428966,-0.00874887559774558
2004-03-09,-0.0039031753636854893,-0.00442827520510439
2004-03-10,-0.0014075435756481906,-0.001658147708847077
2004-03-11,0.009974562308837883,0.0114443316616505
2004-03-12,-0.006819853654507105,-0.007311468905567914
2004-03-15,0.014264151505934455,0.015061993594727536
2004-03-16,-0.0014876015392082437,-0.0015368168744706852
2004-03-17,0.01122923927421345,0.01153328799431394
2004-03-18,-0.005069087422294233,-0.005100492111330222
2004-03-19,0.0012114890635013436,0.0012725092712858788
2004-03-22,-0.004767113998294515,-0.004962268032272211
2004-03-23,0.005334522939743743,0.005731888184092875
2004-03-24,-0.005275021561645781,-0.005645886882946955
2004-03-25,-0.017358037978204368,-0.018407266786796574
2004-03-26,0.0015341454116084292,0.0016210961326392247
2004-03-29,-0.0032524031598208346,-0.0035046578447029465
2004-03-30,0.011992584510823004,0.011739866581634638
2004-03-31,-0.002963207972047095,-0.0021398168383630813
2004-04-01,-0.011326566860753862,-0.011654135849720623
2004-04-02,-0.003082634232832495,-0.002177285965582171
2004-04-05,0.0016189230085228523,0.0011954496290276393
2004-04-06,0.0034021863846825586,0.003006423125699227
2004-04-07,0.008216768371013466,0.007797196056993972
2004-04-08,0.008737879224375902,0.008074925304090411
2004-04-12,0.006605534698992331,0.006247607499978242
2004-04-13,-0.005849010880330686,-0.0055983845216174
2004-04-14,-0.001125559551889741,-0.00109961148864884
2004-04-15,0.006741678022900466,0.006496695328951444
2004-04-16,-0.003326226441918438,-0.0032106400733577724
2004-04-19,-0.0026529889142208854,-0.002589745444302193
2004-04-20,-0.00447667028110729,-0.004571201487511242
2004-04-21,-0.007880927478161591,-0.008133149914714637
2004-04-22,0.009644700851823068,0.010548691129282231
2004-04-23,-0.002840967981621832,-0.002960555906317722
2004-04-26,0.00674963259927337,0.0072412102377363815
2004-04-27,0.007959210641840646,0.008623435976451986
2004-04-28,-0.0013259587488769038,-0.0014319675110943631
2004-04-29,-0.0003153763156654633,-0.00029260813321413734
2004-04-30,0.0002473198214202098,0.000146526813458182
2004-05-03,0.017866473912013243,0.017437921583349853
2004-05-04,0.013715693721704413,0.012774646124619378
2004-05-05,0.009790203179364097,0.008636099411963144
2004-05-06,-0.005454637327845264,-0.005033379244290881
2004-05-07,0.009763217867308565,0.008825253284576
2004-05-10,-0.01841695167333043,-0.016567293038090524
2004-05-11,0.02238041427691752,0.02110418531300241
2004-05-12,0.010141436272995727,0.009454290315751004
2004-05-13,0.00763426604281297,0.006972813716493845
2004-05-14,0.0021542436522765927,0.0016083586545627337
2004-05-17,0.0033325589122864797,0.002979701612950813
2004-05-18,-0.021515252119980312,-0.0192522335655682
2004-05-19,0.01974141883730431,0.019886512095802677
2004-05-20,-0.011615062218028408,-0.011639345281026552
2004-05-21,-0.01004933425786216,-0.010087413352279827
2004-05-24,0.029321733845948956,0.03125186362154319
2004-05-25,-0.007998275477775296,-0.008292572323468512
2004-05-26,-0.0034569057859244238,-0.0037938391047331967
2004-05-27,-0.013449530530889,-0.014959725268663277
2004-05-28,0.0015051477986174906,0.002571939884735981
2004-06-01,0.029664973258462474,0.035691930417806515
2004-06-02,-0.021318374194131948,-0.024821872977712326
2004-06-03,-0.005721171370771816,-0.0056288578209770235
2004-06-04,-0.004352125907664345,-0.005099244172868917
2004-06-07,0.00042097415403825753,0.0010220166932032792
2004-06-08,-0.004280751414415484,-0.006912301109253377
2004-06-09,0.0009987272072110188,0.0013748930599835104
2004-06-10,0.0020186491046055416,0.002844273509892447
2004-06-11,-0.001924655029484287,-0.0027261780857265852
2004-06-14,-0.0011659030285701515,-0.0019367705536961113
2004-06-15,-0.0009762230210417989,-0.001632661811790617
2004-06-16,0.0007315703981782989,0.000958686445591983
2004-06-17,0.0044497362912774355,0.006141961190371887
2004-06-18,-0.0006906261131355563,-0.0005425684056842311
2004-06-21,-0.00656679707663771,-0.008859601928829881
2004-06-22,0.0021603451315604567,0.0031137550611492243
2004-06-23,-0.0015042210655418912,-0.002716829095578469
2004-06-24,0.0020322294572909065,0.002685526024468554
2004-06-25,-0.0030639843784790546,-0.0034693894466191577
2004-06-28,-0.006157466030379439,-0.007337268718410849
2004-06-29,-0.002324326388412783,-0.0029474143673757242
2004-06-30,0.0027804796245588883,0.0039028069754003247
2004-07-01,0.0032847104613347214,0.0044827063891900035
2004-07-02,-0.0014088260794071729,-0.0012620317245012889
2004-07-05,0.0019367710164033259,0.0010404777565682752
2004-07-06,0.0067557550649946325,0.005735632821297846
2004-07-07,-0.004737721211433842,-0.004768095673772881
2004-07-08,0.0038493914404558855,0.00336532812841111
2004-07-09,-0.00463083608803356,-0.003945256602592631
2004-07-12,-0.006112371322131609,-0.00573495297967336
2004-07-13,-0.0010664579830231811,-0.0009606251024323097
2004-07-14,0.011332751066196268,0.009822948513666342
2004-07-15,-0.001695628947602921,-0.0015153606260095629
2004-07-16,0.003740483247516735,0.003552815316427683
2004-07-19,-0.00039561215132990894,-0.0003970807550678625
2004-07-20,-0.005022962998633392,-0.007534246780418148
2004-07-21,0.0007138738098804824,0.0013091923374735574
2004-07-22,0.0038603078083813366,0.006804817317596076
2004-07-23,0.0017128009140120338,0.002888545548570168
2004-07-26,-0.0016953003474160103,-0.002820070294618419
2004-07-27,0.001507617585372629,0.0027754239257536018
2004-07-28,0.0049085632542610275,0.009354194987830144
2004-07-29,-0.001098605463931104,-0.002148505954035641
2004-07-30,0.0035560628371078006,0.0076309333984071566
2004-08-02,-0.001054577811672745,-0.0007863151845615216
2004-08-03,0.0027218139954134457,0.005640708430899905
2004-08-04,-0.005157393997462962,-0.012237301811231225
2004-08-05,0.004613723852846149,0.015002557707276465
2004-08-06,7.910880307509301e-05,-0.001920703644936879
2004-08-09,0.0024631146771486863,0.009606583530125447
2004-08-10,-0.0023761385596364677,-0.004856581913819697
2004-08-11,0.0029921700838813885,0.004997132869962355
2004-08-12,0.004384582912441108,0.00917783701523015
2004-08-13,0.004285723649973425,0.013140687293999477
2004-08-16,0.0010999017863424583,-0.0005947409295716412
2004-08-17,0.002363048534571485,0.005306746653737065
2004-08-18,-6.846526075982578e-05,0.0005534144946271334
2004-08-19,0.0026661360260906556,0.012603938488369472
2004-08-20,-0.004468141261901552,-0.010498222653349959
2004-08-23,0.00264895119033107,-0.0021250273203901313
2004-08-24,-0.0020236303608370874,-0.009004852652547255
2004-08-25,-0.0017595393113139686,-0.016930072174392418
2004-08-26,0.00043167700711066784,-0.003061269922464213
2004-08-27,0.0005344716807779946,0.0036568336135395577
2004-08-30,0.003561666230219353,-0.002934659900626211
2004-08-31,0.0031015510497189092,-0.001350527792185595
2004-09-01,-0.0005264117106786736,0.01583974278706814
2004-09-02,0.002162435828212399,0.0028008094227614977
2004-09-03,-0.0006245172663470449,-0.002677947038180195
2004-09-06,0.0007347901265318959,-0.006915887286861769
2004-09-07,-0.0033700619761770894,-0.005708930274659524
2004-09-08,0.001972863237732996,-0.0021401164791679623
2004-09-09,-0.006597260924304356,0.00529707962144782
2004-09-10,0.0015060102906027633,-0.01111792534410584
2004-09-13,-0.004411816408630619,0.0015229815159223286
2004-09-14,0.0009433973623753407,0.0038610742539841193
2004-09-15,0.004860933958723002,0.0003351632537056306
2004-09-16,-0.0001444668696267566,0.0019729534922698104
2004-09-17,-0.006269281679166061,0.002654133126565275
2004-09-20,0.00017304834162912516,0.00312610546886578
2004-09-21,-0.00955291172968426,-0.006671107202609316
2004-09-22,-0.001956214793323913,0.007311473402730422
2004-09-23,-0.00036477508188782087,0.00035135345618498404
2004-09-24,0.00019967155536558775,0.0022454767763652014
2004-09-27,0.0005169090443010067,0.006172843450431561
2004-09-28,-5.7779221544969826e-05,0.0028213659462727517
2004-09-29,0.00039045472221374447,-0.0020441679434379406
2004-09-30,0.00037504382138848656,0.0025631041529611057
2004-10-01,-1.2503204290701154e-05,0.004198882316972841
2004-10-04,0.00010351569314332499,-0.002529614418025314
2004-10-05,0.003999091327755308,0.013789372219622863
2004-10-06,-0.0003039107143957259,0.007469417080140932
2004-10-07,0.0037737051463927,0.010627305099632474
2004-10-08,0.00012732234553653276,0.00665370741242479
2004-10-11,-0.0012744053383954034,0.0039135473356832476
2004-10-12,-0.004339736400479525,-0.01504567366467123
2004-10-13,0.0031959286665685788,0.008247004593466667
2004-10-14,-0.00012360042794517406,0.01315041056507945
2004-10-15,-0.0006388961626533628,-0.0012127191158691466
2004-10-18,-0.007832591553792692,-0.00623230899776097
2004-10-19,0.0029602130302854844,0.003079174390244287
2004-10-20,0.021587642111925848,0.01936117800810554
2004-10-21,0.0038949671888235476,0.003792330355005785
2004-10-22,0.008607176635169357,0.008019316891284807
2004-10-25,-0.006996468794515267,-0.006338689499153112
2004-10-26,0.021616353484284877,0.019596305692800974
2004-10-27,-0.02858201946269757,-0.02508686247832939
2004-10-28,-0.01228776416780492,-0.013150159363568732
2004-10-29,0.007159639430407996,0.009091452703726617
2004-11-01,-0.011487457619038313,-0.015122306670094898
2004-11-02,-0.0053042970545182965,-0.006737481016182462
2004-11-03,0.008958795075214866,0.011789910964307796
2004-11-04,-0.017495332066962764,-0.021464928951038038
2004-11-05,-0.0011913007536178046,0.00026246761063607416
2004-11-08,-0.004765147536851072,-0.005509478797237805
2004-11-09,-0.0057801675464380815,-0.009456045769443203
2004-11-10,0.0035982535768444082,0.006380225620804417
2004-11-11,-0.004888509119903885,-0.00706257740798509
2004-11-12,-0.0012038340398669125,-0.0016850353068093961
2004-11-15,-0.0005303385885305992,-0.0008222146537651692
2004-11-16,-0.0019680704838329903,-0.0029142660624046565
2004-11-17,0.0016866968314551986,0.002498596502902971
2004-11-18,-0.0021153566011439754,-0.002073867781238536
2004-11-19,0.0073374853057930735,0.0034584181379998715
2004-11-22,-0.0009288823443717604,-0.00038539608092895433
2004-11-23,0.0019783004936601077,0.0011550330474912256
2004-11-24,0.000592111299434562,-0.00017883950087292186
2004-11-25,-0.0018694025544526152,-0.00044439622823660703
2004-11-26,-0.0004538253361575008,-0.00011993803659916362
2004-11-29,0.0037237002596180522,0.0018274294996456478
2004-11-30,-0.0006655903321059172,-0.0003059436151804771
2004-12-01,-0.009118646781412642,-0.011879044516480308
2004-12-02,-0.0004944959011716211,-0.005602478067448373
2004-12-03,0.0014501691285650142,-0.0010245184836511106
2004-12-06,-0.001200499695717114,-1.74139670531325e-05
2004-12-07,0.004136653970266956,0.0004143152615197938
2004-12-08,-0.0017629172513920555,-0.00021647568401316625
2004-12-09,-0.0035443890974946987,-0.0015576478617277878
2004-12-10,0.006671471339704839,0.0023222198854939307
2004-12-13,-0.0033447218978960385,-0.0017888753199522287
2004-12-14,-0.0033119379792443658,-0.0022153458235632194
2004-12-15,-0.007608583264040341,-0.003670523398704511
2004-12-16,0.0013287725131972455,0.0012280131178028133
2004-12-17,-0.0032462070744394313,-0.0023426367465377933
2004-12-20,0.0019919092549886357,0.0019857969397605556
2004-12-21,0.0005270205744513317,0.00047979240030398743
2004-12-22,0.0003054545053027788,-0.0011378540855508468
2004-12-23,0.0007761118011668832,0.0007466627530675433
2004-12-24,0.0014879345146261284,0.0006581012282995598
2004-12-27,0.009187788835845034,0.0043236092290710685
2004-12-28,-0.0037163721187244425,-0.002104725733246989
2004-12-29,-0.003999075138085661,-0.0008742851733727163
2004-12-30,0.0013744811597152249,0.002917776651860914
2004-12-31,0.0009007097961586386,0.00017160160526397865
2005-01-03,0.010743063910711562,0.0077946897755775905
2005-01-04,-0.006030406067906516,-0.0021915964789559986
2005-01-05,0.0033486247298189463,0.0014632882106726845
2005-01-06,-0.011268442046753526,-0.005772666787791395
2005-01-07,0.0008466332013853595,0.0006246302138505003
2005-01-10,-0.002540070695559711,-0.0029867962494794856
2005-01-11,0.0011890654044783913,0.0017377782019137738
2005-01-12,0.0018685434424136303,0.0028674153920360463
2005-01-13,-0.01010507663015015,-0.006714417895882586
2005-01-14,0.0008459179195795279,0.0012784693166343205
2005-01-17,9.598971860271792e-06,0.0001819044342680423
2005-01-18,0.004390595983442901,0.005248906528397338
2005-01-19,-0.003650867971988976,-0.0047365046427603474
2005-01-20,-0.001195808109626431,-0.0016405549181834223
2005-01-21,0.004576139981399275,0.006317522608635856
2005-01-24,-0.0029416487036677485,-0.0027220960439428127
2005-01-25,0.003928875256935649,0.004279828217102301
2005-01-26,-0.002484271702167235,-0.002292917049919998
2005-01-27,2.487152014102858e-05,0.00016728678126811379
2005-01-28,-0.006474866436277697,-0.005121000821844503
2005-01-31,0.003979630209036589,0.00350272592313332
2005-02-01,-0.0034066162184852367,-0.0030025081828236656
2005-02-02,-0.002834692179740458,-0.003208226736086685
2005-02-03,0.001018538035301408,0.0008373038517283815
2005-02-04,0.000540366960870012,0.000698044657004241
2005-02-07,-0.0007171789021706206,-0.002961525780381953
2005-02-08,-0.0018304803618942097,-0.0012587203912905437
2005-02-09,-4.9888860810563666e-05,-0.0001502154127683254
2005-02-10,-7.290378975313225e-05,0.004338676242888481
2005-02-11,0.00031545084198798324,0.0002598120149968365
2005-02-14,0.0007485692424218461,0.0010191192021851048
2005-02-15,-0.0019747447285070434,-0.0023031421999215843
2005-02-16,0.004344797017016609,0.0063033085846797504
2005-02-17,0.0008534675353218335,7.246135059806758e-05
2005-02-18,0.002366642860111279,0.004777034990282355
2005-02-21,0.0011128547481369772,0.0027423313974613366
2005-02-22,0.0009038824200855803,0.008986312682616099
2005-02-23,-0.003252242961446215,-0.003671484333746273
2005-02-24,0.002360203758519434,0.003752908645874683
2005-02-25,0.0007027233971948938,0.0013821733894900528
2005-02-28,0.002664467893032199,0.004581977740375011
2005-03-01,0.0007285077566686157,0.0014501093630337667
2005-03-02,0.004968143203549402,0.009955166569783942
2005-03-03,0.00313419493706228,0.004472086562684694
2005-03-04,0.00038517135258227204,0.0005754093890741643
2005-03-07,0.002983282999579652,0.004277762820299129
2005-03-08,0.005693834871559903,0.008063037648450429
2005-03-09,0.0025160812615543687,0.0032724953226579948
2005-03-10,-0.006843264380143907,-0.0088109403354306
2005-03-11,0.0052699839803267215,0.008426204075189474
2005-03-14,0.006874775950595304,0.009487966929216335
2005-03-15,0.0017055798960930516,0.002672390583402544
2005-03-16,0.008775656528875858,0.01670707046136834
2005-03-17,0.002150845940952674,0.0034343165391234874
2005-03-18,0.00433154443465811,0.007943751484635669
2005-03-21,0.0025907734213861185,0.003951578525592953
2005-03-22,-0.005376996855223148,-0.00940736688737916
2005-03-23,-0.009352916798099539,-0.017228422310916192
2005-03-24,0.0011641812174445576,0.003172198211982533
2005-03-28,-0.008408916362287463,-0.01217901388944303
2005-03-29,-0.0006079148220615565,-0.0025540397491600115
2005-03-30,-0.00037973926331406215,-0.0008908993688635365
2005-03-31,0.020494290826640945,0.023032752527290482
2005-04-01,0.020386024282344047,0.021778939947719084
2005-04-04,-0.002304022525573429,-0.0022952413688997883
2005-04-05,-0.008514945044294021,-0.008445758145493164
2005-04-06,-0.002895093119278222,-0.0030121588619698987
2005-04-07,-0.013855552772554422,-0.01628064587497066
2005-04-08,-0.0057318889182245225,-0.009451619170355278
2005-04-11,0.002087656808975847,0.004207543103019919
2005-04-12,-0.006162145779704707,-0.013485276685326975
2005-04-13,-0.0049972141339812036,-0.011581212337105809
2005-04-14,0.0007197851414075881,0.0027110821834788693
2005-04-15,-0.0007045285604884735,-0.00231761014830092
2005-04-18,-0.0008893260152391795,-0.003072382723208707
2005-04-19,0.003591723163927102,0.006797102519262758
2005-04-20,0.0021489722679975854,0.0029330509403106913
2005-04-21,0.0014529688618082814,0.0019328154245555772
2005-04-22,0.0023487946375356215,0.0024701472112543597
2005-04-25,-0.002162359773799857,-0.0023927094243392072
2005-04-26,-0.0007454731538235117,-0.0010407524707998332
2005-04-27,-0.006911291339591327,-0.009597865227941814
2005-04-28,0.0009193659056680367,0.0016087605975177632
2005-04-29,-0.0020790070097578615,-0.005173701019389976
2005-05-02,-0.0009280384261534327,0.0017275154229183414
2005-05-03,0.001254550052813895,-0.0014131917942161723
2005-05-04,-0.001719966446425903,0.0001664970675437933
2005-05-05,-0.0009319930744986966,-0.0003571801928599172
2005-05-06,0.0011510837929918209,0.00024238663055850887
2005-05-09,-0.0010341312780658412,-0.0002916506127078535
2005-05-10,-0.0004944404566871079,0.00042842639958556064
2005-05-11,0.0010458269903172901,-0.002580117325481531
2005-05-12,0.0030955757434862584,-0.00011511240846309404
2005-05-13,-0.000647106044424882,-0.00019373801310479605
2005-05-16,0.0028312854769205697,0.0011257462835892185
2005-05-17,-0.0018468606739019692,-0.000240353415491971
2005-05-18,0.0051584131146867095,0.0009673653561016856
2005-05-19,0.0010947865367592672,0.0006894517898552282
2005-05-20,-0.0006358184567869949,0.0001608673584084859
2005-05-23,-0.00270961903881774,-0.0013229800248831809
2005-05-24,0.0004125443069395235,0.0015177377003193597
2005-05-25,-0.00364083604936837,0.000321983614418097
2005-05-26,0.004319393040475914,0.004559779076254757
2005-05-27,-0.006154554076883184,-0.005112806240812164
2005-05-31,-0.0006912373311108452,-0.00012594401794269422
2005-06-01,-0.017399903946755207,-0.005786214747857367
2005-06-02,-0.000989251202360036,-0.0032757556041554583
2005-06-03,9.127832530227461e-05,0.006415736071416637
2005-06-06,-0.0020290590894857783,-0.0021839921890265237
2005-06-07,-0.0007662394064467207,-0.0026185300972115812
2005-06-08,-0.0012168656182552054,-0.0052461153028734225
2005-06-09,0.0013706281342162738,0.009179152391349421
2005-06-10,-0.0027998953066052236,-0.0056922494908926945
2005-06-13,0.005080214841787521,0.010888504694213616
2005-06-14,-0.001402668961984546,-0.004733286983076949
2005-06-15,0.00021930025938829726,0.001052271901825802
2005-06-16,0.0017490088324607262,0.005556573040978594
2005-06-17,0.0034754818860807377,0.00933868057884991
2005-06-20,0.0014126651215545566,0.003602522655997939
2005-06-21,-0.004397000721202902,-0.007570964749897988
2005-06-22,-0.0024996359009491955,-0.0059392291592338465
2005-06-23,0.0031917268293801732,0.008661530666101643
2005-06-24,5.637329454725714e-05,0.0014189841744281636
2005-06-27,0.0006658648756814031,0.004238032075754366
2005-06-28,-0.006507958543889701,-0.014637502564578455
2005-06-29,-0.0015802440390348942,-0.005816039456104841
2005-06-30,-0.00044053554214933355,-0.003785112293599926
2005-07-01,0.0003957881422802687,0.011268813177719576
2005-07-04,0.0006663367956081314,0.002601410794921564
2005-07-05,0.0012304068111508731,0.005152040442992542
2005-07-06,0.0024295264175263555,0.007488368678860865
2005-07-07,-0.0027770721721608756,-0.003384590514065693
2005-07-08,-0.005586341943825182,-0.007105254144975672
2005-07-11,-0.0025602606658542966,-0.003231158138509991
2005-07-12,0.005017264282792397,0.008308913962542646
2005-07-13,-0.002761239159494871,-0.004201532646583701
2005-07-14,-0.010645075174137883,-0.015622881363107695
2005-07-15,0.0016824991086478594,0.002996873564181827
2005-07-18,-0.0049148566168390724,-0.006626237345605285
2005-07-19,-0.0005224431578198111,0.00040717139480554954
2005-07-20,0.0006394854062481652,-0.002508515096689407
2005-07-21,0.0002710499125740745,-0.004051721099882141
2005-07-22,-0.0043187643879456184,0.0033275661616730032
2005-07-25,-0.0004568309664163515,0.0015262248311042196
2005-07-26,-0.001297857012155036,0.00026050986658073395
2005-07-27,0.00023057492815732548,0.0011082860149247136
2005-07-28,-0.0008588221497736046,0.004085801829778259
2005-07-29,0.0005977913960490408,0.004682490822720896
2005-08-01,0.0009074397392931214,0.008722845125494316
2005-08-02,0.0028828468205256835,0.003940572332585222
2005-08-03,-0.0016198105780216394,-0.007678931567232622
2005-08-04,0.002884251021398552,0.00530013118715091
2005-08-05,0.006477178810250919,0.01028614105489553
2005-08-08,0.004611508191635514,0.010386186641180696
2005-08-09,-0.003848456852583509,-0.00570950491629861
2005-08-10,0.01650279243535197,0.022277498708761334
2005-08-11,0.007344652745089125,0.008710897305932915
2005-08-12,0.009003405000253553,0.009041850813374108
2005-08-15,-0.0017242719304859837,-0.001644220877942197
2005-08-16,0.001985102808407321,0.0017628240600653063
2005-08-17,-0.027974105515820986,-0.02861066453482547
2005-08-18,-0.010720148588201313,-0.01084110626685242
2005-08-19,0.014010219959852693,0.017590376985208853
2005-08-22,0.008446029932829864,0.008469888366156607
2005-08-23,0.002978507311341932,0.003882906225221746
2005-08-24,0.01152107458734882,0.01635297304430954
2005-08-25,-0.0004158071754843939,7.960591995695692e-05
2005-08-26,-0.007909647046690164,-0.009723559732161722
2005-08-29,0.02814736283027463,0.028896747626485426
2005-08-30,0.020812630863023502,0.020769428346983365
2005-08-31,-0.006587588622687261,-0.005921023596100365
2005-09-01,0.00975030695671067,0.008731906894804688
2005-09-02,-0.0141793440266727,-0.01150757985821036
2005-09-05,-0.011167062268375612,-0.0090383982585805
2005-09-06,-0.006554220384310003,-0.005258272399546554
2005-09-07,-0.017076203689619134,-0.015120693758252176
2005-09-08,0.004319947278840862,0.004043018277929811
2005-09-09,-0.0017267689286926044,-0.0010141080113096061
2005-09-12,-0.008502349023504623,-0.006107380114769471
2005-09-13,-0.004471625599489514,-0.004326307649181985
2005-09-14,0.012888200840919538,0.010690397209838857
2005-09-15,0.000573846702524505,0.001437066609854345
2005-09-16,-0.008705944127404575,-0.005458450399331931
2005-09-19,0.029111276714899905,0.02705932133852132
2005-09-20,-0.010654048386101607,-0.0067790393431748155
2005-09-21,0.001804955095500527,0.00035636331344786635
2005-09-22,0.00010694201974589639,0.00032318787020764483
2005-09-23,-0.016884021803384375,-0.009876557295730911
2005-09-26,0.014602164378598246,0.009195116433344135
2005-09-27,-0.003795857037542079,-0.0010406022824063557
2005-09-28,0.015904936323872187,0.01211317446135395
2005-09-29,0.00014301501896214316,0.0008125886108046855
2005-09-30,-0.003976807157955675,-0.0031856568951804287
2005-10-03,-0.0036079246338347505,-0.0005752691030702746
2005-10-04,-0.007095686139789485,-0.0013130054914932486
2005-10-05,-0.006455594780934506,-0.001460526771695791
2005-10-06,-0.017884187386130904,-0.008148045609367813
2005-10-07,0.0012828654636828374,-0.002076769352933255
2005-10-10,-0.0037533277021918193,-0.002882251524729285
2005-10-11,0.012197897332648833,0.003396925701009313
2005-10-12,0.0024765413353853125,-0.00014921148090027992
2005-10-13,-0.007923590276153082,-0.0035893276883671387
2005-10-14,-0.0037801560519305413,0.0011528618154905996
2005-10-17,0.009030116902175185,0.005546478750248691
2005-10-18,-0.011356217044526738,-0.0047901667999068745
2005-10-19,-0.001727201106098002,0.0007910053666524601
2005-10-20,-0.008317529549708285,-0.006086877475604542
2005-10-21,-0.0006287394092443645,-0.0033702261225415724
2005-10-24,5.92829207110641e-05,0.0006530503692565309
2005-10-25,0.00610486719817912,0.0033145563567372623
2005-10-26,-0.0021285097677701897,-0.0014090628457541943
2005-10-27,-0.002792722269769583,-0.0028752570333274827
2005-10-28,-0.0036149579265382444,-0.003642603872067524
2005-10-31,-0.002633371256805423,-0.0017385064503094346
2005-11-01,-0.0019818197069479946,-0.0019665060364313152
2005-11-02,-0.0011634030717797422,-0.0011355001062708261
2005-11-03,-0.006406576779089518,-0.004225137840647629
2005-11-04,0.003320321573793921,0.0020915613721179
2005-11-07,0.003247772101141191,0.0016602073649313938
2005-11-08,-0.0004468051783211373,-0.0003229629693493915
2005-11-09,0.0021548772531876435,0.0014137417216335052
2005-11-10,0.001961392153316397,0.0016450551838020592
2005-11-11,0.001745078058159191,0.00159562815589615
2005-11-14,0.00025480781503866,0.00024254974003083286
2005-11-15,0.0024442262323409757,0.0025047340322911812
2005-11-16,-0.0027614095584847405,-0.0020816808050358447
2005-11-17,0.004367874183832307,0.0035992445516104025
2005-11-18,-0.0024444919256119764,-0.0023571638738953183
2005-11-21,-0.0026728868303904107,-0.0027400003678788106
2005-11-22,-0.0031215469921979464,-0.003180643745020612
2005-11-23,0.0008400658075202365,0.0010119490722604353
2005-11-24,0.005336174867182453,0.00671678129233382
2005-11-25,0.0023696522432267615,0.002909020499849377
2005-11-28,0.0009369989686492302,0.0010511062759079109
2005-11-29,0.002646555301026737,0.00235689897890072
2005-11-30,-0.007550448294972291,-0.00630972709633944
2005-12-01,-0.006060971958364012,-0.004832100262810547
2005-12-02,-0.00010161630368133873,4.397698082513e-05
2005-12-05,-0.002751230623555269,-0.002693852692256722
2005-12-06,-0.0001727332344441437,-0.00020860599849386707
2005-12-07,0.0030140147308177823,0.0025642035752687074
2005-12-08,0.0028498533746980858,0.006060325789727749
2005-12-09,-0.0022847482682616326,-0.004801873671852846
2005-12-12,0.0005690340119181477,0.004089922307363042
2005-12-13,0.0029570415302486025,0.002789716059372956
2005-12-14,-0.00454232417305286,-0.004762034242544915
2005-12-15,-0.005528532313015653,-0.0061064417348484015
2005-12-16,-0.001683003551174687,-0.004551586216337687
2005-12-19,0.0031399021672774605,0.001000632637513042
2005-12-20,0.0005687043482282584,0.0005383484418637913
2005-12-21,0.0006127325711968003,0.0010078549199635384
2005-12-22,-0.008195137762029079,-0.008438955012299857
2005-12-23,-0.002796865028300445,-0.0027439296341447016
2005-12-27,-0.0020612489720194843,-0.002372888754844279
2005-12-28,-0.0033895222272634137,-0.0005474726903606644
2005-12-29,-0.0012205336239059417,-0.00027539754465470445
2005-12-30,-0.000683005915639307,-0.0002447725608342879
2006-01-03,0.0017432975008739857,0.0008537237473634137
2006-01-04,0.00044063357292186133,0.0004523665076351983
2006-01-05,-0.0006440053075457545,-0.001320265558992224
2006-01-06,0.003412004087435999,0.005048856770845055
2006-01-09,-0.0007454648736086093,-0.0014355954382866954
2006-01-10,0.00015613247340923823,0.0002694466228111404
2006-01-11,0.0007421912322063236,0.0012019601244096115
2006-01-12,0.0017385828458960763,0.002110267905249857
2006-01-13,0.0013152252704007798,0.0019958602061181953
2006-01-16,7.498935723286537e-05,0.003975192464242222
2006-01-17,-0.001556463742452486,0.007502336945791705
2006-01-18,-0.0005127982785523774,-0.000558078273295424
2006-01-19,0.0035835580513574935,0.004088135580778146
2006-01-20,0.002947430769312769,0.0038596221537856943
2006-01-23,0.003972071701525161,0.003823050997827501
2006-01-24,-0.005446625510217677,-0.006334701809340627
2006-01-25,-0.004482841372789754,-0.005777893838413686
2006-01-26,0.0041317663169164005,0.005506042360294529
2006-01-27,0.0055889216942865486,0.008834367220234026
2006-01-30,-0.005069513658055728,-0.0037758024914299137
2006-01-31,-0.0013853019334605632,-0.0017877700169386735
2006-02-01,-0.00314837112851047,-0.004960382578925928
2006-02-02,-0.006224743978748323,-0.010494913770256369
2006-02-03,0.0015511152739876323,0.0037786744945707967
2006-02-06,0.0025207471840030067,0.0025239976856518175
2006-02-07,-0.003336497493545232,-0.008952110997200757
2006-02-08,-0.0003064659652906885,-0.002414276140538458
2006-02-09,0.002386962117509253,0.0022076094330355503
2006-02-10,0.002217463724097655,-5.695836792942814e-06
2006-02-13,0.0018044676126674271,2.7160804009704765e-05
2006-02-14,0.003828651650610525,-0.00018475429772953048
2006-02-15,0.004220109796217343,-0.0007796910647246916
2006-02-16,-0.002593753143778765,-0.00035943849196557105
2006-02-17,-0.003104331430110293,-0.0007639568115061241
2006-02-20,-0.00453645912212358,-0.0018004783616127468
2006-02-21,-0.007786974293588715,-0.006364222945751813
2006-02-22,0.007612198654047615,0.005696012464803217
2006-02-23,-0.0018189681046167502,-0.0012394219522396449
2006-02-24,-0.001298162969146164,0.0028939939007747747
2006-02-27,0.010439432091092255,0.006910511469838329
2006-02-28,-0.0009396416330645818,0.0011346553234236388
2006-03-01,-0.001864105188307373,-0.0003435763680937191
2006-03-02,-0.00285497178443281,0.0006071840760220793
2006-03-03,-0.0007544971346685513,-0.0005249533113472044
2006-03-06,0.001786369166914363,-0.0007673012426257989
2006-03-07,-0.0029734133247481804,-0.004715696132262599
2006-03-08,-0.00035343582995769847,-0.002059989468196958
2006-03-09,0.0017489021970983898,0.002368826806891595
2006-03-10,-0.0011020463505339677,-0.001678302641366024
2006-03-13,-0.006495852246888433,-0.004672555165110923
2006-03-14,-0.0010481525959730128,0.0013151338696124413
2006-03-15,-0.0029719772189059756,-0.0034629649995848184
2006-03-16,0.0011388341111602206,0.0016024544908114346
2006-03-17,0.0008224413770068877,0.0004833412183601968
2006-03-20,-0.0016939842140066379,-0.001707541493454563
2006-03-21,0.0012190802666698776,0.0011647700084803391
2006-03-22,-0.003544246399728227,-0.003375212113866251
2006-03-23,-0.004964596168660478,-0.005308636457116552
2006-03-24,0.00037564984039986584,0.0003372409883618459
2006-03-27,0.0034095906969627814,0.003392840874364272
2006-03-28,0.002821552066633043,0.0007602174946093439
2006-03-29,0.0015536771979464323,0.0007559586583884877
2006-03-30,0.0040227226047142095,0.0026676200749031747
2006-03-31,0.0005889946484064764,0.001051708804428504
2006-04-03,0.001875758130922785,0.0013858579314781185
2006-04-04,0.0005818680544814981,0.0007532596121543885
2006-04-05,0.0031726255441097296,0.002887256011355323
2006-04-06,0.004570375014237124,0.004055700723837439
2006-04-07,0.0013209120172999014,0.001675827402711197
2006-04-10,0.008041933784907494,0.006130121333526965
2006-04-11,0.0027179976327395723,0.002233849082842844
2006-04-12,0.0015301045899038213,0.0015462473695582954
2006-04-13,-0.0007220619654714258,-0.002297785157309293
2006-04-17,-0.00042053552057637913,-0.0022868247320639475
2006-04-18,0.004256949528319015,0.0022521774256082194
2006-04-19,0.008733806803299604,0.0065933472203327514
2006-04-20,-0.0043220213271202325,-0.0034270043868871356
2006-04-21,0.014409801952910755,0.011733783796014642
2006-04-24,-0.010802170259168591,-0.008651518215071428
2006-04-25,0.003313830150357708,0.0030636963319994742
2006-04-26,-0.006147373281135616,-0.006058860488086268
2006-04-27,-0.0027852687707510693,-0.002718443437362369
2006-04-28,0.008712360733007638,0.010419855793673237
2006-05-01,0.007379790780190643,0.010169186720650557
2006-05-02,0.0037000830604641062,0.00440721475386357
2006-05-03,-0.011057365540533949,-0.011267371161370466
2006-05-04,-0.019440509298223798,-0.020263505759236806
2006-05-05,0.004529819201911052,0.005246379474833696
2006-05-08,-0.0018394934869331166,-0.001963295521565656
2006-05-09,0.00800122728123471,0.007983474595796796
2006-05-10,0.002762141994106847,0.0015273825399307005
2006-05-11,0.011071766393742697,0.009392691257919182
2006-05-12,-0.0037520286176137493,-0.0007854517642901458
2006-05-15,-0.01807949665621443,-0.012192143374336864
2006-05-16,-0.0026055986285939466,-0.0024559663328319564
2006-05-17,-0.0012247567141524703,0.0001686882604397226
2006-05-18,0.005812155783154888,0.005208076244523168
2006-05-19,-0.003030191646593078,-0.002274973942981497
2006-05-22,-0.005999795150930663,-0.006587639447782218
2006-05-23,0.005998126951516848,0.00424701032327147
2006-05-24,0.0007802263370266458,0.0037453641160574355
2006-05-25,0.005469811565784709,0.003317758058958581
2006-05-26,-0.0016577745491968181,-0.0016631422397455544
2006-05-30,0.003289184230014792,0.002086587843991537
2006-05-31,-0.007155484175694494,-0.005766495536352999
2006-06-01,-0.006540171698389934,-0.0039746581036760745
2006-06-02,0.0037542574702436903,-0.0009411143728604571
2006-06-05,0.004833544598431314,0.0033470356118472182
2006-06-06,7.423565863965154e-05,0.0005544035236973091
2006-06-07,-0.0014264817091346228,0.0024218031397275942
2006-06-08,-0.006083435527091172,-0.005282095555316452
2006-06-09,0.007242365019963876,0.0034023245679295298
2006-06-12,-0.007921096996089881,-0.0036075053310614734
2006-06-13,-0.009314367961667819,-0.0028781530170421178
2006-06-14,-0.006864933382167291,-0.007351668044077914
2006-06-15,-0.008067915823466018,-0.008202255290877458
2006-06-16,0.0006857533239090288,9.917028148183993e-05
2006-06-19,0.00023503689249745335,0.0016152277433114117
2006-06-20,0.002553846601539345,0.003048293836557586
2006-06-21,0.0017111232802342544,0.00024381059044157978
2006-06-22,0.006508809637452483,0.0024082209245301126
2006-06-23,0.0022291079583881255,0.0018835633130436463
2006-06-26,0.007602241144189295,0.005065868638368207
2006-06-27,-0.0022984074575966287,-0.0023046541831115036
2006-06-28,0.003587823217720963,0.002936142523129081
2006-06-29,0.008013910553983442,0.004109336774830454
2006-06-30,0.0015135799346460827,0.0012175645850874845
2006-07-03,0.007227053934151794,0.004751127393541051
2006-07-04,-0.008599026501390166,-0.006090443564347884
2006-07-05,0.01708884735644487,0.014142844198731195
2006-07-06,0.0023272578360561806,0.0022203140373781758
2006-07-07,-0.0023682205601306184,-0.001445156572012194
2006-07-10,-0.006588079359231169,-0.005860936824916927
2006-07-11,0.0029278839176634474,0.002835381092162886
2006-07-12,0.0025948640240986034,0.002496730820251557
2006-07-13,0.005273616459691765,0.005327898487586815
2006-07-14,-0.0021457771522432807,-0.0021189717829741424
2006-07-17,0.0019183206731494308,0.0015751006808600633
2006-07-18,-0.0036113035268654364,-0.003940830299215322
2006-07-19,-0.008072922681592211,-0.00903227251339858
2006-07-20,-0.005770494302536567,-0.007255580059455376
2006-07-21,-0.00040510062369900215,-6.860258664887944e-05
2006-07-24,-0.006640960140387071,-0.0052452700763544755
2006-07-25,-0.00010953490531335926,-0.0011589387593664048
2006-07-26,-0.0037318078130089464,-0.004170195554343393
2006-07-27,0.0016181629066279717,0.002803598363333581
2006-07-28,-0.00397256344399785,-0.006668769659594413
2006-07-31,-0.0008449430490602237,0.0001623856722370876
2006-08-01,0.0012464862273761737,0.0018830763309343847
2006-08-02,0.0022419478650259634,0.002958087504387369
2006-08-03,-0.0003586051693236117,-0.0003773678940242725
2006-08-04,-0.0019832774979300226,-0.0023000838962679627
2006-08-07,0.0070653494275933456,0.009444454207328168
2006-08-08,-0.002564255929023347,-0.00426385277810013
2006-08-09,-0.0008112708985109877,-0.001349484060667149
2006-08-10,-0.004203011878365718,-0.010540967799784334
2006-08-11,-0.0005204655038122836,0.0017313848333544493
2006-08-14,0.001020698990348683,-0.003604979575292492
2006-08-15,0.0010003093076764223,-0.0019893714178288854
2006-08-16,0.0014777942657097866,-0.002414450672435235
2006-08-17,0.0029078530184248334,-0.0030056939473467378
2006-08-18,-0.001653201870333969,0.00011445431735218122
2006-08-21,-0.0030404960253120517,0.00020766857199991677
2006-08-22,-0.0003858222075181108,-0.0007766435167020589
2006-08-23,0.003464108153803403,-0.0007334681012568195
2006-08-24,-0.002891210617304772,-0.0015078209439543207
2006-08-25,-0.0005301608345227926,-0.0002211825983864301
2006-08-28,0.008142203857530131,0.0029649472012127105
2006-08-29,0.005300653258707336,0.002319365069268676
2006-08-30,-0.0002753195343931446,0.0003534088744599608
2006-08-31,-0.0021361642170509335,-0.0013660475288886414
2006-09-01,0.007130360154924987,0.004653879791271678
2006-09-04,0.007925233570075444,0.005506997020984418
2006-09-05,-0.004822592250733532,-0.004314171132598712
2006-09-06,0.009741929896332017,0.0070884955943078315
2006-09-07,0.004594518656751953,0.0039484372903235395
2006-09-08,0.010238885735296372,0.0071334107612178186
2006-09-11,0.010309570025391278,0.008159977043972947
2006-09-12,0.016880205268772874,0.012114978325968584
2006-09-13,0.001587420397496113,0.0016988354091798837
2006-09-14,0.015093472926109519,0.013058335354550489
2006-09-15,0.005377603830816035,0.004931966853202452
2006-09-18,-0.00570427475178666,-0.005059912665964559
2006-09-19,0.01829347661154752,0.016554859926915612
2006-09-20,0.01841943903628614,0.01740139355379601
2006-09-21,-0.003325933397242301,-0.0027860280414239024
2006-09-22,0.008504612896836017,0.008076698289606528
2006-09-25,-0.002862508309989782,-0.0025586530468492494
2006-09-26,0.00275849401556331,0.0025307891505824587
2006-09-27,-0.016654720506147695,-0.01572621935161438
2006-09-28,0.0028945518163713754,0.0028983530758190414
2006-09-29,-0.009546396366443853,-0.009409767625040885
2006-10-02,0.014302238550036745,0.01404486508718613
2006-10-03,0.020110685360958728,0.019536274691852134
2006-10-04,-0.00998740723520649,-0.009929825673834672
2006-10-05,-0.010736446875797312,-0.011035075968957081
2006-10-06,0.001728856587349551,0.001831957205281176
2006-10-09,-0.005925325160656636,-0.006158340277004258
2006-10-10,0.00878485454102754,0.009346774132457774
2006-10-11,0.011157624524506702,0.01150703719744136
2006-10-12,0.003312445509718122,0.003188913818983386
2006-10-13,-0.0055455959353542215,-0.005899950701600743
2006-10-16,-0.0180638237182822,-0.01860413366187769
2006-10-17,0.005399455141591206,0.004916958093097494
2006-10-18,0.00753985199438887,0.0062307949855488825
2006-10-19,-0.009564521850743949,-0.008529058697648632
2006-10-20,0.006438805485662356,0.005244114907387731
2006-10-23,0.00608361076585028,0.005304692695076341
2006-10-24,-0.005942555839866291,-0.004756354015653052
2006-10-25,-0.02223068359561403,-0.018597247377320332
2006-10-26,0.009249360862656942,0.004902969027649069
2006-10-27,-0.005712465680951574,-0.0042996192913609
2006-10-30,0.022044249585058035,0.01584515619744986
2006-10-31,-0.003706075498504328,-0.0027220846879441704
2006-11-01,0.00012759575279183181,0.00013919486259505182
2006-11-02,0.006536879393138219,0.003954300814053567
2006-11-03,-0.011497585815516817,-0.008973327250413984
2006-11-06,-0.0058064628967033,-0.003950436874092938
2006-11-07,0.010819129437317804,0.007032129866387865
2006-11-08,-0.008639934025138277,-0.00664402390635267
2006-11-09,-0.014978748029213881,-0.01111890482537268
2006-11-10,0.011810050811026866,0.006278096500306755
2006-11-13,0.004611295160756563,0.002178788842547724
2006-11-14,0.0009267113088191776,-0.00010918830105128396
2006-11-15,-0.00598088167645746,-0.0040118532237820624
2006-11-16,0.01406169680431961,0.009598599507255405
2006-11-17,-0.005809275769090186,-0.003991137625413046
2006-11-20,0.0003596950148054821,0.0005230586963993642
2006-11-21,-0.008229620546396378,-0.006000729628985191
2006-11-22,0.006265741136251209,0.0049050130776248195
2006-11-23,0.0012121988907306672,0.0010431003457972122
2006-11-24,-0.0053573063425820374,-0.004873836094616097
2006-11-27,-0.003279592487824777,-0.0021388973023079663
2006-11-28,-0.004488499153464488,-0.003949793577032758
2006-11-29,-0.010970332989304237,-0.00741144057513363
2006-11-30,-0.003593249117940121,-0.0020365951078144258
2006-12-01,-0.0012300013402863662,0.00010889856603230053
2006-12-04,0.005403587983369963,0.0029344006185815677
2006-12-05,0.002869010138049083,0.002210828913868337
2006-12-06,0.0014781859826421397,-0.00022195639974681444
2006-12-07,0.0012154109763827063,-0.00012040072799986926
2006-12-08,0.0031161395071817592,0.001747729243864827
2006-12-11,0.005116089144678904,0.003836088463417495
2006-12-12,0.0021983951457778795,0.0014602077435036153
2006-12-13,-0.0033252900009951777,-0.0031735319194182697
2006-12-14,-0.0057164888450601204,-0.0037414371605360357
2006-12-15,0.00012741523092928893,0.0010121462927220766
2006-12-18,0.012889625333434998,0.010369078126880893
2006-12-19,-0.0036711644996990623,-0.0027861676543267017
2006-12-20,-0.0015009011247706417,-0.0005497268823982353
2006-12-21,0.0019263595708398664,0.0002093189762571255
2006-12-22,0.00418772130275375,0.0037384820077695845
2006-12-26,0.0166964122163518,0.013686649616796371
2006-12-27,0.009094825089685335,0.007727079568824159
2006-12-28,-0.004428787760474137,-0.004320054060264403
2006-12-29,-0.004955642464006131,-0.004556454236799053
2007-01-02,0.004658365939464211,0.004423104203892141
2007-01-03,0.02215599885236,0.020242988873145133
2007-01-04,0.018362271376208567,0.016515968167564097
2007-01-05,-0.004574700133061076,-0.004096426242679373
2007-01-08,-0.007280395476138644,-0.007208560237834728
2007-01-09,-0.001310632315767191,-0.0015549094143041994
2007-01-10,0.014695589786935553,0.013964429131298958
2007-01-11,0.032300793794771555,0.03127293509016293
2007-01-12,-0.014080596487659603,-0.014050672006314937
2007-01-15,-0.00023284459340530456,-0.00023076572525636122
2007-01-16,0.016489010181582057,0.01726275636683629
2007-01-17,0.0014183335188829363,-0.0011274846311779367
2007-01-18,0.002395433050014526,0.004350371792173649
2007-01-19,-0.021954670526830616,-0.02678803109806673
2007-01-22,-0.004192797436303515,-0.00333336202659952
2007-01-23,-0.012397059469821232,-0.015678586590198666
2007-01-24,-0.0004241706532027308,-0.0007385297244427879
2007-01-25,0.006276153719041076,0.007799207350290756
2007-01-26,-0.0063731093754722965,-0.008072893807711036
2007-01-29,0.0065539346826418605,0.008778185960777013
2007-01-30,-0.014316704490678601,-0.018520373797283964
2007-01-31,-0.003026699256903668,-0.0036417876940723743
2007-02-01,0.0018222081997979836,0.0019720539364907357
2007-02-02,-0.004304406785479028,-0.004477276582040859
2007-02-05,0.0004950486210546552,0.00038367194912869597
2007-02-06,0.00024226680237139989,0.00012984604935301704
2007-02-07,0.0024206623449660645,0.0016429187937317287
2007-02-08,-0.004218372609764706,-0.002895038940793344
2007-02-09,-0.0001572726790017719,-0.00010132740848070494
2007-02-12,0.003368466367070097,0.0022452229736441435
2007-02-13,-0.00222248253753844,-0.001484937924950916
2007-02-14,0.0023402819104381936,0.0015775278700304615
2007-02-15,8.483354429833922e-05,4.63950703128331e-05
2007-02-16,-0.001976248782836484,-0.0014601263099573985
2007-02-19,0.0007873439419940571,0.0007214529760465491
2007-02-20,0.0005051149811936753,0.00041074966748641826
2007-02-21,-0.0017456761863658633,-0.00149640744334247
2007-02-22,-0.001653249273945759,-0.0015792121423907869
2007-02-23,-0.000621420084326541,-0.000599618714108157
2007-02-26,-0.0003013959082342413,-0.0003057118564555839
2007-02-27,-4.265683397711205e-05,-3.74349733450228e-05
2007-02-28,-0.00022546104436181236,-0.0002607958059605082
2007-03-01,-0.0004006736008215235,-0.0004081973012118913
2007-03-02,0.00024441303734820994,0.0002969676096607337
2007-03-05,-0.00040857302165623385,-8.603704784978184e-05
2007-03-06,-0.0015798559410123392,-0.0017705185814578962
2007-03-07,0.0008900447893044149,0.0006523283417049231
2007-03-08,0.0002694161044014865,0.0002854574688063238
2007-03-09,0.0008529115378235263,0.0011351425582172934
2007-03-12,0.0014193693444309336,0.0015566925369085152
2007-03-13,-8.093068102222596e-05,-6.855534435158174e-05
2007-03-14,-0.001653306479856939,-0.0016912375656069729
2007-03-15,0.0013985439672120428,0.00152844716660772
2007-03-16,3.485027534882585e-05,0.00016242994347631475
2007-03-19,0.0009872391855956404,0.0008008166672192197
2007-03-20,-0.0006421798600633289,-0.00033324899078440777
2007-03-21,-0.0029731543278687807,-0.0036033971584821106
2007-03-22,-0.0009286677674646939,-0.003278528286896855
2007-03-23,0.00011750896493848918,-0.0004634539162940482
2007-03-26,0.00044140012547501443,-0.0008826678197550114
2007-03-27,-0.0013555175376834111,-0.001659421209198239
2007-03-28,0.0021616136547650136,0.0021144298457958497
2007-03-29,0.002896629935199934,0.0033793722394312373
2007-03-30,0.0005847820480040146,0.0005905981030846813
2007-04-02,0.000595760881975025,0.0006543198709466678
2007-04-03,-0.0032107485001531717,-0.0035648163462427495
2007-04-04,0.0023361807580619346,0.0026934257769959153
2007-04-05,0.0006848337678680771,0.0007258181816727872
2007-04-09,-0.006377883401714468,-0.006488156494313305
2007-04-10,0.004757392014734167,0.004814545709749624
2007-04-11,-0.0004572386932314917,-0.00045931058420144063
2007-04-12,0.005843881205690449,0.005431991776466638
2007-04-13,-0.0020295882575514317,-0.0019103825529499501
2007-04-16,-0.009444796819448884,-0.008341274998594156
2007-04-17,-0.006826174009497601,-0.005791149514489418
2007-04-18,0.0008753909322736791,0.000850652353272122
2007-04-19,-0.0020686797421741393,-0.0017793508280847584
2007-04-20,0.002173742624893887,0.0014688580530062558
2007-04-23,0.00786210091474283,0.0058568170485099
2007-04-24,-0.00495755927949793,-0.0034599696905916947
2007-04-25,0.006892548596596898,0.004852611339955545
2007-04-26,-0.004646258416367925,-0.0030612995156662427
2007-04-27,0.005445850512899749,0.003186783520697008
2007-04-30,-0.00373141991902837,-0.0022013637620257064
2007-05-01,-0.004252969707264091,-0.0020308491880765387
2007-05-02,-0.003377456283893135,-0.0010524149627881203
2007-05-03,-0.0026958063120783664,-0.0018147142550510636
2007-05-04,-0.004058742750835983,-0.0009230298632238574
2007-05-07,-0.005272590278215693,-0.00158803055619267
2007-05-08,0.003499844819064206,0.0003753813454724934
2007-05-09,-0.0033515641717741687,-0.000579745171077199
2007-05-10,0.002615130977064868,9.019563080192919e-05
2007-05-11,0.0030207645172487508,-0.0016685918361701187
2007-05-14,-0.001211955590782894,4.239390206169893e-05
2007-05-15,0.005344216893605252,-0.000353973200445818
2007-05-16,-0.0023034360829124923,-1.9753515939058e-05
2007-05-17,0.014844505073032801,0.00432573907241324
2007-05-18,-0.004568047370207125,-0.0028802348266965296
2007-05-21,0.00597241184647835,0.0022342317129064003
2007-05-22,-0.00893458186040451,-0.004842704583690041
2007-05-23,0.004990603558152177,0.0020681909218314798
2007-05-24,-0.0022682045909676067,-0.0011546529536709555
2007-05-25,0.0023405797006693318,0.000781125236906674
2007-05-28,-0.00472898213672974,-0.002818633548055273
2007-05-29,-0.012404389298855513,-0.005419219996442141
2007-05-30,-0.001712349616619825,-0.0016568139981049685
2007-05-31,0.0006795988962318835,4.05499102688445e-05
2007-06-01,0.005759538822376998,0.001414207591211008
2007-06-04,0.005811772117657789,0.0011441726909663522
2007-06-05,-0.0016098237753588613,-0.000932726210595819
2007-06-06,0.0020114204776816827,0.001178668681976811
2007-06-07,0.0005575532607774919,-0.0005700833558020266
2007-06-08,-0.014050409427252252,-0.009109330536459027
2007-06-11,0.00586918019274277,0.00361860240793279
2007-06-12,-0.00344443913149616,-0.0023552738984644983
2007-06-13,0.00534796912615635,0.003443063365962675
2007-06-14,0.004779964372238037,0.002535397337222849
2007-06-15,0.0010276380183964781,0.0001911877165239015
2007-06-18,0.005758100896864612,0.00395092080754515
2007-06-19,-0.0006975862863631339,-0.0002631299140684773
2007-06-20,-0.003495611785932367,-0.002020274030551083
2007-06-21,-0.0013233143558395478,-0.0008313579079962495
2007-06-22,0.008686373585746567,0.006599920101638149
2007-06-25,0.0035678395273567843,0.0033779188036090154
2007-06-26,-0.007603979892575028,-0.004508258342051406
2007-06-27,0.0002757812813426041,-0.0007618696296440554
2007-06-28,0.010195274296262036,0.00983767233066609
2007-06-29,0.004675317372483918,0.002359497814260512
2007-07-02,0.005695654984444576,0.0036673656134847115
2007-07-03,0.0020924097614287026,0.0014766996704581312
2007-07-04,0.003706621099402147,0.0036863652340126327
2007-07-05,0.005839865836177166,0.004945705630013127
2007-07-06,0.007676796458672981,0.006821560955509486
2007-07-09,0.0008809387474105471,0.0008254509041763308
2007-07-10,-0.003951221101582056,-0.004995422473926952
2007-07-11,-0.0010822458364474746,2.2336140553125966e-06
2007-07-12,0.002484645258188577,0.0021544374759103683
2007-07-13,0.0027034272589892116,0.0013370001506684264
2007-07-16,0.004340833185634191,0.004854263882044012
2007-07-17,-0.002586176937102527,-0.0028867039435698624
2007-07-18,0.0004414157511357525,0.001730255888875722
2007-07-19,-0.0006066448374446842,0.0005996076344379682
2007-07-20,0.006591247614803669,0.006505563881528229
2007-07-23,0.00668635031049099,0.005386419237452957
2007-07-24,-0.0014453949489151372,-0.005113419911656126
2007-07-25,0.0008734019031871038,0.005080035932785917
2007-07-26,-0.004461614739688242,-0.007766401473861345
2007-07-27,0.0008743403594522915,0.0038503067490276064
2007-07-30,-0.009670687024116218,-0.010711767748958817
2007-07-31,0.010063106105137089,0.013500743211732802
2007-08-01,-0.006433566555678573,-0.009198088411727832
2007-08-02,0.005908873646604668,0.006804020449099071
2007-08-03,-0.0009104262857984985,-0.003602761562608306
2007-08-06,-0.007846301456497654,-0.015495153329305062
2007-08-07,0.00015637619855133773,0.0007368637588238179
2007-08-08,-0.0015406049856368203,-0.0020358002244854033
2007-08-09,-0.005913990105109734,-0.006060895122337233
2007-08-10,-0.004221604170122646,-0.004233573338868364
2007-08-13,-7.552827629756711e-05,1.8601361572461008e-05
2007-08-14,-0.001468207150203115,-0.0016894376115050647
2007-08-15,0.000553164779645672,-0.00022685492440110804
2007-08-16,0.0010293863445676608,0.00237922223598638
2007-08-17,-0.0010296642015859758,-0.0018955473063285537
2007-08-20,0.0050391877922938,0.005582222282628678
2007-08-21,0.0017439956896649867,0.003391170231905976
2007-08-22,0.0017301053519258086,0.0019193329381398262
2007-08-23,-0.0018664689176553552,-0.003531824347902427
2007-08-24,0.0003511064172900212,-0.001040255724981172
2007-08-27,0.0008568541091451909,0.000225805607652341
2007-08-28,-0.0017085812768383062,-0.0012611960895456966
2007-08-29,0.0013762812600612163,-0.0004087560409421938
2007-08-30,-0.0013905706190720745,-0.001138258691782534
2007-08-31,0.0026989733425283585,0.002119734562142951
2007-09-03,0.00039038509464094795,8.000221525210252e-05
2007-09-04,-0.0030080240046841795,-0.003216804784205491
2007-09-05,-0.0008037291112868151,-0.0006896098041629301
2007-09-06,0.003918400051412348,0.004830106792717171
2007-09-07,0.001909765456767596,0.002524762016666661
2007-09-10,-0.0030484636913086817,-0.0021165024948661443
2007-09-11,0.0007797154385613773,0.0025865717515407703
2007-09-12,-0.004905549821093583,-0.0006480277393204765
2007-09-13,0.004595444680795445,0.005138908258453431
2007-09-14,-0.002754068090864091,-0.004763105134816185
2007-09-17,0.0001116328865368027,0.0034339249694747068
2007-09-18,0.0038760036091297708,0.006737015764413261
2007-09-19,0.0048500615109997565,0.00812467973804503
2007-09-20,-0.00048022289930853566,0.0033372434605880327
2007-09-21,0.00033106806179462525,0.0006939013244241726
2007-09-24,-0.0026325303986688684,-0.004494323332715342
2007-09-25,-0.003706702895770048,-0.011126389644544344
2007-09-26,0.0002764072898191273,-3.760416223219256e-05
2007-09-27,0.00870215454958862,0.021494319638447123
2007-09-28,-0.002936643404512804,-0.007304897819645631
2007-10-01,-0.004570183316234256,-0.010678558619641986
2007-10-02,-0.00332755889273933,-0.004921258103912818
2007-10-03,0.0010958775011568542,0.00047306581860736847
2007-10-04,0.0026319281374437477,0.010651346829443362
2007-10-05,0.0014735033187329067,0.001337146661986031
2007-10-08,-0.0031540933881457575,-0.013456438804951579
2007-10-09,0.0024530853932401846,0.006387473687829718
2007-10-10,0.0010700248727245902,0.005022149211329059
2007-10-11,0.0038526622365721978,0.009637378999635288
2007-10-12,8.428069100881377e-05,0.001683290342407269
2007-10-15,-0.0015766146934417177,0.007475465835406719
2007-10-16,0.0022771342608015823,0.006045421686917938
2007-10-17,-0.004172119573660323,-0.005114779800784895
2007-10-18,0.007066769925907083,0.009500376404804316
2007-10-19,-0.0006645020983024448,-0.001671995233153822
2007-10-22,0.0002345578066771673,-0.0004495583876254006
2007-10-23,-0.0006474893205161244,-0.0011614396878723502
2007-10-24,0.003949524544373564,0.006519512136875819
2007-10-25,0.00977874104334875,0.014368277646827134
2007-10-26,0.005577836402261197,0.007502017474663077
2007-10-29,0.008574169019490731,0.01181325694657255
2007-10-30,-0.013603044747704955,-0.017806668779216644
2007-10-31,0.011559895274852813,0.01630908829183918
2007-11-01,-0.006512718701709698,-0.007974676642183924
2007-11-02,0.009579464380284465,0.01261200776745236
2007-11-05,-0.006852704494319743,-0.00810907455119697
2007-11-06,0.013056926483987749,0.015214647324490448
2007-11-07,0.0020971548096537637,0.002306215722239088
2007-11-08,-0.00279595397101355,-0.003053757089349136
2007-11-09,6.141326728194719e-05,0.0003143880730177272
2007-11-12,-0.007957182994186877,-0.009203541385025056
2007-11-13,-0.014019355517639042,-0.016334349600492324
2007-11-14,0.010351502381960868,0.012621346637144952
2007-11-15,-0.001559812713754118,-0.0022657354841483152
2007-11-16,0.0032547730124386828,0.004569400112465505
2007-11-19,0.006030390393943162,0.006748106310163912
2007-11-20,0.01437658732609353,0.017012533364702178
2007-11-21,-0.003716319682020295,-0.004299915563349344
2007-11-22,-0.0024062742668388253,-0.0029054797972377
2007-11-23,0.0030211003631598885,0.003966113668340966
2007-11-26,-0.0019861452439582762,-0.0023544662162540814
2007-11-27,-0.008626065523614126,-0.011058419374751013
2007-11-28,-0.00740182365193093,-0.009884652999376185
2007-11-29,0.002320180151386492,0.002996714119188316
2007-11-30,-0.0019083872522591052,-0.00411764536638273
2007-12-03,0.004311594446719459,0.00599972467132904
2007-12-04,0.00039524275233115996,0.00012270922980960218
2007-12-05,-0.002529079352928605,-0.004021560027473665
2007-12-06,0.00019908847296963225,0.003423694153947598
2007-12-07,0.0005238783877916396,-0.0017955722830710087
2007-12-10,0.001893441119633798,0.0015149523704695144
2007-12-11,0.0013468853099414789,0.003489534687784188
2007-12-12,-0.0028496657203644564,0.0017814766109094625
2007-12-13,-9.344897815705827e-05,-0.0020130242485903675
2007-12-14,0.003695280340405756,0.0035401455977706084
2007-12-17,-0.0013055902287448407,-0.0014599614788544466
2007-12-18,-0.0054605504651199,-0.007157541752247284
2007-12-19,0.0017881135213957072,0.003042127430440809
2007-12-20,0.000615063895490155,8.785304026434077e-05
2007-12-21,0.0018106308771973854,0.0030002760451629047
2007-12-24,0.0037505936578178314,0.004176545663655147
2007-12-26,0.0017205126781548261,0.0028205167850383355
2007-12-27,0.0017670038680495006,0.0023462839350041173
2007-12-28,-0.00663454730594427,-0.007032007243668296
2007-12-31,-0.0026308580961146334,-0.0026243332838557384
2008-01-02,0.009671144222752198,0.013124463764841636
2008-01-03,0.002100726448106873,0.0022476399874704653
2008-01-04,-0.0035527809657559047,-0.004219335937359785
2008-01-07,-0.00936682305457775,-0.013080870141111
2008-01-08,0.0018711552353969801,0.004064991407680264
2008-01-09,-0.004054116816160758,-0.007557701182556242
2008-01-10,-0.004862587090335557,-0.008836346417279217
2008-01-11,-0.0020430613640692766,-0.003990140773948182
2008-01-14,0.0031277183870552327,0.007154683828759615
2008-01-15,-0.0030440852736626483,-0.005404303596242013
2008-01-16,-0.0010975361067339583,-0.003253482992269872
2008-01-17,-0.0014658743020324581,-0.0018648114838400636
2008-01-18,0.0003950322971642431,0.00042916954128476427
2008-01-21,-0.004265482146353565,-0.0034626168933661397
2008-01-22,3.5710253151775316e-06,-0.00021207694573216514
2008-01-23,-0.00368945925640502,-0.002577967228890359
2008-01-24,0.0036158857559542997,0.001492743405345944
2008-01-25,0.0032912767584542236,0.0018263182981668867
2008-01-28,0.0010638767120888166,0.0006308825493002723
2008-01-29,0.0009983220500110067,0.0006612560378689286
2008-01-30,0.0008296752117269824,0.0005192565208961751
2008-01-31,-0.00035374970355365863,-0.00031682270983304713
2008-02-01,-0.0035117545661024793,-0.0035082740877443157
2008-02-04,-0.00013879232416063336,0.0001530291846868234
2008-02-05,-0.002406372106988386,-0.0032438973736708676
2008-02-06,-0.0013046747533523113,-0.0015199489997582297
2008-02-07,0.0002749243637790107,0.00047307554717000217
2008-02-08,0.0029321651905324085,0.003071353324574871
2008-02-11,0.002475988738039134,0.002364500308294278
2008-02-12,-0.0019682070710353005,-0.0024537971613565117
2008-02-13,0.0007570775838341166,0.0012933023090487298
2008-02-14,0.008016170861309084,0.010154798933029006
2008-02-15,-0.0023443816610904254,-0.002689732029526675
2008-02-18,0.0011001617923444664,0.0012948228649128427
2008-02-19,0.014642832318221272,0.017222598582137785
2008-02-20,-0.00033193044986521173,-0.0003362053577455415
2008-02-21,-0.006751258688469586,-0.007751945555308513
2008-02-22,0.005433855780137911,0.005796476374859263
2008-02-25,0.0022579363188513597,0.0026538898816963544
2008-02-26,0.006910750933855702,0.008469658844027316
2008-02-27,-0.00582844621170811,-0.00687487187815624
2008-02-28,0.012962723841440047,0.01734891516624647
2008-02-29,-0.0028946700743413163,-0.004723011721237025
2008-03-03,0.001083882415869287,0.002090376786943346
2008-03-04,-0.01146592483811518,-0.022213977800051982
2008-03-05,0.011779359542265675,0.023765035411940694
2008-03-06,0.0014937304864995355,0.0031734427975882973
2008-03-07,-0.001217612445769383,-0.0033586915455140758
2008-03-10,0.007170351145816045,0.009534182557120385
2008-03-11,0.002516992716682006,0.004061903579951017
2008-03-12,0.0035417049503055124,0.005646594490208607
2008-03-13,0.006233566371960917,0.00820298369179478
2008-03-14,-0.006035873189257912,-0.00705351822363736
2008-03-17,-0.022094595658809894,-0.03205824877498531
2008-03-18,0.010044612198565455,0.02234462045435422
2008-03-19,-0.009686937436490364,-0.02009182621149425
2008-03-20,-0.00010239366094870548,-0.000496172398904147
2008-03-24,0.0014724191596884742,0.0008917186901648303
2008-03-25,0.001538132552956723,0.002464898485262283
2008-03-26,0.005095598053992256,0.008828862395921165
2008-03-27,0.001220030163284116,0.0023349415144619046
2008-03-28,-0.0007123730798801045,-0.0022063523380755957
2008-03-31,-0.002330129110110502,-0.0060066100593328745
2008-04-01,-0.003238317224225943,-0.0034852437614773177
2008-04-02,0.005198788568147555,0.007720644696072761
2008-04-03,-0.004937780130879394,-0.005106933002394847
2008-04-04,0.0029651840409090162,0.0038816784902751616
2008-04-07,0.004863325619259806,0.005879518677565622
2008-04-08,-0.00171608164621071,-0.0022187580512945293
2008-04-09,0.004241985524992195,0.005778822040521045
2008-04-10,-0.00014238761123643135,-0.00035082665788349187
2008-04-11,-0.0007095816499239301,-0.00038985720658998223
2008-04-14,0.0026105548486877587,0.0033883690097571474
2008-04-15,0.005181148664013867,0.008070357041383766
2008-04-16,0.005023638318206612,0.006710924677352868
2008-04-17,-0.0004891807397892489,-0.0005161069097313718
2008-04-18,0.005918465159387845,0.007958482242054204
2008-04-21,0.0028720794028335417,0.003539824106569432
2008-04-22,0.0026142556701251114,0.004946921124914181
2008-04-23,0.003283172547884579,0.004082352812032723
2008-04-24,-0.006725005266502022,-0.01033014733068348
2008-04-25,0.0076841403451415905,0.010206118583610658
2008-04-28,0.003771819812430951,0.004287688873413143
2008-04-29,-0.014790953668908834,-0.018691217362189868
2008-04-30,-0.0058641894600105,-0.009266421361307937
2008-05-01,-0.003270531005738697,-0.005277021070589014
2008-05-02,0.009555665657032341,0.015721059796001035
2008-05-05,0.012848566013188248,0.019518284469995647
2008-05-06,0.00414507151496643,0.00797377847112861
2008-05-07,0.0064603853391227315,0.010218102079774541
2008-05-08,0.0005844381593982421,0.0018965074740382927
2008-05-09,0.009528497700315263,0.014513753748234715
2008-05-12,-0.007372985188485716,-0.010247841520857753
2008-05-13,0.0047236329272107,0.006727657563334179
2008-05-14,-0.0013139275421782063,-0.0023864647493933183
2008-05-15,-0.003395428226232773,-0.003770806425298291
2008-05-16,0.003176153911835089,0.00547704874361865
2008-05-19,7.322682606713312e-05,0.0007670702093731425
2008-05-20,0.013231344913609111,0.017271414518078565
2008-05-21,0.015089697168171823,0.02082731416293523
2008-05-22,-0.007676776030527244,-0.01156550452216714
2008-05-23,0.005022507045231093,0.005744446766732309
2008-05-26,0.0029426414873590973,0.003597341300746308
2008-05-27,-0.01145013857425072,-0.013960359844960234
2008-05-28,0.006906342356295558,0.008282932153655553
2008-05-29,-0.02023057133706939,-0.022895919197431353
2008-05-30,0.004952602884660949,0.005389040177904506
2008-06-02,0.005469124467151562,0.005939093641870757
2008-06-03,-0.00654497014247387,-0.008427112863090119
2008-06-04,-0.005850388492913308,-0.006428873241900644
2008-06-05,0.013963476423408358,0.01981882266765259
2008-06-06,0.02158640290012041,0.025975837801395688
2008-06-09,-0.006397846022890649,-0.00620677016881017
2008-06-10,-0.004976092352111903,-0.006231790776151259
2008-06-11,0.007641357444542754,0.011154236802327189
2008-06-12,0.0029041023995613102,0.0033931541514277967
2008-06-13,-0.004500679234507977,-0.005484525967881067
2008-06-16,0.0002610482816516693,0.0004101152821199114
2008-06-17,0.0044876525024910635,0.0036403775208474405
2008-06-18,0.0054344896143821535,0.0074335876250485764
2008-06-19,-0.007402744052310415,-0.011160024153554866
2008-06-20,0.003112049406380284,0.005194209804045387
2008-06-23,0.004040155642737028,0.00517278504860045
2008-06-24,-0.002736683744160402,-0.0023492091200233056
2008-06-25,-0.005150239797471473,-0.006850298354790768
2008-06-26,0.008283946257755824,0.012684980304509616
2008-06-27,-0.0001644630659008053,0.00039601929004904436
2008-06-30,0.002342210649978723,0.002277312039740287
2008-07-01,0.0024487437819693245,0.003535493986917592
2008-07-02,-0.0014532481391707388,0.0018929365371550752
2008-07-03,0.0032543126215128907,0.0051636069644086175
2008-07-04,-0.0013837203857588944,-0.006194430204686597
2008-07-07,-0.011157937311234004,-0.01787754562556044
2008-07-08,-0.010662760573967282,-0.021545424690113935
2008-07-09,-0.0036604967731788934,-0.0036172781680730696
2008-07-10,0.0019105911171847657,0.012682542069229709
2008-07-11,-0.0024964774524826212,0.0013722137421047186
2008-07-14,-2.1662435959035802e-05,5.76970638859813e-05
2008-07-15,-0.0015672845965986361,-0.010920215374143822
2008-07-16,0.0014553540173240058,-0.006368228772748573
2008-07-17,-7.347622141807887e-05,-0.010126410281590491
2008-07-18,0.0006527010356705574,-0.0007503304021468977
2008-07-21,-0.0037234891430564195,0.001756565342513482
2008-07-22,0.006104407772183973,-0.0010433210413190134
2008-07-23,0.007721167804950506,-0.0016590908075548901
2008-07-24,0.0023771071307170334,0.004684686321428745
2008-07-25,0.00626538569920707,0.0013992019972863898
2008-07-28,-0.0033674677668482614,-9.094120257268698e-07
2008-07-29,0.005999910223977061,-0.0006170426195191049
2008-07-30,-0.010168175266408005,0.0006498360832367282
2008-07-31,0.006728963588815921,1.018704311839576e-05
2008-08-01,-0.005244850443646085,-0.0034477089886887965
2008-08-04,0.016367553179874997,0.007301410574625928
2008-08-05,0.006631257198404736,-0.00010268318327946598
2008-08-06,0.0016654891072513604,-0.0005259415436106958
2008-08-07,0.0005480063922529002,0.0024010445810998256
2008-08-08,0.01598400839165248,0.007529101116493582
2008-08-11,0.00022253089985340793,-0.0011407645990784345
2008-08-12,0.004798514580916072,0.001474938612967879
2008-08-13,-0.01081174819235394,-0.005703092076757587
2008-08-14,0.008406448804949947,0.006381160903949343
2008-08-15,0.003727203293840579,0.0019541502179711927
2008-08-18,0.006474379834508215,0.00480232392853927
2008-08-19,-0.006928407664926088,-0.003971699959848372
2008-08-20,-0.006103229379006494,-0.0037367660214609045
2008-08-21,-0.02368356961930898,-0.012479935034625536
2008-08-22,0.025702647892569597,0.014857117748285624
2008-08-25,-0.0008551313814580108,-5.4159116453523495e-05
2008-08-26,-0.009228659994598301,-0.007880702839871896
2008-08-27,-0.007713514389476838,-0.005237297655556024
2008-08-28,0.01054014458845644,0.007201174456008259
2008-08-29,0.0018068190796267831,0.0016408497524963196
2008-09-01,0.018193235220640282,0.007601517183454265
2008-09-02,0.01704562642299327,0.012028349622006126
2008-09-03,0.0005508037010182944,0.00035227224867296405
2008-09-04,0.0033058250994260577,0.001602266904389597
2008-09-05,0.002850637568302983,0.0006866350557263604
2008-09-08,0.0012605617515332227,0.0009237085041995206
2008-09-09,0.0093023096262218,0.0060353332990710365
2008-09-10,0.006292845057099108,0.005336197475963932
2008-09-11,0.006683221020464393,0.006006752471888552
2008-09-12,-0.0021444737466417498,-0.002171135535264918
2008-09-15,0.011569723651829908,0.014277113682710263
2008-09-16,0.013093812460251668,0.014016109803202023
2008-09-17,-0.024256021022907897,-0.022680314837604947
2008-09-18,0.0023611197135514424,0.0026216568313887374
2008-09-19,-0.008559847394163432,-0.005938610290605517
2008-09-22,-0.013782287627570474,-0.009414638305381293
2008-09-23,0.003064038079293861,0.00013247029758129263
2008-09-24,0.004609295799963603,0.004193957638925167
2008-09-25,-0.0039544313977888145,-0.002252044671478447
2008-09-26,0.006073787032250509,0.005276758796047851
2008-09-29,0.023419736928353887,0.015365186477200324
2008-09-30,-0.0020064072267441343,-0.007359938249732315
2008-10-01,0.0007605200894449238,-0.002167143401233604
2008-10-02,0.014710359251913016,0.008970768032944604
2008-10-03,0.0025524135318598026,0.002244887487405104
2008-10-06,0.023398939342280267,0.015303608858748588
2008-10-07,-0.0023513847302784846,-0.0004101325764113435
2008-10-08,0.0012151355551831414,0.0008572659654738022
2008-10-09,0.002873171824486445,1.8947715812123466e-05
2008-10-10,0.029367072673879124,0.015072560942029122
2008-10-13,-0.014349198961848941,-0.007620382401353619
2008-10-14,0.007885405811184933,0.0028673658836928673
2008-10-15,0.015252979848318476,0.008246845104607709
2008-10-16,0.012130756958599902,0.0038821722715138645
2008-10-17,-0.007997083388365895,-0.0047292925955288
2008-10-20,-0.0056098809774932255,-0.0013609547254267794
2008-10-21,0.004095035731771794,0.0005079210279268593
2008-10-22,0.019884811775622135,0.010010200160025354
2008-10-23,0.0042494975660950516,0.006523916979201558
2008-10-24,0.016291099071304813,0.00924955129199347
2008-10-27,0.0054036986795093596,0.00404847642088785
2008-10-28,0.0015928531037814528,-0.00013133625103465123
2008-10-29,-0.02582022533247099,-0.01334928761608275
2008-10-30,-0.00623399843603338,-0.0033970507206965224
2008-10-31,-0.013625463856684754,-0.010790120521233695
2008-11-03,0.011125990412005356,0.005261741089442382
2008-11-04,-0.030820160836534733,-0.01976454031556488
2008-11-05,0.012969854921713956,0.006116652139742219
2008-11-06,0.016956169256568895,0.010481803336027856
2008-11-07,0.0031317699026782064,0.0033376190091082224
2008-11-10,-0.011462635221910497,-0.009520154405391402
2008-11-11,0.019104678841184775,0.014033796566360392
2008-11-12,0.015867623321369786,0.010436926349719178
2008-11-13,-0.005609351340976913,-0.002115410820951944
2008-11-14,0.006107157024151683,0.0031785713646985563
2008-11-17,0.004215075060515752,0.000536863873279201
2008-11-18,0.004000203477310894,0.0023520165286326903
2008-11-19,-0.0038043863502902468,-0.0038449026307650243
2008-11-20,0.022471041315839036,0.014986262617240282
2008-11-21,-0.005573885808449616,-0.003921155759129912
2008-11-24,-0.02501956595876127,-0.015472079286232858
2008-11-25,0.019677350978240957,0.013721141349245363
2008-11-26,-0.022478506567814263,-0.015257425003701197
2008-11-27,0.004388450749221894,0.0022586033928422137
2008-11-28,0.0011949628373789116,0.0016260086734147458
2008-12-01,0.018043498180600526,0.00877166040861327
2008-12-02,0.009982879358143047,0.005595698530329862
2008-12-03,-0.00033921165053705707,0.0004018564483649066
2008-12-04,0.016989236986332527,0.010941798676954937
2008-12-05,0.01662838322079592,0.010714803477717813
2008-12-08,-0.014117028708106391,-0.005680548627469156
2008-12-09,0.00768498937184011,0.003406088580970067
2008-12-10,-0.004716189719419824,-0.003839529055717573
2008-12-11,-0.019682522713478087,-0.008842811807513519
2008-12-12,0.007477295744422799,0.00551940135895838
2008-12-15,0.0026533840284162515,-5.3057810350625595e-05
2008-12-16,-0.00028049332521131826,-0.0015155196872152913
2008-12-17,0.005879207487770274,0.004014988337556243
2008-12-18,0.00980562818224197,0.005870422649842465
2008-12-19,0.0026382308422039894,0.00369157040799478
2008-12-22,0.012495302913086944,0.007108713476799645
2008-12-23,-0.007300965521315379,-0.009172523964612241
2008-12-24,0.012453798116541959,0.004798200867509012
2008-12-26,-0.008853716469159851,-0.0034594375399420647
2008-12-29,-0.015880914931370917,-0.010927261733029861
2008-12-30,0.004043693016882021,0.0041000860523804335
2008-12-31,-0.020638592755901772,-0.008459441310511183
2009-01-02,-0.012162662517835434,-0.009557242976471201
2009-01-05,-0.010291310028756143,-0.005511596759498954
2009-01-06,-0.00045527016600663966,0.0007301160416658272
2009-01-07,0.015036766435605748,0.00670466449861314
2009-01-08,0.006097608792600558,0.004617259563557419
2009-01-09,0.001155487089131902,0.0011074851118730925
2009-01-12,0.005015314050580776,0.0015057759790973908
2009-01-13,0.001002720203047892,0.004556108204109808
2009-01-14,0.003602900376972581,0.003744786201446382
2009-01-15,0.002904833617955703,0.0029502394333038805
2009-01-16,0.0035904126868146675,0.0019389144098929372
2009-01-19,0.010009984453193921,0.004401714077621199
2009-01-20,0.010599753978852785,0.007286625632484237
2009-01-21,-0.004355669576466363,-0.003836689489505357
2009-01-22,0.00131733633615121,0.0018171480073067802
2009-01-23,-0.0026806089413547295,0.0004948533327659316
2009-01-26,0.0039045402548534796,0.002592908224141379
2009-01-27,0.006205945989103338,0.0038767917720983025
2009-01-28,-0.002851945035046773,-0.0014473773557669726
2009-01-29,-0.005681396613466376,-0.0053980098838445146
2009-01-30,0.0052369065897394824,0.00511076795264626
2009-02-02,0.0012086931841723478,-0.0006901192859972554
2009-02-03,0.0005488541693818096,0.0006336827184140079
2009-02-04,-0.0036708591792112464,-0.0032958382021521285
2009-02-05,-0.0056298334291369385,-0.004437224885837044
2009-02-06,-0.004281992807658034,-0.004235965094162513
2009-02-09,-0.0006955253369861509,-0.0008685344131920157
2009-02-10,0.01158684464686255,0.010512735734587768
2009-02-11,0.0015107444061709379,0.0012818586490659827
2009-02-12,0.0011959209148674212,0.0015074040204105475
2009-02-13,0.00471094920947877,0.003973061379456408
2009-02-16,0.005977321428949282,0.0046176899036383945
2009-02-17,0.015485795569119729,0.014426754285406527
2009-02-18,0.004326389322749052,0.003718715503627386
2009-02-19,-0.003080685117616708,-0.0027385776330065554
2009-02-20,0.0037547567938842844,0.003705443561498899
2009-02-23,-0.0010186465283383908,-0.0010789580116529107
2009-02-24,-0.007478227851674826,-0.007233173504577553
2009-02-25,-0.005157607489417498,-0.004823331580327419
2009-02-26,-0.002434395765222496,-0.0020200792485380818
2009-02-27,-0.002352915899903905,-0.0023306145920405316
2009-03-02,0.010952937891126288,0.011080319972210276
2009-03-03,-0.007013880636423847,-0.007251229222169339
2009-03-04,-0.0077075097298261175,-0.008208589319119736
2009-03-05,0.011289148160647813,0.01155907877120021
2009-03-06,0.0032990569529196163,0.0030897843173983927
2009-03-09,0.004565705491919424,0.00462855384560537
2009-03-10,0.0008508112082299769,0.0008583743647828124
2009-03-11,0.007048621087292981,0.007338224420717496
2009-03-12,-0.01608010988234321,-0.016526193012784015
2009-03-13,0.0030940827894697285,0.0030396102822508333
2009-03-16,0.0016307412642579703,0.0017264038466776458
2009-03-17,-0.00238636874225475,-0.0016842931932705403
2009-03-18,0.003636501376535536,0.004034417640348395
2009-03-19,-0.02310141082373029,-0.021752601973094903
2009-03-20,-0.0019181702472070938,-0.0012886274849234873
2009-03-23,-0.003967151404978089,-0.0010493157766765712
2009-03-24,-0.00045426989887538985,-0.0007254900625749677
2009-03-25,0.001769011182986056,-0.00011656696045745458
2009-03-26,0.0025508642942232347,0.00402419528839991
2009-03-27,0.004153338373162465,0.00275771237535252
2009-03-30,0.002493124467309686,-0.0011173680655637396
2009-03-31,-0.0011505274383886808,-0.0002100011731017955
2009-04-01,0.0017558093188499663,0.0006624539985408063
2009-04-02,-0.0043118178012185315,3.570615238385749e-06
2009-04-03,-0.0006018736096031031,-0.00012929892649881592
2009-04-06,0.0025059664525206127,0.0017115428726500535
2009-04-07,0.00530847622722382,0.004473797481915312
2009-04-08,-0.002367866882954874,-0.0021266353527814507
2009-04-09,-0.001006395716961362,0.0010608556919389145
2009-04-13,0.000595107798415216,-0.0012377548404096394
2009-04-14,-0.0018294866430959924,-0.0020362262359495437
2009-04-15,0.0003885767475593025,-0.000578845364122934
2009-04-16,0.0026316414741188554,0.0032574770468745966
2009-04-17,-0.004338582055685926,-0.00420188692483619
2009-04-20,0.007186440612031549,0.0033308834437805438
2009-04-21,0.0011346540571301642,0.0011234883272834648
2009-04-22,-0.00035960128410537673,-0.0003561581353895657
2009-04-23,0.004358270589687436,0.0042459642087483715
2009-04-24,0.001990622623279231,0.0014419793092053876
2009-04-27,0.0035033564641504095,0.003964733428316142
2009-04-28,-0.0024813847182185455,-0.002506874066746874
2009-04-29,0.00018350993503640808,-0.00021183162307883505
2009-04-30,0.0009786520298198373,0.0010221704514028801
2009-05-01,-0.00893636452114499,-0.008665687175987606
2009-05-04,-0.008510729867890579,-0.007094202020189007
2009-05-05,0.0039978703431504305,0.003551880208235354
2009-05-06,-0.009864579905375691,-0.00971285649435843
2009-05-07,-0.005322168487791011,-0.005194130260233285
2009-05-08,-0.002666189414508193,-0.0016486690934042543
2009-05-11,-0.0004140327064234461,-0.0007788019754206146
2009-05-12,-0.0013600335682374053,-0.0010752479108286082
2009-05-13,0.00015649250428776966,-0.0005558090920095559
2009-05-14,0.0008098656308195692,0.0011946715920909008
2009-05-15,-0.0022378654133162266,-0.004302562296127833
2009-05-18,0.003115517243622633,0.004839625983663358
2009-05-19,0.002593379968462799,0.0029175686646825427
2009-05-20,0.0019363301339130048,0.002338407710722299
2009-05-21,0.0020163289831258593,0.0018197247639788205
2009-05-22,0.002246967091797666,0.0024386308425761176
2009-05-25,-0.0017359918291206973,-0.0019057699904651225
2009-05-26,0.0013696989453192098,0.0015246082079601493
2009-05-27,0.0027652307309770116,0.0029141725389469626
2009-05-28,0.0002769190402144844,0.0006537058385524333
2009-05-29,0.0038259507538910983,0.004265133531928764
2009-06-01,0.00189683487609074,0.003107698615555488
2009-06-02,0.001871250117228783,0.0021430120349072777
2009-06-03,-0.0026628829913920462,-0.003997566262503172
2009-06-04,0.006418374666681686,0.008236253421212468
2009-06-05,-0.0013037038223719585,-0.0014778972238354098
2009-06-08,-5.175711156980483e-05,-0.00023934430758705736
2009-06-09,0.0039138608730176095,0.005032067226761402
2009-06-10,0.003016524786231718,0.003801220314156179
2009-06-11,0.0015213425076687841,0.002349304411459714
2009-06-12,-0.0015903810475402333,-0.0020331462627616466
2009-06-15,-0.006854262923872646,-0.007636295720453742
2009-06-16,-0.0002601056658878891,-0.00029986288210538214
2009-06-17,0.0018802676820965948,0.002058909246984226
2009-06-18,0.0003579074003954976,0.0003720133433561326
2009-06-19,-0.005906205592957538,-0.006359941719315854
2009-06-22,-0.00807380648044803,-0.008965896389829416
2009-06-23,0.0051718643613682365,0.005537093633979032
2009-06-24,-0.001076939282489168,-0.0011656016178240786
2009-06-25,0.003659211394689572,0.004017709331160233
2009-06-26,-0.0036241610455700246,-0.0038543894857613445
2009-06-29,0.006980635009721054,0.007326564497900979
2009-06-30,-0.003206049725511254,-0.0034589751763965805
2009-07-01,-0.0005994403323265101,-0.0006754165907690655
2009-07-02,-0.0007767259198450961,-0.0010304485442725983
2009-07-03,-0.0016364197532798875,-0.0015305536114390698
2009-07-06,0.0009197826199011915,0.0011733775547865786
2009-07-07,0.0006960092479855624,0.0013589463608088253
2009-07-08,0.00041471004340944573,0.0026830198269699435
2009-07-09,-0.0014487814367916095,-0.0019054647889678266
2009-07-10,0.0008954298269553345,0.0016979629806315323
2009-07-13,0.0031331679509797616,0.0033054205335217115
2009-07-14,-0.006358492023670174,-0.0064455452463898074
2009-07-15,0.004892361489497287,0.00031553188204627654
2009-07-16,-0.014112778489725994,-0.01496058033724207
2009-07-17,-0.00013311831925243793,-0.0025135628238500914
2009-07-20,-0.0009965378588365217,-0.0015823307564294205
2009-07-21,-0.00027927204713930364,-0.00033167591853702793
2009-07-22,-0.0014973938277797114,-0.0014882294130230944
2009-07-23,0.0035579578212250346,0.003377063956641293
2009-07-24,-0.0013879865133657,-0.0012038331209345912
2009-07-27,0.0009015509918379551,0.0008599096556223864
2009-07-28,-0.0006519949097475038,-0.0010984656591379988
2009-07-29,-0.002157526977955155,-0.002319072393174464
2009-07-30,0.0001991904497715818,-0.0008586305147368559
2009-07-31,0.0031627403097103865,0.0028636249522954126
2009-08-03,-0.002810739348802355,-0.002935417919206013
2009-08-04,0.0013806436042013651,0.0013938622471707529
2009-08-05,0.0020301780089638406,0.00234137519785298
2009-08-06,-6.981288084480881e-05,-0.00021851112283593075
2009-08-07,-0.0029347932558613948,-0.003457765364252115
2009-08-10,0.00013065839603831008,0.00013815319940653029
2009-08-11,-0.003145484856925823,-0.00336443551803615
2009-08-12,0.0016348878392385023,0.0016541260116669154
2009-08-13,0.0023218904537567263,0.002339830175562904
2009-08-14,-0.007685127748372159,-0.007770397145226787
2009-08-17,-0.0003596553503121512,-0.0005663288676179982
2009-08-18,0.007175498996490256,0.007323654452730728
2009-08-19,0.005562014918644551,0.005715569617517784
2009-08-20,0.0017693145708549535,0.001680425810373639
2009-08-21,0.005412073062699622,0.00548671928389943
2009-08-24,-0.003670294297654784,-0.0036302711475244796
2009-08-25,-0.004001091903027179,-0.004907904782716727
2009-08-26,-0.0013160259614699505,-0.0014666829010931734
2009-08-27,0.0034188792043132244,0.0035561915167955246
2009-08-28,0.0040570662861066815,0.004095990969475723
2009-08-31,-0.0051816958559474935,-0.0055828966956129366
2009-09-01,0.0016391030039117095,0.003642629422889432
2009-09-02,0.00024377498896905933,0.00044039609253324383
2009-09-03,0.005100449653686996,0.005857507051457919
2009-09-04,0.0002104678364655905,0.0006545176197326642
2009-09-07,-1.5418794712509322e-05,0.0001352403101583819
2009-09-08,-0.0031272116875518444,-0.009268870823522058
2009-09-09,-0.0006013556498436513,-0.001264837630152827
2009-09-10,-0.011082893460194523,-0.011495937373668412
2009-09-11,0.0054304326112201195,0.009164612590636473
2009-09-14,-0.0065995555072654215,-0.006234202653179214
2009-09-15,0.0007260071358054868,-0.0023705617897503977
2009-09-16,-0.009265643486808826,-0.012020334139622937
2009-09-17,0.003860041120934374,0.0038116818401084077
2009-09-18,-0.004410549226611449,-0.003971839077851325
2009-09-21,0.00025130757319480915,0.0033961340222034273
2009-09-22,-0.00025611116906619345,-0.00313929092885425
2009-09-23,-0.004758636317365138,-0.0007566015419981864
2009-09-24,-0.0021396631233979134,0.003936270246030685
2009-09-25,-0.0005731664036864681,-0.0009127391338683658
2009-09-28,0.0003778578972587039,-0.0011088071278779824
2009-09-29,-0.0005425344227729631,-0.0003948228723749608
2009-09-30,-0.0016191558710808203,-0.011032124206734531
2009-10-01,0.001870215016234658,0.0015074610829411393
2009-10-02,-0.0021524988072696154,-0.001529779173860427
2009-10-05,-0.0009812169675923708,-0.001035916557142406
2009-10-06,0.001094902781233045,0.0007731307866166767
2009-10-07,-0.002335039748183682,-0.0011938364733719477
2009-10-08,0.0019008529208435568,-0.0012612259084535372
2009-10-09,0.0006418456045504272,0.0004622477176226584
2009-10-12,0.0006902387916329243,-0.000873264017313898
2009-10-13,0.0022589371117466826,0.0021417989248567844
2009-10-14,0.0020247717969736796,0.0018988412942432073
2009-10-15,0.004699297718456805,0.004277679832872713
2009-10-16,-0.0002868333417390321,0.0007199186297500112
2009-10-19,0.0007008095268661749,0.0017632766223824733
2009-10-20,-0.0013195418743359923,-0.002133428020077256
2009-10-21,0.00433306096821583,0.0087243158064758
2009-10-22,0.00020763199644338798,5.7586844943065446e-05
2009-10-23,-0.001417311821958857,-0.00271852151571634
2009-10-26,-0.0030058983802928557,-0.006672119417762914
2009-10-27,0.0007377801646719726,0.0018848598993388462
2009-10-28,-0.003030898501407834,-0.006234399763365674
2009-10-29,0.004309536444492988,0.008392686930132084
2009-10-30,-0.005282520773532691,-0.010980969615532847
2009-11-02,0.005208558172613037,0.007226822694394672
2009-11-03,0.0005033928417030514,0.0026271835316993876
2009-11-04,0.0040887285192052,0.005831508254411861
2009-11-05,-0.0023232918386838597,-0.004502865367649242
2009-11-06,-0.00014119503642925796,-0.005504120538351721
2009-11-09,0.0011435137264279853,0.006576353465985687
2009-11-10,0.003094974770911024,0.0019838829933547047
2009-11-11,-0.00032418512316180915,0.0009510934948643515
2009-11-12,0.0009041114387645816,-0.004142294985536119
2009-11-13,-0.0016125100582984658,-0.0031683779782902717
2009-11-16,-0.003998329403521191,0.0022238527343759577
2009-11-17,0.0025292406019540256,0.003331637769254721
2009-11-18,0.0074872636238423424,0.008620490904298837
2009-11-19,-0.0045607498747677585,-0.00863871002944396
2009-11-20,-0.0017277418128596033,-0.0026235481093924164
2009-11-23,-0.0008005557454858937,-0.0005383220553367875
2009-11-24,-0.00013969373966346752,-0.002038184973363061
2009-11-25,-0.008918112858345742,-0.0048227069236421935
2009-11-26,-0.0010406187192480766,-0.0049613710339129315
2009-11-27,-0.001152877824136316,-0.0025939848768316513
2009-11-30,0.006718036247018443,0.010312311042560961
2009-12-01,0.002852811390747511,0.005267585285654207
2009-12-02,0.0033119257212237355,-0.0005192192006274633
2009-12-03,0.0021882581904867954,0.003497749936931077
2009-12-04,-0.003392295930187412,-0.005890792452883505
2009-12-07,-0.009421797349559282,-0.01225038546189631
2009-12-08,-0.0012708281211503535,-0.005422526118931238
2009-12-09,0.0018175708516599606,-0.004499900984386984
2009-12-10,-0.0053255013758891296,-0.006443239184999905
2009-12-11,0.0005585135923261423,0.0005047065995609463
2009-12-14,-0.0004506320069191897,-0.00045083807509861077
2009-12-15,-0.0007866993391593523,-0.0007152197591176508
2009-12-16,-0.0028112099108339923,-0.0008159472971548922
2009-12-17,0.00038300986541263274,-0.0007463865002976308
2009-12-18,-0.0007742869287399571,0.00017878887959130077
2009-12-21,0.0008103797631668911,-0.00017723471318782362
2009-12-22,-0.000296103471599236,0.00011402176456307152
2009-12-23,-0.001327457915329426,0.00070348203400768
2009-12-24,-0.00027256518243106017,0.00011227247837910777
2009-12-28,0.0006647591045450211,0.0015602453148443002
2009-12-29,-9.736391146492128e-05,3.073611051676457e-05
2009-12-30,9.516560325386323e-05,0.000528267739394196
2009-12-31,-0.0005344195488614694,-0.0007753372266640057
2010-01-04,0.0033146040835970113,0.004834531176321432
2010-01-05,0.0016994287281874494,0.0023425852427575505
2010-01-06,0.005329121329736497,0.007418407640038081
2010-01-07,-0.0019238678369522168,-0.003197555638640191
2010-01-08,0.0004008810764677437,0.0008176781763425236
2010-01-11,-0.0015668788498519948,-0.0022460953291340026
2010-01-12,-0.004998117697876896,-0.009337769919384445
2010-01-13,-0.0025777558875181837,-0.005362870052006298
2010-01-14,-0.00012067230181725099,-0.0004706375336748676
2010-01-15,-0.006526457893999418,-0.00698140419622983
2010-01-18,-0.00029621646295060133,-0.00026354098355517815
2010-01-19,0.002614855483598233,0.00212627957569754
2010-01-20,-0.005331148309097742,-0.004024598384934985
2010-01-21,-0.008572412056922591,-0.006130557606477783
2010-01-22,-0.007299596027034827,-0.004278303138327876
2010-01-25,0.0024536039669985576,-0.0001903382650429433
2010-01-26,9.309643274990852e-05,0.0019974540098360864
2010-01-27,-0.0006008495350449932,0.00349424239730016
2010-01-28,0.0005083549083716943,0.0011175623119707551
2010-01-29,-0.0010744978782010021,0.0015879637735894288
2010-02-01,-0.0015735926725853114,-0.008537387923225654
2010-02-02,0.00405641036958867,-0.007843881924025424
2010-02-03,0.00017096186694300213,0.0009362548305686757
2010-02-04,-0.009284991261131288,0.0062580974385099694
2010-02-05,-0.006575961789602275,0.0033291063428319994
2010-02-08,0.00226502449646057,-0.0005385460072277411
2010-02-09,0.004219942769145228,-0.00371559035998623
2010-02-10,0.000574004509945297,-0.0009530087928653458
2010-02-11,0.0007685732036492145,-0.002686338841660967
2010-02-12,-0.0021322302952689032,0.0017553297086257927
2010-02-15,-0.0008835509167477315,0.0011695789470184117
2010-02-16,0.0053193169851814956,-0.00475688439371939
2010-02-17,0.0002162016701727919,-0.0009104346275000929
2010-02-18,0.00477542226297881,-0.0002038516706833497
2010-02-19,0.0020713903946702216,0.0008598050472304561
2010-02-22,0.004100821959748258,0.0026153479347213577
2010-02-23,-0.00973967230912218,-0.0025445594337621257
2010-02-24,0.00200138992626818,0.0012910910415105503
2010-02-25,-0.006773933497925508,-0.0008190805436770733
2010-02-26,0.004627114134053401,0.0006207674040757594
2010-03-01,-7.825701213439532e-05,0.0022565512776561575
2010-03-02,0.003855199246659901,0.000777263978650646
2010-03-03,0.003972619718526698,0.0003288926062817248
2010-03-04,0.002759636481441828,0.0043449268785634
2010-03-05,0.006063902201664625,0.0017587325079088893
2010-03-08,0.0046516755822621015,0.0031123996086667876
2010-03-09,-0.0021647901060569013,-0.000913405096126879
2010-03-10,0.0006434529879767375,-0.0004447035910493926
2010-03-11,0.003639564118897746,0.0035222057024681037
2010-03-12,-0.0047006674759391244,-0.002532401677419463
2010-03-15,-0.009289782754282815,-0.005217411684909086
2010-03-16,0.012905028552418383,0.007902609143912243
2010-03-17,0.00984961264058932,0.006784696142144568
2010-03-18,0.007051888001374747,0.007900888623830432
2010-03-19,-0.013326522557928794,-0.00959762347580106
2010-03-22,0.007936401711385543,0.006391009036185158
2010-03-23,-0.001028688713506187,-0.0013976181298854062
2010-03-24,-0.005017419217672659,-0.0028212636106022173
2010-03-25,0.00545105983423867,0.005434180599137736
2010-03-26,0.0017863479371611046,0.002628076089685715
2010-03-29,0.010966104720927123,0.007275427802306819
2010-03-30,-0.001919653554778681,-0.0023038834761692074
2010-03-31,0.013202472850331345,0.009998595035296157
2010-04-01,-0.002293722336711697,-0.004889465384629768
2010-04-05,0.003403567964710204,-0.00027246227751718627
2010-04-06,0.009021056341262528,0.008382382793717847
2010-04-07,1.162456925740916e-05,0.0005243613734333945
2010-04-08,0.001268335108051729,0.001375350928168687
2010-04-09,-0.005528816851614243,-0.0055230922448401805
2010-04-12,0.002616217529806435,0.0026541404234100095
2010-04-13,-0.006848352126573848,-0.007013830636388205
2010-04-14,0.005518516534145479,0.0062121751703862445
2010-04-15,0.010728302075668108,0.011100627248163146
2010-04-16,-0.009581753253590683,-0.01094356815675908
2010-04-19,-0.004900344001459003,-0.006926417582561908
2010-04-20,0.0014903582348477936,0.001830387056667238
2010-04-21,0.005658662759561017,0.00608285223533117
2010-04-22,-0.005236103211379402,-0.005181750819121383
2010-04-23,0.002907444138231256,0.003635545740005963
2010-04-26,-0.001623168285914272,-0.0016674861742746246
2010-04-27,-0.004562017313233573,-0.004970899978096409
2010-04-28,0.001275338175126353,0.0014290255630363558
2010-04-29,0.009736157338561086,0.01010232782391727
2010-04-30,0.005968203570924507,0.006190919578570104
2010-05-03,0.006427807306580762,0.006755930712895686
2010-05-04,-0.02001987494219642,-0.02123774671291824
2010-05-05,-0.010716927996036909,-0.011863501992211216
2010-05-06,-0.004974188791849536,-0.006348008153844735
2010-05-07,-0.005250626201537501,-0.005216841279124795
2010-05-10,-0.0004127671848898363,-0.0011632258192150133
2010-05-11,0.0016591021621954801,0.0015332880274079137
2010-05-12,-0.002453987545087763,-0.00274859362095789
2010-05-13,-0.002426145592638415,-0.001984646740364094
2010-05-14,-0.005129383798304845,-0.0031078076396718387
2010-05-17,-0.00673233491088851,-0.002474222252767066
2010-05-18,-0.00025682901398962535,0.0015345796643151006
2010-05-19,0.001065814174684954,0.0034168839313644304
2010-05-20,-0.0011726762885346765,0.004721169062391722
2010-05-21,0.0009455100452261557,0.0009090476387964967
2010-05-24,0.0007919722851265945,0.0018889073215606685
2010-05-25,-0.0007407473955446925,0.004926163658781259
2010-05-26,-0.0018439509156090276,-0.010715566976131028
2010-05-27,-0.004295710667663036,-0.015323827169825046
2010-05-28,-0.000869756713297668,0.0005502937765375523
2010-05-31,-0.0007564584331852928,-0.0040490008683548104
2010-06-01,0.0022597227030034975,0.006881256885149908
2010-06-02,-0.0034365275793274246,-0.006457168949411934
2010-06-03,-0.0036617750515953004,-0.008490748390532632
2010-06-04,-0.000840525204060218,0.009256975729358049
2010-06-07,-0.0009125195099048311,-0.0012708382581524188
2010-06-08,-0.0004355608340534016,-0.0004638675243085574
2010-06-09,-0.0009024903512583031,-0.007134590547032231
2010-06-10,-0.00015268444456155545,-0.0037402683241693686
2010-06-11,-0.00015417159405699892,0.0024837697101229976
2010-06-14,0.0010733652524741652,-0.0004657813906674857
2010-06-15,0.001915878118251577,-0.001625182192157809
2010-06-16,-0.0003365731094467095,-0.00252036286084844
2010-06-17,0.0017139090932537157,0.0013870716305966451
2010-06-18,-0.002269210354543858,-0.0014737364514140338
2010-06-21,-0.0001273266598778407,-0.0011591020415178753
2010-06-22,-0.003445578475405435,-0.001108416644568085
2010-06-23,-0.00507156931738976,-0.00030389668372994924
2010-06-24,-0.0006204913091109408,-0.0005867434074063629
2010-06-25,0.006516034645399468,0.0007627329634936354
2010-06-28,-0.0027596668099488415,-0.0014146484767254745
2010-06-29,-0.00908958301747312,-0.0017722978144964383
2010-06-30,-0.0009701065368383609,0.0007865708652006965
2010-07-01,-0.005271117688076729,0.00299567424037017
2010-07-02,-0.0014977866332325205,0.001715632945306059
2010-07-05,-0.00029553622446791094,0.00037982673038022005
2010-07-06,8.195765360123997e-05,-0.00035995858234777787
2010-07-07,0.001969857479500753,-0.007426959427866212
2010-07-08,0.0028361249235996644,-0.002198754453650392
2010-07-09,0.0006724340629095212,-0.0010059110038694726
2010-07-12,-0.001483558631470894,0.0025665027253194924
2010-07-13,0.003072353715023464,-0.004163397818425891
2010-07-14,0.0006622535527946494,0.0010280530545503086
2010-07-15,-0.007471215626130929,-0.006246478589779521
2010-07-16,0.0003859650740174792,0.0022213097794652847
2010-07-19,-0.0003770941116255392,-0.0006028623823264859
2010-07-20,-0.0015846819056917771,-0.001997328950978316
2010-07-21,0.0018746122216945008,0.0025144539225594007
2010-07-22,-0.004015784946692399,-0.005539213916472985
2010-07-23,0.0007468271170512642,0.0007166185403585878
2010-07-26,-0.0003868864010991052,-0.0004122712889297428
2010-07-27,-0.0005196473829689184,-0.0002988117032172542
2010-07-28,-0.0006087235414145551,-0.0006260801102033485
2010-07-29,-0.00212873766045322,-0.0022512331398188232
2010-07-30,-0.00020499253671645059,-0.00014024258877376957
2010-08-02,-0.0005259448701092583,-0.0006195549047311457
2010-08-03,0.0007476466502627179,0.0005656030306068039
2010-08-04,-0.0005312124334178127,-0.000656016793854324
2010-08-05,-0.0009272618321637875,-0.001476208126958827
2010-08-06,-0.0006046563288179441,-0.0012048327529275735
2010-08-09,0.0011973857219562728,0.0018917366874106193
2010-08-10,-0.0005840054507632264,-0.0018713679522883245
2010-08-11,-0.0015066015306632683,-0.003446487101239853
2010-08-12,0.002826906810208338,0.00016778142681287428
2010-08-13,-0.00028474540705420993,-0.00024523742473130393
2010-08-16,0.0027262233839216317,0.0027004858576307445
2010-08-17,-0.003697893743066319,-0.0038645371355908614
2010-08-18,0.0011643835386485775,0.001138049098984833
2010-08-19,0.003566816825050855,0.0043332869387321905
2010-08-20,0.003675259230628735,0.004426367856614712
2010-08-23,0.0028880856289127213,0.0036395307254666882
2010-08-24,0.003718039062571701,0.005757118025793667
2010-08-25,0.0009698391396257576,-0.0010062196089205677
2010-08-26,-0.0029276010714443996,-0.006235086349310297
2010-08-27,-0.0006690116674960914,-0.005137486162209754
2010-08-30,-0.005272989450305359,-0.0051393180107376845
2010-08-31,0.0006821243442533985,0.0020385402048935576
2010-09-01,-0.0005641331791446281,-0.0036736214008394464
2010-09-02,0.001305980722367109,0.000527881453778661
2010-09-03,-0.00444154350157357,-0.004208164527916909
2010-09-06,-8.627477241902751e-05,-0.00014485300857271872
2010-09-07,0.0030362121478619834,0.0029442968860696208
2010-09-08,7.280260011740069e-05,-6.468642458042584e-05
2010-09-09,0.0022952171655447203,0.0026289529753165935
2010-09-10,-0.004277307415810119,-0.005293842736983694
2010-09-13,-0.0012967043083599934,-0.002193287297841766
2010-09-14,0.0017304907625019282,0.0016959294869536747
2010-09-15,-0.00018785722244761189,-0.0001156993739481289
2010-09-16,-0.0024807913298787124,-0.0021931818013187793
2010-09-17,0.0008436279091432858,0.0012731264134556487
2010-09-20,0.008916317043721976,0.007463080121714466
2010-09-21,-0.004309886798001456,-0.0033309239425668036
2010-09-22,-0.0024476265846154793,-0.0021252032759602082
2010-09-23,-0.0021209138989612005,-0.0025276436279415377
2010-09-24,0.006053374830536117,0.004353175024665936
2010-09-27,0.004523102705050225,0.0047148564417022155
2010-09-28,0.0007614839129618827,0.0007343699419179334
2010-09-29,0.002306812949669237,0.0010769852414839536
2010-09-30,0.00719117265576442,0.005140217085308783
2010-10-01,0.007503871844928484,0.006548167247293353
2010-10-04,-0.0003239327627718117,-8.729202536076827e-05
2010-10-05,0.005496879268078296,0.004722114196071878
2010-10-06,-0.0049683606125699485,-0.005043667439982805
2010-10-07,0.0018924784131306657,0.0024223275866365134
2010-10-08,0.0010788635011880713,0.0005911832732569481
2010-10-11,0.0003949030384703123,0.0005503631724267138
2010-10-12,-0.0012031033480962717,-0.0009206489939367636
2010-10-13,0.002939872665721105,0.0021916850566548332
2010-10-14,-0.001383088113124871,-0.0010390504620354536
2010-10-15,0.003396758201417672,-0.0016912014603150081
2010-10-18,0.003238814672819678,0.010084685217341073
2010-10-19,-0.002267763920015825,-0.014218562057123392
2010-10-20,6.553421714188279e-05,0.006748065526091431
2010-10-21,0.007294197102529974,0.0018409538045848425
2010-10-22,0.003133532455417146,0.006219490266575135
2010-10-25,0.0014444888035533771,0.00279235595402107
2010-10-26,-0.00549332162453114,-0.005303147187536648
2010-10-27,3.3827578399271024e-05,-0.0008739195945742175
2010-10-28,-0.005825580018955888,-0.005067605128663866
2010-10-29,-0.00626042334394752,-0.008216284370934497
2010-11-01,0.006177664860207731,0.009435081826536641
2010-11-02,-0.0020390126552775893,-5.455238423288331e-08
2010-11-03,0.0011611507121469212,0.003851044267732851
2010-11-04,1.5025476572759084e-05,0.005180900157216243
2010-11-05,-0.0025554909190863375,-0.0017310928537811526
2010-11-08,-0.0037419979574618042,-0.0026399105821444356
2010-11-09,-0.003492427538739646,-0.004398121851432085
2010-11-10,0.003141405681036698,0.005126746367918933
2010-11-11,0.0031847120272125245,0.0032517061604637326
2010-11-12,-0.00260751056196339,-0.010966390234613215
2010-11-15,-0.0012758997838571687,-0.0010194077267353541
2010-11-16,-0.002525080732152146,-0.00732711131999398
2010-11-17,-0.008089435350682494,-0.0099493323030247
2010-11-18,0.0015186596873451453,0.002915981110089734
2010-11-19,-0.004162414663960172,-0.0042936382768383
2010-11-22,-0.0023051660813994328,-0.002465188023100826
2010-11-23,3.607756019942406e-05,-0.00026864610207210683
2010-11-24,-0.00021077277944520244,-0.0011191294004152547
2010-11-25,0.0005563406012185332,0.0008743654746171206
2010-11-26,-0.0007558567005760205,-0.0010265421937275105
2010-11-29,0.003565754148097214,0.004515134979043179
2010-11-30,-0.0027890530634845905,-0.0039020191554663534
2010-12-01,0.0034576207005777904,0.004541693026641625
2010-12-02,0.0027298789924418572,0.002434341846007168
2010-12-03,0.002331009274983385,0.001643045030195236
2010-12-06,-0.0026899028112931174,-0.002152164968883516
2010-12-07,0.002196891246106941,0.000918615960522472
2010-12-08,-0.002994885265063758,-0.002840088318896689
2010-12-09,0.001067821214330178,0.001062747453451894
2010-12-10,-0.002543018891786692,-0.0019677871553336478
2010-12-13,0.0037573681529055407,0.0028281810084167538
2010-12-14,0.001107645766095463,0.00099521789114711
2010-12-15,0.003343091348115196,0.0036481265395989196
2010-12-16,-0.0006095474097543353,-0.0008999735479332326
2010-12-17,-2.3084801049521713e-05,2.1167349202936636e-05
2010-12-20,0.000719340365373969,0.0012908002342487408
2010-12-21,0.004371415258259578,0.004469068152267727
2010-12-22,5.3722085144549944e-05,-0.00011681306323287673
2010-12-23,0.005548213890411685,0.004938462871789708
2010-12-24,-0.005069414233504474,-0.004623969064275336
2010-12-27,-0.0009387568658945416,-0.0008437991031247619
2010-12-28,0.0002552975725787487,8.706290978402707e-05
2010-12-29,-0.0017694552153500812,-0.0017772456563958042
2010-12-30,-0.006570366889018359,-0.006704053432988489
2010-12-31,0.009238330249441363,0.009820340251589921
2011-01-03,0.0014164968899757864,0.0014323096218126895
2011-01-04,-0.007879249811470826,-0.008110262531703867
2011-01-05,0.009678662139330997,0.009954523264228044
2011-01-06,-0.0062181765022011415,-0.0063483062589293265
2011-01-07,-0.007994443758055787,-0.00781359407316179
2011-01-10,0.013743696942739985,0.012470944383373503
2011-01-11,0.010060728890443894,0.009004312770262589
2011-01-12,0.0016472142721997267,0.0014978662546222482
2011-01-13,-0.002575210005462426,-0.002369782466311382
2011-01-14,0.005761013163681603,0.005362617743002368
2011-01-17,-0.01041279756989551,-0.008647661477567558
2011-01-18,0.0007077283809817271,0.0005845487136789834
2011-01-19,0.0009425168096066313,0.0009311964593463408
2011-01-20,-0.010237047771081514,-0.008226566841613719
2011-01-21,0.005630993105710756,0.004705275975273764
2011-01-24,-0.008489740026189935,-0.0072029695877691745
2011-01-25,-0.011971420899756176,-0.009609233131177147
2011-01-26,0.017424556853756514,0.011645846767243168
2011-01-27,-0.004549319578518833,-0.003920505333832006
2011-01-28,0.01660761199544866,0.011894361969902128
2011-01-31,0.011652089713479025,0.008581095517980211
2011-02-01,0.0023116330151265858,0.0017050696098972519
2011-02-02,0.00518857671898039,0.004029119227761811
2011-02-03,-0.0025866772992751003,-0.0020479608885812517
2011-02-04,-0.011481874133577695,-0.009482654121635391
2011-02-07,-0.0014334054271547263,-0.0009063348658464327
2011-02-08,0.005031791306810601,0.004394088008846337
2011-02-09,0.007639971451119578,0.006306059186861723
2011-02-10,-0.004675663970498844,-0.003639147429844206
2011-02-11,-0.002155121354833273,-0.001457899589828522
2011-02-14,0.008832342851158676,0.007234847787282593
2011-02-15,-0.012674544921246719,-0.010548870813687244
2011-02-16,0.010238648146442602,0.008488969531952476
2011-02-17,-0.00391752878559731,-0.0026551351959762017
2011-02-18,0.003908383138045792,0.002500191933039756
2011-02-21,0.030959037607897713,0.025549411824379604
2011-02-22,0.007320228814042072,0.004789564727241011
2011-02-23,0.02340967982294433,0.017923793875622904
2011-02-24,-0.0003060200400331608,0.00060135719666028
2011-02-25,0.00012671516465211663,-0.0011324765609932123
2011-02-28,-0.004479216600037768,-0.003923176114446967
2011-03-01,0.025660759631958314,0.022113830326780947
2011-03-02,0.009117921029204,0.007760495045532372
2011-03-03,-0.0023759142011853755,-0.0018326109156591296
2011-03-04,0.0065948459470731345,0.005329292173710382
2011-03-07,-0.0021424307891054414,-0.0024387665996573027
2011-03-08,-0.005699369741879128,-0.0044311570249059755
2011-03-09,0.007157208267258383,0.005637752480239489
2011-03-10,-0.004580945667757373,-0.0032082327143813255
2011-03-11,-0.011370093346913433,-0.00991600950325902
2011-03-14,-0.0020748966149981116,-0.001975732479483896
2011-03-15,-0.03198211145658342,-0.027013049670840217
2011-03-16,0.008431248304966747,0.00640905186414559
2011-03-17,0.011975291869771898,0.006313039303093736
2011-03-18,-0.0042677594421645,-0.003267751880552946
2011-03-21,0.006647648894340975,0.004832342994004868
2011-03-22,0.005050808590157908,0.003956776564912482
2011-03-23,0.0041100226062212196,0.002683133124614949
2011-03-24,0.0005819994145752829,0.00039732024352351456
2011-03-25,-7.042982760725634e-05,1.1962804990564496e-05
2011-03-28,-0.005610627587171831,-0.004378151670261027
2011-03-29,0.0013257408476302565,0.0007373683162493743
2011-03-30,0.00010332422343567987,0.00023118210669637092
2011-03-31,0.0113956175140326,0.008273122821740241
2011-04-01,0.005833865326984594,0.004533287799780606
2011-04-04,0.008178337091967266,0.006591282129093157
2011-04-05,0.003478728580202276,0.002894162167313778
2011-04-06,0.001413240992853005,0.001186801109434754
2011-04-07,0.00481589638476233,0.004087704224139377
2011-04-08,0.01784078771497513,0.015026786003157327
2011-04-11,-0.02080177164201339,-0.017584738523624237
2011-04-12,-0.026361466096468538,-0.022216284995975874
2011-04-13,0.006319310446415223,0.005164569276587691
2011-04-14,-0.00048096373163105294,-0.0006044719557177864
2011-04-15,0.007739313442696968,0.006211994303137759
2011-04-18,-0.010829968359254226,-0.008436451922754969
2011-04-19,-0.000649890815311356,-0.0009335247021431298
2011-04-20,0.014267541811942527,0.010698956773131945
2011-04-21,0.0011506319224017232,0.0005158376512495333
2011-04-25,-0.0012151002545507592,-0.0009383622582989692
2011-04-26,0.0016773841725050223,0.0013468714334288975
2011-04-27,0.004310711466778843,0.003406858680915972
2011-04-28,-0.0019212518945205608,-0.0018711852799193514
2011-04-29,0.004993622712212471,0.003932225790812737
2011-05-02,-0.0033040516689239164,-0.0026952368370827657
2011-05-03,-0.014151395598229173,-0.011517257044584362
2011-05-04,-0.009877895536635222,-0.008261399846903142
2011-05-05,-0.05854532792121825,-0.045006012064779506
2011-05-06,-0.007204413454384013,-0.0031651391841553736
2011-05-09,0.019830156339751027,0.005207129450369359
2011-05-10,0.003408397151022525,-0.00015082161332704747
2011-05-11,-0.015235199946878697,-0.003216862353227903
2011-05-12,0.0016154653829721184,0.00017889463355912104
2011-05-13,0.0017945164326515644,-3.0010238022952712e-05
2011-05-16,-0.006806354954216311,-0.0018996013754292295
2011-05-17,-0.0009073309606982879,9.992190822420259e-05
2011-05-18,0.005589064462477079,0.000858079042404399
2011-05-19,-0.001565919164533501,0.00019294085316628207
2011-05-20,-0.001159377581544407,-0.0028623486106182892
2011-05-23,-0.006329864834840306,-0.002808590004478149
2011-05-24,0.004558244629688624,0.0008865746144471982
2011-05-25,0.0037883976114138026,0.00039880981133504485
2011-05-26,0.00016854755382742339,0.0007340162111129041
2011-05-27,-0.001392609341923595,-0.0017077797801029297
2011-05-30,-0.0011701101403757727,-0.00030786594389032126
2011-05-31,0.0029223699903590298,-0.0008930394750830522
2011-06-01,-0.0044989789222732715,-0.0007112249284783838
2011-06-02,0.0010058901184099981,-8.48717912172665e-05
2011-06-03,-0.0005982122815767981,-0.000675288109921757
2011-06-06,-0.0019667717568367035,0.0003302104798565521
2011-06-07,0.0034968266691900837,0.001973112656459193
2011-06-08,0.003715988382934511,0.001182875485742541
2011-06-09,0.0008842486628208712,-0.0013664488106616525
2011-06-10,-0.002487235814100636,0.0010569054789887323
2011-06-13,-0.004673522361527239,-0.001958635700895853
2011-06-14,0.003172346319252422,-0.0006489677449171586
2011-06-15,-0.018391740800836377,-0.0072904427550016795
2011-06-16,-0.0006189595544481737,-0.0017044992100008656
2011-06-17,-0.004704187393537803,-0.0005888577594412137
2011-06-20,-0.0023324215833683266,-0.0011411857394098795
2011-06-21,-0.0009694497084493384,-0.0008512998682893455
2011-06-22,0.005777554343740911,-0.0007119433000342829
2011-06-23,-0.00923103798434527,0.005437453175081506
2011-06-24,-0.00223351148239739,-0.0006040641168750151
2011-06-27,-0.00025569481650512935,1.4453528367319976e-05
2011-06-28,0.0009051025438840777,-0.005931377252696718
2011-06-29,0.0041890466872704655,-0.0023532453742173497
2011-06-30,-0.001035090355229885,-0.0022454573948822785
2011-07-01,0.0007622900852873723,0.002255534072907605
2011-07-04,-0.0010526982847617998,0.0005520628049929317
2011-07-05,0.0016111618272169215,-0.003570944920287944
2011-07-06,0.003443736671860541,0.004010447959822424
2011-07-07,0.007966333491312807,-0.0008610843690415902
2011-07-08,-0.0052217928097697715,-0.0007354247324997887
2011-07-11,-0.00508914599262926,-0.0019303820466756944
2011-07-12,0.0023492662016696433,-0.001987448593638489
2011-07-13,0.00028210924098177767,-0.0017196687173577163
2011-07-14,-0.004933005493905729,-9.232324935148858e-05
2011-07-15,0.0007497694058051693,-0.002542372674896467
2011-07-18,-0.004394781212860675,-0.0009791840233455338
2011-07-19,0.0038498658221929618,0.0006010022858241089
2011-07-20,0.002404347139176041,0.000585306167171407
2011-07-21,-0.0004685887919326749,-0.0007533807444304307
2011-07-22,0.002491742274415746,0.0006974532615423905
2011-07-25,-0.0016041401820953496,-0.0004710102457253402
2011-07-26,0.0014089033574875103,0.0006727909339324816
2011-07-27,-0.007088570797951079,-0.0025086755594681273
2011-07-28,0.0010228715550063083,0.001043379715935419
2011-07-29,-0.0013994735502046007,0.0010745566994319472
2011-08-01,-0.0023601856815165414,-0.001270269484514735
2011-08-02,-0.0012578237354373453,0.0013639753124307843
2011-08-03,-0.006411717200085727,-0.0006442862538142288
2011-08-04,-0.010259004027793948,0.00619591142062156
2011-08-05,0.002154458088220493,-0.0008444834215801952
2011-08-08,-0.00999926442809636,0.007701668018063119
2011-08-09,-0.0051761044872568225,0.0014024165444396699
2011-08-10,0.00573619642948741,-0.00950978351126851
2011-08-11,-0.002181942131495328,-0.01037623002851986
2011-08-12,0.002194473002716449,0.0029978254945481537
2011-08-15,0.0043470398254428595,-0.003457641264394394
2011-08-16,0.003089765410421566,0.006239356135473534
2011-08-17,0.0015494902542835442,-0.0018105626685035433
2011-08-18,-0.0036165647826508127,0.009887885985712394
2011-08-19,-0.0007891947488391209,-0.0028496162937297273
2011-08-22,0.0044571622130701455,0.0012536502913115023
2011-08-23,-0.0036250562411380316,-0.0068608584917083685
2011-08-24,0.004490036288049484,0.0037559851036414933
2011-08-25,-0.0016882136715587446,-0.0024248278580107753
2011-08-26,-0.0007059364443747343,-0.0017730649607345932
2011-08-29,0.005645503244132901,0.0015181098961825283
2011-08-30,0.00039865779617677573,-0.005328285173948539
2011-08-31,-0.0059736855262411855,-0.006956297818987416
2011-09-01,-0.0005147268175269264,0.00017553178742694262
2011-09-02,0.0010444473756920265,0.007172800866071668
2011-09-05,-0.009628163340365514,-0.002936131089021337
2011-09-06,0.0018279556066611495,-0.00135352313997226
2011-09-07,0.007234571158863894,-0.0015336556019589064
2011-09-08,-0.0030373128595520596,-0.0010537735142336568
2011-09-09,-0.002884545971206577,0.0018411614800032726
2011-09-12,0.000733991032308277,0.00042695845707393107
2011-09-13,-0.0016503059210366035,-0.003894316097971249
2011-09-14,-0.003789889055655261,-0.0022932797666465284
2011-09-15,0.008189042047233525,0.0057375358009253115
2011-09-16,1.7053326375388613e-05,0.0015770453682963992
2011-09-19,-0.007090717184856734,-0.0027867058151908107
2011-09-20,0.003899064621698289,0.001571281491530614
2011-09-21,0.0002184459096819455,0.0016127429549924605
2011-09-22,-0.009775067967646664,0.00018655347654894806
2011-09-23,-0.0006187863417312033,0.0024831443288723816
2011-09-26,-0.0037890723820552265,-0.004592225408047831
2011-09-27,0.003301424134017395,-0.00928983229227516
2011-09-28,0.00021261495991483324,0.00912997839827885
2011-09-29,0.0015048662305610031,4.280139401735666e-05
2011-09-30,0.0009095902875418058,0.007829573782874246
2011-10-03,0.0006732567612029237,0.0052457817183267546
2011-10-04,-0.0021848595229452465,0.004166536468366694
2011-10-05,0.005934557797504296,-0.007942639483102799
2011-10-06,4.6195526100680416e-05,-0.011004771532432464
2011-10-07,0.005890561939330386,0.005251405712300697
2011-10-10,0.0005455050567988286,-0.007397609176467221
2011-10-11,-0.0007453783534565276,-0.003146131236555969
2011-10-12,0.004597836635467763,0.003939097055425121
2011-10-13,-0.0015714651442685123,0.00013287433131552607
2011-10-14,-0.00577773368373954,-0.011261106018534717
2011-10-17,0.0011708103305004113,0.0024474759646193043
2011-10-18,0.007809019640341554,0.004644865599797416
2011-10-19,-0.0050031814381328345,-0.002634600655601326
2011-10-20,-0.00026839595121187125,-0.0009864006749633072
2011-10-21,0.0007053570041865423,-8.573439707505665e-05
2011-10-24,0.00390957998614045,0.0015771470201876355
2011-10-25,-0.0035213581241322774,-0.0034821476429239225
2011-10-26,0.001524789629988456,0.0022946475377166203
2011-10-27,0.005087711578172092,0.0034357223544109437
2011-10-28,-0.009733992216970154,-0.009242552858903281
2011-10-31,-0.0012767808496216546,-0.0011330699121434706
2011-11-01,0.0050794120947568544,0.005231837268484669
2011-11-02,0.0017045070521119338,0.0015883828746632198
2011-11-03,0.001117250560675228,0.002081908252665066
2011-11-04,0.001563994480184036,0.0021928125428063256
2011-11-07,0.006972814768048545,0.008485792916752057
2011-11-08,-0.0008318457683877343,-0.00035320274003330585
2011-11-09,0.001369940738439799,-0.00043890261322441425
2011-11-10,0.002695964335640672,0.004050875956258374
2011-11-11,0.003825904601820678,0.0044019513589055115
2011-11-14,0.003949150889777668,0.002859445301464321
2011-11-15,0.004665719027183301,0.006157098712865937
2011-11-16,0.0051163787353951115,0.007062908625079405
2011-11-17,-0.0070370305899684765,-0.01342890069050387
2011-11-18,0.002687153737861606,0.0011463419154618636
2011-11-21,-0.00408248799633032,-0.005244570980517748
2011-11-22,-0.00022908890676510868,0.0033575850947203567
2011-11-23,-0.0030448377585633804,-0.006777731144804254
2011-11-24,-0.0010392307523954803,-0.0002136271684851429
2011-11-25,-0.0028685739304222077,-0.00429624052272108
2011-11-28,0.006419368525136155,0.009638770893474766
2011-11-29,-0.0070814290335761134,-0.00501611323263745
2011-11-30,0.003915948033495118,0.005426789929823687
2011-12-01,-0.005075908289332377,-0.00595134712762689
2011-12-02,0.0026394715569086798,0.004712279895985775
2011-12-05,0.006222702775433169,0.006369106998451344
2011-12-06,-0.0023741800395808343,-0.0008878929597435011
2011-12-07,0.003983352434017634,0.0020636283984106717
2011-12-08,-0.0005824334849222477,-0.00501641145330156
2011-12-09,0.006427903390640379,0.007802216397658962
2011-12-12,0.0038437555251588274,0.00013784558148177868
2011-12-13,-0.003040287258855587,0.0026131475020029125
2011-12-14,0.009544958037715942,-0.00419551993874804
2011-12-15,0.0017970721090525756,0.0002251199326052727
2011-12-16,0.0007375167986710027,0.00014711558781529784
2011-12-19,0.0017028803078272161,0.0015968417688534658
2011-12-20,-0.008586259702743933,-0.004738852917418263
2011-12-21,-0.0042637418007638135,-0.0018821699904685463
2011-12-22,-0.0005389108168812844,0.00038504740844698984
2011-12-23,0.0035510224254269532,0.003705462374344544
2011-12-27,-0.0006787332985462223,0.0026959811249714504
2011-12-28,0.003095453059292843,-0.0010043417017715865
2011-12-29,0.0061051148649521846,0.007391065763906315
2011-12-30,0.003258118943100033,0.001475780833960167
2012-01-03,-0.0036955890864811603,0.006909078179587952
2012-01-04,-0.008176260864354417,-0.004732576565109806
2012-01-05,0.007599583070690693,0.004967253940074145
2012-01-06,-0.00593707784853587,-0.004876434308673472
2012-01-09,0.0033047284176922534,0.00286576763820812
2012-01-10,0.005797010928242298,0.007448557720482439
2012-01-11,0.011803954651176037,0.008808862218074259
2012-01-12,0.0042013699323747615,-0.00012936595478816684
2012-01-13,0.0016796234585213041,0.0005931310849989517
2012-01-16,0.0003982892579759212,0.004526707265523838
2012-01-17,0.014508265711910608,0.017952927344940393
2012-01-18,3.7671835139472015e-05,-0.0014235894488840932
2012-01-19,0.01280222476300992,0.013854388685625397
2012-01-20,-0.0053534890720405215,-0.008413787512204186
2012-01-23,-0.013333193479894841,-0.011697950179939425
2012-01-24,-0.00186542274536821,-0.002396883351260247
2012-01-25,-0.007230336296154817,-0.007054445601237892
2012-01-26,0.006431546688905007,0.007525810446633999
2012-01-27,-0.004905473625077569,-0.004699187964598245
2012-01-30,0.0007990535790670328,0.00031279017879346757
2012-01-31,0.008653062849712685,0.008643153333211681
2012-02-01,0.005193902489265083,0.005127993912482778
2012-02-02,-0.010333034144956479,-0.010366773596896807
2012-02-03,0.005819909206142075,0.004274549826626777
2012-02-06,0.00048218147831690684,0.0007184212589312185
2012-02-07,0.004563498775833875,0.003544953751622915
2012-02-08,0.0037397069778256787,0.0034809812020458186
2012-02-09,0.0042572102790063215,0.004517814432682383
2012-02-10,-0.006603025929777695,-0.006874395282623593
2012-02-13,0.007161413238628123,0.007238422470124302
2012-02-14,-0.004268075798825276,-0.004316323115075155
2012-02-15,0.007772765086500523,0.008321569278657173
2012-02-16,-0.0004017635544589007,0.00020714895088368794
2012-02-17,-0.004111756642824797,-0.004215769811271023
2012-02-20,0.003704929555253572,0.004490078601600043
2012-02-21,0.011052709502225963,0.012970977651811141
2012-02-22,0.001910033503222965,0.002442111164871269
2012-02-23,0.0055801462317271846,0.0065744018595230965
2012-02-24,0.008380401008619332,0.009937173544440842
2012-02-27,-0.001614171092524112,-0.0026919753966024133
2012-02-28,-0.006953759969373953,-0.009499432322261825
2012-02-29,-0.0002614297242063638,0.0006845692294575346
2012-03-01,0.01472773231307968,0.018142011732362556
2012-03-02,-0.010521386299401097,-0.011734558351782538
2012-03-05,0.006366070854602292,0.006530274992018064
2012-03-06,-0.005474674109975233,-0.006278857941886945
2012-03-07,0.010783258176862875,0.011528630418613446
2012-03-08,0.004948190388182154,0.0054179508909170315
2012-03-09,-0.0011519511927148788,-0.0011207873144729464
2012-03-12,-0.004379494551516271,-0.0044467654391841865
2012-03-13,0.003958806349203681,0.004087473559453325
2012-03-14,-0.0068457349589101405,-0.006945819069550646
2012-03-15,-0.005793758947991529,-0.006032567304415338
2012-03-16,0.010232715097546708,0.011568264962854513
2012-03-19,-0.00030153453836185364,-0.00019171808758417386
2012-03-20,-0.005945763222836045,-0.0070494539670914345
2012-03-21,0.001232561669276219,0.001381794270630582
2012-03-22,-0.0015238266867939974,-0.002627338953192705
2012-03-23,0.0056265217593826225,0.005192736227231618
2012-03-26,0.004452716571337424,0.004418493807380135
2012-03-27,0.0017479942260860478,0.0014686578615270215
2012-03-28,-0.004587866407105589,-0.005001479823747414
2012-03-29,0.001120914152964837,0.0010095822317900728
2012-03-30,0.0021008153165493725,0.001862020353700359
2012-04-02,0.005506362093610123,0.0023198124396955505
2012-04-03,-0.004380876324352534,-0.003385361354789691
2012-04-04,-0.004739878960120657,-0.002031495505766978
2012-04-05,0.009391765415038568,0.007289718814104562
2012-04-06,-3.6361117996262114e-05,-3.6361117996262114e-05
2012-04-09,-0.0037855878884008216,-0.0029033751344451453
2012-04-10,0.00048469191444556217,0.002298612586176704
2012-04-11,0.005056099187053462,0.004170608207523964
2012-04-12,0.0033937094150772607,0.0024852601199187884
2012-04-13,-0.00016327979008937048,0.00045019985413670747
2012-04-16,-0.0056100998360320035,-0.0042784607732333805
2012-04-17,0.005751930556623184,0.005447806563460421
2012-04-18,0.0002741318547347526,0.00010267407338489648
2012-04-19,0.0044106225672573066,0.004411829237070592
2012-04-20,-0.0020023177144148736,-0.0022588478016038823
2012-04-23,-0.007781499826152182,-0.007764841374692133
2012-04-24,0.0029335543294156043,0.002871609203100861
2012-04-25,-0.010535509034057219,-0.010447584348794637
2012-04-26,0.003442341549926117,0.003520397179194008
2012-04-27,-0.0045422426343430175,-0.0045692498149621525
2012-04-30,-0.006881527062544406,-0.006957085751564
2012-05-01,-0.003302759802187801,-0.0024790698879044695
2012-05-02,0.0042311340589543,0.0026647878584170376
2012-05-03,-0.0014629313829373069,-0.004721739428429771
2012-05-04,0.004388768814541098,0.0008002370289321462
2012-05-07,-0.0013245129617801537,-0.0012150873352804212
2012-05-08,-0.0006874759121569232,-0.00018302557219773263
2012-05-09,-0.002026075309769172,-0.002028001948091629
2012-05-10,-0.00038095083853034896,-0.00035915319155095817
2012-05-11,0.0007686473383160724,0.0018137877190341895
2012-05-14,0.0032029631905967876,0.005036644780425842
2012-05-15,-0.0006256230855559121,-0.00016079176943730217
2012-05-16,0.00046845060009510715,0.0031101169016706266
2012-05-17,0.0027002255213974904,0.004505283446364231
2012-05-18,0.001131312758956656,0.002196614936682902
2012-05-21,-0.003877541573866853,-0.006052448850254378
2012-05-22,0.001516704626639308,0.002822668288745969
2012-05-23,0.006844243637723524,0.011479872092063553
2012-05-24,-0.001951614727348678,-0.0037238352582990215
2012-05-25,-0.0006513942655943106,-0.001394362325510985
2012-05-28,-0.0012971807318009538,-0.0023350567360469108
2012-05-29,0.0009602766879041732,0.0013065403257708872
2012-05-30,0.009427132240810574,0.01740449609584344
2012-05-31,0.004251049973770935,0.007989515599314262
2012-06-01,0.013058964801223543,0.021486456007438124
2012-06-04,-0.003656433996175853,-0.00504965383925337
2012-06-05,-0.0010403328814462302,-0.001329169235212753
2012-06-06,-0.0043593267517509195,-0.0076881390993615495
2012-06-07,0.004585871809263926,0.0054131220532477
2012-06-08,0.0015574140623090293,0.002633778674297685
2012-06-11,0.007846549765593,0.01134386457613065
2012-06-12,-0.0010012756593063236,-0.0009344491836737706
2012-06-13,0.00410536880674123,0.005277791350809594
2012-06-14,-0.017344893982927014,-0.019552986366825897
2012-06-15,-0.0006122398457270818,-0.001393900976928204
2012-06-18,0.0015419500361476077,0.003705691199809388
2012-06-19,-6.862407874111091e-05,-0.0005658279317677581
2012-06-20,0.014907240495100943,0.018240609570212937
2012-06-21,0.01698954397732864,0.02108633511123759
2012-06-22,-0.009054252652904167,-0.011619336307307866
2012-06-25,0.0005028754522760141,0.0007832230812411682
2012-06-26,-0.0055248840503904426,-0.007115686841656278
2012-06-27,-0.0026660431836226708,-0.003826081907167335
2012-06-28,0.009743238657074155,0.01410559901892315
2012-06-29,-0.029566471588665866,-0.04429778208537947
2012-07-02,0.002655983458301889,0.0033503836262862696
2012-07-03,-0.007869466664524346,-0.009499151013544352
2012-07-04,0.0026264725652306244,0.002617738665880409
2012-07-05,-1.6266034715245388e-05,7.461190739614047e-06
2012-07-06,0.002048706497290225,0.0020389981538240865
2012-07-09,-0.0016570936114372176,-0.002312627558925482
2012-07-10,0.0005842391014843571,0.0011933692978991428
2012-07-11,-0.0010600538135788963,-0.002545853291125189
2012-07-12,9.141025774594101e-07,-0.00019603736479961394
2012-07-13,-0.0008967977284465692,-0.0014434518811622893
2012-07-16,-0.0020839623181661093,-0.0027858716917491424
2012-07-17,-0.00038003479216192895,-0.0006860399494589715
2012-07-18,0.0006165208895565653,0.00132249411678078
2012-07-19,-0.003924563596612325,-0.0013289923548446322
2012-07-20,0.002545652405938106,0.0014521750752833785
2012-07-23,0.004821023561143535,0.0014591613383219473
2012-07-24,0.000697287267407264,0.000907967116229283
2012-07-25,-0.0031294963889742463,-0.002311395899619356
2012-07-26,-4.5012928271542046e-05,0.0005857187432700637
2012-07-27,-0.0023692225686559095,-0.0009897603471845746
2012-07-30,0.003500661958792392,0.0032129748118081658
2012-07-31,0.0014770793851027605,-0.00038173638701517786
2012-08-01,-0.0015382019517508627,-0.0005079588914941997
2012-08-02,-0.003165294686784885,-0.004025104560168851
2012-08-03,-0.002500890135455873,-0.002773530471808165
2012-08-06,0.0002900728597096764,0.0006906013659429426
2012-08-07,0.0007834808220922651,0.0022434267579895567
2012-08-08,-0.00016056627753267946,-0.00014289416869452714
2012-08-09,0.0004990315109928814,0.000937708505306814
2012-08-10,-0.002237140800228837,-0.0024530568161095305
2012-08-13,0.0004874046357376785,0.0007360639156075427
2012-08-14,0.0007736179276426704,0.0009169967624278632
2012-08-15,0.002935940792450687,0.004048261228978772
2012-08-16,0.0030363745010886668,0.0032773404798414267
2012-08-17,-0.0014625558526661624,-0.0020933261460093743
2012-08-20,-0.0010999175174308319,-0.0011027375044632011
2012-08-21,0.0018139698544667974,0.002941557854868626
2012-08-22,-0.0004533585989680338,3.682085172426495e-05
2012-08-23,-0.000688781551067495,-0.0013015394376983923
2012-08-24,-0.00022163569316219675,-0.0011497021144448482
2012-08-27,-0.0014337764168515347,-0.0026512649587027933
2012-08-28,0.0027109024021732247,0.0033703365003131622
2012-08-29,-0.0021753529328896095,-0.0026115435338478488
2012-08-30,-0.001667896786766008,-0.0019397293831340736
2012-08-31,0.004792494871334651,0.006377932121425592
2012-09-03,0.005349478213681673,0.006807179073544766
2012-09-04,-0.004640384322671931,-0.005453001570820768
2012-09-05,-0.0006366703244123968,-0.0009987220929104355
2012-09-06,0.0012715685460830135,0.001446492334739778
2012-09-07,0.0035950595257521188,0.004030257761943177
2012-09-10,-0.0005384158472359106,-0.0003279952093776222
2012-09-11,-0.00039645109612121307,-0.000194209321064335
2012-09-12,0.0002637953730703768,0.0004149203778005831
2012-09-13,0.003307042622741946,0.0037506648259976795
2012-09-14,0.0026091707586415355,0.0033932943505626052
2012-09-17,-0.010181914441835159,-0.013001391457655347
2012-09-18,-0.004189083309645986,-0.007377342247988108
2012-09-19,-0.004839630468664503,-0.01000218505818243
2012-09-20,0.0006634005824958647,0.0016080908882782447
2012-09-21,0.0004126401455102192,0.0008520569587901222
2012-09-24,-0.0015603596896359108,-0.001584680480403973
2012-09-25,-0.00031798664489298935,-0.00015940563917845043
2012-09-26,-0.0007558858312739946,-0.00015102074741540068
2012-09-27,0.005018746688359225,0.002198168549158173
2012-09-28,0.0012887763817027657,0.0007533410761409036
2012-10-01,0.0021212315672605353,0.0019732391142036165
2012-10-02,-0.0009666641424692467,-0.00011336817980290312
2012-10-03,-0.010067081511003387,-0.004803626179465763
2012-10-04,0.007742408709463522,0.0001871941552342598
2012-10-05,-0.002436330670516477,0.0001065682680817897
2012-10-08,-0.0018363166538676243,-6.913079566768016e-05
2012-10-09,0.00988404221954504,0.0026277341453010404
2012-10-10,-0.001570349680556394,0.0004167634131739587
2012-10-11,0.006731970592085669,0.0037074073826200565
2012-10-12,-0.002901341168289844,-0.0013688232640521622
2012-10-15,-0.0015538564976144682,-0.0023752461570465083
2012-10-16,-0.000978426215905758,-0.0005655478174650853
2012-10-17,1.4959282768037726e-05,-7.829149637864422e-05
2012-10-18,0.0013110851284579815,0.0013183927591481203
2012-10-19,-0.0021035774175283896,-0.002110162433592133
2012-10-22,-0.006117529564725923,-0.0059993137449379065
2012-10-23,0.0018069762356349333,0.0026027512456068894
2012-10-24,-0.0024315226869667003,-0.001726654500302994
2012-10-25,0.00021246986499794837,-0.000414232664273587
2012-10-26,-0.0010840811568142122,-0.0020296307461739062
2012-10-29,0.0017700344396840604,0.002712912299501344
2012-10-30,-0.0029621671761413545,-0.003355977345187775
2012-10-31,-0.0004596225709191586,-0.0009286253023126756
2012-11-01,-0.0006827484988180538,-0.0019095571661261951
2012-11-02,0.0009716444318604928,0.0034359129965950996
2012-11-05,-0.0025110974735527048,-0.004546917994320506
2012-11-06,-0.004189933902323101,-0.00839109713130221
2012-11-07,0.0013823402908298959,0.004994906829298579
2012-11-08,-0.0005983301332418697,-0.0015539679993067542
2012-11-09,-0.0018221570991671498,-0.0037750568818934777
2012-11-12,0.00014214035190128572,0.0007101356282173855
2012-11-13,-6.759660367385554e-05,0.0004900362339644222
2012-11-14,-0.00046727398825465095,-0.0015738775486769435
2012-11-15,0.0006489580550383929,0.0016472534319029932
2012-11-16,-0.00053631484035912,-0.0017125027885411517
2012-11-19,-0.0009741489835388205,-0.0045582509139496545
2012-11-20,-0.00028628368307914666,0.002740943494881024
2012-11-21,0.001632892602003181,0.0002274439755669752
2012-11-22,-0.0016967691395625925,-0.0008658405436607811
2012-11-23,0.0014373632836005865,-0.0004745133453550627
2012-11-26,-0.004331360007314092,-0.003296830574793337
2012-11-27,-0.000708311101701752,0.0002598604304797836
2012-11-28,-0.0021072413475299707,-0.0013508765085789376
2012-11-29,-0.0002273331074560367,-0.0018753809051864888
2012-11-30,0.00045967863576909735,-0.0005605032221822543
2012-12-03,-0.00024212600154997462,-0.0005677308722343482
2012-12-04,-0.0008082176327272031,-0.00021986470740841348
2012-12-05,-0.0016136088957575357,-0.0016304072644370796
2012-12-06,0.0011692262294571338,0.0009064746038323292
2012-12-07,0.0007772829962456283,0.000911119769660843
2012-12-10,0.0010050328710514542,0.0010102738100298348
2012-12-11,-0.00022893183250828264,-0.00023222257602514168
2012-12-12,-0.0009929814384805231,-0.0014587299291527807
2012-12-13,0.0016095496433444414,0.0025761320400008087
2012-12-14,-0.0008960087122163793,-0.0024670893285443155
2012-12-17,-0.0010689745907011075,-0.0008743443606266059
2012-12-18,-0.0020305480578519026,-0.002656889734612629
2012-12-19,0.0014633418776301445,0.00028493843655674755
2012-12-20,-0.003347162372399891,-0.0035123780856045426
2012-12-21,-0.0005445070749761453,-0.00017020173310999698
2012-12-24,0.001835747335727207,0.0018214947776535241
2012-12-26,0.0002637327856181897,-0.0011185934594576668
2012-12-27,-0.00021492154571069936,-0.0003324002532995478
2012-12-28,-0.0028138526326482918,-0.0028953844473508703
2012-12-31,0.0045525794043342884,0.004519505450606829
2013-01-02,0.004514092414824694,0.005261260091818043
2013-01-03,0.000915546175253105,0.0004535236484152722
2013-01-04,-0.004043607564558994,-0.00461275721680759
2013-01-07,0.0011311096459746732,0.001759315393488757
2013-01-08,0.0025005710544170044,0.003351575113606666
2013-01-09,0.003820866763799934,0.0035326728297135073
2013-01-10,-0.0033000936315492895,-0.003151684954246683
2013-01-11,-0.006592581367787921,-0.00825188630211405
2013-01-14,-0.001947239589049658,0.000697215357801978
2013-01-15,-0.008215412730419855,-0.005986972975326005
2013-01-16,0.0019135932856879712,0.0008988896664513073
2013-01-17,0.003164210224374207,0.0021465558215374744
2013-01-18,0.0011625777584973746,0.0009125136393665342
2013-01-21,-0.001229496166138636,-0.0010178875982070016
2013-01-22,0.002648430019285532,0.0020169401202745
2013-01-23,-0.0012462418178292333,-0.0006235779578614788
2013-01-24,0.0038110198470935543,0.0024315177532875927
2013-01-25,-0.0009945580528460468,-0.0005858229917474277
2013-01-28,0.003134039645900609,0.0021614444580668104
2013-01-29,0.006504890944861521,0.0044865105234395235
2013-01-30,0.003286959882933656,0.0018146541155282224
2013-01-31,0.002151077059122228,0.001600181880337649
2013-02-01,0.007404595571997564,0.0056817442206090404
2013-02-04,-0.009511864721498502,-0.006859469615162844
2013-02-05,0.00545168345074671,0.003681339083910018
2013-02-06,0.0020122221822376795,0.001478153096885252
2013-02-07,0.001108130039446742,0.0015059890426852175
2013-02-08,0.006290844707202216,0.005244739165296272
2013-02-11,0.0007249674523302643,-9.046240584097332e-05
2013-02-12,0.0038628788077025695,0.0030927710405488293
2013-02-13,-0.0029391270776448724,-0.0025021589565673067
2013-02-14,0.005480666495320002,0.0051230622246059
2013-02-15,-0.005384769987632629,-0.0033229606485660986
2013-02-18,-0.006285836063067886,-0.004731612580922919
2013-02-19,-0.003702543594165837,-0.004212718581147193
2013-02-20,-0.01708023918947017,-0.012285869723786013
2013-02-21,-0.012474542577509943,-0.004878919482514481
2013-02-22,0.0010956480587527712,-0.0005897458328718103
2013-02-25,-0.006010370796269586,-0.005238026568635082
2013-02-26,-0.004310177825108428,-0.000910696670566152
2013-02-27,-0.0022695496703999825,-0.0004645165299967629
2013-02-28,-0.004700972613929315,-0.00044284269340226436
2013-03-01,-0.004093713060731088,0.0012930969326738569
2013-03-04,-0.003419815036721353,0.00021638466093785408
2013-03-05,0.005128703520652017,-0.002405869951597843
2013-03-06,-0.0022306669774082894,0.0018650723095035855
2013-03-07,0.0024354233075524496,-0.0014217403453826657
2013-03-08,0.0006814783084881881,-0.0005397565634982821
2013-03-11,-0.0011578198086836923,0.0005094126064719023
2013-03-12,-0.00045486849954610265,-0.00034871841124778233
2013-03-13,-0.0022528688480458066,0.002258868246800836
2013-03-14,0.007169078820709385,0.002246968765355592
2013-03-15,0.00485767516879597,0.00041937548675452546
2013-03-18,-0.0005308514064425018,0.0001205429321674299
2013-03-19,-0.0036838744763743494,0.006938655451263748
2013-03-20,0.0019931962573257844,-0.002886163626060626
2013-03-21,-0.0034952737361552146,0.0013591020834040936
2013-03-22,0.0012100727658755463,-0.0023742748538001434
2013-03-25,-0.001365177667203307,-0.004974245224562343
2013-03-26,0.007056081673821356,0.0007721986697190077
2013-03-27,0.0038680003017870462,0.003092812571988981
2013-03-28,-0.0005128838178416519,-0.001671285991863369
2013-04-01,0.0009621129713343711,-0.0007514756200645177
2013-04-02,-0.0023353493462690642,-0.0020132618531153953
2013-04-03,-0.01243574084687205,-0.008125918072754305
2013-04-04,0.0007449463399936082,0.0016062951990721752
2013-04-05,0.007812064749080797,0.010538896830444759
2013-04-08,-0.002149857555186607,-0.003192350083441854
2013-04-09,-0.0033499120496520893,-0.005596306485110328
2013-04-10,0.0033166723872567346,0.0035505390055713924
2013-04-11,0.0036577944139864903,0.005332765401466952
2013-04-12,0.006111260519735842,0.008110941992245303
2013-04-15,0.0025177471554425315,0.008401985209597423
2013-04-16,-0.0005525402042790142,-0.0016517984544155131
2013-04-17,0.009000634910380813,0.014283455776867996
2013-04-18,0.004641951285963973,0.001671215829595787
2013-04-19,-0.0001482691402235473,-0.0004784546696830012
2013-04-22,-0.009366967371325875,-0.012193668465776927
2013-04-23,-0.0008822981447155458,-0.0008824561732985207
2013-04-24,-0.00917964645667014,-0.012412860815725938
2013-04-25,-0.005210622615102748,-0.007464484245586472
2013-04-26,0.0027817729489586795,0.0031519445892601223
2013-04-29,0.0038599875302889465,0.0028187463144359304
2013-04-30,0.002499457677398512,0.0037258117898529806
2013-05-01,0.005445553705291519,0.006674391353187874
2013-05-02,-0.020364782742305187,-0.022024360306031474
2013-05-03,-0.0033688814447035494,-0.003655738454574249
2013-05-06,-0.003528495698349366,-0.003296169399773171
2013-05-07,-0.00028849244735928634,-0.0010415180959115833
2013-05-08,-0.00018712517314313517,0.00023484158085613008
2013-05-09,-4.516268491174676e-05,-7.949742603558893e-06
2013-05-10,-8.347947255308103e-05,-0.0004043460822790363
2013-05-13,0.0014673718767556927,0.000695961328493023
2013-05-14,0.0009744455473780009,0.0004992164623044045
2013-05-15,-0.0005703659870017968,7.107377204508649e-05
2013-05-16,-0.0013418655901214051,-0.0007038488368940618
2013-05-17,-2.7662555330937685e-05,0.0007201681890476814
2013-05-20,-0.0001384121096096485,0.00027387527553301787
2013-05-21,0.0011501771247784652,-0.00028789038725486756
2013-05-22,0.0014634054507590333,-0.0011284636308552586
2013-05-23,0.0006915835684312314,0.0007260517857264915
2013-05-24,-0.0006218003641012367,-0.0006008197583960613
2013-05-27,0.000306950452252403,0.00015749766194079448
2013-05-28,-0.003898820729775093,-0.0027257187026628518
2013-05-29,0.0009890753413925606,-0.002006624045703113
2013-05-30,-0.003188551078176422,-0.0031699117069646497
2013-05-31,0.0010717760837128984,-0.002348987922201454
2013-06-03,-0.003840295672377668,-0.0012388532437001749
2013-06-04,-0.0016604617533735094,-0.0011476778210023808
2013-06-05,0.0004432546500894897,0.0006552269231416753
2013-06-06,-0.0022128893496629175,-0.0012722971881553712
2013-06-07,-0.0016870653504185088,-0.000251066493155628
2013-06-10,0.00041753393040590677,-0.0004042684155957398
2013-06-11,0.000860474955151104,-0.0006250818496763085
2013-06-12,-0.0019465230721376296,-0.00029976625528923515
2013-06-13,-0.0018802932010295438,0.0010305150758722866
2013-06-14,0.0010500775817341766,0.0038852458758724864
2013-06-17,-0.0024616482100426962,-0.0024104220831440127
2013-06-18,-0.0006578536087982018,0.0010140844401263249
2013-06-19,-0.0006978715537445983,-0.0014333150039731622
2013-06-20,0.001790637917454614,-0.01185691845940401
2013-06-21,0.0032744998936560382,-0.0007532100540826283
2013-06-24,-0.0006612888715825518,0.0005969039351306165
2013-06-25,0.0009582274061641468,0.0014143138874616922
2013-06-26,-0.002425382806974702,-0.0016212519555256673
2013-06-27,-0.0006752507279337508,0.002239574987328224
2013-06-28,0.0025693681271466004,0.00041327415416664135
2013-07-01,-0.004198376752758679,-0.0007104572519746542
2013-07-02,-0.0056526803635871155,-0.001970202657889653
2013-07-03,-0.0054628681319308274,0.0011033416330978151
2013-07-04,0.0011451796892130465,-0.0012138617335168804
2013-07-05,-0.0007705565132092917,0.006420287238812221
2013-07-08,-0.0043233738043481525,-0.005161725088037063
2013-07-09,0.002296088803207499,0.004771542569514385
2013-07-10,-0.00045526218637754345,0.0023804712720075765
2013-07-11,0.002134477156290808,0.0003008738775650789
2013-07-12,-0.0001470606530468133,0.0043068829551290615
2013-07-15,-0.000879834558621032,-0.0005207157924878376
2013-07-16,-0.0002174786467522342,-0.00047208265695411694
2013-07-17,0.002471005859902122,0.005091288990842203
2013-07-18,-0.005181257076498321,-0.0016056775292640109
2013-07-19,0.0006654401583005399,-0.002171887421356961
2013-07-22,0.002742516622479587,0.0007257645727777202
2013-07-23,-0.0019616975848785346,-0.00023341706210289483
2013-07-24,0.00197872907985428,-0.006572416699433272
2013-07-25,0.0010542711264338303,0.004355397555728242
2013-07-26,0.002738571420607758,-0.0003373825806907398
2013-07-29,0.002398127982839723,0.0036698643689202725
2013-07-30,0.002443928164242874,-0.0034569886467576186
2013-07-31,-0.0021724557982415746,0.005459678624888532
2013-08-01,0.0002054288022164995,0.012436017022834055
2013-08-02,0.0024930539590209103,-0.0008130026561055459
2013-08-05,0.0017444384895358826,0.00011440218526991934
2013-08-06,0.00147104457712678,-0.004365465247976894
2013-08-07,0.005748245112369253,-0.00030468776292856894
2013-08-08,-0.0005431051621637666,-0.006502595672219572
2013-08-09,-0.00253000861985567,0.007840145931549867
2013-08-12,-0.0076993551961640925,-0.0027562599913380625
2013-08-13,-0.0003064425526361934,0.004238028348263127
2013-08-14,-0.004490035370531913,-0.0013936484590703956
2013-08-15,-0.005902811368428383,-0.0012670806644082763
2013-08-16,0.0011134497748250423,0.006768353305817511
2013-08-19,-0.0037899436438683207,-0.008989584105681762
2013-08-20,0.001150336157440887,-0.002533605552474698
2013-08-21,0.0004612649423966721,-0.005956431171358294
2013-08-22,-0.004741017152529721,-0.0009053107921723312
2013-08-23,2.803855350182761e-06,0.007894272210956378
2013-08-26,-0.0008632015021639572,-0.0023664348335683066
2013-08-27,-0.005894701084923632,0.017894473054244475
2013-08-28,-0.0017593558979908462,0.006739857117047201
2013-08-29,0.0014372782911791883,-0.008218207685708138
2013-08-30,0.0007590411577030461,-0.004939474507685246
2013-09-02,-0.00021027821479562085,0.0008499298813456162
2013-09-03,-0.0009553840528263646,0.005895785781240546
2013-09-04,0.0007993717786212864,-0.004413145291706469
2013-09-05,-0.0009789514621870688,0.002887845592419722
2013-09-06,-0.0016707006798084274,0.006573213297847617
2013-09-09,0.0024199419372265087,-0.010060653142247907
2013-09-10,0.0025020383311874952,-0.01040599717541949
2013-09-11,-0.00041895909873274913,0.0007508158831948094
2013-09-12,-0.0024316470680404863,0.006548071929906905
2013-09-13,-4.41845819705803e-05,-0.0018303327448204079
2013-09-16,0.0022083241737193035,-0.00781089725384302
2013-09-17,0.003154953592940296,-0.007228864941187775
2013-09-18,-0.008703841479641304,0.00631400823078566
2013-09-19,0.004112493610335482,-0.00482855750320614
2013-09-20,0.0002506470323625948,-0.0014261232110920291
2013-09-23,0.001819177769771257,-0.004450731170307487
2013-09-24,-0.0002545003750305346,0.0005969570403806199
2013-09-25,0.0023921209246697125,-0.0007159641854520218
2013-09-26,-0.003982859709363872,7.480406367481997e-05
2013-09-27,0.0008928872371790269,-0.0012315307877523403
2013-09-30,0.002670142585875233,0.0008298550356533726
2013-10-01,-0.00024168114278988202,-0.0017582565362753942
2013-10-02,-0.0043355093753647805,0.0040323058620897615
2013-10-03,0.0035775892968831872,0.0009582752457095098
2013-10-04,-0.002973132450629013,0.0001910335465836006
2013-10-07,-0.004516612674944125,-0.005491913793776993
2013-10-08,-0.004606713960291366,-0.0016267611548339428
2013-10-09,0.006879713267852398,-0.001313255400298981
2013-10-10,-0.008317188035429217,0.0018824745260722859
2013-10-11,-3.5066174520869374e-05,-0.0019558696532485727
2013-10-14,-0.0005597495955010403,-0.0002784583585239836
2013-10-15,0.00038678334184662195,-0.0011898255479300833
2013-10-16,0.0003412287088981058,0.0029823894541938976
2013-10-17,9.019935012296997e-05,-0.0028130523561405323
2013-10-18,-0.0002787050122072203,0.001033081924401251
2013-10-21,0.00011145218402464237,-0.0003067404449250953
2013-10-22,0.00231257492998036,0.0024828448638479794
2013-10-23,0.0008739285607070293,-0.004558200466033291
2013-10-24,0.000791104277185908,-0.00015868344990557486
2013-10-25,-0.0016634820946333682,-0.0011026797349502244
2013-10-28,-0.0005186955041455591,0.001345230464225478
2013-10-29,0.0010837162702772272,0.0006247784969456957
2013-10-30,-0.0006717978703307282,0.0003438624214992022
2013-10-31,0.0024306488681423107,0.0017021029762281207
2013-11-01,0.0035192892791397084,0.00032707713840614445
2013-11-04,0.00489880659762776,0.004981197037272587
2013-11-05,-0.0006661060756281961,-0.0014673713974848093
2013-11-06,-0.005382834715311933,-0.00538189543458677
2013-11-07,0.003296333533981814,0.00195645624083975
2013-11-08,-0.004997088504162655,-0.0042517448159403596
2013-11-11,-0.0009039213821955872,-0.0001469542101037133
2013-11-12,-0.004222418946489243,-0.004398848457898934
2013-11-13,-0.0001387055215157799,0.00017056999585920939
2013-11-14,0.0005046566068154209,0.0008068291371742869
2013-11-15,-0.0037104263079825346,-0.00345488861777186
2013-11-18,-0.0012461147178139957,-0.001277246515719955
2013-11-19,0.004533031147651052,0.004035632316839489
2013-11-20,-0.0013061767544540455,-0.0012090936995909156
2013-11-21,-0.004502303170139763,-0.004251988796289704
2013-11-22,-0.002625339725978464,-0.002348997949322369
2013-11-25,-0.0006535093954280314,-0.00047557631158126287
2013-11-26,-0.0009525089308291025,-0.0010828939840474248
2013-11-27,0.0003780048372024605,0.0012655712112242914
2013-11-28,-0.0014131821359377704,-0.001951798715099227
2013-11-29,-0.0017194357992742233,-0.0033207982787818065
2013-12-02,0.0012432778349734967,0.0022635493428798583
2013-12-03,0.0011674831230465042,0.0015706674159777542
2013-12-04,-0.0013257995855537055,-0.0022754894441222094
2013-12-05,0.0006565592757606789,0.0001885086218040758
2013-12-06,0.0027788023688434522,0.003289456443346992
2013-12-09,-0.002049148693748998,-0.004022756398591802
2013-12-10,0.0005391451140121234,0.0009739674132202375
2013-12-11,0.0011740191638938068,0.0012743734297850065
2013-12-12,0.003184046137264073,0.001947042672355269
2013-12-13,0.0011449957081231556,0.0006906023776253484
2013-12-16,-0.004809202083888078,-0.004045218746035161
2013-12-17,-0.0017960094004180534,-0.0025939135939886753
2013-12-18,0.0032012759144786234,0.004110104472139842
2013-12-19,0.007963472936038886,0.00861084457154493
2013-12-20,0.003275282688217241,0.004190606903058018
2013-12-23,0.002761222732607916,0.0025743641503381373
2013-12-24,-0.003976787475410799,-0.004120080694333711
2013-12-26,0.0017047489251053993,0.0015173684428638641
2013-12-27,-0.001855243304099929,-0.0022599262006385117
2013-12-30,-0.00031670784413276163,-0.0009626426876305841
2013-12-31,-0.007873051211735602,-0.00795164221829341
2014-01-02,-0.007642350481180734,-0.009779005902402774
2014-01-03,-0.000911793052987654,-0.0014422533689487421
2014-01-06,-0.0015719502589600235,-0.00153609124954013
2014-01-07,0.002390511703789149,0.0027845212520854388
2014-01-08,-0.0017474766093827294,-0.000943208189985668
2014-01-09,-0.009027375176370287,-0.007757487764250052
2014-01-10,0.0001699420612206189,-0.0005313737946446364
2014-01-13,0.002800718645283553,0.005171051881073371
2014-01-14,4.1097954258305326e-05,-0.0006074129103049221
2014-01-15,0.0010130104349499243,-0.0034675791028608177
2014-01-16,0.00013815460986867567,0.0026708554732867164
2014-01-17,-0.003511247876785605,-0.00666721330715206
2014-01-20,-8.230705095932863e-05,0.00012437459714521052
2014-01-21,0.0027656209419564606,0.0008651943600365726
2014-01-22,0.0037134584569428666,-0.0011231479541009136
2014-01-23,0.0010522997375855502,0.0013195908448719108
2014-01-24,0.002674682893374551,0.003228856959882297
2014-01-27,-0.0018534488175801249,-5.007960101262686e-05
2014-01-28,0.0017121456252132828,-0.00037717051449920514
2014-01-29,0.004598167546445751,0.003922701193274185
2014-01-30,-0.0018514461952752828,-0.0032835880743260445
2014-01-31,-0.0016864412537132476,0.0023381962338420415
2014-02-03,0.0013107756578020144,0.0027038070037918825
2014-02-04,0.005977680407573471,0.004454498903326381
2014-02-05,-0.0015393345373038191,-0.0019476583218655085
2014-02-06,0.004612536787052781,0.002584948114493403
2014-02-07,0.0006937189507054716,-0.0014613574667487435
2014-02-10,-0.006392768716629425,-0.005922161090411133
2014-02-11,0.005489408437503686,0.005346525158965075
2014-02-12,0.0023122093691781104,0.0021689884115831544
2014-02-13,0.003706572459441731,0.003473645905368974
2014-02-14,-0.0007599682916382102,-0.0008530703134015664
2014-02-17,0.0012352208602977948,0.001094331791622237
2014-02-18,0.010659078118292474,0.010425600499711049
2014-02-19,0.010263690744549811,0.010246580464569359
2014-02-20,-0.0019242780901542874,-0.0019278181618309898
2014-02-21,-0.001800893127361382,-0.0016228970844686913
2014-02-24,-0.005425229120348307,-0.0055791659803354895
2014-02-25,-0.007429679443704172,-0.007401940475979492
2014-02-26,-0.0020484766206801206,-0.0019578890499569713
2014-02-27,-0.00140641076374623,-0.001314542663276229
2014-02-28,0.004158527163744913,0.004295399554448117
2014-03-03,0.0054409997021774405,0.005269004406007566
2014-03-04,-0.005478405885172163,-0.005638802897745911
2014-03-05,-0.006326910295934717,-0.00604219234708796
2014-03-06,0.00046881580130356753,-0.0003120565048870888
2014-03-07,0.004397932061104529,0.004553886648399559
2014-03-10,-0.0036806549123201775,-0.0033171782623801715
2014-03-11,-0.0006083321544613909,-0.0008842291526812294
2014-03-12,-0.006203384082692211,-0.0063474395476251005
2014-03-13,-0.004334180462891799,-0.0034463460374297658
2014-03-14,0.003513208324549594,0.0010317594593149684
2014-03-17,-0.004343994301722609,-0.0014500997716319507
2014-03-18,-0.00033003633320238444,-0.0007342558073337118
2014-03-19,-0.0002097854090840995,0.0005903456119807656
2014-03-20,-0.0014365642828077353,-0.0017897211863981248
2014-03-21,0.000361609003341187,-0.0010833332976174835
2014-03-24,-0.0004649336818664041,0.00017576008793495227
2014-03-25,0.001325769523487694,0.001100862041596727
2014-03-26,0.0004303468720734858,-7.477052919637455e-05
2014-03-27,0.003070976192210717,0.0015364221758535745
2014-03-28,0.00014071107742565382,-0.00021703146615880664
2014-03-31,-0.0023154858018627623,-0.001942526960148316
2014-04-01,-0.006654790277393235,-0.004603804158177265
2014-04-02,0.0001256368624310217,0.0005957984377398181
2014-04-03,0.0031713755309118173,0.0013879981120695079
2014-04-04,-0.00018650736669712832,-0.0006521861284369645
2014-04-07,1.881251542032953e-05,0.00043110568438393476
2014-04-08,0.0020610591402798785,-0.0007877864921524013
2014-04-09,0.00098712472865736,0.0008063070099132645
2014-04-10,0.004571733623414533,0.004161070350743541
2014-04-11,0.0002155732541286163,0.00029804735091843674
2014-04-14,0.0012227121824235796,0.0008535584326523762
2014-04-15,0.0010316799645533603,0.0009954682377286974
2014-04-16,-8.741768156300186e-05,-9.801039507412237e-05
2014-04-17,0.006595380328588308,0.0065653424759478315
2014-04-21,0.0007176223159220444,0.0009153444666699013
2014-04-22,-0.0032848013900259447,-0.004017124644013549
2014-04-23,0.0001395740745676813,0.0003077124422172806
2014-04-24,0.0021986986116595557,0.0023050736644959755
2014-04-25,-0.007025982788650654,-0.007609998838335262
2014-04-28,-0.001975292404485749,-0.0022301767908148875
2014-04-29,0.003950002824778432,0.004161785089075995
2014-04-30,-0.0033825824598194584,-0.0036753071089165672
2014-05-01,-0.0038189743301415974,-0.00389077181911923
2014-05-02,0.0004476736494948338,0.0005640719614900391
2014-05-05,-0.0037295157483447625,-0.0038849899122708146
2014-05-06,0.003917587156208744,0.0036513375310663183
2014-05-07,-0.0011592418408510154,-0.0008850309210880532
2014-05-08,-0.006104955054204694,-0.006120716015446386
2014-05-09,-0.003733247624129928,-0.0036976120032558963
2014-05-12,0.000543883740239634,0.00043914593948317517
2014-05-13,0.0023294395984041114,0.002468961533978717
2014-05-14,0.0022838422396465234,0.0021325141597342075
2014-05-15,-0.0009155748593522033,-0.0010840352335768101
2014-05-16,0.000960738952508995,0.0011458305155166092
2014-05-19,-0.0007143310717040531,-0.0008381817488743934
2014-05-20,0.0005429125064028239,0.0009376370175131913
2014-05-21,0.004279071574958076,0.00639553692645948
2014-05-22,0.000963431155935499,0.0009906782221338593
2014-05-23,0.0007269489848142498,0.0013292091180583734
2014-05-26,-0.0017793181753262008,-0.0028316016433391263
2014-05-27,-0.00195588106755089,-0.0026193067384350254
2014-05-28,-0.001963171501486325,-0.002640338693775458
2014-05-29,-0.00018041863942896836,-0.0001632705517334018
2014-05-30,-0.0022983128382475363,-0.0037441552592434074
2014-06-02,-0.0017129106316260956,-0.0031216764692268803
2014-06-03,0.000666718319291771,0.001310607401368181
2014-06-04,-0.000573259651208925,-0.0017333549799861433
2014-06-05,0.00013289635452843905,-0.00013066485790334142
2014-06-06,0.0024489113998091634,0.004054957272063574
2014-06-09,0.0013647100280031476,0.004500412896007594
2014-06-10,-0.0030519813866605092,-0.0025847406222379923
2014-06-11,0.0006228936042136163,0.0016815912083129603
2014-06-12,0.01140735806589725,0.018567688533107994
2014-06-13,0.0008341980560534686,0.0013121041563006859
2014-06-16,0.0013664379582942227,0.0027270694732348904
2014-06-17,0.0013716380197070638,0.0024286256835143994
2014-06-18,-0.00026283647645389263,0.0006479097910267352
2014-06-19,0.0015000669148751864,0.0038474185769707243
2014-06-20,-0.0015403353603600071,-0.001954292791418252
2014-06-23,-0.005503408614220331,-0.006909496992290466
2014-06-24,0.002903436503958412,0.003577756174465699
2014-06-25,0.0016681221202837007,0.0023662299213319934
2014-06-26,-0.00772008299113375,-0.010812081887540332
2014-06-27,0.00016108663010947126,0.0004940672831171901
2014-06-30,-0.0025022610967609144,-0.0042268593718916584
2014-07-01,-0.0005071716763873168,-0.00102050600684283
2014-07-02,-0.0032396955484389578,-0.006235311090864069
2014-07-03,-0.0014351146450135854,-0.0030237177425314955
2014-07-04,-0.0003241222440245567,-0.0007004303763050131
2014-07-07,0.00011651554724915446,-0.0014858738500734428
2014-07-08,-0.001784090736652905,-0.004751014919491081
2014-07-09,-0.0009754856225836658,-0.004336556986685916
2014-07-10,0.0016277974139005133,0.0029263210270021613
2014-07-11,-0.002363483496896689,-0.005829362672844473
2014-07-14,-0.0005418837008465921,-0.001069916994292254
2014-07-15,0.0015276558748863014,0.00023690450603500775
2014-07-16,-0.0007360904027803136,2.3740566116438842e-05
2014-07-17,0.00275731054094853,0.003708552027137969
2014-07-18,0.0025671595014410634,0.0006992857718609149
2014-07-21,0.000122599484591656,0.002425249631975891
2014-07-22,0.004555134942768124,0.0033635209769642856
2014-07-23,-0.0025949226916516127,-0.000640695372913244
2014-07-24,-0.0009759657685623101,-0.003557739008020193
2014-07-25,0.0007920296009832692,0.0023695187712208347
2014-07-28,0.001549624993591429,-0.00015149941272270823
2014-07-29,0.00047348420424658534,-0.002316015611703547
2014-07-30,0.004216056316577055,0.002244790804936033
2014-07-31,0.003219387464814654,0.0016849991842914581
2014-08-01,0.004622266415576516,0.001792488304659969
2014-08-04,-0.0056696278140338585,-0.0038751253752720635
2014-08-05,0.003766584698046858,0.002529607553335316
2014-08-06,-0.0033429617941112717,-0.009471807365876226
2014-08-07,-0.0010706963432899116,0.0006446810175325376
2014-08-08,-0.0012992586173502525,-0.0019159234652001524
2014-08-11,-0.001048414660032166,-0.0004094709089942005
2014-08-12,0.0056911185608194284,0.003296862670402924
2014-08-13,-0.0005247936778458705,0.00011373807182159187
2014-08-14,0.009652768209597104,0.0056211284617725165
2014-08-15,-0.0025476774581516502,-0.002410724854945128
2014-08-18,0.007914162311979117,0.007342595017772714
2014-08-19,-0.0007594282813634037,-0.0008401992090412404
2014-08-20,-0.0012128181200101017,-0.0013493947832450637
2014-08-21,-0.005496392225748647,-0.005384901841483064
2014-08-22,0.0037639021481680394,0.0039253497481299875
2014-08-25,-0.003415226451434315,-0.0035094298952241553
2014-08-26,-0.0002694150993559255,-0.0003279323840895266
2014-08-27,0.0001865557566216925,0.0001886611292272078
2014-08-28,-0.001076114235956779,-0.0011662815912480261
2014-08-29,-0.0037870615686022373,-0.004062484125356427
2014-09-01,0.0010235725942612,0.0011420206175315434
2014-09-02,0.012534454372836111,0.013400108874306508
2014-09-03,-0.010051923081434894,-0.010734518132687445
2014-09-04,0.0017958590153175555,0.001967234781847816
2014-09-05,0.005219569657610009,0.005464473698954642
2014-09-08,0.003025484044473309,0.0032256194998447132
2014-09-09,-0.0012531244768235325,-0.0009919151939499545
2014-09-10,0.007454452524707038,0.0077783924656143295
2014-09-11,0.0014597543732871243,0.0013343619378517642
2014-09-12,0.00089483730063287,0.001276200476683845
2014-09-15,-0.0013097989428993023,-0.0014474038091170673
2014-09-16,-0.010758244758152959,-0.010217274524876748
2014-09-17,0.0030070446506564007,0.0021259914372368347
2014-09-18,0.006757799939681418,0.0057357714033202155
2014-09-19,-0.00013590372741666503,-0.0006688811658789482
2014-09-22,0.008653592914856931,0.007814234306468512
2014-09-23,-0.003255901719987841,-0.0027786359711753934
2014-09-24,-0.001902669808293236,-0.0018775146233516373
2014-09-25,-0.004776346737373062,-0.003997149736475397
2014-09-26,0.00018265365063543305,0.00012884305284522335
2014-09-29,-0.005868799596240225,-0.004999091318517896
2014-09-30,0.020144441143965575,0.01577093287399822
2014-10-01,0.0014523665409473686,0.0016792842464244263
2014-10-02,0.007247537250833748,0.00531005811889036
2014-10-03,0.012566996452728378,0.010249320904407595
2014-10-06,-0.0076340463466725685,-0.0060339035703905405
2014-10-07,0.009381870871957446,0.007638715182746079
2014-10-08,0.00898378199984906,0.006776145921274088
2014-10-09,0.020957250699602876,0.01777602384592812
2014-10-10,-0.006059657515584593,-0.00532937507092831
2014-10-13,0.008832416309369569,0.007765200675424406
2014-10-14,0.02300618283976244,0.020451244830914293
2014-10-15,0.019140024622379265,0.016392023666509138
2014-10-16,-0.00511509167125673,-0.0047900069095465035
2014-10-17,-0.009651072053562625,-0.008590944160219693
2014-10-20,0.008828032661965815,0.008649808607353246
2014-10-21,-0.001582958752123527,-0.0019594484828908457
2014-10-22,0.006791586967173104,0.006951605399881708
2014-10-23,-0.010563441090384677,-0.010252432625531575
2014-10-24,0.0038834943380879933,0.003779930084783705
2014-10-27,0.005846718816242063,0.005707502931359347
2014-10-28,-0.008005544335342804,-0.007832959457924681
2014-10-29,-0.011009985675614448,-0.010533701866521744
2014-10-30,0.004891823019966211,0.004575927490706579
2014-10-31,0.0017864902100302293,0.0014428973533605765
2014-11-03,-0.001693317501561756,-0.001733177524699608
2014-11-04,0.012599721906114816,0.011250787593767811
2014-11-05,-0.005647654588398177,-0.005172533206857391
2014-11-06,0.0039846475236216755,0.0037516643496542817
2014-11-07,-0.0010740253674062946,-0.000723841023967239
2014-11-10,0.005301407862521469,0.004790444370359876
2014-11-11,-0.00013130282331634256,-0.0003051895583297013
2014-11-12,0.007149984566605924,0.006553836626519447
2014-11-13,0.01851908440805514,0.016875275097781545
2014-11-14,-0.008349565527706122,-0.007866792416562768
2014-11-17,0.0038449931863013044,0.003898299774494643
2014-11-18,0.004024226676567814,0.003794474003343996
2014-11-19,0.0038304509896793814,0.0038146134446551774
2014-11-20,-0.002072227277583979,-0.001989378377968432
2014-11-21,-0.013788957514268908,-0.01341495606218839
2014-11-24,-0.0012300177983905782,-0.0012365259682999674
2014-11-25,0.01736253588122609,0.016555030904549805
2014-11-26,0.004192360436911644,0.00395250988549916
2014-11-27,0.03442745358879065,0.032412243518098884
2014-11-28,0.01810440321426177,0.01766103732846792
2014-12-01,-0.019520610223225508,-0.018771200195715956
2014-12-02,0.006460648775568397,0.004823626073539614
2014-12-03,0.005921515506824048,0.005229065794579368
2014-12-04,0.007172228311343732,0.006722381446912377
2014-12-05,-0.00016514838848731504,-0.0007795191218431061
2014-12-08,0.022743294517853212,0.01995530217233971
2014-12-09,-0.0017160518951061445,-0.0012935877381576673
2014-12-10,0.010021749308216789,0.007793265455889191
2014-12-11,0.006804926378140913,0.00587072814543059
2014-12-12,0.011020244444683887,0.008613534185838654
2014-12-15,0.019003944779909732,0.01669394708430433
2014-12-16,0.0038714201000512156,0.0032901377260310277
2014-12-17,-0.01330955081853418,-0.012420375228627961
2014-12-18,0.013051958468051813,0.011595706493596161
2014-12-19,-0.008984057033317247,-0.0072259498349744045
2014-12-22,0.020264846254220408,0.018193945602390852
2014-12-23,-0.009849738952343952,-0.008202828874235282
2014-12-24,0.013057099656867785,0.011545797866504703
2014-12-26,0.005515734496095937,0.0037345828630988218
2014-12-29,0.006007194873831297,0.004213308863066449
2014-12-30,0.003584208101299851,0.0032340272180180116
2014-12-31,0.0038887826541046462,0.003984756076372458
2015-01-02,-0.0002877072981219587,-0.001652026850676294
2015-01-05,0.02232377307117497,0.018238615884145784
2015-01-06,0.023752566472818898,0.020418526302848367
2015-01-07,-0.0010535848665339622,-0.0008305056984303144
2015-01-08,-0.00110050937313838,-0.0009147085043909255
2015-01-09,0.003653450063217723,0.002431732528521031
2015-01-12,0.01980390509836606,0.016458420246284942
2015-01-13,0.004422746337850931,0.003597246504602147
2015-01-14,-0.01693145344139961,-0.014922728577119291
2015-01-15,0.0013547014296394957,0.0005106940671361827
2015-01-16,-0.003988982193655433,-0.003443949761761352
2015-01-19,0.004779441920553063,0.004350605748250843
2015-01-20,0.008672904000538497,0.008732679667566709
2015-01-21,-0.004250535713820188,-0.004093923027554208
2015-01-22,0.0030457354675906736,0.0030963601353702574
2015-01-23,-0.005052499516063139,-0.0053164982690777395
2015-01-26,0.004552481813721306,0.004416507468583877
2015-01-27,-0.005573867854618241,-0.005142513477772693
2015-01-28,0.006308967606344927,0.006146216700276511
2015-01-29,0.002183612853330486,0.0025484498285773456
2015-01-30,-0.015850992436139317,-0.015497466724159201
2015-02-02,-0.016528531753241923,-0.019474438501816828
2015-02-03,-0.015856020805685097,-0.018306678582875262
2015-02-04,0.00930908956760887,0.008108210201809135
2015-02-05,-0.004799712626227529,-0.0035829026231789705
2015-02-06,-0.0016048285013617186,-0.0009669973052543937
2015-02-09,-0.0015389151184172906,-0.001170773416216445
2015-02-10,0.0015805712466459107,0.00029344980700304776
2015-02-11,0.0006711020011934583,0.0002577779411128244
2015-02-12,-0.004382806235255763,-0.0034553313434374944
2015-02-13,-0.0032536336505515876,-0.0028158501652214454
2015-02-16,-0.0017927543089082988,-0.0018271000950069243
2015-02-17,0.0029868862999835686,0.002983695645038751
2015-02-18,-0.0010443657777174395,-0.0010673483619814729
2015-02-19,0.0003489980649134825,0.00039954223656077603
2015-02-20,-0.0013865819323532812,-0.0013610520399313247
2015-02-23,0.0018231718632830823,0.0019235753106155787
2015-02-24,-0.001100813572737087,-0.0010955106903172988
2015-02-25,-0.0005471087773254287,-0.0008240883009413561
2015-02-26,0.0014622015709947972,0.0019278117757669272
2015-02-27,-0.0006487684135163349,-0.0014756024321908043
2015-03-02,0.00017582224526437246,0.0015277672280227382
2015-03-03,-4.524681086225831e-05,-0.0010122115786089364
2015-03-04,-0.0011140920360560797,-0.0004230321667437519
2015-03-05,-0.0014630695923934,-0.001658551568156419
2015-03-06,0.0006216085027207758,0.0030776657934595384
2015-03-09,0.0030949449258538815,0.004148584530251058
2015-03-10,-6.68405056640711e-05,0.003543075598337721
2015-03-11,-0.0028737424228235456,-0.004078168912751315
2015-03-12,0.002650340836194969,0.003926795085631714
2015-03-13,0.003525011268070193,0.007751914629812934
2015-03-16,0.0019645908822996548,0.004259546385134779
2015-03-17,-0.002336746337312693,-0.0005511506594429409
2015-03-18,-0.007283569224246126,-0.013378684573938497
2015-03-19,0.005916140960620381,0.010476080033135693
2015-03-20,-0.0019297310149148312,-0.005164794789655382
2015-03-23,0.0003770995823874001,-0.000817711588892095
2015-03-24,-0.0008486962392675734,-5.084017970108032e-05
2015-03-25,-0.0008013810100639653,-0.0038440649060043457
2015-03-26,-0.0020057155277307804,-0.007235365373691395
2015-03-27,0.005945733798450943,0.010944252110106294
2015-03-30,-0.000511605335949074,-0.00034019501526434725
2015-03-31,-0.00029696149183179056,8.481659517306918e-05
2015-04-01,6.658699144211518e-05,-0.0030845508123837147
2015-04-02,0.0011866188400464174,0.003770536266821525
2015-04-06,-0.00501319680564671,-0.00950782481982613
2015-04-07,-0.00302044815653668,-0.003834903232470008
2015-04-08,0.006400793643918212,0.007515931948645725
2015-04-09,0.0038449352268581775,0.0033531281995027736
2015-04-10,0.00011982555144378088,-1.601995066035404e-05
2015-04-13,0.0022978115541723177,0.002235080894501592
2015-04-14,-0.002830284313328576,-0.0028006213270770543
2015-04-15,-0.007569459391662026,-0.00798160285321073
2015-04-16,-0.0032735599708704137,-0.003861237960954544
2015-04-17,0.0019944101604332455,0.0020571112100035605
2015-04-20,0.006054956027519091,0.006000369419400432
2015-04-21,-0.0032186231061120236,-0.002854326770012195
2015-04-22,-0.0019720949210308343,-0.002185242407771277
2015-04-23,0.005978075272252546,0.005709038135745882
2015-04-24,0.00022866578834535958,6.236919996012056e-05
2015-04-27,0.003697110743094787,0.004110973785906333
2015-04-28,-0.002155957381974903,-0.0021266353160140643
2015-04-29,-0.0022874534001029686,-0.0030150264238557344
2015-04-30,-0.007712056498372799,-0.008210980963961646
2015-05-01,-0.0018708967494158232,-0.0015427082484220308
2015-05-04,3.592231333251175e-05,2.8940735485283788e-05
2015-05-05,0.004771388038718952,0.0036064434591631463
2015-05-06,-0.00038316709339334033,-0.00036900012583170424
2015-05-07,-0.006334049339814779,-0.005372882124169413
2015-05-08,-0.0008239993363513271,-0.0007773722713641088
2015-05-11,-0.0009564126214659964,-0.0007985652160348756
2015-05-12,0.005802591583149167,0.004940532701894366
2015-05-13,-0.0003291017765871013,-0.00024333987844743404
2015-05-14,-0.0021509608317331445,-0.0017934910167876547
2015-05-15,0.0001752678412915261,0.00020018153032923104
2015-05-18,-0.00267735019439966,-0.0021056981597581807
2015-05-19,-0.007063756456897348,-0.0048425240422836635
2015-05-20,-0.00036116034285538684,-0.0023461964111208254
2015-05-21,0.004957641184329026,0.0008543859444420077
2015-05-22,-0.0035244083412574348,-0.0016485141522651608
2015-05-25,0.0020483576760278854,0.0004704019742502382
2015-05-26,-0.007491264270234979,-0.0005865128034647416
2015-05-27,-0.0026255357632486015,0.0014030413269602877
2015-05-28,0.00023447663411605658,0.00034872852033472146
2015-05-29,0.005696347853025842,-0.007851529572371502
2015-06-01,-0.0013161206667079168,0.00025044000970867505
2015-06-02,0.0022165933648356675,-0.0012240332552793198
2015-06-03,-0.002831109050117051,0.002354168276293661
2015-06-04,-0.0018773013430319898,0.0030522054549670025
2015-06-05,0.0023568779309304576,0.00015075546846305302
2015-06-08,-0.006135755088051804,-0.005464364127648114
2015-06-09,-0.0036049884329842495,-0.010845407966959972
2015-06-10,-0.0007047136025159833,-0.0024210125900224638
2015-06-11,0.00020605895755422643,0.001246907097655885
2015-06-12,-0.00043807019703975364,0.0021740199417354575
2015-06-15,-0.004742281049931976,-0.0018145980686944101
2015-06-16,0.0007056467962427516,-0.00014666250871721642
2015-06-17,-0.000538885456934558,0.0005263410946268965
2015-06-18,0.004786193552982131,0.0021270996986507036
2015-06-19,-0.004586860412516187,-0.0009472733394246515
2015-06-22,0.0023405059664127243,0.002107115278401541
2015-06-23,0.0030655532974118356,-0.0009531305855578322
2015-06-24,-0.0035495387097467354,-0.001055855446049216
2015-06-25,-0.0026903314005935486,-0.00170200409618816
2015-06-26,0.001324609243491613,0.0012938960994313346
2015-06-29,-0.0029632007075029074,0.0003651379221368733
2015-06-30,0.002177705604971767,-0.0017214586849205174
2015-07-01,-0.0039950061868897655,0.00234586437600288
2015-07-02,-0.0005520009429424035,-0.0003143307854678785
2015-07-03,-0.0030970574584001515,0.0035346188942966595
2015-07-06,-0.006313053723002431,0.015008101815142368
2015-07-07,0.0003333542571317633,0.0038780163141570686
2015-07-08,0.00012740330514428812,0.002212803301752051
2015-07-09,0.001977971947459164,-0.008950355634595236
2015-07-10,-0.002807096931489377,-0.0025847870196818424
2015-07-13,-0.002691712871381763,-0.0011677856082612753
2015-07-14,0.0005094504872349544,-0.002314376142759637
2015-07-15,-0.002172340341168784,0.007865161194434441
2015-07-16,0.0007218267547219219,0.0033400999608769466
2015-07-17,-0.0001489862006130423,0.0019374255069081966
2015-07-20,0.0008955646927541671,0.002883367336973407
2015-07-21,-0.0016829105127442526,-0.0036373113769496306
2015-07-22,0.002400278183086205,0.00690245047717556
2015-07-23,0.002913916012908014,0.007885013419162657
2015-07-24,0.001961945055944839,0.005402926306919139
2015-07-27,0.003309980456129839,0.008748752483681474
2015-07-28,-0.0023256030432566403,-0.0041983818035976955
2015-07-29,-0.004040766101560622,-0.007529234842209172
2015-07-30,0.0011903276249797007,0.002411142272366037
2015-07-31,0.008747274284127518,0.014998774064215839
2015-08-03,0.010564486758906574,0.02010789347780145
2015-08-04,-0.004931653821965855,-0.007155970457870051
2015-08-05,0.003096718516453147,0.006364742923222586
2015-08-06,-8.485356864699816e-05,1.1765093497000711e-05
2015-08-07,0.0050458448423149165,0.009048740195051743
2015-08-10,-0.008319959629809767,-0.014997478444645761
2015-08-11,0.006853792350293239,0.012820901766755618
2015-08-12,-0.004367970081768354,-0.0059412915925609
2015-08-13,0.0031614221211218236,0.007517513190471029
2015-08-14,0.000955307410140643,0.00321946953205554
2015-08-17,0.0026216394075007465,0.00390784295711371
2015-08-18,0.002539269647154913,0.004500320448001745
2015-08-19,0.007781757220321296,0.01770328219711921
2015-08-20,-0.000961811495595533,0.0007967682127218659
2015-08-21,0.01210108206050261,0.017618467591626902
2015-08-24,0.014299297454141711,0.02356368078861878
2015-08-25,-0.0020945470648377346,-0.003922351040391121
2015-08-26,-0.004604290504810376,-0.005837838292921171
2015-08-27,-0.02877308974475337,-0.04032675417174256
2015-08-28,-0.016513149894092513,-0.017005611093313996
2015-08-31,-0.004990022876389184,-0.004465032949781264
2015-09-01,0.005366949169483052,0.012334225321713618
2015-09-02,0.0011224782308294344,-0.0007376685422018399
2015-09-03,-0.004837008898585617,-0.005688328161909194
2015-09-04,0.003306742070718533,0.0036099620656543582
2015-09-07,0.0026530698347163486,0.0029337048068124663
2015-09-08,-0.004871710448741625,-0.0049020578247164
2015-09-09,0.0051382924265003715,0.005089657678836664
2015-09-10,-0.00337515462617342,-0.0028925939659116343
2015-09-11,0.00022945572394831746,-8.351112383679739e-05
2015-09-14,0.0004615781293593301,-0.0005128958245078993
2015-09-15,-0.0011259318618116192,-0.0005571345282325209
2015-09-16,-0.0011501898492986783,0.0006479209198957404
2015-09-17,0.00168711645208146,0.0014143300313925438
2015-09-18,0.005807759449990111,0.00441943753917029
2015-09-21,0.0008744664567289241,0.001724388726450474
2015-09-22,0.00016724337046765522,-6.819811273459462e-05
2015-09-23,0.0022969692688024714,0.0015143074427180075
2015-09-24,-0.0005184287887265278,-0.0005636396287389535
2015-09-25,-0.00019687325375099293,0.00015789963559531434
2015-09-28,3.95894647223684e-05,-0.0008474096158604388
2015-09-29,0.003011986322713743,0.0038466417052276714
2015-09-30,0.004287491693043084,0.00443194143710545
2015-10-01,0.006017333869297837,0.005703762168768184
2015-10-02,-0.0026370066614706937,-0.002376590663249592
2015-10-05,-0.004902969873017224,-0.0032493582263540956
2015-10-06,-0.006014621383917874,-0.004179040311181958
2015-10-07,-0.0021138039338672323,-0.001637836572322469
2015-10-08,-0.005087583676785951,-0.003695520086343173
2015-10-09,0.0004732914918214458,4.041912579723213e-05
2015-10-12,0.0029760486505345622,0.0006164014429423486
2015-10-13,0.005189440359530332,0.0017264143168414063
2015-10-14,0.0011879084938119509,-0.00041807500210935285
2015-10-15,0.0011853062576395188,0.0030415043673958455
2015-10-16,0.0012090797421986249,0.002393638684010217
2015-10-19,0.005858838173120887,6.655808002118425e-05
2015-10-20,0.001821466435978132,0.000456194672708316
2015-10-21,0.009464540369382655,0.007698029429120003
2015-10-22,0.0009184151344050611,0.0018097807058684381
2015-10-23,0.010792512539993263,0.009212682904316262
2015-10-26,0.0138045486311383,0.012233174733830657
2015-10-27,0.004111227131348936,0.0004701930876313074
2015-10-28,-0.013264987848764365,-0.006445445790454147
2015-10-29,0.008721229177223337,0.006706812087723065
2015-10-30,-0.01447815331329701,-0.011780967796245571
2015-11-02,0.0052444447387795965,0.003932856691295104
2015-11-03,-0.013503461782901655,-0.006891429481094724
2015-11-04,0.010312236510357177,0.0032582608910227185
2015-11-05,-0.0053472702349202615,-0.007076641965143766
2015-11-06,0.0029050089326384267,0.00015400478525000273
2015-11-09,0.011728012619003433,0.010679148022514533
2015-11-10,-0.005990800701594706,-0.005637483401714902
2015-11-11,0.01068634719850036,0.00807765312256146
2015-11-12,0.012542211817881753,0.009677848006281948
2015-11-13,0.0001247221587401317,-0.0013522858965280403
2015-11-16,-0.007966533953432152,-0.007335617346157235
2015-11-17,0.008547970505496341,0.00710842673172091
2015-11-18,0.003760273791558761,0.0033768180228836903
2015-11-19,0.0011635235137185708,0.0017434096142867747
2015-11-20,0.006047513268992981,0.007648496660382945
2015-11-23,-0.0033122964505166593,-0.003213709038105835
2015-11-24,-0.010229608041261136,-0.007554565306972277
2015-11-25,-0.00015423482540381515,-0.00047135247864569884
2015-11-26,0.007701844644700824,0.007208214250954688
2015-11-27,0.009747180020515327,0.008617640902721926
2015-11-30,0.000413538133315994,-0.00022795501248510167
2015-12-01,0.0036917634754944713,0.003213903538476152
2015-12-02,0.014893957458334514,0.014151967990566743
2015-12-03,-0.010009026368375628,-0.008943396378127974
2015-12-04,0.008555376975396054,0.007173753247889002
2015-12-07,0.03024039796544716,0.02775733857289137
2015-12-08,0.006204474484125592,0.005734450474130709
2015-12-09,0.0054313976634963465,0.004457163363432064
2015-12-10,0.0061397690977479415,0.006287270450672964
2015-12-11,0.015968928475982573,0.014930694536815217
2015-12-14,0.011367845954784836,0.011440128874696793
2015-12-15,0.0010500907757770477,0.001111325848862139
2015-12-16,0.012640171926181306,0.012299835553682152
2015-12-17,0.002234634403383244,0.001665908712598888
2015-12-18,0.01068521649324467,0.010416430907414946
2015-12-21,-0.0058670245772921336,-0.005838424882416232
2015-12-22,0.0048054400268669065,0.004799841271305206
2015-12-23,-0.021724175231402087,-0.02205495641848629
2015-12-24,-0.01456493292160968,-0.015099475561549483
2015-12-28,-0.0006060795187267468,0.0008564113321034341
2015-12-29,-0.013097768208770557,-0.014259222495578967
2015-12-30,0.01365707600424079,0.014790974425940866
2015-12-31,-0.015178517927329285,-0.016418035639106574
2016-01-04,0.0042401422158476545,0.0038789202660305766
2016-01-05,0.006264220971628219,0.0068412923076120605
2016-01-06,0.01870451818554637,0.01963613069757563
2016-01-07,0.006318373505596051,0.0050353428348611385
2016-01-08,0.004607884801268845,0.00393642296978559
2016-01-11,0.019730237267454667,0.015239896913737665
2016-01-12,0.011912014028276957,0.010630501471628298
2016-01-13,0.008118623564024496,0.0063710503168027295
2016-01-14,-0.009713259821063481,-0.008072129555905763
2016-01-15,0.02495487752372799,0.02081364619788678
2016-01-18,0.0037425131397348954,0.005239990223989829
2016-01-19,-0.001301682286908058,-0.0019483039013180293
2016-01-20,0.009377892271099563,0.012896035101176396
2016-01-21,-0.013580951583337136,-0.018615635329439283
2016-01-22,-0.013449573139023377,-0.015266293209162665
2016-01-25,0.005445741808195656,0.006215597755107279
2016-01-26,-0.006806520997821874,-0.007459430580008935
2016-01-27,-0.003013948708237971,-0.003186948670452975
2016-01-28,-0.006920873430231394,-0.006745434165523954
2016-01-29,-0.0070456811051031664,-0.006786670182393979
2016-02-01,0.011173419993664146,0.010301168232851524
2016-02-02,0.01026547382308027,0.009491026335982472
2016-02-03,-0.00973643671882715,-0.008617430068279794
2016-02-04,0.004762261345667168,0.004630840736801608
2016-02-05,-0.003728856863293231,-0.003644222365116206
2016-02-08,0.00174055144274253,0.00012426471646081612
2016-02-09,0.011783926435089596,0.007977435907281947
2016-02-10,0.0017412624665288513,0.0022081150860244012
2016-02-11,0.0028691611583173903,0.0025223967110543
2016-02-12,-0.00663078216721211,-0.004176490309768389
2016-02-15,-0.0007826714283225518,6.666769143423943e-05
2016-02-16,0.0069589274950018105,0.00564359379391613
2016-02-17,-0.00986595019535255,-0.008041700765642699
2016-02-18,0.0053502169114964014,0.00512030738895625
2016-02-19,0.008492197291762135,0.007174790906398439
2016-02-22,-0.004760690188491429,-0.002926842118212909
2016-02-23,0.006750956741780586,0.005154157854329856
2016-02-24,-0.00392620500170724,-0.0028482792608448986
2016-02-25,0.0036631432543814146,0.0037103087616835134
2016-02-26,0.0015653391049160244,0.0018774469527575207
2016-02-29,0.00034887433434051463,0.0005801776422029911
2016-03-01,-0.0033839134590399563,-0.003286595822188232
2016-03-02,0.0029697512134661667,0.0028736823216087507
2016-03-03,0.0025399531994823,0.0026541214876870944
2016-03-04,-0.0028692378327322167,-0.00199343295214217
2016-03-07,-0.006453355293887832,-0.004979534970894883
2016-03-08,0.0039876849986891436,0.0030189051557519848
2016-03-09,-0.007938552049029974,-0.0074777999598210874
2016-03-10,0.00039469809905320614,0.0006383215861046372
2016-03-11,-0.006893086871195332,-0.007053110174582676
2016-03-14,8.029398426055351e-05,9.938274359650726e-05
2016-03-15,-0.002250447922370109,-0.00230314150323648
2016-03-16,-0.0008395892221660498,-0.0007992174146033783
2016-03-17,-0.0030175679360457553,-0.0029788762937634178
2016-03-18,3.661960203462547e-05,7.3542543164001756e-06
2016-03-21,0.0051667324049937706,0.005218815258204543
2016-03-22,-0.001288804866679784,-0.001205244927359395
2016-03-23,0.0026506542786005863,0.0027014492761096957
2016-03-24,-0.0012647572222197684,-0.0012579043526322637
2016-03-28,-0.00467931140723545,-0.004603308572821319
2016-03-29,-0.0033090068162730728,-0.003176557141914354
2016-03-30,-0.00013421953381593222,-0.0003337144612874765
2016-03-31,0.0008532424096947991,0.0007946893262339355
2016-04-01,0.00045239075746451846,0.0007674746160542327
2016-04-04,-0.0024462910239800213,-0.0022160130979614278
2016-04-05,0.0026761467515179806,0.0030082409637084816
2016-04-06,-0.0010255973090785575,-0.003666357505285288
2016-04-07,-0.0017161225756698675,-0.0016880589481282195
2016-04-08,-0.0029615926081290773,-0.003660375683210338
2016-04-11,0.0028239842401822386,0.002719128204582338
2016-04-12,-0.0016044016356228845,-0.001666801893149322
2016-04-13,-0.0013369410344043747,-0.001361951468259876
2016-04-14,0.0006892581071201927,0.0006604585248074077
2016-04-15,0.0010924477956474714,0.0001580249308352734
2016-04-18,-0.0011529481679053671,-0.0010488941906283222
2016-04-19,-0.005394994847437774,-0.004804307776271939
2016-04-20,0.0002007086826969007,0.0013864295101710079
2016-04-21,0.0001433912212788146,-0.00011793280457270533
2016-04-22,-0.00032629579564319417,9.34174379975218e-05
2016-04-25,-0.00024245197752994054,-0.0008016931923518926
2016-04-26,0.0031676889806598455,0.004651541559802749
2016-04-27,0.0027706471045457737,0.003194020712322784
2016-04-28,0.003367562651773666,0.004046873132592867
2016-04-29,-0.0017461092103581825,-0.0021911171959489452
2016-05-02,-0.0033629966506959455,-0.004681902091219487
2016-05-03,-0.0030923349315926667,-0.0039683394850507075
2016-05-04,-0.001800748882229212,-0.0022573505108693537
2016-05-05,0.0026993896203774295,0.003563563718301948
2016-05-06,0.0002514017259946749,0.00040432195914729834
2016-05-09,-0.0035696193722747987,-0.006474410271403982
2016-05-10,0.0012695119250377665,0.0050779814950288275
2016-05-11,0.0027229811119031423,0.007154231304613336
2016-05-12,0.0008468779686553759,0.0015207756786962357
2016-05-13,0.0005037609502732252,0.00035864402481384063
2016-05-16,0.004829731311652181,0.006266431055692199
2016-05-17,0.0008214996452546511,0.0012709478515562202
2016-05-18,0.0010367135565474011,0.0009578782556374359
2016-05-19,-0.004749986271245516,-0.005250644953424068
2016-05-20,-0.0001899656041901772,-0.00013116279615613485
2016-05-23,-0.0019855565421882746,-0.002345296424840475
2016-05-24,0.005511088916312933,0.0060255190884164625
2016-05-25,0.0022125357783929146,0.002661068824108876
2016-05-26,-8.751074311281294e-05,-8.389933944208978e-05
2016-05-27,-0.0024032728086014394,-0.0026232861487818365
2016-05-30,0.002237941270257613,0.0026337581146564496
2016-05-31,-0.005556798563812631,-0.005881911955347846
2016-06-01,-0.0023621076804307794,-0.0032481832638119913
2016-06-02,0.0016184423257654262,0.0022700309265402253
2016-06-03,-0.0019944501282119467,-0.0028178898933713323
2016-06-06,0.0039014627515022832,0.005224159400783138
2016-06-07,0.004356959996308157,0.005908295920610293
2016-06-08,0.0051037609705688524,0.0072510536611171935
2016-06-09,0.0008260882980530541,-0.00030446645306943243
2016-06-10,-0.006536610416672227,-0.009549719575584252
2016-06-13,-0.0017372566131093165,-0.0031274469712909586
2016-06-14,-0.0017397709060099915,-0.003700520983540822
2016-06-15,-0.0012470099688209992,-0.0023999977778660837
2016-06-16,-0.003989909079284776,-0.008113128472288327
2016-06-17,0.0037349395334574046,0.004916915835461584
2016-06-20,0.004179638799607599,0.004954042907399079
2016-06-21,0.0009053985755920206,0.0009913378764997867
2016-06-22,-0.005853726706434838,-0.005963840982094297
2016-06-23,0.004194827587858625,0.004359758780676058
2016-06-24,-0.00796489804341789,-0.008683932534341198
2016-06-27,-0.0010548069796832962,-0.0011424817984244523
2016-06-28,0.007881774797786916,0.006841235307542847
2016-06-29,0.0014754975099402266,0.0008352634345336162
2016-06-30,0.0015967047510878005,0.001201767120214539
2016-07-01,0.0012037826813733063,0.0015031523914773224
2016-07-04,-0.0014909836294360625,-0.0016241277586325426
2016-07-05,-0.008584078180178815,-0.011638605328879233
2016-07-06,0.0008638047583087531,0.0015013381682459153
2016-07-07,-0.0012395064201098846,-0.002555174840767999
2016-07-08,0.001038976277950824,0.0011855322967447657
2016-07-11,-0.002818481872400691,-0.0032146315970789465
2016-07-12,-0.0023763283915836666,-0.00114348489514435
2016-07-13,0.0027611234442733515,0.0016400355135807595
2016-07-14,-0.001025629887048403,-0.0006612506239757195
2016-07-15,-0.0005914770059072094,-0.00027198439924810855
2016-07-18,2.4990024937372533e-05,-0.0005995134508706004
2016-07-19,0.000600459709634641,0.00015836751280115405
2016-07-20,-0.0017412931925655398,-0.0008970383542562368
2016-07-21,0.003274438912413386,0.0010016097437987185
2016-07-22,0.0031293302316326454,0.0011064697504133694
2016-07-25,0.0027775157007091642,0.0024854912390577483
2016-07-26,0.0003652833260621862,0.0002646514749354343
2016-07-27,0.005307313044898603,0.005024946720685667
2016-07-28,0.004273645321991049,0.00427477550405888
2016-07-29,0.0006348117245945703,0.000645119251423392
2016-08-01,0.004782741354469018,0.005223364184530693
2016-08-02,0.0023252539742405543,0.0027380062569496463
2016-08-03,-0.008289508921585568,-0.01037096940745107
2016-08-04,-0.005572641333072764,-0.006931150230991212
2016-08-05,-0.0014003407931308584,-0.001313812406426164
2016-08-08,-0.005580555062091745,-0.007688241154971681
2016-08-09,-0.000352166975837955,-0.0002828587043585608
2016-08-10,0.0026961765241409735,0.0032424441911264594
2016-08-11,-0.006076961620166469,-0.00520215382383258
2016-08-12,-0.0039458314041479784,-0.004944865555129394
2016-08-15,-0.00540168485029521,-0.0070195688528293535
2016-08-16,-0.0028137374288573574,-0.0023387195975015608
2016-08-17,-0.0012964768669490024,-0.0005320989336571249
2016-08-18,-0.0009269263593156728,0.0006468697421458145
2016-08-19,3.803192022873675e-05,-0.0001198888724975393
2016-08-22,-0.00211746641933593,-0.004534293487300546
2016-08-23,-0.00037461598856746505,0.0003158429724842658
2016-08-24,-0.0008645174024484214,-0.0025644045428146896
2016-08-25,0.000538016575778657,0.0009462126702265363
2016-08-26,0.0003714348198709952,0.0004297730150021859
2016-08-29,-0.0005973055159262143,-0.0008297228744372109
2016-08-30,-0.0011501189456932512,-0.0018665859152053423
2016-08-31,-0.00010577611745048632,-0.0011410294681734948
2016-09-01,-0.0008024930321003003,-0.003995059624610138
2016-09-02,-0.0008548844186215739,-0.00020743550742558574
2016-09-05,-0.0014535492083326475,-0.0007490862050049545
2016-09-06,0.000267322257117855,-6.433369925289355e-06
2016-09-07,-0.0012777824288923336,-0.00040100569432000195
2016-09-08,-0.0029863475238732016,-0.002701512441296965
2016-09-09,0.0012890083840381846,0.0008056295110545225
2016-09-12,0.0007060005940808436,0.0007967647443630475
2016-09-13,0.0011497992570566782,0.0007128795437298694
2016-09-14,0.0008485049665458242,0.002344441173149478
2016-09-15,0.00011555036962616193,-0.0004577957633847618
2016-09-16,0.0016160154180909117,0.003142264598849684
2016-09-19,-0.0007487925072373341,-0.0010299544994450706
2016-09-20,0.0037217381221931046,0.003908749590673882
2016-09-21,-0.0010367503461866069,-0.005096664214020969
2016-09-22,-0.003824218410004154,-0.0063523087886896935
2016-09-23,0.001177666586250816,0.005829328926400641
2016-09-26,-0.0005685554515394376,-0.0031741436921096026
2016-09-27,0.00021513718506923837,0.0019137729793588226
2016-09-28,-0.003882918793339303,-0.007907711912439363
2016-09-29,0.0018344260063922766,-0.0019995313612245227
2016-09-30,0.00016394890780434298,-3.8101097710819165e-05
2016-10-03,0.002104824160225085,0.0005954826122506209
2016-10-04,0.0009941999418542288,0.0003504200061184703
2016-10-05,0.0024371236115937694,0.0020336115876440864
2016-10-06,0.0037980791137376055,0.0040366847150978625
2016-10-07,-0.00022145472301847262,-0.0008055351446322844
2016-10-10,0.006053133891713146,0.006757528799249472
2016-10-11,-0.002128637045967936,-0.0024334788683426194
2016-10-12,-0.00294454519345662,-0.0038242446402895302
2016-10-13,0.005610100623069879,0.0059532159937161905
2016-10-14,-0.0009691925458643297,-0.0009345488209590421
2016-10-17,-0.0008292081785131793,-0.0016331260155292317
2016-10-18,0.00039183171580088193,0.0021103819743725047
2016-10-19,-0.0021158761531802294,-0.00028130409047105184
2016-10-20,-0.0012095866370377725,-0.005481480442820125
2016-10-21,-0.003353137413639054,-0.0006615223244358214
2016-10-24,-0.0006081049235524369,-0.001990788519516063
2016-10-25,-0.007361865907907001,-0.012270214052931633
2016-10-26,0.000782907132957986,-0.0009880105635588262
2016-10-27,-0.0009928151077170867,0.000376804485573021
2016-10-28,-0.000892287689593385,-0.0037976577979124356
2016-10-31,0.0018701107991927824,-0.005753459844393968
2016-11-01,0.0031142373521033024,0.00229450877329182
2016-11-02,0.004314167597193565,0.003485490590819785
2016-11-03,0.0011889155019283143,0.0003201423949330178
2016-11-04,0.004268018535085135,0.004091172806257642
2016-11-07,-0.005061535965290304,-0.004013307032144514
2016-11-08,0.008055760998173067,0.007431505572979366
2016-11-09,-0.008992995871543777,-0.006681549421625808
2016-11-10,0.01161543923957697,0.00792401232487291
2016-11-11,0.006401591882799121,0.002740523179172987
2016-11-14,-0.005193404488330836,-0.0048341314113235015
2016-11-15,-0.01733514062569479,-0.010673512764317446
2016-11-16,0.0018403234207285384,0.00044571763885767796
2016-11-17,0.0042967228219370065,0.0037041999776206585
2016-11-18,-0.010004626017936181,-0.0083652746689026
2016-11-21,-0.01990808082021216,-0.015531518675862563
2016-11-22,-0.0013235632728338727,-0.002010018041066207
2016-11-23,-0.0022495816551001153,-0.001959546437996369
2016-11-24,0.0005507201150399214,0.0004498124173813333
2016-11-25,0.004496244599892558,0.000795668687097028
2016-11-28,-0.005983512046013992,-0.004362801913695419
2016-11-29,0.003927442124714474,8.032682232623224e-05
2016-11-30,-0.011127683412989647,-0.004786554467822419
2016-12-01,0.0024998070244010196,0.0054343500750297135
2016-12-02,-0.0012384081360126606,-0.0009810990930644349
2016-12-05,0.0059150011426253426,0.006060758625064774
2016-12-06,-3.261007129139326e-05,-0.0007350395329385213
2016-12-07,8.840186689402874e-05,-0.0008945799691799384
2016-12-08,-0.001024098375882233,2.721385801505704e-06
2016-12-09,0.0019860655592349595,0.003748864366040341
2016-12-12,-0.004652634929610809,-0.0022331321326173313
2016-12-13,-0.0009269242393462005,0.00043147523927059613
2016-12-14,0.0011779754604131342,-0.0039023295947861
2016-12-15,-0.004094984398755671,-0.0031923724286242543
2016-12-16,0.0006587065737128681,0.003297735654539056
2016-12-19,-0.0012753981174455243,-0.0019706721950027936
2016-12-20,0.0018472860476994842,0.0034923926725495234
2016-12-21,-0.0015602303801995829,-0.003157710206446472
2016-12-22,0.00022315500677985147,0.0005217609299018091
2016-12-23,0.0033009719314299663,0.003864249534097254
2016-12-26,0.002192224403283521,0.0029561802831915515
2016-12-27,0.0045119416198461625,0.005472703747984933
2016-12-28,0.0031351974339356996,0.0033081934843895867
2016-12-29,-0.0015545551308412439,-0.001602183331197457
2016-12-30,-0.0016007020022228552,-0.001548802386721249
2017-01-02,0.0012732347631524959,0.001551735858982962
2017-01-03,-0.018067974018347262,-0.01923739611525551
2017-01-04,0.0025523656667121968,0.003652750663323009
2017-01-05,0.0025886367007304434,0.0036844500252211716
2017-01-06,-0.0003105719909732727,-0.0002699255456986588
2017-01-09,-0.006945729226417143,-0.011756490388372773
2017-01-10,-0.003534610443097651,-0.0077339644740364475
2017-01-11,0.001163159719735979,0.0045834899058600385
2017-01-12,0.0015139665361066166,0.0037347562024569116
2017-01-13,-0.001773220206278056,-0.0033492191517989003
2017-01-16,0.0022082416363104953,0.0014434524170981336
2017-01-17,-0.0035927407729974097,-0.0023701813214827955
2017-01-18,-0.010740440972223384,-0.006860127224853699
2017-01-19,-0.00013590718381447197,-9.843945077526821e-05
2017-01-20,0.008511560594878346,0.0027567058528399514
2017-01-23,-0.0020970454582726183,-0.0012671066719879545
2017-01-24,-0.001251909076155735,-0.0010738434556474884
2017-01-25,-0.00114850079950493,-0.00048203599592098827
2017-01-26,0.007006153971182923,0.003361630345595442
2017-01-27,-0.006719582651752289,-0.003367789128067863
2017-01-30,-0.002073819902799798,-0.0011605613363559295
2017-01-31,0.0008084144531988543,0.00012184308203038064
2017-02-01,0.005416574113081861,0.002418971139922607
2017-02-02,0.0020603845290395146,0.0009987285053730272
2017-02-03,0.0008891590843060746,0.0004613719584338377
2017-02-06,-0.006868573976443026,-0.0037506425928122114
2017-02-07,-0.006141297287424242,-0.0035218479514318793
2017-02-08,-2.9102053597455538e-05,-3.4080488737724396e-05
2017-02-09,0.003791169685456597,0.0018019584108979738
2017-02-10,0.007712264101754942,0.004016407756103387
2017-02-13,-0.008777935518382797,-0.0043757217447583105
2017-02-14,0.001953537000810792,0.0010234136740184206
2017-02-15,-0.0024685758527923265,-0.0012608454537154608
2017-02-16,-0.00012988732091313574,0.00031748527135129354
2017-02-17,0.0004715872507378076,0.0003518791677299546
2017-02-20,0.003502204446346952,0.002252745040782038
2017-02-21,0.007523992654047331,0.006885239969113004
2017-02-22,-0.006104209636302365,-0.0035569254506903976
2017-02-23,0.004045293765190615,0.0012954344185289255
2017-02-24,-0.002652292296905737,-0.0015021147334082629
2017-02-27,0.0026973084029993846,0.0022470799850200624
2017-02-28,-0.0027338842088532197,-0.0034279982538663535
2017-03-01,-0.0032949280343421475,-0.0028191471311968075
2017-03-02,-0.006849932020389002,-0.005540162394967856
2017-03-03,0.002487031621633551,0.0010168126306732644
2017-03-06,-0.0038986533887821542,-0.0041100642661490395
2017-03-07,0.0018434132663805475,0.0021730162593098195
2017-03-08,-0.015753660324071717,-0.009188853555573343
2017-03-09,-0.0024989026323301907,0.0007297384637186701
2017-03-10,-0.005176298266610945,0.0009624798492782801
2017-03-13,-0.0006298310976733571,-0.0008911022958326592
2017-03-14,0.0018591600183640346,0.0009543311561104171
2017-03-15,-0.00015651806008527532,-0.0015648155684871315
2017-03-16,0.00037271649888781034,0.0022488778950530285
2017-03-17,-7.0705759634258e-05,-0.0005270347297945551
2017-03-20,-0.001763314986994794,-0.0011984396682782172
2017-03-21,-0.001602667244921161,0.003037955087841564
2017-03-22,-9.575154316277765e-05,0.0001004124298069605
2017-03-23,-0.0007028682143957527,0.002172408558987688
2017-03-24,0.0009392183052284517,-0.0029220000270243755
2017-03-27,-0.0003203582722285741,0.0010317125238555275
2017-03-28,0.0009795174243733636,-0.0030015678662210095
2017-03-29,0.0024042295029701385,-0.006544792051563296
2017-03-30,0.0016763058915706182,-0.0036934858666042712
2017-03-31,0.0012547838648649435,-0.00309087287467618
2017-04-03,-0.0020301344808314197,0.0012399425470611212
2017-04-04,0.0049566117994739945,-0.00205429794557549
2017-04-05,-0.0007686353841776004,0.0006761757482581619
2017-04-06,0.004272448256625212,-0.001185962456528537
2017-04-07,0.0014692486937707362,-0.0003042899587285242
2017-04-10,0.006079883570459479,0.0019855704898533817
2017-04-11,0.0008331076162353821,-0.00040569209982053354
2017-04-12,-0.004070112524026796,-0.001956861027689622
2017-04-13,0.0013840145535944182,0.001146724115104863
2017-04-17,-0.001602470005421066,-0.0013552882970061884
2017-04-18,-0.004731278690545703,-0.002893675295618431
2017-04-19,-0.012575738361421653,-0.007463081670945161
2017-04-20,-0.0012476289712267936,-0.0007651814370104341
2017-04-21,-0.0065579005547799695,-0.0019929023646538826
2017-04-24,-0.0022263198346144423,-0.0003747508870669787
2017-04-25,0.00043129581715132804,-0.0006319827991153661
2017-04-26,-0.0022865068934720544,-0.0010756114960734126
2017-04-27,-0.00021341280282788347,-1.9391364392712186e-05
2017-04-28,-0.0007448571343222505,-0.0005405794728696845
2017-05-01,0.0013068639978209946,0.0026120302910644833
2017-05-02,0.0018486660663754335,0.004111798256889611
2017-05-03,0.0008161955977636187,0.003481527417343972
2017-05-04,0.007091522818424514,0.020193385861518854
2017-05-05,-0.005287795967151163,-0.01204964794277579
2017-05-08,0.0012433083789899124,0.0008236037641571632
2017-05-09,0.00045753781053749394,0.003396300738016859
2017-05-10,-0.005430544008029378,-0.0125688510316607
2017-05-11,-0.0019625274807157454,-0.00527714546411889
2017-05-12,0.0009829936914587606,0.0014285446811034728
2017-05-15,-0.0029744534201983637,-0.009499766267363296
2017-05-16,-0.003603992253908899,-0.0010110185752929095
2017-05-17,-0.000642106109446947,-0.0060167667870770535
2017-05-18,-0.00017914289892138291,-0.0020039407468621998
2017-05-19,0.0008105725804351942,-0.007301331760134874
2017-05-22,0.0014652549358453474,0.0008348045039463774
2017-05-23,-0.0008350933636522635,-0.002713596982087125
2017-05-24,-0.0016830226256064132,-0.000499109948173427
2017-05-25,-0.010716031596996571,0.0007602129943402093
2017-05-26,0.0026191003965599785,-0.00329900181242111
2017-05-29,5.957060957061368e-05,-0.0002497887507622333
2017-05-30,-0.00010926132273773638,0.001438726831976785
2017-05-31,-0.001557509419626466,0.0035377298732168915
2017-06-01,0.000627105701222368,0.00416065143668419
2017-06-02,0.0006657607951088036,0.002970879236285735
2017-06-05,-0.00022929303680600084,0.001962061404988968
2017-06-06,-0.0021944499683965724,-0.0050238296228033745
2017-06-07,0.0006336645742434409,0.008179934620112607
2017-06-08,-0.0002669776730618062,0.0004528752561617688
2017-06-09,-0.0001163362521712199,-0.0016238411093119527
2017-06-12,-0.0003701197258052863,-0.00025283183406820574
2017-06-13,0.004267040713993544,0.004473099980288117
2017-06-14,0.00695319254799049,0.014525973665394841
2017-06-15,-0.006900627665804004,-0.00519243867803742
2017-06-16,-0.0019282161813829778,-0.005438915743702927
2017-06-19,0.010964323662613629,0.014382690481453117
2017-06-20,0.003647515755933355,0.010956989301822775
2017-06-21,0.004720560817356451,0.012060074382587688
2017-06-22,-0.00310302435644369,-0.006236888192694257
2017-06-23,-0.003051773822224843,-0.006496786564608607
2017-06-26,-0.007274084114582806,-0.00952970194074867
2017-06-27,-0.0025311831680910678,-0.004821216970762676
2017-06-28,-0.005785694309699074,-0.015037946371921934
2017-06-29,0.0019422637596728522,0.002578166381657696
2017-06-30,-0.0031477343081598753,-0.014109096689822685
2017-07-03,0.0019796760424662025,-0.00234444882960759
2017-07-04,-0.0006676322954663407,-0.000940529182467782
2017-07-05,0.006906489917969695,0.014399315953442416
2017-07-06,-0.0020651749309978174,0.0002587124609719814
2017-07-07,-0.0013428283856026086,0.005802705972510532
2017-07-10,0.00024127478544467944,-0.0027569696731959683
2017-07-11,0.0007327666383778811,-0.011728927742557793
2017-07-12,-0.005358995711105034,-0.002085281026368749
2017-07-13,-0.0006248107051004575,-0.005632764554018601
2017-07-14,0.0012912605724476262,-0.0018547992964120972
2017-07-17,-0.0024179301816358643,0.001012936979383433
2017-07-18,-0.0027557683841794296,-0.003397974020333094
2017-07-19,0.0001957925034148264,-0.001548563673954886
2017-07-20,0.00038647608899045494,0.0008019490251164107
2017-07-21,0.00039094962722881297,0.002124865371077864
2017-07-24,0.0021952158264884948,0.0006174087096306388
2017-07-25,-0.0003874941882866286,-0.0021777221926886857
2017-07-26,0.0007548420881116992,0.0007093744939414308
2017-07-27,-0.002717440938719977,-0.002981523576823997
2017-07-28,0.0026922087168864705,0.0022637079042187097
2017-07-31,0.007693850442732779,0.007710599414266202
2017-08-01,-0.006307106045739722,-0.0057870682714569925
2017-08-02,0.004238864023147181,0.0038876438075923446
2017-08-03,-0.001644066881165078,-0.0014295125683523025
2017-08-04,0.003782844127152575,0.0032323667459057525
2017-08-07,-0.0014226242399925622,-0.0012943763105506345
2017-08-08,-0.003171795711016521,-0.0028612191412811364
2017-08-09,-0.0021295320666910454,-0.002152945329896398
2017-08-10,-0.008741189619401452,-0.008578033783749994
2017-08-11,0.0006646358818479196,0.00026584947455729116
2017-08-14,-0.00198898171768824,-0.00026745922086579267
2017-08-15,0.00020526932720447955,-0.00032179260798325423
2017-08-16,-0.0002984794476237381,0.0016079711592963467
2017-08-17,-0.0010809277930515027,-0.0014262045563720107
2017-08-18,0.003199470406440592,-0.0020082159391692006
2017-08-21,-0.004214641455126125,-0.00196961475570607
2017-08-22,0.000747707236944643,0.0006149678586551101
2017-08-23,0.0012512852753580183,0.0010150833512518583
2017-08-24,-0.0011985471189700034,-0.0006699559380143557
2017-08-25,0.0018068271499047772,0.0012114689807308928
2017-08-28,-0.002818758830859683,-0.0009931671564132071
2017-08-29,-0.001065048242719504,-0.0006802091941171831
2017-08-30,-0.003414543001782458,-0.00031695221096437586
2017-08-31,0.0052350604162803745,-0.005952066954429752
2017-09-01,-0.0012457271162439447,-0.0010750955413019504
2017-09-04,-0.003077248324180886,-0.001311603060945351
2017-09-05,0.006948953792968775,0.001371755051075935
2017-09-06,0.004221808544305739,0.002106763827235948
2017-09-07,0.0015361972993651197,0.0013090159026602165
2017-09-08,-0.006041296682045762,-0.0027697939122008925
2017-09-11,0.00025326765165319354,-0.0010402757964272475
2017-09-12,-0.0008295931441069689,-0.0018470773345731688
2017-09-13,0.00547945005939186,0.0025009993001949013
2017-09-14,0.0021303797278972997,0.001347504362886267
2017-09-15,0.002382892950621711,0.0018855194338156939
2017-09-18,-0.0018237697625651571,-0.0017049498412241345
2017-09-19,-0.000930069502660254,-0.0008312252528173955
2017-09-20,0.00480492107373262,0.00410827111664911
2017-09-21,0.00023245682350514323,0.00018906752961820976
2017-09-22,0.0010249960385229938,0.0011269356100423811
2017-09-25,0.016740116313455105,0.01524746670131459
2017-09-26,-0.002842251126853603,-0.002801580625234959
2017-09-27,-0.0067044587611930564,-0.006612854896863346
2017-09-28,-0.0008695058588008997,-0.0006427346224018239
2017-09-29,-0.0022480326774161484,-0.002669022291549368
2017-10-02,-0.0029263959699820136,-0.002959395295499283
2017-10-03,-0.0015025164370482905,-0.0015835111028163964
2017-10-04,-0.0020584641525196426,-0.0020089797384582365
2017-10-05,0.008801098662749009,0.007961763722093281
2017-10-06,-0.00898048918106053,-0.007169927409193683
2017-10-09,0.002765171450435138,0.00215939584106106
2017-10-10,0.0022872723390963607,0.0009611122952904125
2017-10-11,-0.00042550450460166557,-0.00047393229385734714
2017-10-12,-0.0054081165090530655,-0.005212832301963055
2017-10-13,0.0025211035497638805,0.0022078982379593218
2017-10-16,0.005548150444204234,0.005209067970912941
2017-10-17,-0.000815969808673302,-0.000548970962591707
2017-10-18,0.0036923441367043264,0.0034781889069698626
2017-10-19,-0.00623332214965533,-0.0058170098267259765
2017-10-20,0.0029732713368995525,0.0029801712701173644
2017-10-23,-0.005300530143170813,-0.004836711106447648
2017-10-24,0.006911334851754096,0.006019147018738068
2017-10-25,0.001855133495769121,0.0021339380781801925
2017-10-26,0.008229853283860234,0.006815319650301726
2017-10-27,0.014292378564086815,0.011490516441043902
2017-10-30,-0.0013027564976175528,-0.0013130455753429793
2017-10-31,0.011257944445902238,0.010547010657251499
2017-11-01,-0.006997391526804244,-0.005471259278279814
2017-11-02,0.0018387684775620014,0.0008301688408696226
2017-11-03,0.009332173664394936,0.006959972001689678
2017-11-06,0.011867498267437526,0.007565345915817187
2017-11-07,-0.003429427257844483,-0.003038997299365707
2017-11-08,-0.0010592259507350293,-0.0009918802285950638
2017-11-09,0.0025543400663511485,0.0019646474475248656
2017-11-10,-0.0003509059884750947,-0.00029900484481091443
2017-11-13,-0.002450575043343363,-0.0020768951792056313
2017-11-14,-0.017239096258619878,-0.014445586805671753
2017-11-15,-0.001403111501274205,-0.0011550075334604475
2017-11-16,-0.0034699999842091045,-0.0028128778929944263
2017-11-17,0.011423206351664555,0.009151969239525765
2017-11-20,-0.003581990471064698,-0.0026334101772808975
2017-11-21,0.004140821570325643,0.0034831146255480325
2017-11-22,0.008983282407831347,0.007751781637545574
2017-11-23,0.0053105714191485414,0.004562290030037625
2017-11-24,0.004155043520795088,0.003570496053582488
2017-11-27,-0.0016965985443015972,-0.001727727704699945
2017-11-28,-0.010309202362035886,-0.009654473084413336
2017-11-29,-0.007705066311709117,-0.006836650401956773
2017-11-30,0.0024676191910749062,0.002573234426813032
2017-12-01,0.01119733217235191,0.009226147848754446
2017-12-04,-0.0074626819012555716,-0.005735960554972791
2017-12-05,0.008029452336543839,0.008250037829235815
2017-12-06,-0.014361785858557642,-0.013634610429276077
2017-12-07,0.01140915991363819,0.011173168679859855
2017-12-08,0.007092056632278329,0.006280419077143118
2017-12-11,0.001472992609400799,0.0012415484269647874
2017-12-12,0.0007299432129195121,0.0010264741742163873
2017-12-13,-0.009370551352214016,-0.00798708312548639
2017-12-14,0.00699572300338384,0.0069404373959996895
2017-12-15,0.0023147310101848495,0.002140675883958904
2017-12-18,-0.006044342580269224,-0.006010704969187655
2017-12-19,0.005981674009067348,0.006159660733180895
2017-12-20,0.010415683205558033,0.010556872245697888
2017-12-21,0.003409000132609073,0.0031549283502368343
2017-12-22,-0.0019350059372144728,-0.0022685426377035906
2017-12-25,0.003288506976328349,0.003105158892146154
2017-12-26,0.01295050279027344,0.01219141274261778
2017-12-27,-0.006339912974303016,-0.006202547087206645
2017-12-28,-0.01102566050735345,-0.011379715810534109
2017-12-29,0.0021747932235194364,0.0018478121903533458
2018-01-01,-0.0009712769869439435,-0.0008926194146683937
2018-01-02,-0.0004286482208733765,-0.000677650932297298
2018-01-03,0.012471209315304967,0.012200945310881244
2018-01-04,0.004281194261922251,0.004206262879057985
2018-01-05,0.0038635204380655552,0.0038580295001326794
2018-01-08,0.002270567992334303,0.0022902911708211726
2018-01-09,0.006721221071084146,0.006981800861475422
2018-01-10,0.002507334584691991,0.002596672183995714
2018-01-11,-0.002650783103280646,-0.002596072185893246
2018-01-12,0.005477557719949194,0.00583955504469516
2018-01-15,0.009505473846852705,0.010160035767431425
2018-01-16,-0.012333951776153223,-0.010385321295139091
2018-01-17,-0.0003572989271271783,-0.0004469509929192277
2018-01-18,-0.0004061328435745557,-0.0002963177651746029
2018-01-19,-0.003234762589623432,-0.0026949265240749465
2018-01-22,0.004885618464698886,0.004173483809980934
2018-01-23,0.008746006751295478,0.0071867629753766095
2018-01-24,0.007654172708205688,0.006492590505848307
2018-01-25,-0.0067506704224823974,-0.005727306562369676
2018-01-26,0.0054307444379725865,0.004622605525670758
2018-01-29,-0.01041720121558176,-0.008866869868637675
2018-01-30,-0.009571824115663851,-0.00800524536896191
2018-01-31,0.0020271568149747513,0.0012094787939497954
2018-02-01,0.012201061471292842,0.010042710392457936
2018-02-02,-0.021234408899492022,-0.0177524833153187
2018-02-05,-0.013823149097831262,-0.011300320560617668
2018-02-06,-0.004924106911763418,-0.0034499366612607825
2018-02-07,-0.015312257911571503,-0.008459276829979556
2018-02-08,-0.011066701486345643,-0.00556345177801103
2018-02-09,-0.011218027875363737,-0.004540170878136058
2018-02-12,0.0005946896029989991,0.00046976508171530854
2018-02-13,-0.0009782613321969484,-0.0013813305133428156
2018-02-14,0.008024281458389593,0.0022260396983144666
2018-02-15,0.0012329505902262852,0.0006021592539426133
2018-02-16,0.003169655051029193,0.0014757349281304462
2018-02-19,0.00687636660067396,0.001747380265172822
2018-02-20,-0.004831225559823363,-0.0028138359665874327
2018-02-21,-0.002343993746611923,-0.0015740526589765886
2018-02-22,0.007204011091729652,0.001743663991520752
2018-02-23,0.007979978030826946,0.0031885343181344435
2018-02-26,0.0017609670415304178,0.00022757601236875332
2018-02-27,-0.007797631597628463,-0.004138440014549673
2018-02-28,-0.01212973020176949,-0.005231525693351078
2018-03-01,-0.0023405282199004235,-0.0017101598203516984
2018-03-02,0.001701304833959739,0.000978756973081932
2018-03-05,0.005096628034044493,0.0027160306944380573
2018-03-06,-0.0007620547343130288,-0.0008953360897571836
2018-03-07,-0.0066457193468762955,-0.00433571675990481
2018-03-08,-0.0026723276407951495,-0.0011875444827808828
2018-03-09,0.006227234709995397,0.003656162955414462
2018-03-12,-0.0010253183070755014,-0.0008501057863804841
2018-03-13,-0.0010316324120250462,-0.0009507639928222148
2018-03-14,-0.0006909979074694013,-0.0007205603000218132
2018-03-15,-8.859439509066433e-05,-0.0002191425975454105
2018-03-16,0.005166991782926739,0.004185149000067215
2018-03-19,-0.0015562885726738988,-0.001449978559521745
2018-03-20,0.007423306256125232,0.006452308042502865
2018-03-21,0.011909648532564918,0.010248592649218976
2018-03-22,-0.006521431764182235,-0.005776515960340467
2018-03-23,0.010115234857064278,0.008776466867540435
2018-03-26,-0.0026336869037969558,-0.002515104475840217
2018-03-27,-0.004258360107158579,-0.004218526808719747
2018-03-28,0.0007688725164187553,0.0007619342284015711
2018-03-29,0.0009425255744222623,0.0008989062147686655
2018-04-02,-0.013517195076127341,-0.0134489141065217
2018-04-03,0.005059447723980933,0.004898918373276456
2018-04-04,-0.0003829183909035792,-0.0003602005198722744
2018-04-05,0.004020340779445775,0.004103156534767178
2018-04-06,-0.011689848820177312,-0.01216473026354511
2018-04-09,0.010026422836003225,0.010524730017715367
2018-04-10,0.012917036740885686,0.013694103585582032
2018-04-11,0.005860971179322203,0.006168999621984288
2018-04-12,0.000840521832152533,0.0008871462012103702
2018-04-13,0.00011163869945292944,0.0002477615606905079
2018-04-16,-0.005512364844641318,-0.005920678850040859
2018-04-17,0.001742691819284596,0.0018408635948866496
2018-04-18,0.010756069939417301,0.011815647044911455
2018-04-19,-0.002547821053495685,-0.002692203949498276
2018-04-20,-0.0017190980124116926,-0.001688627953635138
2018-04-23,0.006984587565112627,0.008056792744896414
2018-04-24,-0.008234872619950047,-0.008710991171838857
2018-04-25,0.0016588942302174505,0.0017708934327252375
2018-04-26,0.0035697257690934583,0.0038176647575105336
2018-04-27,-0.001933481924491922,-0.0020954704765955064
2018-04-30,0.005636964698583706,0.006023951966631846
2018-05-01,-0.010388851324254876,-0.011274833795983265
2018-05-02,-0.0005939117225841932,-0.0006989640612614302
2018-05-03,0.005647549659293721,0.006222888020338439
2018-05-04,0.010340708755834179,0.011466278349584287
2018-05-07,0.0023815956505687137,0.0028422887708252054
2018-05-08,0.003037247521756253,0.0033394742789079977
2018-05-09,0.0084668590721677,0.010207669007523623
2018-05-10,-0.00035975205042939235,-5.280141666867746e-05
2018-05-11,-0.0038854348237438567,-0.0045988726093394265
2018-05-14,0.0077050424521456886,0.009043551691758267
2018-05-15,-0.003118262926947345,-0.003452324969265966
2018-05-16,0.0065406560483828235,0.0072869210027736485
2018-05-17,0.0009418098664878815,0.0009658802910646131
2018-05-18,-0.005206671381911204,-0.005149995408083977
2018-05-21,0.008087595785523618,0.00801021219566105
2018-05-22,0.00038983174638586635,0.0003939120771482201
2018-05-23,0.000902853063684522,0.0009038511292280417
2018-05-24,-0.009115423011948775,-0.009202665845145445
2018-05-25,-0.024767971131586467,-0.025000437661651085
2018-05-28,-0.0068326741438104925,-0.0060955975509300485
2018-05-29,-0.0032639395701467046,-0.003399623364114987
2018-05-30,0.012215190351495096,0.009513848346665639
2018-05-31,-0.00145526617412238,-0.0004453313007496508
2018-06-01,-0.007732622101962474,-0.006002894213571788
2018-06-04,-0.007471789890237144,-0.005498184581015906
2018-06-05,-0.0018493245636650411,-0.0023390237536102263
2018-06-06,0.0007879748533379331,0.0008114968165213963
2018-06-07,0.00910828549013571,0.005648880150839645
2018-06-08,-0.0036325559389134014,-0.002435525046467214
2018-06-11,0.0017321708960175118,0.001313839685092658
2018-06-12,-0.002455980407763079,-0.0017917075501176878
2018-06-13,0.003608316044052639,0.0026234147383665447
2018-06-14,-0.0008870097817774221,-0.0005935159194027164
2018-06-15,-0.009631788107448212,-0.005691720037688905
2018-06-18,0.0020987949639462837,0.00133682162854882
2018-06-19,-0.002290848274229993,-0.0020277136845519993
2018-06-20,0.00043506132953514504,0.00045018228236380257
2018-06-21,-0.0008583187406615662,-0.0010147518498876643
2018-06-22,0.0017039013615064453,0.002980107570542975
2018-06-25,-0.0010027309418196091,-0.0013883377106022772
2018-06-26,0.0014921440214091732,0.002381320310781846
2018-06-27,0.0010239408029389847,0.002917614183274619
2018-06-28,0.0003072629878787478,0.001247192244640593
2018-06-29,0.0011410761857437413,0.0046988170828980705
2018-07-02,-0.00522314530184519,-0.010002879312453042
2018-07-03,0.0004451191693722818,0.0011917226350970944
2018-07-04,0.0009268538844222582,0.001539196365886825
2018-07-05,-0.0013696520813988762,-0.002413525255912161
2018-07-06,0.00026125355904184057,0.00042502180533103936
2018-07-09,0.003066461384416875,0.004778136112509918
2018-07-10,0.0027876284836271747,0.004113892495226717
2018-07-11,-0.012904312057135462,-0.02211474673604665
2018-07-12,0.0019119469948563228,0.003066678186532109
2018-07-13,0.002643097586328727,0.0032654564211931614
2018-07-16,-0.0038252527196293404,-0.01049580905411888
2018-07-17,0.002031049165561825,0.0014486684079139736
2018-07-18,-0.004056967172740245,0.0016334382222395836
2018-07-19,-0.001313362813950598,-0.002825345353476125
2018-07-20,-0.0019163398294656277,-0.000424583467918486
2018-07-23,0.0031584324711397428,0.004250159694996665
2018-07-24,-0.004376091200260122,-0.0020203266663821034
2018-07-25,-0.004006639212504986,-0.0018949129493131813
2018-07-26,-0.0012336426549613996,0.00011047316281511488
2018-07-27,-0.0011371509915746793,-0.001906356155837989
2018-07-30,-0.0027720108438495576,0.00013627922715082043
2018-07-31,0.0024813494505334676,-0.003158955510853272
2018-08-01,0.0043405188817510765,9.450380998458792e-05
2018-08-02,-0.0050340527123434444,-0.0014505236207273087
2018-08-03,-0.0008313102695602764,-0.001028033661476132
2018-08-06,-0.0011905729968460887,-0.00012420488913429708
2018-08-07,-0.0025465941012316625,0.00022741672674461436
2018-08-08,0.009605822824595942,0.0007237918417873599
2018-08-09,0.0011653612000043858,0.0005027174850021262
2018-08-10,-0.004980038955605813,-0.0008732563656202574
2018-08-13,0.0005689687186870276,-0.0004700240857504977
2018-08-14,0.004007101771243558,0.0014624177345308952
2018-08-15,0.0058034785156976625,-7.58848527848818e-05
2018-08-16,-0.004168219599178757,-0.002443535656153044
2018-08-17,-0.00037466869289636717,0.0010079031041548819
2018-08-20,-0.0024441534780541277,-0.001319879007913554
2018-08-21,-0.003208104083527841,-0.0004292973951560438
2018-08-22,-0.013097343319182777,-0.004132271392281644
2018-08-23,0.0007860998243108436,-3.9772181714180505e-05
2018-08-24,-0.00402382567586167,8.63112939979742e-05
2018-08-27,-0.003169118461989882,-1.6014615089846924e-05
2018-08-28,0.0008395573142987389,-0.0014628896589806075
2018-08-29,-0.0038895172764957706,0.003360629647971866
2018-08-30,-0.0003921156156987611,0.0006592219528175256
2018-08-31,6.601180051658797e-05,-0.0007682690588357052
2018-09-03,-0.00100507233787997,0.0023794472545093093
2018-09-04,0.0005439402007881032,-0.003957134535576499
2018-09-05,0.001261199881960132,-0.003130384469725618
2018-09-06,0.0012076273696708807,-0.002846553427068589
2018-09-07,-0.0002821606066773843,0.0011237275864952765
2018-09-10,-0.00024051793172607532,0.0002103828415548454
2018-09-11,-0.0033753786110005033,0.01829896481887079
2018-09-12,-0.0005506012533967313,0.003618320213771545
2018-09-13,-0.0004222820985461586,-0.009745360059557522
2018-09-14,0.003509787514619533,0.0028656164867343925
2018-09-17,0.0003306681170076936,-0.0019152376272542698
2018-09-18,-0.0021926536651176833,0.008258483174431334
2018-09-19,-0.008832853156758802,-0.0013449632848450885
2018-09-20,-0.0025786009964089505,-0.008695357131208241
2018-09-21,-0.000596329363123506,0.0020502546797208747
2018-09-24,-0.00647762552410701,0.01979718054117048
2018-09-25,-0.0031186889603643047,-0.00299147652091093
2018-09-26,0.00022509002608899907,0.0005096870464067881
2018-09-27,-0.0003150954691057358,0.0002432670227518996
2018-09-28,-0.0018543885480432614,0.00903908670004454
2018-10-01,0.0009921091044201831,0.016142339395856072
2018-10-02,0.0010931635273443002,-0.0013452297793903878
2018-10-03,0.002124821594217778,0.010704041621529914
2018-10-04,-0.003344919547696326,-0.012869592121030048
2018-10-05,-0.0015503452775914497,-0.00595760260825844
2018-10-08,0.0035253018660956394,0.0022360132974175964
2018-10-09,0.0006794558905252289,0.005988290984116851
2018-10-10,-6.500709730758245e-05,-0.01653908968313517
2018-10-11,0.0005762644890433983,-0.014503532862668178
2018-10-12,-0.004601550999258572,-0.0020245632775977014
2018-10-15,0.004896261424868458,0.007011928832507611
2018-10-16,-0.002046035419082505,0.003602423383366807
2018-10-17,0.005209453995243235,-0.004116873244738773
2018-10-18,-0.00392764479573265,-0.010994241583033887
2018-10-19,-8.56777400016151e-05,0.004028850565395558
2018-10-22,-0.005630724983964123,-0.004014129833564173
2018-10-23,0.009761962625866084,-0.010115527274427749
2018-10-24,-0.0015975519887136856,-0.002195452120784664
2018-10-25,-0.0033844095243619546,0.00018427924737790983
2018-10-26,-0.0035932851645628767,0.0014272035591410524
2018-10-29,0.0004350827081732401,-0.003001220489232615
2018-10-30,0.0026559888093454598,3.1134086242539664e-05
2018-10-31,0.008718608335429997,0.0012731648982793411
2018-11-01,0.006550930441428237,-0.002020381516592366
2018-11-02,0.0015903635821943212,0.0005567858697722862
2018-11-05,0.004282211612340005,0.004567755773832617
2018-11-06,0.003041525733026793,0.0010060818211843007
2018-11-07,-0.001532073233853468,-0.001168965671789185
2018-11-08,0.008610865075003844,0.0045629007621523785
2018-11-09,0.014890647945290832,0.010553556404808423
2018-11-12,0.012943504415343773,0.01007721528658838
2018-11-13,0.040081534518868915,0.025573214316878045
2018-11-14,0.021529646883148356,0.02608850173346058
2018-11-15,-0.012553536993042938,-0.01236412221944005
2018-11-16,0.002149807722144117,0.003328120986367877
2018-11-19,0.003737827660368051,0.002936215017187681
2018-11-20,0.034868172700763596,0.019320906598641514
2018-11-21,-0.009952279905207164,-0.006732217436594031
2018-11-22,0.0029767342670333785,0.0008221149270429129
2018-11-23,0.024398673114873856,0.015726332155176583
2018-11-26,-0.011430123130132974,-0.007950147277068503
2018-11-27,-0.0015401854152606107,-0.001002390574598719
2018-11-28,0.014940739890244173,0.011205578091664356
2018-11-29,-0.0057997832006175835,-0.003831752013681607
2018-11-30,0.006496816023254598,0.0039658056134079505
2018-12-03,-0.023330434453163115,-0.015721435157251645
2018-12-04,0.002919150273472275,0.002602140006248182
2018-12-05,-0.0017254620877104503,-0.001021932215262951
2018-12-06,0.008756662697119248,0.004841322450575696
2018-12-07,-0.0059526977326368885,-0.0034169095370418802
2018-12-10,0.011637375084483634,0.00668669928805011
2018-12-11,-0.004907837775278077,-0.0032188242528027977
2018-12-12,-0.0011717379527933427,-0.0014826860691021942
2018-12-13,-0.011737829984288703,-0.007050403104355749
2018-12-14,0.008780140383396128,0.004590818570333031
2018-12-17,0.007501584508580689,0.004070267986549796
2018-12-18,0.021776191082398092,0.013565583923979803
2018-12-19,-0.006197996892958048,-0.0035282460750606075
2018-12-20,0.013145745803446391,0.008683098549712501
2018-12-21,0.00802218471805139,0.005341518206598982
2018-12-24,0.021842060000297547,0.014236101953586648
2018-12-25,-0.0019311262987510638,-0.0006472107298872061
2018-12-26,-0.0373631588293204,-0.02499457184459575
2018-12-27,0.009916316700013158,0.005422556436851353
2018-12-28,0.004339976188228032,0.00215708673805046
2018-12-31,-0.007964451255016717,-0.004418870864018233
2019-01-01,-1.5761715028834787e-05,-3.2199390685237994e-05
2019-01-02,-0.005766554175363112,-0.0029717059403067867
2019-01-03,-0.003462901143194525,-0.0017651243305972421
2019-01-04,-0.007796814257727679,-0.0044246031913364745
2019-01-07,-0.001462728233174021,-0.0005973508694385762
2019-01-08,-0.006397596822005602,-0.0031822393119007504
2019-01-09,-0.014444140405046766,-0.005812459349603743
2019-01-10,-0.0003506517242054291,-9.955799863492032e-06
2019-01-11,0.003318228868300166,2.175020500732542e-05
2019-01-14,0.003341911594108704,-0.0009364314470272396
2019-01-15,-0.0033749062864871014,-0.0016292232950064444
2019-01-16,-0.001114112687068614,-0.0005661186530690964
2019-01-17,0.00041320422050996117,0.00020655157098323286
2019-01-18,-0.0020148141662314797,-0.001241960196504697
2019-01-21,-0.0002077175709527296,-1.63387311401065e-05
2019-01-22,0.0015726717534706534,0.0009374664869495852
2019-01-23,0.0006622546883495248,0.00040835866319980193
2019-01-24,-0.0002493156973289819,-0.00018318369086660477
2019-01-25,-0.0007030189131234394,-0.0004130431507405017
2019-01-28,0.0024610391443139275,0.001425646840419565
2019-01-29,-0.0021749166030719095,-0.0010642010953584998
2019-01-30,-0.001128459627667276,-0.0005708854431026949
2019-01-31,0.00041325842402271435,9.612702452306744e-05
2019-02-01,-0.0029776987788850164,-0.0002111361242892436
2019-02-04,0.0005049790064020406,0.00033165352803544973
2019-02-05,0.0008297487115257237,-0.0002409250751279813
2019-02-06,-0.0007922090519153232,-5.951501562669229e-05
2019-02-07,0.0024848851980162202,0.000247076321893712
2019-02-08,-0.002042599538445739,-0.0018944831420291128
2019-02-11,-0.0005496381960445333,-0.0009855976821966882
2019-02-12,-0.0022963279652743274,-0.0012000755342612295
2019-02-13,-0.00019657397754850535,0.0010878491249490957
2019-02-14,-0.0005493810432144875,0.00036552498809567727
2019-02-15,-0.0028591580233419504,-0.001854195924649149
2019-02-18,9.903204547818214e-05,0.0002568406440624402
2019-02-19,-0.0011378222555589546,-0.0011537470960838187
2019-02-20,0.0009048645514081591,0.0015839639574817554
2019-02-21,-0.001488702343406748,-0.0014827610259803713
2019-02-22,0.00042864233604798715,0.0007482774311704665
2019-02-25,-0.007948106410284345,-0.012777560723056781
2019-02-26,0.0021946480372233893,0.0035526582149006947
2019-02-27,0.0015588473615220113,0.003537993481403668
2019-02-28,-0.00018364511181891943,-0.00040375920845811916
2019-03-01,-0.003761666211355558,-0.006820401640474972
2019-03-04,0.0016253239890939876,0.002918328564933887
2019-03-05,0.0004981849794813007,0.0007901254521785091
2019-03-06,-0.0005028646517455264,-0.0008125431464887667
2019-03-07,0.0006573337527550324,0.0009444344926174152
2019-03-08,-0.0014163134436664514,-0.0020420335530722572
2019-03-11,0.0016280762012504137,0.0017212480302459096
2019-03-12,0.0007898226149874093,0.0008262451662207097
2019-03-13,0.0030843488356663722,0.0032580148299579206
2019-03-14,-0.0005733646160030648,-0.0005961184256515517
2019-03-15,-0.0006964093999076304,-0.0007268995792208532
2019-03-18,0.0014152306601945283,0.0015710501368199452
2019-03-19,0.0005161842270881052,0.0006094882436919042
2019-03-20,0.0020942760659948285,0.0028587099243707575
2019-03-21,-0.0017250609835464377,-0.0022049058801689933
2019-03-22,-0.0037904867153950085,-0.004827139362943099
2019-03-25,0.00031949064864574965,0.00018050206812101819
2019-03-26,0.0023925201925295513,0.0020714956086693216
2019-03-27,-0.0008063687292986154,-0.001021181596474678
2019-03-28,0.0006670204265732741,0.0007029152281315356
2019-03-29,0.002399570318863872,0.0025820944565015
2019-04-01,0.005304042835352349,0.006134918632641227
2019-04-02,0.0019596925709234134,0.0022333066320922076
2019-04-03,0.0005298136783236689,0.0005680608559734745
2019-04-04,0.0004633519199995382,0.00033665105466451064
2019-04-05,0.003578607867496817,0.004782770719226484
2019-04-08,0.0018921216931484777,0.002243891878899514
2019-04-09,-0.0011193089279462126,-0.0012233801736533198
2019-04-10,0.005031527222799473,0.0051026479486103475
2019-04-11,-0.0029950003765737768,-0.0025271956191081084
2019-04-12,0.0038064917054516103,0.0034727692053469414
2019-04-15,0.0022470177025149985,0.002347573068421987
2019-04-16,0.005090584147496889,0.00475363061570735
2019-04-17,0.001766541972372957,0.0015133777384815038
2019-04-18,0.0030440373308736647,0.002965385259844231
2019-04-22,0.00949761782356538,0.009652218235141086
2019-04-23,0.010760969001636788,0.010754835830179424
2019-04-24,-0.0015769001814008284,-0.0016780069614123134
2019-04-25,-0.006222594197886296,-0.006086614972196533
2019-04-26,-0.02553564420907707,-0.023952185450043517
2019-04-29,0.0035181171733882134,0.0026624800116685186
2019-04-30,0.002627243521392758,0.002577760244268233
2019-05-01,-0.0009037987633884279,-0.0015108057524373284
2019-05-02,-0.010675323427607082,-0.007137293146954195
2019-05-03,0.004859223838426603,0.0035399496643206425
2019-05-06,0.00670172846677933,0.0042867842966988244
2019-05-07,-0.010487773092149185,-0.0062203595906641105
2019-05-08,-0.003894617159210726,-0.0062572043148452355
2019-05-09,0.00016942595959554765,0.0009872016123065343
2019-05-10,-0.0004664381967930415,-0.001997943326446018
2019-05-13,-0.0032934165126076594,-6.272141776804317e-05
2019-05-14,0.0017449204681545694,-0.0016502279137640661
2019-05-15,0.00618104815863445,0.002200917671418883
2019-05-16,0.0016505296895331955,-0.001636260502556128
2019-05-17,-0.00254491928869778,-0.0001332222625736091
2019-05-20,-0.0010709221628973822,-0.0018602675649565285
2019-05-21,4.4345965308298894e-05,0.000593746333968223
2019-05-22,-0.003957559676160383,0.0013438898801677451
2019-05-23,-0.015753492502811692,-0.0036437033403737174
2019-05-24,0.00315071020571352,-0.002128664065038796
2019-05-27,0.0032620490699293383,0.0007275045663457123
2019-05-28,-0.00012261991884213042,6.631728532236759e-05
2019-05-29,-0.004467715029232302,-0.0030343502362753997
2019-05-30,-0.0036948268016416103,0.010275390364307078
2019-05-31,0.001522789936392304,0.016954842182486784
2019-06-03,0.004534248437536239,0.007861786861554627
2019-06-04,-0.002089671877771497,-0.0038957772422235893
2019-06-05,0.005935789722929575,0.010724381760356496
2019-06-06,0.0026473328549085477,-0.004685033645928494
2019-06-07,-0.0008921374390484972,-0.005512164063925385
2019-06-10,-0.0011332706146697266,0.001673948560383693
2019-06-11,-0.004258038628344931,-0.0032791720659515653
2019-06-12,0.004045135057365258,0.013427154478177475
2019-06-13,0.0037656152258542523,-0.0022760531120554002
2019-06-14,-0.00679040640727331,-0.009077088824679282
2019-06-17,0.0025333788927331484,0.0066574355131401005
2019-06-18,0.0035378967906982543,-0.0033744493214141608
2019-06-19,0.0046934915242596575,0.004354637794456526
2019-06-20,0.005588422201432526,-0.004536213095836491
2019-06-21,0.0009036117943919808,-0.0006917375590547274
2019-06-24,-0.012574960452944569,-0.012036328567762308
2019-06-25,0.001329217758150819,-0.002014664563200654
2019-06-26,-0.0002730316405668282,-0.0017102833421267583
2019-06-27,-0.004849969306679162,-0.005108450251084809
2019-06-28,-0.0015430292656184424,0.002294092784714631
2019-07-01,0.006906325331867674,0.003980236589225929
2019-07-02,-0.005522338810125398,0.003139043398682597
2019-07-03,-0.0007521834751490897,-0.005048840220301397
2019-07-04,-9.495628105688168e-05,0.002238066517217939
2019-07-05,-0.00935409641177715,-0.01312020977669015
2019-07-08,-0.0015852487784416818,-0.00043171580316696837
2019-07-09,0.0011204210846059198,-0.001029410979847959
2019-07-10,0.004642594381408723,-0.0018380444585262808
2019-07-11,0.0018309824219636753,0.0012234602254114154
2019-07-12,-0.0010253042462436105,-0.0013624105640567194
2019-07-15,-0.0019170416863404215,0.0010186282925613867
2019-07-16,-0.004249179677208052,0.001524084014919615
2019-07-17,-0.0017637447481498366,0.00028307481144027047
2019-07-18,0.0015390552517223464,0.0009541722419660958
2019-07-19,0.0009481772149124509,0.0010824060289695294
2019-07-22,-0.0033882270856088275,-0.0037269496778330386
2019-07-23,-0.0013935144840715927,-0.0018913865253256425
2019-07-24,0.005252618007864332,0.005230861852251461
2019-07-25,-0.0007565490024759042,-0.0007705005507322661
2019-07-26,0.005254441197892749,0.005021944642977609
2019-07-29,0.0016019970656472261,0.0010256591399040553
2019-07-30,-0.004865638346531119,-0.005747981511308533
2019-07-31,-0.006546352223561563,-0.0061492121168395504
2019-08-01,0.008940152717146321,0.007202910343568039
2019-08-02,0.005889122348740458,0.005550023088893287
2019-08-05,0.006147772351007555,0.006674805580954055
2019-08-06,0.002007391461090331,0.0016669635792923576
2019-08-07,0.0078033627046924054,0.007892835589370224
2019-08-08,-0.006371412289269037,-0.006357129421713387
2019-08-09,-0.00332730875587983,-0.003286104636179618
2019-08-12,-0.0009155892674382156,-0.0007296571132143137
2019-08-13,-0.018015825314079137,-0.016664188338155403
2019-08-14,0.010472097914796938,0.009502480528322926
2019-08-15,-0.0037432830756124816,-0.004084631251430121
2019-08-16,0.0008469664601379306,0.0009756160235441561
2019-08-19,-0.007445971718799452,-0.006310841073947699
2019-08-20,-0.00219166343937449,-0.0018289110632595678
2019-08-21,0.002425363127384376,0.0024841276747297647
2019-08-22,0.0031456870916967325,0.002716190850059216
2019-08-23,0.007501552336807024,0.006018616828524497
2019-08-26,-0.004392767087788471,-0.004608676709058904
2019-08-27,-0.008130189876502615,-0.0060956233718739245
2019-08-28,-0.0032984224766397147,-0.0030105746649752517
2019-08-29,-0.00483827573422255,-0.003932203054611974
2019-08-30,0.007175217188198652,0.003585145274443424
2019-09-02,0.0030622114217677605,0.0013869457761782184
2019-09-03,0.0009562663532276498,-0.000690449470911284
2019-09-04,-0.016076503838293666,-0.01030942546872396
2019-09-05,-0.001405051501007069,-0.000540431626949009
2019-09-06,-0.0029120050116662323,-0.0005876459817875837
2019-09-09,-0.00220390747278398,0.0017525555641063478
2019-09-10,-0.00029189642523907213,-0.0004839590236308886
2019-09-11,0.0036165364878796833,-0.002943274139141753
2019-09-12,0.002113838517961483,3.807333611011317e-05
2019-09-13,0.0018939770373738712,0.0010602963167321026
2019-09-16,-0.017050267398269734,-0.000589513523167464
2019-09-17,0.004408191818636158,-0.001653573432899802
2019-09-18,-0.0010426339774119592,-0.0015125937831168147
2019-09-19,-0.004347477203785993,-0.0028404544293502815
2019-09-20,-0.0006012888590523897,-0.0008933531001198541
2019-09-23,-4.9436980331132494e-05,6.293821967846617e-06
2019-09-24,0.0034307920617239495,-0.0007198840398836605
2019-09-25,-0.0010413511335845321,-0.0010150155592111433
2019-09-26,-0.005063113780317892,-0.005072717418307483
2019-09-27,-7.771019075559036e-05,-0.0007492227036576746
2019-09-30,0.002729993237003531,0.00021626926979242665
2019-10-01,0.00045810300205557654,0.00027680621133447606
2019-10-02,0.0033087735252039807,0.002211792535359091
2019-10-03,-0.0023116449634801466,-0.0023174052088820456
2019-10-04,-0.0016154173211290442,-0.0016938809610217841
2019-10-07,0.0009718165043564186,0.0010260058594265284
2019-10-08,0.0010387261137582789,0.001253036524920311
2019-10-09,0.0026759086621931227,0.0025607297881614223
2019-10-10,-0.0009252730559435764,-0.003533708173254277
2019-10-11,-0.0060202179774172596,-0.00843036152314608
2019-10-14,6.096243672375877e-05,0.0014340860825460136
2019-10-15,-0.0013852262191847997,-0.00017491330084941156
2019-10-16,0.002838383212209637,0.0023839808939943793
2019-10-17,-0.0025790290263752466,-0.0041931786249988735
2019-10-18,-0.0012016791749866597,3.416063100777333e-05
2019-10-21,0.005214658337090626,0.005214890444168767
2019-10-22,-0.00011300827477025647,-0.001595034287097916
2019-10-23,0.0007790499974603594,-0.003436779195609569
2019-10-24,-0.0024138691078641294,-0.0034219025484051764
2019-10-25,-5.1988652339796355e-05,-0.0017390668503086384
2019-10-28,-0.0055033319798784884,-0.004367107666383873
2019-10-29,-0.0020093761931263662,-0.001732072409088033
2019-10-30,-0.002616932137321046,-0.001121283726434702
2019-10-31,-0.00037472490638757226,0.0009989140353910267
2019-11-01,0.0015403298820471417,-0.0022590459469157428
2019-11-04,0.0008300670133759316,0.00039697871600328653
2019-11-05,0.0016260594600412638,0.0006933828142788494
2019-11-06,-0.0033449992243406545,-0.0022374121541542287
2019-11-07,0.00029528132481323387,-0.0003453871002095454
2019-11-08,0.000879844359785851,0.0003587212281010986
2019-11-11,-0.002982699387564579,-0.0028946138545201754
2019-11-12,-0.00035768149222064585,-0.0003703316685326858
2019-11-13,0.0011179230243653184,0.0015966804171031986
2019-11-14,-0.000992086613456205,-0.0011727119916349425
2019-11-15,0.002008245764808637,0.002839039279928901
2019-11-18,-0.0040456266419132735,-0.004968635723570517
2019-11-19,-0.00242419497800775,-0.0031929772397488415
2019-11-20,0.0014645524670745924,0.0021925007399983183
2019-11-21,0.002814724749935587,0.003819651211030004
2019-11-22,-0.0014573696201401534,-0.001430334969845697
2019-11-25,0.0013790796542496435,0.0013700296584529814
2019-11-26,0.002640941617623502,0.00292008210245957
2019-11-27,0.0007516688694329332,0.0006977362339904975
2019-11-28,0.0015349599834743287,0.0015001443869051435
2019-11-29,-0.0022206330871377667,-0.004241759898582079
2019-12-02,-0.0006851404374775069,-0.00032074827361929696
2019-12-03,-0.005530193855021554,-0.005332287530117806
2019-12-04,0.0015517512653716221,0.004036555621838083
2019-12-05,5.02311666998321e-05,0.00043798088189101587
2019-12-06,0.0044273448876337275,0.005471393885126915
2019-12-09,0.005174674196386978,0.00518672159004092
2019-12-10,0.00012044098845549658,0.0007467934416804396
2019-12-11,-3.6403477664766495e-05,-0.0013286290420969143
2019-12-12,-0.004957131448462814,-0.003885234807149718
2019-12-13,0.0034250682461091126,0.0042315408557255
2019-12-16,-0.0019554727583312847,-0.0010407348068162232
2019-12-17,0.003733695109904216,0.005096762781134255
2019-12-18,0.00289691815853642,0.002927931155722624
2019-12-19,0.00038340795345329705,0.0008497841542390601
2019-12-20,-0.004520943745847813,-0.005169692592788676
2019-12-23,0.00908491959015253,0.009896279041895108
2019-12-24,0.004746657054389957,0.005697019100898153
2019-12-25,-0.0026211675889370686,-0.0026236875204514996
2019-12-26,9.586831879545687e-05,0.0007618124510171296
2019-12-27,0.002643055111749512,0.0029447593959833055
2019-12-30,0.0006645523879409296,0.0003517210994044984
2019-12-31,-0.003011401121699928,-0.00388858275300847
2020-01-01,0.001903683764993611,0.002410454102776207
2020-01-02,0.005163851744615494,0.005510667153536513
2020-01-03,0.010038618755473286,0.014985168528924994
2020-01-06,-0.0048744828971842916,-0.005147506096985256
2020-01-07,-0.000280317629315924,-0.00039558407522669904
2020-01-08,-0.010260131917327683,-0.016989143291141148
2020-01-09,-0.0025180829056580044,-0.004937798570125571
2020-01-10,-0.0038020175528980537,-0.004985296504716882
2020-01-13,-0.0012970730801468268,-0.00432651557561525
2020-01-14,0.002067835987212594,0.0031633390702994883
2020-01-15,0.005110348317914841,0.0037271235053309855
2020-01-16,0.007326323015962827,0.006234413743258188
2020-01-17,0.008466310201582514,0.008047678312433356
2020-01-20,0.007644487275709273,0.007243526727631705
2020-01-21,-0.00024285444454685313,0.0008114390024483069
2020-01-22,-0.009982447949846037,-0.005464648325957566
2020-01-23,-0.004468855026290412,-0.000982939352943278
2020-01-24,0.0005744059635149987,0.005064102480916377
2020-01-27,-0.0029191189725556437,0.0020636009461009043
2020-01-28,-0.004959241726602086,-0.006870318991933701
2020-01-29,0.0038529810638790376,0.004236761398302394
2020-01-30,0.004713020909078096,0.005086249316988224
2020-01-31,-0.0008871474426591536,0.001511446264880651
2020-02-03,0.009004600093981045,0.012830373202139993
2020-02-04,-0.005282088482870338,-0.004971468414001659
2020-02-05,-0.006796201473180663,-0.010186873571320776
2020-02-06,1.7561763616266567e-05,-0.0009144200935793314
2020-02-07,0.002648968278194766,0.004253718408346234
2020-02-10,0.014138313838595535,0.017168000973066453
2020-02-11,-0.005930319949598299,-0.008623948606383087
2020-02-12,-0.013500506878488798,-0.018886054083894318
2020-02-13,0.0014525037601094664,9.338201012036266e-05
2020-02-14,-0.0015992775742185471,-0.004365213297476195
2020-02-17,-0.010817942558611847,-0.011798740051368752
2020-02-18,-0.0021087170066378365,-0.0019175160058765835
2020-02-19,-0.0037887070871213944,-0.007176958209916698
2020-02-20,0.003256159214900817,0.0028224754723924126
2020-02-21,0.0017095584221814817,0.004167119042190321
2020-02-24,0.005139084468452042,0.010316174683007766
2020-02-25,0.005462204943285454,0.00881484066288432
2020-02-26,0.0074233563611686045,0.00863897742015126
2020-02-27,0.019421365935111776,0.018507962462052368
2020-02-28,0.019687712751475045,0.0182163725513409
2020-03-02,-0.02728225379604055,-0.02653094811713323
2020-03-03,-0.002166351654834969,-0.0016388833373176578
2020-03-04,-0.0028545485658484893,-0.0027040741821434742
2020-03-05,0.01569358935506414,0.017220661781623986
2020-03-06,0.03186389646252519,0.03491945063481058
2020-03-09,0.06745038156846245,0.052787663427438423
2020-03-10,-0.03184885237323791,-0.02184423905920069
2020-03-11,0.009040236742196268,0.00553460310730992
2020-03-12,0.013068896709162366,0.007611536519633001
2020-03-13,-0.009964428207916761,-0.006123628200902524
2020-03-16,0.024808610966875946,0.014468083807162154
2020-03-17,0.008215374461306211,0.005327260232883879
2020-03-18,0.01974397199780369,0.011659660957300642
2020-03-19,-0.0169299697375874,-0.009696912755019224
2020-03-20,0.007532014366429572,0.005135879536035791
2020-03-23,-0.0024870936548772866,-0.0015816361246331365
2020-03-24,-0.0041352026106764375,-0.003378135112551832
2020-03-25,-0.003969401541370982,-0.002003556570847157
2020-03-26,0.0043950387755011455,0.0028802402293910344
2020-03-27,0.004870368757153981,0.003086556944643835
2020-03-30,0.007048089492748746,0.0034840854909023718
2020-03-31,0.0055672500733448885,0.004024074579093518
2020-04-01,0.009324245226235886,0.0071825400301305286
2020-04-02,-0.010929680722225174,-0.004379278103213008
2020-04-03,-0.029684251413550484,-0.02014898458470249
2020-04-06,-0.0028321054391156606,-0.0038430996401877943
2020-04-07,-0.004984145729968886,-0.005189232606880069
2020-04-08,-0.00012826804313331255,0.0011906407779298928
2020-04-09,0.006077665451852138,0.0037231940770540805
2020-04-13,-0.006557528281978371,-0.0038510123194561183
2020-04-14,0.00703816672519872,0.00467785558248756
2020-04-15,0.014086474100216233,0.007497796332472428
2020-04-16,-0.0036749676749764314,-0.003778196092616976
2020-04-17,-0.0021703328310649023,-0.0020141840174712202
2020-04-20,0.006486379105632933,0.0012272179909638328
2020-04-21,0.035964058269493775,0.01656949519081959
2020-04-22,-0.00953017996754423,-0.004770517985764802
2020-04-23,-0.0026482997176999327,-0.0009254424917194594
2020-04-24,0.001977661052058516,0.0010062205843591016
2020-04-27,0.011000510662504218,0.005051462300047056
2020-04-28,-0.0028070006113713763,-0.0016761102569734598
2020-04-29,-0.007985910200102066,-0.003802751356821965
2020-04-30,-0.014545108833321602,-0.007972153451380548
2020-05-01,0.004293818277391747,0.002221819597919347
2020-05-04,-0.008606864801945023,-0.005128997622191712
2020-05-05,-0.01582746472244072,-0.009378530288473134
2020-05-06,0.007240007274079016,0.004813512523783051
2020-05-07,0.002854837829123292,0.0019091907490416738
2020-05-08,-0.0069601000256127804,-0.004266989234199912
2020-05-11,0.0029786622879812616,0.0018808542479484523
2020-05-12,0.0038311786477117256,0.0029826503423772363
2020-05-13,0.0018779059735025588,0.0015250254071905184
2020-05-14,-0.0061025160081481815,-0.003887356303621723
2020-05-15,-0.004040817065502777,-0.0020649800014622753
2020-05-18,-0.011321792438996862,-0.008216772407009715
2020-05-19,0.0007911730633148274,0.00019737360327031295
2020-05-20,-0.0014438264209723098,2.5857679951211156e-05
2020-05-21,2.600231485411957e-05,0.0005015343101048129
2020-05-22,0.0008737358254152608,0.0001489745801224633
2020-05-25,5.265461061319144e-06,0.0004099348425893608
2020-05-26,-0.003017668842666122,-0.002296641531710704
2020-05-27,0.0059556290927791624,0.0037018411647175703
2020-05-28,-0.0004961451439965337,0.000545527178377288
2020-05-29,-0.003716014736311829,-0.001450744793669389
2020-06-01,-0.00035687621451566164,0.00074657956545406
2020-06-02,-0.0021646607698102933,-0.0005435153072688308
2020-06-03,-0.0008444812857728304,-0.0008945416768636258
2020-06-04,-0.001471419565065188,-0.0006242741826500855
2020-06-05,-0.0026167826326571014,0.000692801080375424
2020-06-08,0.0014555670750721012,-0.0004998163598045394
2020-06-09,0.002600247413881721,0.00307102673285263
2020-06-10,-0.0018665645938678044,-0.0012924885304405173
2020-06-11,0.00215718137454396,-0.002842275981372183
2020-06-12,0.004822561302560887,0.005804172313688839
2020-06-15,0.003613405180920879,0.005327143584350809
2020-06-16,0.003980935394887856,0.005813188156756885
2020-06-17,-0.0014303030105878034,-0.0022536909898473695
2020-06-18,-0.0009242628903004627,0.00037328553247675984
2020-06-19,-0.0025537641830975697,-0.0018962096985743193
2020-06-22,0.0011433657327426202,0.002575306869432315
2020-06-23,0.004324326495009048,0.003696639754648748
2020-06-24,0.004244818974254366,0.001351084681380222
2020-06-25,0.01305725517452058,0.01458053195721598
2020-06-26,-0.0006539016497640275,-0.0018281849112661574
2020-06-29,-0.016458773355314028,-0.014132892224896445
2020-06-30,-0.002165383186256296,-0.002692982891211042
2020-07-01,0.0019026676617591254,0.0026652457905443523
2020-07-02,-0.0021003977405316732,-0.0009015339679476895
2020-07-03,-2.8727501564480762e-05,1.5312577291286567e-05
2020-07-06,-0.0053512059756462655,-0.004678678864546926
2020-07-07,-0.0014580524710818329,-0.002040361366275866
2020-07-08,0.001696355656467994,0.002963696592725861
2020-07-09,0.001593010580468142,-0.001208158065987874
2020-07-10,-0.0006833907053705171,0.0019139125914311831
2020-07-13,0.0017911585404172712,-0.0007469809480094653
2020-07-14,5.847245069518295e-06,0.001789652002876265
2020-07-15,-0.0012238581249491211,0.0006456150503942095
2020-07-16,0.0018258293748270637,0.0007947762468632349
2020-07-17,0.0008798243693047368,0.0006038055810712469
2020-07-20,0.003579794511662132,0.0038166342582982623
2020-07-21,-0.001495567316314287,0.0020822428286993554
2020-07-22,-0.0018681402296401126,-0.0011731492564908926
2020-07-23,-0.005826424277189965,-0.009368691052140854
2020-07-24,-0.0011914169446086496,-0.001045452036783845
2020-07-27,0.0024064332482349603,0.004114826643373222
2020-07-28,-0.0025589511832903107,-0.004587518933323758
2020-07-29,-0.0018812564513267733,5.9400290745632106e-05
2020-07-30,0.002116209881981791,-0.0014217570465847494
2020-07-31,0.0009142718039033725,0.0016255798217957552
2020-08-03,-0.008446002403078247,-0.006465266381416763
2020-08-04,-0.0014561466556290727,0.0012840439474389286
2020-08-05,-0.0012529185108321537,0.003265987924008163
2020-08-06,0.0004488194803525065,-0.0001032963323293484
2020-08-07,0.00015997404258410335,-0.0030264330231402838
2020-08-10,-0.00013930465217315224,0.0020089429710751176
2020-08-11,0.0004536753991868305,-0.0019274025014493405
2020-08-12,-0.0009953763402255301,0.004540159306690363
2020-08-13,0.0003781726184712418,-0.0010834385556503943
2020-08-14,0.0006381896758333975,-3.5356622503815265e-06
2020-08-17,-0.0003429740576532785,0.0026241422319565506
2020-08-18,0.0005982436561874455,-0.0010664603649366445
2020-08-19,3.1772105655420942e-06,0.0008981496941679897
2020-08-20,-0.00046745088690089306,-0.00222292370096783
2020-08-21,0.000701436466818586,-0.0027429257799216427
2020-08-24,0.00017409617155825097,0.003110870773446233
2020-08-25,-0.00027922451225970976,0.005309711644801909
2020-08-26,-0.0005617900479671882,-0.001338336585481487
2020-08-27,0.0017559265782273869,-0.0014286271626809306
2020-08-28,-0.0004569275518895337,0.0006729351235647184
2020-08-31,-0.00019202406705314437,-0.001796703833714979
2020-09-01,-0.0003748753633621201,0.00038637139739095195
2020-09-02,0.0015463157516705107,-0.007713798163486836
2020-09-03,-5.296624291041624e-05,-0.0009811761079036821
2020-09-04,0.006416979590372038,0.00012215481344956167
2020-09-07,0.0015028373826723818,0.0003571722459192154
2020-09-08,0.007438689210915501,0.0017826417374025162
2020-09-09,-0.003806418209642322,-0.0029690513240864663
2020-09-10,0.002510232435000401,0.0016547690338608284
2020-09-11,-0.002336802808894417,-0.002104857362101628
2020-09-14,0.0009836376449425784,0.0009033433580439964
2020-09-15,-0.005745013745903059,-0.006388781817681163
2020-09-16,-0.01190855470108236,-0.009883725717499167
2020-09-17,-0.005389785261358454,-0.004279189609466392
2020-09-18,0.0011806360501810504,0.0008273489417915581
2020-09-21,0.007516871996316696,0.005951172209655207
2020-09-22,8.293953850740608e-05,5.8866479710286626e-05
2020-09-23,0.0008079521051971598,0.0005284018072752406
2020-09-24,-0.0026819447473317858,-0.0020859898392034666
2020-09-25,0.0002153272508792638,0.00018563475295399817
2020-09-28,-0.003097549916723346,-0.0022673023366920797
2020-09-29,0.008997537222597255,0.007441039775897509
2020-09-30,-0.004851045279345164,-0.004119452273561624
2020-10-01,0.007116164199846971,0.0058846612888734965
2020-10-02,0.010488080711555043,0.00914155627466821
2020-10-05,-0.015483049124042999,-0.014596067533879103
2020-10-06,-0.0030209817663432947,-0.003005373144266257
2020-10-07,0.00012918763178399934,0.00012566096039567847
2020-10-08,-0.0044752618229976825,-0.0031619724600552364
2020-10-09,0.002048336395691788,0.0012700464359736644
2020-10-12,0.0034057845024714536,0.0019984497794706575
2020-10-13,-0.0025000396753565228,-0.001473046747026807
2020-10-14,-0.002593172200277529,-0.0014792049254765925
2020-10-15,0.0006496506689702495,0.0002438695057409129
2020-10-16,0.0005933305430567126,0.00026343629163874584
2020-10-19,0.001129021321817451,0.0008219715537456934
2020-10-20,-0.0022351197646190628,-0.0016475867336809794
2020-10-21,0.00500481453852502,0.002010584291152331
2020-10-22,-0.00330524047562253,-0.0025562995517218984
2020-10-23,0.0032507466065611495,0.0019711818055554056
2020-10-26,0.005438019176148951,0.004441183649382394
2020-10-27,-0.001543222134953658,-0.0014035372158723578
2020-10-28,0.007718493577884815,0.007228643209879527
2020-10-29,0.008627404705418505,0.008213719611775083
2020-10-30,0.002642912232719088,0.0025933974458099327
2020-11-02,-0.014268342497808046,-0.014941796199333961
2020-11-03,-0.005921244039130615,-0.0058128495662603955
2020-11-04,-0.007611958571167842,-0.007747393857899348
2020-11-05,0.004756247961810082,0.00473344325590628
2020-11-06,0.006766495286610181,0.006797890175401447
2020-11-09,-0.01310316210280484,-0.013189821174366354
2020-11-10,-0.007043459492486515,-0.007192020801281711
2020-11-11,-0.0030498612326936626,-0.0027953151424777536
2020-11-12,0.0036120065181691314,0.0028377949119089666
2020-11-13,0.0007783331282497846,0.0002057337496418034
2020-11-16,0.005066363395983161,0.005974993862129403
2020-11-17,-0.00013622392481099275,-3.105721679621053e-05
2020-11-18,-0.0002743322021003434,0.00019001028707257554
2020-11-19,0.0037400829140307526,0.003858160963074817
2020-11-20,-0.0024035463488604205,-0.0016535995273076608
2020-11-23,-0.0022825550253726995,-0.0014661182633092476
2020-11-24,-0.0039461447653803584,-0.0011505339248011387
2020-11-25,-0.001836136926659086,-0.0004766696524672982
2020-11-26,-0.0028289019355616516,-0.006383752001245684
2020-11-27,0.004395799250015463,0.005025541446442555
2020-11-30,-0.004474306922973614,-0.005552355168335562
2020-12-01,0.001924184146516096,0.0007734165128382306
2020-12-02,0.006142136067812365,0.007425491949272163
2020-12-03,0.010715512315181077,0.011589433496340515
2020-12-04,-0.001922392694148634,-0.0012461382578595889
2020-12-07,0.006015146979743989,0.005647423291669702
2020-12-08,0.00032150742452910714,0.0007107622958645179
2020-12-09,0.00022612116090948845,9.766541992122146e-05
2020-12-10,-0.004029508498402034,-0.0008470511502666976
2020-12-11,-0.0017192368005459618,-0.002431825647634037
2020-12-14,-0.0013716979438157123,-0.00057033582904662
2020-12-15,0.0016961975429967727,0.0028308002560776795
2020-12-16,0.0004936066581172627,0.0013252414789944637
2020-12-17,0.0035662461320454856,0.005000445936829176
2020-12-18,0.0010138090246332217,0.002041296032801331
2020-12-21,-0.0070299658046104364,-0.009764714973839838
2020-12-22,-0.005904516033654979,-0.007542275295372908
2020-12-23,0.011547682023806174,0.01364528726388526
2020-12-24,0.0035429914750619153,0.003873987959196952
2020-12-28,0.005513182783123467,0.0047659291959796105
2020-12-29,-0.004010472274834267,-0.003610740057615195
2020-12-30,0.0015657097172929377,0.0018112162512938536
2020-12-31,-0.004198613962066246,-0.004010317044012533
2021-01-04,-0.0075976962854850325,-0.008397921491127672
2021-01-05,0.009797741602678395,0.01316797591518525
2021-01-06,0.00018957756469090416,0.00026960469592194524
2021-01-07,0.0038366121952045904,0.003935834007482235
2021-01-08,0.00865956113358648,0.008710113551174617
2021-01-11,-0.003817931230548853,-0.003712661912109668
2021-01-12,0.008163819958253956,0.007854245198202948
2021-01-13,-0.001599034716145276,-0.0015780650283827146
2021-01-14,0.004465464031615439,0.00441622667083395
2021-01-15,-0.01479096222028226,-0.011989105707903592
2021-01-18,-0.002626748971027782,-0.002064614932454302
2021-01-19,0.009298121025499026,0.007922991123750679
2021-01-20,-0.0006136794323623934,-0.00048162406062632264
2021-01-21,0.0016055192772981427,0.0013467763976708162
2021-01-22,-0.006461041774976334,-0.0045492708480577475
2021-01-25,-0.00010417905228496335,-0.0014761601329579082
2021-01-26,-0.0028998729018345332,-0.002395323215351507
2021-01-27,-0.0021705656891243728,-0.0018385012626163098
2021-01-28,-0.0017973540455534203,-0.0011660359974646898
2021-01-29,0.001603746898763704,0.0016799481558201284
2021-02-01,0.009981844446999516,0.00548960419851563
2021-02-02,0.01104950604815576,0.0074015896707081376
2021-02-03,0.009393250806585098,0.006645999025898865
2021-02-04,0.003126807742528388,0.0018052096703828617
2021-02-05,0.006519708616625097,0.004775981284890666
2021-02-08,0.01138225915433256,0.008177900392813797
2021-02-09,0.005473424539335969,0.0040232330821385895
2021-02-10,0.0006001827271241329,0.0003183262078510626
2021-02-11,-0.004203685417236852,-0.002992579791415234
2021-02-12,0.01629244420801278,0.011800923112901542
2021-02-15,0.009384992222564045,0.006845248502972125
2021-02-16,0.0058572880787280115,0.004194245471537706
2021-02-17,0.006468929546879008,0.004698904005611486
2021-02-18,-0.009481241525485377,-0.006953451913421445
2021-02-19,-0.007307201198349815,-0.005187012655003635
2021-02-22,0.02574132909907852,0.0185989632283989
2021-02-23,0.00659975884463804,0.005066303383624121
2021-02-24,0.011935822814033686,0.00927025833410646
2021-02-25,-0.0013327719565026039,-0.0011170080538798579
2021-02-26,-0.01763222336457967,-0.014266654814744657
2021-03-01,-0.012531112597218279,-0.010732205609499801
2021-03-02,-0.006036131446677659,-0.0052124546629689185
2021-03-03,0.015796388371974234,0.01335206633984283
2021-03-04,0.029545697543981772,0.02494062154059584
2021-03-05,0.020834524974880392,0.017764090735765046
2021-03-08,-0.010202009934435865,-0.008503773869108668
2021-03-09,-0.004404464995540639,-0.0037012165179066045
2021-03-10,0.006094909234993655,0.005032408129911999
2021-03-11,0.012545751044119861,0.010749457115235573
2021-03-12,-0.001683289546159075,-0.0011602488577438237
2021-03-15,9.23331272382136e-05,0.00043500618205963407
2021-03-16,-0.004833555447778595,-0.004571598423844481
2021-03-17,-0.0016346541933987824,-0.0010389117550746961
2021-03-18,-0.040907930382808995,-0.034439352332004125
2021-03-19,0.008312849186883818,0.005300016895360335
2021-03-22,-0.0027450868456843865,-0.00254239044897281
2021-03-23,-0.020201133766708766,-0.014702559669810248
2021-03-24,0.01772421255989452,0.009582731506520826
2021-03-25,-0.015511333666213068,-0.009422277497686744
2021-03-26,0.012118642384152873,0.004881114855321128
2021-03-29,0.0010025607327361422,-0.00031491432464497655
2021-03-30,-0.0037784739550236397,-0.0013734567091392552
2021-03-31,-0.004969162328367526,-0.0022724478616085917
2021-04-01,0.009713395945988043,0.004502883466104486
2021-04-05,-0.0067950122643562596,-0.0009564529028535523
2021-04-06,0.00537649727096131,0.0035406143343386584
2021-04-07,-0.0025511778042367084,-0.003303618946859248
2021-04-08,-0.00016172451204170523,-0.0001716568241679931
2021-04-09,-0.001191344325589576,-0.0006021927943244723
2021-04-12,-0.00039413193203697,-0.0012548625447490376
2021-04-13,0.0005672724263479211,-0.0018647843363417509
2021-04-14,0.01067277639579454,0.0044466732348285186
2021-04-15,0.00020123979564397594,-0.0006106173526436441
2021-04-16,-0.0013147810325825915,-0.0009599344560050176
2021-04-19,-0.00018437939873651386,-0.0006458295518176181
2021-04-20,-0.0047644200187394415,-0.003700961194851213
2021-04-21,-0.007306927971196877,-0.0057396332869566885
2021-04-22,0.003116644628389209,0.0024643324557836635
2021-04-23,0.0026129877553443645,0.0020155025943820164
2021-04-26,-0.0009419046347948127,-0.000641693855215357
2021-04-27,0.005949828239991509,0.004786511163581398
2021-04-28,0.003347242457322323,0.002607964354976409
2021-04-29,0.008194059244389667,0.00620455125688488
2021-04-30,-0.008644243790762214,-0.0069102654391474845
2021-05-03,0.00716704405008901,0.005914101313642318
2021-05-04,0.010792646115880865,0.00864187795828956
2021-05-05,-0.003376035250212644,-0.0026822909433322248
2021-05-06,-0.0030811877569809736,-0.002527724604796688
2021-05-07,0.0010805092754516538,0.0009490133255487674
2021-05-10,0.00022095740589403323,0.0001262395167811171
2021-05-11,0.0043565560324684005,0.0037654437119093056
2021-05-12,0.003997718368358063,0.0035272368631226684
2021-05-13,-0.01754332415213985,-0.015278830185085567
2021-05-14,0.012552419812512669,0.01076661006072672
2021-05-17,0.007596875909246545,0.006768787863127976
2021-05-18,-0.009774218713009717,-0.00877859047612673
2021-05-19,-0.016605114208507316,-0.014361238502896155
2021-05-20,-0.01162468446163428,-0.009583890658204811
2021-05-21,0.011726896098148325,0.009375514446016043
2021-05-24,0.012501095292175503,0.009875967997223924
2021-05-25,-4.816546336128187e-05,-4.4873408122327405e-05
2021-05-26,0.001972177877863018,0.0015481065639007365
2021-05-27,0.002491133824268812,0.0018542040548747184
2021-05-28,-0.002836813638676707,-0.0025952681637537193
2021-05-31,0.0043772851980776175,0.0038999215491243877
2021-06-01,0.00799912133689485,0.007120970739678256
2021-06-02,0.004066222207363335,0.0037132816325406814
2021-06-03,-0.00010712670936183261,-0.00012316895890948184
2021-06-04,0.003570230934098003,0.003439176067639538
2021-06-07,-0.0011368359933294923,-0.001137735192820664
2021-06-08,0.006422791629648163,0.0064823937302800885
2021-06-09,-0.0010361130305627671,-0.001072871160365805
2021-06-10,0.002060447639553178,0.0021367772998811805
2021-06-11,0.006467339601326792,0.0065425155276884325
2021-06-14,0.005870637871244783,0.006055308562057794
2021-06-15,0.001197923876013011,0.0019111700857108217
2021-06-16,-0.0008277162461226877,-0.0010514743937357447
2021-06-17,-0.006805944918452932,-0.007795128374401943
2021-06-18,-0.00040050566607837827,-0.00016435102232217544
2021-06-21,0.009288612009601536,0.010886718973138337
2021-06-22,0.004845468033431394,0.005053103723150799
2021-06-23,0.005664696984132542,0.00606586337193267
2021-06-24,0.005367107400393888,0.005583851665353315
2021-06-25,0.0076991636450577374,0.008162420613452999
2021-06-28,-0.0027177663040532755,-0.005261285995956682
2021-06-29,0.005262384687316377,0.006240581434215818
2021-06-30,-0.0008894172495551514,-0.0008752846095709666
2021-07-01,0.006043417471270753,0.008290328223638158
2021-07-02,0.006390332250132941,0.0077595721638636485
2021-07-05,0.008347380481024026,0.011772841340847797
2021-07-06,-0.015487369711446835,-0.02072477549636826
2021-07-07,-0.011926523591250566,-0.015811146755971412
2021-07-08,0.012036305838604199,0.014249014256043952
2021-07-09,0.006547882391112742,0.009348205119449551
2021-07-12,0.00308182189158092,0.002569282590509838
2021-07-13,0.00392429550417682,0.006471017973913469
2021-07-14,-0.013073975680360147,-0.017073172590665757
2021-07-15,-0.008659157918703258,-0.010673475622434899
2021-07-16,0.0037577977329137295,0.0038188388835727663
2021-07-19,-0.01821072252135586,-0.025331969048569856
2021-07-20,0.007774125283197771,0.00790694924829633
2021-07-21,0.011754948417328994,0.011522729591067938
2021-07-22,0.0061322236773144224,0.006043646275871495
2021-07-23,0.00440119894518603,0.00435585061748526
2021-07-26,0.0035237506931399495,0.0034837612518071677
2021-07-27,-0.009216501477455522,-0.009227876383650324
2021-07-28,0.0022621832893939733,0.0022524497426861813
2021-07-29,0.009710432497503396,0.010740466529759901
2021-07-30,-0.0074116940865427946,-0.007324250042913472
2021-08-02,-0.005419012032682146,-0.007668659032990009
2021-08-03,0.002355685865513857,0.0022839111739862278
2021-08-04,-0.0004341735903298967,-0.00039100923519526956
2021-08-05,0.002490649269618543,0.002004859338005622
2021-08-06,-0.003547454697805956,-0.0030319839669034157
2021-08-09,-0.007869220969703564,-0.007111594823679169
2021-08-10,0.008467428033255791,0.006885071545060624
2021-08-11,-0.00044881544250533964,-0.0010850930171944174
2021-08-12,-0.009227542598016123,-0.008966439444182139
2021-08-13,-0.0059921488872404505,-0.005107575954648831
2021-08-16,0.002999205910278096,0.003412238057904818
2021-08-17,-0.008389194929506794,-0.007866851594018646
2021-08-18,-0.0031495035502785555,-0.0026188040056962466
2021-08-19,-0.0022647656916130535,-0.0011682225062597251
2021-08-20,-0.0025815452193940313,-6.093615997393468e-06
2021-08-23,0.0025534133129603317,-0.0038344213999716137
2021-08-24,-0.0005728711050225144,-0.0018194542685015557
2021-08-25,0.0006200235559854927,0.0004954790190042416
2021-08-26,0.005381162937179488,0.005601783083544361
2021-08-27,0.007083346535955813,0.006862658269577461
2021-08-30,-0.0017678438902389102,-0.001674486117530307
2021-08-31,0.0017344438241317557,0.001442725783298707
2021-09-01,0.00875784308395977,0.008557611872422847
2021-09-02,0.0032762761248203228,0.005054745423265652
2021-09-03,0.0017710500716160012,0.0011139077275908059
2021-09-06,-0.0011889302201155058,-0.002062120188566701
2021-09-07,-0.006832360463887024,-0.00806663452816578
2021-09-08,0.016631512272039555,0.0183526329939669
2021-09-09,-0.0004876177674528349,-0.003071899535915366
2021-09-10,0.0015609632810773065,0.0031874348980128653
2021-09-13,0.009946900833011186,0.011552636586899367
2021-09-14,0.004074734093381445,0.004101744605671312
2021-09-15,0.01019948045945582,0.014078171808172496
2021-09-16,-0.005478057132161943,-0.005185642701468159
2021-09-17,-0.00911936649398362,-0.010257062857000463
2021-09-20,-0.006662935178009602,-0.009866201306187065
2021-09-21,-0.0035230999190859493,-0.002818520285197019
2021-09-22,0.0012911816279704894,0.005009225757864624
2021-09-23,0.01269712009558699,0.01631582792413511
2021-09-24,0.005385393988136253,0.007670679670102058
2021-09-27,0.021857641463775283,0.02677468231444193
2021-09-28,-0.00297217985194539,-0.006514809760218594
2021-09-29,-0.004365667611810309,-0.004176890950777463
2021-09-30,0.0065357155924808084,0.008199191265723533
2021-10-01,-0.00034732976373319106,0.0023053802520533067
2021-10-04,0.011122048313275007,0.01676710061257661
2021-10-05,0.009962885137729078,0.013940922344141718
2021-10-06,-0.014365826350249154,-0.019409099213749708
2021-10-07,0.007981617843957517,0.012333919198620218
2021-10-08,-0.0005599666811439601,8.703050677609022e-05
2021-10-11,0.0019531739818332786,0.004389498076160597
2021-10-12,6.553683036073063e-05,-0.0002451490123793246
2021-10-13,0.0029808515691080073,0.00302039972944643
2021-10-14,0.005057414696248934,0.0047483279638749695
2021-10-15,0.000685496925598687,0.0004151591417569621
2021-10-18,-0.008962214598914926,-0.008258817144511196
2021-10-19,0.006578491113417664,0.005801706676699163
2021-10-20,0.0078418216132726,0.006944698569848269
2021-10-21,-0.010130885369956997,-0.00891080574808734
2021-10-22,0.004816741375698207,0.004296514499893094
2021-10-25,0.007222897806750607,0.007004441509460657
2021-10-26,0.0018345340473568475,0.0014808919016317458
2021-10-27,-0.013953420113126494,-0.012391083517948757
2021-10-28,0.0011620000258165902,0.0008954588370222262
2021-10-29,-0.006167389528591233,-0.005884396924827585
2021-11-01,0.002384831054195057,0.0022000311015513154
2021-11-02,0.0001785991035028649,0.00023960214882079995
2021-11-03,-0.016712022042454384,-0.0158595734463612
2021-11-04,-0.0007246566213170129,-0.0008857205247050485
2021-11-05,0.009248797660832397,0.007800660217811852
2021-11-08,0.005640661674496907,0.004770485370670339
2021-11-09,0.002015538871452165,0.001616454709656952
2021-11-10,-0.011598489777982592,-0.011072811868417713
2021-11-11,-0.00022232098235122174,-9.922066096881626e-05
2021-11-12,-0.003428893481245312,-0.003103117322588488
2021-11-15,0.0004897894486302401,0.0005229358370971575
2021-11-16,0.00237796704268356,0.001984701863316301
2021-11-17,-0.008786193029419043,-0.007242826695345726
2021-11-18,0.0029831248680943843,0.002387035682250358
2021-11-19,-0.01099772361580415,-0.008858024839803488
2021-11-22,0.0025915935000803423,0.0025048614553302225
2021-11-23,0.009210594948784236,0.008397209702849759
2021-11-24,-0.0011233563847953185,-0.0010238064057652627
2021-11-25,0.0004532659124606893,0.0003855731538605455
2021-11-26,-0.02592888810036947,-0.023571211528195204
2021-11-29,-0.0006411279530503063,-0.00034119436409049035
2021-11-30,-0.002724600136989487,-0.0033068215237945487
2021-12-01,-0.0013192395277555153,-0.0012241447137958828
2021-12-02,0.0005261140170624781,0.00010375330745399104
2021-12-03,0.00012998715237035106,0.00019675672276808307
2021-12-06,4.592623307456019e-06,0.00011888872373095784
2021-12-07,-0.0004622413944395929,-0.00014193406020363206
2021-12-08,-0.0005133130903847972,-0.00029654406058443394
2021-12-09,-0.00043450957325560056,-0.0001999032026911724
2021-12-10,-0.00011449058032181223,-0.00026553736633729317
2021-12-13,-0.0011820803527853266,-7.040081420408723e-06
2021-12-14,-0.0012001988820293798,4.779684911984057e-05
2021-12-15,0.0013422357008447048,9.561372670493422e-06
2021-12-16,0.00047956574234263896,0.00024681053285911396
2021-12-17,-0.003311094714263803,-1.7717846189476772e-05
2021-12-20,-0.003461141545382913,-0.0011047958574547036
2021-12-21,0.00555400678734948,0.0002306101921230062
2021-12-22,0.0017510704834033536,-0.0006367135453476615
2021-12-23,0.004118605600935681,0.0012758101943460467
2021-12-24,-0.0035027195648164905,0.0007406196053300237
2021-12-27,0.004810608935604379,-0.0019579177903425557
2021-12-28,0.0007685570904150209,0.00034389212400187235
2021-12-29,0.0024050874258787626,0.0016574904614427434
2021-12-30,0.001522349326714757,0.0016012382522688124
2021-12-31,-0.005860908128858019,-0.004012571907901847
2022-01-03,0.0035330869143138537,0.0018394490014230795
2022-01-04,0.005259003867632401,0.0035725629081668907
2022-01-05,-0.0019209058104691426,-0.0015952285621489328
2022-01-06,0.008088556334080397,0.004886224893313383
2022-01-07,-0.0007483828072444534,-0.000543191864982225
2022-01-10,-0.005272054381504641,-0.0034708788020561335
2022-01-11,0.012962356012906136,0.007603886263535319
2022-01-12,0.003622034379073358,0.002199255015975483
2022-01-13,-0.003999104956273977,-0.0028314732309307027
2022-01-14,0.012647021864961397,0.009208318585588739
2022-01-17,0.0010364950598417424,0.000758943218903449
2022-01-18,0.007750630034880896,0.005890629096641294
2022-01-19,0.00032163608371130393,0.00025572129500624766
2022-01-20,-0.0023739955055201247,-0.0018820997709161034
2022-01-21,0.001733033094607316,0.0013847981144117694
2022-01-24,-0.005624320749840991,-0.004679463190874421
2022-01-25,0.006626235351158177,0.0054926769874028255
2022-01-26,0.005883145230201753,0.004759823549453653
2022-01-27,0.0019441084277995455,0.001580789273550533
2022-01-28,0.0023991733746890555,0.002025968336684279
2022-01-31,0.004511173941350134,0.0038950708357983056
2022-02-01,-0.0001937968834066385,-0.0001658605935994403
2022-02-02,0.0037730554756982802,0.003579511845694773
2022-02-03,0.006885225896026424,0.005497121803819221
2022-02-04,0.010478328271968122,0.00843281160504636
2022-02-07,-0.0023458844415304787,-0.002200010174095256
2022-02-08,-0.01133675234084907,-0.009663686083759912
2022-02-09,0.005447631601734174,0.00445582567063978
2022-02-10,-0.0028871899854907603,-0.0024668139133959418
2022-02-11,0.018829297681473362,0.015958091734554813
2022-02-14,0.004497491098095626,0.003707789753710696
2022-02-15,-0.0197440628741162,-0.01673066299523504
2022-02-16,-0.008290327974180512,-0.006999815877482719
2022-02-17,0.007007938238894844,0.005763442272816044
2022-02-18,0.006496441766476746,0.005257303204628644
2022-02-21,0.029087162128016396,0.02444365159893993
2022-02-22,0.0031033663923830473,0.002517783593145447
2022-02-23,0.0072163752554600035,0.00595887942992085
2022-02-24,0.005022801147892417,0.004430870752379905
2022-02-25,-0.005453148987515332,-0.004720569393303258
2022-02-28,0.010403939156988708,0.008458145905141809
2022-03-01,0.037694156725082466,0.0315940437281834
2022-03-02,0.034025711861689165,0.02911243266493158
2022-03-03,-0.0043685048651753095,-0.004248092333650232
2022-03-04,0.042830641113986635,0.035893057513792175
2022-03-07,0.013521050421295025,0.009352233077494502
2022-03-08,0.009298999603806308,0.00519092124801026
2022-03-09,-0.05656450068160557,-0.0484247177656523
2022-03-10,-0.001660692807871825,-1.9971772244146226e-05
2022-03-11,0.01079926580735272,0.006920420295841702
2022-03-14,-0.016431442245322978,-0.009705596557789025
2022-03-15,-0.015980400281353172,-0.008688542964825543
2022-03-16,0.00047290739273629645,0.0011161289639274
2022-03-17,0.021195909343729464,0.013079515683067018
2022-03-18,0.0014307570791745102,0.00045421163016364364
2022-03-21,0.015469097956182551,0.008575320846255586
2022-03-22,4.660461684120818e-05,0.0019157748199978685
2022-03-23,0.010282559674171457,0.005427775756151477
2022-03-24,0.0005188355174344713,0.0033046583886324524
2022-03-25,0.004821126229478257,0.003856422324382399
2022-03-28,-0.018303100765075905,-0.010497362194771822
2022-03-29,0.0013252554833636705,-0.0012888464954032598
2022-03-30,0.00984085070855891,0.007762419040216403
2022-03-31,-0.005760563222033876,-0.0017711663867140733
2022-04-01,0.002805344853667437,0.0022951846330002087
2022-04-04,0.008109313035487276,0.004310260402288339
2022-04-05,0.0028077163609077165,0.005340754211818138
2022-04-06,-0.0041589479051094705,-0.001252093406184197
2022-04-07,0.008513666388778807,0.008247820115105857
2022-04-08,0.0006336713130488473,-0.0005798090322905088
2022-04-11,0.00353164974764532,0.006059176493123146
2022-04-12,0.008736858387104572,0.005002037496070988
2022-04-13,0.013610878279789974,0.011164654571718962
2022-04-14,0.009265296250927332,0.008054518440244131
2022-04-18,0.011263968116621148,0.01054862400457207
2022-04-19,-0.02440871808456622,-0.020118309264772812
2022-04-20,-0.004440353397218171,-0.00459412792689927
2022-04-21,0.004619947655447845,0.0034623220188346993
2022-04-22,-0.01595179944263601,-0.013628044748518016
2022-04-25,0.002803639728915242,0.005768469820100143
2022-04-26,0.004089761274052855,0.0013995540832270313
2022-04-27,0.00611916337043375,0.006251169944133421
2022-04-28,0.0006453546286171591,-0.0014736504434280616
2022-04-29,0.00014039409788024643,0.0013829707234668113
2022-05-02,0.005929511138732559,0.004283699729968614
2022-05-03,-0.0028971371840184734,-0.0008819971554591873
2022-05-04,0.022045071344705295,0.016523742327146065
2022-05-05,0.004396283133883759,0.003607761259502439
2022-05-06,0.0009682142105154543,-0.0013062900544266061
2022-05-09,-0.03125157403787344,-0.02363431100939184
2022-05-10,-0.007952010083782012,-0.0042439164448646325
2022-05-11,0.01813885783005791,0.009016140381878972
2022-05-12,0.0026871206855106394,0.001363532246175336
2022-05-13,0.0074503649011399,0.0028681933094738595
2022-05-16,0.008175048028924468,0.005556619077746999
2022-05-17,-0.004395791354739051,-0.0022544364534839902
2022-05-18,-0.008244630500955892,-0.005050227911313122
2022-05-19,0.004507325939866336,0.0024544505857616804
2022-05-20,0.00314948856244667,0.0017390096723454292
2022-05-23,0.006488502500081182,0.00566034931087295
2022-05-24,0.0013229455791218348,0.0009392124192774916
2022-05-25,0.002471364182960766,0.0019935751852895676
2022-05-26,0.008101595766111526,0.005449218635696712
2022-05-27,0.003878148792854152,0.002759626069490558
2022-05-30,0.010567047545381488,0.00763576488939962
2022-05-31,-0.0049220116044508665,-0.004391400692409393
2022-06-01,0.0033488371573681315,0.003364587011092422
2022-06-02,0.007048375765664259,0.00506654398282762
2022-06-03,0.011163554038315609,0.00885800701794791
2022-06-06,0.0008790385483783443,0.0016339136344934533
2022-06-07,0.005833421517055011,0.00474659604245869
2022-06-08,0.007411593724457159,0.0054872088518510805
2022-06-09,-0.002551867382088849,-0.0018545699946882046
2022-06-10,-0.005857611393494415,-0.0050728065418920954
2022-06-13,1.2475917236729495e-05,-0.00010745606141898932
2022-06-14,-0.015040632241882637,-0.014404079394207145
2022-06-15,-0.0071102919288898005,-0.006387905106166945
2022-06-16,0.0022657742270728366,0.0020381527615525607
2022-06-17,-0.02343023889902356,-0.021420968107647768
2022-06-20,0.0038028895720612927,0.0033110207424195603
2022-06-21,0.0023974854368450636,0.001979916349951008
2022-06-22,-0.015243766184013975,-0.011380031604197276
2022-06-23,-0.007042419031230902,-0.005336620733526955
2022-06-24,0.007020556752333886,0.0012484284547761273
2022-06-27,0.006671472548533776,0.0021142251698266505
2022-06-28,0.007261218957846709,0.0033812127376125294
2022-06-29,-0.006356864064583388,-0.0034018012582505103
2022-06-30,-0.008915609964047859,-0.005056605550936673
2022-07-01,0.0037005723165416337,0.0020710662067000888
2022-07-04,0.007696729526685655,0.005490597552115535
2022-07-05,-0.02097470248064182,-0.011433142414194757
2022-07-06,-0.0032789722827879304,-0.001699165594421806
2022-07-07,0.0016389289449593814,-0.0001785398344678974
2022-07-08,0.0028079164515393616,0.0013563271023919767
2022-07-11,-0.0012795573288753635,-0.0010432419686658425
2022-07-12,-0.005277159356801853,-0.0016897745522180489
2022-07-13,-0.00031661978429288706,-0.0009709702004806519
2022-07-14,-0.0003986408604226643,-0.0001436400441656442
2022-07-15,-0.0006720503934756518,-0.0012096282621808505
2022-07-18,0.00025195233500954344,-0.001778409685540209
2022-07-19,0.0003293435879112815,-0.00012390808350179922
2022-07-20,-0.0005603247803167586,-0.0004827693220070825
2022-07-21,4.918710595433796e-05,0.0005345005397775934
2022-07-22,0.0011248718806077284,0.001282222810825449
2022-07-25,0.0008953943364930569,0.000626509628268111
2022-07-26,0.0005812693267564414,0.0007445599479066175
2022-07-27,-0.0009724637356590789,-0.0014498786817063309
2022-07-28,-0.0013928682528865956,-0.0012479676198570045
2022-07-29,0.0001772618484584251,0.00020220519434749806
2022-08-01,-0.00010006036623911414,-0.001449055358701548
2022-08-02,-0.002750081243896431,-0.003119441988143293
2022-08-03,0.0029878403005847124,0.0025176892283331888
2022-08-04,0.0004538578249714532,0.0005701493852029181
2022-08-05,-0.0010348088266590053,-0.0009246483001480588
2022-08-08,-0.0033589084410112213,-0.0031112713721210064
2022-08-09,0.0007631645864158584,0.000775124921164569
2022-08-10,0.0007222519153311213,0.0008156453732377523
2022-08-11,0.0002912094955315273,0.0008406621065336438
2022-08-12,0.0009141087742132562,0.00041219089573424887
2022-08-15,0.0012042958122654962,0.000520913645705111
2022-08-16,0.00264621854783571,0.0026541977419400824
2022-08-17,-0.0007762275617737353,-0.0012467514277593155
2022-08-18,-0.0012990191558231539,-0.003900461812048742
2022-08-19,0.0009960501375227946,0.0012976493716180453
2022-08-22,0.005141988708184007,0.00446703478446417
2022-08-23,-0.006405021888954632,-0.007921980250277816
2022-08-24,-0.0007306175332883556,-0.0006100696188597699
2022-08-25,0.0017133352304683006,0.0010387647468425689
2022-08-26,-0.0009853642329945129,-0.0009893491530945935
2022-08-29,-0.0006589843834144101,-0.0005245225064845122
2022-08-30,-0.0014653934761289413,-0.004903820994280115
2022-08-31,0.0015900806205427496,-0.0007183526311099019
2022-09-01,0.002608624204377042,0.000668225016307746
2022-09-02,-0.004572340501695595,-0.004008243633410135
2022-09-05,-0.0023804204460416956,-0.00031938604990600317
2022-09-06,-0.00892445457628185,-0.009818814212427402
2022-09-07,0.004271918318481046,0.002926563605762149
2022-09-08,-0.00020691147519200453,-0.0001708065995824581
2022-09-09,-0.004340305331270716,-0.004821668974084131
2022-09-12,-0.0020141492671238133,-0.002217688142437608
2022-09-13,0.0007183387347128128,0.0007757114356638095
2022-09-14,-0.000710294599975372,-0.0005085111535770002
2022-09-15,-0.0012046353775371766,-0.004062237067890623
2022-09-16,-0.0031922114911277963,-0.0028135637259547805
2022-09-19,-0.00014122090137977817,2.545812041407915e-05
2022-09-20,0.0012208016977778577,0.0005293865839301007
2022-09-21,0.0017527443603400298,0.0011813711519696134
2022-09-22,-0.0016736759193523715,-0.001503685121074537
2022-09-23,0.007382849413573812,0.005736039458034445
2022-09-26,0.005505328613963473,0.004710114922619383
2022-09-27,-0.004246690954490751,-0.00383585201365301
2022-09-28,-0.007831391330337239,-0.007239258242459987
2022-09-29,0.0008085089821962295,0.0007662347129639466
2022-09-30,0.004430312677276141,0.004066735353338518
2022-10-03,-0.003116582525090851,-0.00546625011617271
2022-10-04,-0.0029955106242761376,-0.006129978339173434
2022-10-05,-0.001007537653268647,-0.003815964550798632
2022-10-06,0.0008455036709738534,-0.00035652014301569475
2022-10-07,0.002794319702520221,0.0007754356235789118
2022-10-10,-0.002658302654762202,-0.0016298277573722046
2022-10-11,-0.0033044608918549635,-0.003195467964818514
2022-10-12,-0.0010097192344680134,-0.00043281356845479473
2022-10-13,0.0003458807007049516,-0.0014069149423271102
2022-10-14,-0.0020645146991266853,8.113747503668816e-05
2022-10-17,0.003165630836660464,0.0030285686567857583
2022-10-18,0.0009969653228501228,0.001419398602781287
2022-10-19,0.004050848817601946,0.00316236139581786
2022-10-20,0.0007849475684792152,0.0007818540192276483
2022-10-21,0.0046462809079894874,0.004545877604579733
2022-10-24,-0.0033166244795753822,-0.0033431320049917743
2022-10-25,-0.006124700754558691,-0.006163297567803588
2022-10-26,0.002344369487100102,0.001713727104248875
2022-10-27,0.003715622766975626,0.0035068845121745827
2022-10-28,0.00026065033540353277,0.000512060054779306
2022-10-31,-0.007873539997628949,-0.007738653952374064
2022-11-01,0.0056992473244642725,0.006254866664688483
2022-11-02,-0.0021770296243127686,-0.0020533359060700197
2022-11-03,9.95042770039828e-05,-0.00035235238497280586
2022-11-04,0.0031733292504507464,0.0038366680653377752
2022-11-07,-0.0021092971509338314,-0.0021967894641580677
2022-11-08,-0.0043884549523945235,-0.005374614570954996
2022-11-09,-0.006471889350131097,-0.007845004483300356
2022-11-10,0.0005467627558085176,0.0006227348945215457
2022-11-11,0.00366963209194785,0.0043931695406417915
2022-11-14,-0.003671076913235894,-0.005481590329203787
2022-11-15,0.0017626077555824057,0.0028042182141607215
2022-11-16,-0.0025377963837781,-0.0036465802827656186
2022-11-17,-0.0028873482544464657,-0.004205152318148833
2022-11-18,-0.0001682269932782788,-0.0003991271034011216
2022-11-21,-0.00023831237234262588,-4.4953268923206974e-05
2022-11-22,-0.000235636941771565,-0.00019321235673952408
2022-11-23,0.0015249480604231844,0.0016061240690628412
2022-11-24,-0.0004416917044499454,-0.0006954052275201911
2022-11-25,-0.0007272878275239482,-0.00034146237554727584
2022-11-28,0.0011207757729603358,0.0013006511454580806
2022-11-29,-0.0022108450104303427,-0.0019163544348731333
2022-11-30,-0.005529827828383284,-0.005382855387864775
2022-12-01,-0.00038180451188469383,-0.0005079980864821814
2022-12-02,-0.0010584414308621867,-0.0006844410329718481
2022-12-05,0.0058914970920383005,0.0035167657292189125
2022-12-06,0.008444653804785117,0.003395869821455276
2022-12-07,0.0037537131853258667,0.0008889728497273114
2022-12-08,0.0037399743666434618,0.001632188157201258
2022-12-09,-0.002488693779612684,-0.002012999550136505
2022-12-12,-0.007101041271749458,-0.005013166545617502
2022-12-13,-0.007086564322183026,-0.0060473760238336635
2022-12-14,-0.004174514205797005,-0.004359852905297557
2022-12-15,0.0020899304179441036,0.002286892917317055
2022-12-16,0.003444056403986705,0.00436020048594852
2022-12-19,-0.0017683205993349906,-0.0021760486372590696
2022-12-20,0.0011155837752061,0.0012745847642906271
2022-12-21,-0.004095042113913649,-0.004302788392203663
2022-12-22,0.0026345096260699803,0.0027006697819035677
2022-12-23,-0.0032673815904468643,-0.0032075869482899974
2022-12-27,-0.00020351902129353965,-1.0507785533864442e-05
2022-12-28,0.001818514715063619,0.0018024178308438585
2022-12-29,0.0004768021496190905,0.00019537778268653507
2022-12-30,0.0005090258603317486,3.827406310937453e-05
2023-01-03,0.00792718846954568,0.008836593204338841
2023-01-04,-0.00027450189529428393,0.00018578411753107418
2023-01-05,0.0031642614477367056,0.003073578904496716
2023-01-06,0.0008469523400044572,0.0008872729501222084
2023-01-09,-0.004247684010684999,-0.004495493747786725
2023-01-10,0.003307763997593893,0.0032140841979606074
2023-01-11,-0.005283188441957126,-0.00391696635358245
2023-01-12,-0.00036503214818169255,-5.1391913181304706e-05
2023-01-13,0.0018864672369298715,0.002753659212225009
2023-01-16,0.0004024385711294031,0.0006870383338905611
2023-01-17,-0.003199442605043814,-0.0030487925089037766
2023-01-18,0.005302303487231408,0.004608316814667014
2023-01-19,0.0013887298468299298,0.002154088219737705
2023-01-20,0.003972067648148849,0.004158198268201965
2023-01-23,-0.007420100665963036,-0.007398816602637972
2023-01-24,0.0016712026730868895,0.001827028573746731
2023-01-25,0.006722587788774454,0.006621756046154305
2023-01-26,0.0030982613215502866,0.003030235778336276
2023-01-27,-0.00563873972121117,-0.006137665133925086
2023-01-30,0.0054450806725447045,0.006091153980241949
2023-01-31,-0.0018405980464156607,-0.0020474577993250093
2023-02-01,0.007702327090536701,0.007452870563848105
2023-02-02,0.0009541511685505485,0.0008088217754369803
2023-02-03,0.002789908129402789,0.002566245856261767
2023-02-06,-0.0053617780708457045,-0.004804705029657254
2023-02-07,-0.007463926319563631,-0.005904923689730071
2023-02-08,0.004928728064464081,0.005693594841592647
2023-02-09,0.0005526789455838453,-0.0001363987094923323
2023-02-10,-0.007733382234141553,-0.00579279667638273
2023-02-13,0.004167043098054198,0.0036679560623442665
2023-02-14,-0.005180160569372876,-0.0053501407050989755
2023-02-15,0.005124197101341371,0.004827247250030664
2023-02-16,0.0032290338164502707,0.0029474275169101053
2023-02-17,0.00826936109538399,0.0064092857198701685
2023-02-20,-0.0015438912633529381,-0.0009080156698327552
2023-02-21,0.00855994975015576,0.008310998165900146
2023-02-22,-0.002029523015073557,-0.0018479929458299915
2023-02-23,-0.012144015762275062,-0.012026038536465535
2023-02-24,-0.00666529508241753,-0.006666434453475675
2023-02-27,-0.0033646014767664983,-0.0034817608879136376
2023-02-28,-0.0029381698582151444,-0.0029691605321317434
2023-03-01,-0.004196491959109456,-0.004113580863306847
2023-03-02,0.0005331309135165426,0.0006265272839290479
2023-03-03,-0.006711599050395219,-0.006904432523507591
2023-03-06,0.005525940875103775,0.005850395000238948
2023-03-07,-0.0026690869313120563,-0.006126097364502425
2023-03-08,0.000502400301332266,-0.00013915434074337354
2023-03-09,0.0013731882511668313,0.0010681451314459908
2023-03-10,-0.000965236339109167,-0.0009850293079921681
2023-03-13,-0.002393516058946554,-0.002746846956877351
2023-03-14,0.005344639789192612,0.005422020970922395
2023-03-15,0.010259484796743702,0.014125531982613465
2023-03-16,-0.001953589398852608,-0.002079328373137375
2023-03-17,0.010476412660928983,0.01310873426528753
2023-03-20,-0.0005965807828019169,-0.002792167696969958
2023-03-21,-0.009145694732447588,-0.012004412913110168
2023-03-22,0.0017064318497709795,0.0009337299100301589
2023-03-23,0.002824649462432886,0.003349557651875131
2023-03-24,-2.702625984016633e-05,0.0006295868139436872
2023-03-27,-0.007771282535441053,-0.013079157927154882
2023-03-28,0.0019820304289645783,0.0012562249994841138
2023-03-29,-0.0010655465855057532,-0.00040696719893697567
2023-03-30,0.001294446960170017,0.00021023824343475357
2023-03-31,-0.007330959928507928,-0.00831325137880219
2023-04-03,-0.00791338291597783,-0.009708934175471973
2023-04-04,0.0006728045900035474,0.0008881800111129379
2023-04-05,-0.0015881908850364954,-0.0018092526780893806
2023-04-06,0.006839471245151547,0.006858150826899243
2023-04-10,-0.006028920404343336,-0.0068133168727106995
2023-04-11,-0.0003554150003427118,0.0014570925425900728
2023-04-12,0.004508888054939341,0.0070654434567825955
2023-04-13,0.0028141959545220662,0.0015062951622711142
2023-04-14,-0.005380738138843399,-0.005115635368550301
2023-04-17,-0.005474688180993122,-0.008140876083926428
2023-04-18,-0.004079432002357512,-0.00425794383475966
2023-04-19,0.006208576782784113,0.002550467108489831
2023-04-20,0.002251727266299806,-0.0023021887625835876
2023-04-21,-0.0010679838688796963,0.0010379232663264484
2023-04-24,-0.004893799725654015,-0.0024889926797880147
2023-04-25,0.005015444034338666,0.0005956463543586532
2023-04-26,0.010935547958823358,0.005008862665993041
2023-04-27,-0.0028432784759429217,-0.002037530490582836
2023-04-28,-0.0072183965972997255,-0.0032701851626194046
2023-05-01,0.00690136190131999,0.005088171391675903
2023-05-02,0.014585189841584023,0.006551129567955603
2023-05-03,0.01372645849836641,0.01123306742021706
2023-05-04,0.0030670572513593203,0.003108147399874264
2023-05-05,-0.012553754884117913,-0.010666071082740073
2023-05-08,-0.012040508891484789,-0.011157085905892894
2023-05-09,-0.00418881686424537,-0.003792516079991627
2023-05-10,0.008149171426872505,0.007768259006027209
2023-05-11,0.004476805662530048,0.003956079673113928
2023-05-12,-0.0028391896697425706,-0.0031775047958429725
2023-05-15,-0.008767271069317219,-0.008404644784582952
2023-05-16,0.002482098504131841,0.0023331403715632112
2023-05-17,-0.007552273201380614,-0.007225762682440742
2023-05-18,-0.00711361419148165,-0.006979097119266347
2023-05-19,0.0008609993665917327,0.0009160377803387655
2023-05-22,0.002325186045477922,0.002345589011447661
2023-05-23,-0.003409027209959975,-0.0033425531703203484
2023-05-24,-0.004187556309367913,-0.004065139289737005
2023-05-25,0.008855289747454543,0.008309340879134654
2023-05-26,-0.0021678108556003922,-0.0018572831207151277
2023-05-29,0.0004035390101069933,0.0003760911387195867
2023-05-30,0.014365179363610224,0.013280774581747881
2023-05-31,0.00804275438541771,0.00736890400311833
2023-06-01,-0.004714662707607853,-0.004284994917015024
2023-06-02,-0.008633344940806852,-0.0072457563843502356
2023-06-05,-0.0037262143637213966,-0.0035747219809070924
2023-06-06,0.00042970578264012876,8.932329155416155e-06
2023-06-07,-0.004678388910802183,-0.004192605288508104
2023-06-08,0.003925648778120799,0.003379619938276918
2023-06-09,0.00584468948249692,0.005815901762106431
2023-06-12,0.008553595337774602,0.008751396956701503
2023-06-13,-0.010678162061918664,-0.011334200440985794
2023-06-14,0.0009359495350368674,0.0007509791761389634
2023-06-15,-0.0165135769193249,-0.01667430336674733
2023-06-16,-0.004306279568216389,-0.004196310660308894
2023-06-19,0.00015765911229198126,0.0001676562872419398
2023-06-20,0.0037960555395233834,0.0038408437862982995
2023-06-21,-0.004670897920781868,-0.004496985855341168
2023-06-22,0.00883301051750802,0.0010245811872670414
2023-06-23,-0.0022691348242715324,-0.0022795655128260597
2023-06-26,-0.0016421811038375789,-0.001067730622978399
2023-06-27,0.007864966865530872,0.0034028052525366392
2023-06-28,-0.00738607319373994,-0.004378177265765387
2023-06-29,-0.0037450771140286783,-0.0023626901458780186
2023-06-30,-0.003232963008467116,-0.0016776491499257177
2023-07-03,0.0015953198947846533,0.0005802194188041314
2023-07-04,-0.006022160850600207,-0.003202087561719354
2023-07-05,-0.0033798204131693303,-0.0018783518571790087
2023-07-06,0.0005984795842981682,0.00010902170175075352
2023-07-07,-0.006872089622055585,-0.0025869331819096167
2023-07-10,0.0010887286029949695,-3.650918143353237e-05
2023-07-11,-0.006386203398680082,-0.001958327189825899
2023-07-12,-0.0026116683224851524,-1.8671289542676237e-05
2023-07-13,-0.003089571046420061,0.00030810112753720933
2023-07-14,0.004468667835818363,-0.0007312312333773412
2023-07-17,0.0030978914924279896,-0.00027340060283337727
2023-07-18,-0.007396957368900249,-0.0027385205756674477
2023-07-19,0.0007187567642854618,1.9193311060379325e-05
2023-07-20,-0.0034398694881698443,-0.0023827493888964085
2023-07-21,-0.00220230593128581,0.0012687841988424948
2023-07-24,-0.00195534828876009,0.0037964614742589616
2023-07-25,-0.001219058840331833,0.00031958576387627327
2023-07-26,0.0004414978404616262,-0.001353894275555157
2023-07-27,0.0007847689142456792,0.003099249071940837
2023-07-28,0.0003171082150587524,0.0024691469736285907
2023-07-31,0.0008716995801497013,0.004340028722718057
2023-08-01,0.0003107733245124814,-0.00047729301982835684
2023-08-02,-0.0012960249942641062,-0.006794266491493253
2023-08-03,0.0008275799884344565,0.005909674712730462
2023-08-04,0.00033384684747744966,0.0029272652919808523
2023-08-07,-0.0020150757906186754,-0.0021869669965293693
2023-08-08,-6.45433163073755e-05,0.0005101478421026623
2023-08-09,0.0016768529467442231,0.006153374001776472
2023-08-10,-0.0032975674868329446,-0.005978329077413676
2023-08-11,0.00044885319376390876,0.0006231750195755055
2023-08-14,-0.001332834788593898,-0.0028174811624628784
2023-08-15,-0.001380557764118168,-0.007569559095785015
2023-08-16,-0.00104854802303876,-0.008345913576448209
2023-08-17,0.0002831893308455708,0.0030710575115037568
2023-08-18,0.0001933566773517124,0.004122552771488114
2023-08-21,-0.00026268738584477215,-0.001261502030741008
2023-08-22,0.0010047867232616354,-0.0005194463138248721
2023-08-23,0.0010945765801369228,-0.0027363184217479883
2023-08-24,-0.0007186538381703018,-0.0008448923141362706
2023-08-25,-0.0020441779149000076,0.001971475163323809
2023-08-28,0.0010190674253392972,0.0006333972862980273
2023-08-29,0.0005738990419715673,0.0035757203315636213
2023-08-30,-0.00256171004567467,-0.0013565598288866835
2023-08-31,-0.001220992463906821,0.007091511025861884
2023-09-01,-0.0008915336852466244,0.010499152526394074
2023-09-04,-0.0003032841694062582,0.0017154859648141865
2023-09-05,0.0006514618076281349,0.0076188310383999034
2023-09-06,0.0003558030517693796,0.005110024063038423
2023-09-07,0.0005716449052730451,-0.0036857240116550502
2023-09-08,-0.00044225088158572433,0.0028782702377607057
2023-09-11,0.0005786627089068517,0.0007820331872856614
2023-09-12,0.0013257556305406309,0.009506103186952908
2023-09-13,6.829317652555291e-05,-0.0002257083419656841
2023-09-14,0.0043212097501253485,0.013265635007228287
2023-09-15,0.002811103962490512,0.0031892620372477413
2023-09-18,-0.00292508525189419,-0.002691079767551379
2023-09-19,0.0006353108539317449,0.0007118624159293116
2023-09-20,0.0029565504800918648,-0.005677966461188965
2023-09-21,0.002671472929243675,0.0033606603651069465
2023-09-22,-0.0015597285898453436,-0.0007507926626414592
2023-09-25,-0.0028903767359821156,-0.003396252739561898
2023-09-26,0.005005553666670433,0.00658046415896085
2023-09-27,0.0018659457257204335,0.005981633570683024
2023-09-28,-0.005858890730922071,-0.009146218745535345
2023-09-29,-0.0011686760257520355,-0.004772423188696422
2023-10-02,0.003117425414554616,-0.0003217012637227376
2023-10-03,-0.0048999165852368475,-0.0037925453759448335
2023-10-04,-0.004313469483914251,-0.02883683040854061
2023-10-05,-0.009220019977159774,-0.014221141284675455
2023-10-06,-0.003261493209242406,-0.0037553983174803372
2023-10-09,-0.008604949479811972,0.0033330961957604
2023-10-10,-0.0004632650872434475,-7.78696744022458e-06
2023-10-11,0.0008132137708304401,0.00016613611824078435
2023-10-12,0.00043215344027727054,-0.0006452293661707334
2023-10-13,-0.009809861595159607,0.0029288503352367973
2023-10-16,0.00027216597391297457,-0.0009628394274948255
2023-10-17,-0.00035129356743366876,0.0004443252883832918
2023-10-18,-0.0012001179780328447,0.0025409719395195615
2023-10-19,-5.9478499472241306e-05,0.002555874066282909
2023-10-20,0.0008538054697333526,-0.0015901553837701003
2023-10-23,-0.0004357166431193479,-0.004629722075189905
2023-10-24,-0.0008181954782982825,-0.005299852067946728
2023-10-25,-0.0031308248754747313,0.0025882478479762674
2023-10-26,-0.0006116154637102168,-0.005305952615539208
2023-10-27,-0.000504423766406348,0.00327178819424395
2023-10-30,0.004701111697567376,-0.0024450729135937006
2023-10-31,-0.0038752585570562465,-0.005923374380427629
2023-11-01,0.0007656754395280251,-0.0008608047450253441
2023-11-02,-0.0034940936324839877,0.00255769537762452
2023-11-03,0.0017667844092253491,-0.003591521733845774
2023-11-06,0.0005769108652253226,0.0031617236001582182
2023-11-07,0.006369853643479657,-0.008196393702618507
2023-11-08,0.007357749792603181,0.0029230671578508263
2023-11-09,0.0007712697662877946,0.0016003027042526374
2023-11-10,-0.0037546176056034923,0.0004469054620531523
2023-11-13,-0.009641412953121401,-0.006052350091389564
2023-11-14,0.0052900634823606395,0.004595486665188651
2023-11-15,0.001442139745921827,-0.0011200324426865395
2023-11-16,0.014465643771365973,0.007162749621301398
2023-11-17,-0.006313368814089177,0.0009138595938939469
2023-11-20,-0.0026736291093601996,0.0015090164136563253
2023-11-21,0.0026006808005956624,0.0031759766815488426
2023-11-22,-0.001526102073824318,-0.0034496916741330436
2023-11-23,0.0018850313388309196,0.0006441967742074953
2023-11-24,0.005781018756858425,0.0037520530707709464
2023-11-27,0.0031305619787466922,0.0027440625101173666
2023-11-28,0.004353331786215177,0.006997732675538074
2023-11-29,-0.003061691043785742,-0.00028299002445835326
2023-11-30,0.00048153298690147977,0.0008313124850705286
2023-12-01,0.0023999445972614484,0.0020449331703868232
2023-12-04,0.005225520973223401,0.005282224118453226
2023-12-05,0.002028839176250852,0.0018777193025833663
2023-12-06,0.014008516512581263,0.013728010397625981
2023-12-07,0.0010142019586411482,0.0009165140744127609
2023-12-08,-0.0028858361899719402,-0.0028918787767248516
2023-12-11,0.008288804596699223,0.008461053565094164
2023-12-12,0.015858960248269653,0.015281303051235422
2023-12-13,-0.00888754380017512,-0.0086052707717401
2023-12-14,-0.013480261718978351,-0.012918113310938275
2023-12-15,-0.003252529774007275,-0.0032559840354239177
2023-12-18,-0.00280658986478893,-0.00358395622852088
2023-12-19,0.0011657834666410488,0.0003530610750439482
2023-12-20,0.007776306297934185,0.008037703951305828
2023-12-21,-0.008007313735389385,-0.00793750510776037
2023-12-22,-0.0005398691898845264,-0.0003320296776690089
2023-12-26,0.0011829272921271203,0.0012674164476042186
2023-12-27,-0.0009760599486748562,-0.0014350604388961529
2023-12-28,-0.003921264392384503,-0.0046030264427709975
2023-12-29,0.005246064598622779,0.0049330417589754745
2024-01-02,-0.003148052828706277,-0.003360111257388929
2024-01-03,-0.00935615522187737,-0.00975926433874548
2024-01-04,-0.004154930720501336,-0.0037733175536004207
2024-01-05,-0.0026156280387596626,-0.0034370000836577014
2024-01-08,0.0030345483574297106,0.002110756588955688
2024-01-09,-0.00434878586955063,-0.00404116035985484
2024-01-10,0.003908216575588903,0.0037978456195708796
2024-01-11,-0.0010931743127860203,-0.0012742771511917406
2024-01-12,-0.002862939884027626,-0.0031884713791086815
2024-01-15,0.0005011875894510632,0.0007215737668237647
2024-01-16,0.003896133141192046,0.004036411623507355
2024-01-17,-0.0008111023674628419,-0.0011283582146161722
2024-01-18,0.0008117215922862665,-0.0003165893562052241
2024-01-19,0.0032300307678976795,0.003688860911399753
2024-01-22,0.00471614991689854,0.002587833073865393
2024-01-23,-0.00247230919778505,-0.002039539911236628
2024-01-24,-0.003305136295245332,-0.004855635866571007
2024-01-25,0.007005959060590969,0.005425735379939019
2024-01-26,0.0008126192669819715,-0.00029408458642730457
2024-01-29,0.0032683987809675173,0.004857331356645941
2024-01-30,0.0004019925810812792,-0.000657385599208664
2024-01-31,-0.007820956213172641,-0.005173145854449101
2024-02-01,0.00021960902362012867,0.0028180892974682833
2024-02-02,-0.0063397936019675616,-0.0037813969528104146
2024-02-05,0.002602933340007787,0.0005061386741368277
2024-02-06,0.005192451637097042,0.004001826183914818
2024-02-07,0.002919610601108664,0.0008342540135075427
2024-02-08,0.010747934993601214,0.0036231599705028143
2024-02-09,0.0032317025836895064,0.0019761999506565215
2024-02-12,0.010135851593583402,0.009451169030592602
2024-02-13,0.006191702660443,0.005709219299686436
2024-02-14,-0.0013584764616995048,0.0019008574106282809
2024-02-15,0.004495137617133768,0.0028999067365614787
2024-02-16,-0.0019008338587707112,-0.0024335669005570277
2024-02-19,2.0884481745965235e-05,3.158374701868531e-06
2024-02-20,5.0965503731395176e-05,0.000567641315256741
2024-02-21,-0.018062509469286062,-0.01813106769244996
2024-02-22,0.0014275577435399545,0.0013629723071616028
2024-02-23,0.0032111422028274147,0.003909823028259886
2024-02-26,-0.0009040843199548286,-0.0016240181726849725
2024-02-27,-0.003523375829194745,-0.00463955875674438
2024-02-28,-0.0073858899689011985,-0.0067777851323959195
2024-02-29,0.0011927936408314542,0.0017025009755580137
2024-03-01,0.007085436924724991,0.004843975284973102
2024-03-04,-0.007749797021906149,-0.007306899623059985
2024-03-05,-0.004397597332555813,-0.0038731515321427036
2024-03-06,0.0040701186548628985,0.004126951344692251
2024-03-07,0.0066019662558036915,0.006600539317663769
2024-03-08,-0.0024650465778021185,-0.002291484998104528
2024-03-11,0.006123100885047756,0.006020386966101407
2024-03-12,0.0013158979893857744,0.0014678194153699877
2024-03-13,0.010070234261845593,0.008266697255709927
2024-03-14,0.002113407534689412,0.000302794139737602
2024-03-15,0.00633518322351951,0.0055445264638273395
2024-03-18,0.006686943244460106,0.004370937628975951
2024-03-19,0.0014754218508544437,0.0007463653040999052
2024-03-20,-0.003872862256716609,-0.0023100907302553183
2024-03-21,-0.0034415890763857134,-0.002533427455097974
2024-03-22,-0.0007221161864602194,-0.00016621327922978265
2024-03-25,0.009185824662712838,0.007276624890697865
2024-03-26,-0.004608419179457618,-0.0034783431718153866
2024-03-27,0.0051685002846008675,0.004944062929372327
2024-03-28,0.002686548024990716,0.002235519006085139
